2026-06-21 17:58:26 - POST /api/v1/auth/signup 422
2026-06-21 17:58:26 - POST /api/v1/auth/signup 422
2026-06-21 17:58:26 - POST /api/v1/auth/signup 422
2026-06-21 17:58:26 - POST /api/v1/auth/signup 422
2026-06-21 17:58:28 - POST /api/v1/auth/signup 201
2026-06-21 17:58:28 - POST /api/v1/auth/login 400
2026-06-21 17:58:28 - POST /api/v1/auth/verify-otp 200
2026-06-21 17:58:31 - POST /api/v1/auth/signup 201
2026-06-21 17:58:31 - POST /api/v1/auth/resend-otp 429
2026-06-21 17:58:33 - POST /api/v1/auth/resend-otp 200
2026-06-21 17:58:34 - POST /api/v1/auth/login 400
2026-06-21 17:58:35 - POST /api/v1/auth/login 400
2026-06-21 17:58:35 - POST /api/v1/auth/login 400
2026-06-21 17:58:36 - POST /api/v1/auth/login 400
2026-06-21 17:58:36 - POST /api/v1/auth/login 400
2026-06-21 17:58:36 - POST /api/v1/auth/login 403
2026-06-21 17:58:37 - POST /api/v1/auth/login 200
2026-06-21 17:58:37 - POST /api/v1/auth/forgot-password 404
2026-06-21 17:58:39 - POST /api/v1/auth/forgot-password 200
2026-06-21 17:58:39 - POST /api/v1/auth/verify-reset-otp 400
2026-06-21 17:58:39 - POST /api/v1/auth/verify-reset-otp 200
2026-06-21 17:58:39 - POST /api/v1/auth/reset-password 422
2026-06-21 17:58:40 - POST /api/v1/auth/reset-password 200
2026-06-21 17:58:40 - POST /api/v1/auth/login 200
2026-06-21 17:58:42 - POST /api/v1/auth/login 200
2026-06-21 17:58:42 - POST /api/v1/auth/complete-profile 200
2026-06-21 17:58:43 - POST /api/v1/auth/login 200
2026-06-21 17:58:43 - POST /api/v1/auth/refresh 200
2026-06-21 17:58:43 - POST /api/v1/auth/logout 200
2026-06-21 17:58:43 - POST /api/v1/auth/refresh 401
2026-06-21 17:58:45 - POST /api/v1/auth/signup 201
2026-06-21 17:58:46 - POST /api/v1/auth/signup 400
2026-06-21 17:58:46 - POST /api/v1/auth/login 400
2026-06-21 17:58:46 - POST /api/v1/auth/forgot-password 400
2026-06-21 17:58:46 - POST /api/v1/auth/verify-reset-otp 400
2026-06-21 17:58:46 - POST /api/v1/auth/reset-password 400
2026-06-21 17:58:47 - POST /api/v1/auth/signup 400
2026-06-21 17:58:49 - POST /api/v1/auth/signup 201
2026-06-21 17:58:51 - POST /api/v1/auth/signup 201
2026-06-21 17:58:52 - POST /api/v1/auth/login 200
2026-06-21 17:58:53 - POST /api/v1/auth/login 200
2026-06-21 17:58:53 - POST /api/v1/teams/ 201
2026-06-21 17:58:53 - GET /api/v1/teams/ 200
2026-06-21 17:58:53 - PUT /api/v1/teams/238a0e06-5e76-40c6-b173-9bf91fff6465 403
2026-06-21 17:58:53 - DELETE /api/v1/teams/238a0e06-5e76-40c6-b173-9bf91fff6465 403
2026-06-21 17:58:53 - POST /api/v1/players/ 201
2026-06-21 17:58:53 - GET /api/v1/players/ 200
2026-06-21 17:58:53 - PUT /api/v1/players/afa91f10-436a-43d8-8696-b7dc37888c34 403
2026-06-21 17:58:53 - DELETE /api/v1/players/afa91f10-436a-43d8-8696-b7dc37888c34 403
2026-06-21 17:58:55 - POST /api/v1/auth/signup 201
2026-06-21 17:58:56 - POST /api/v1/auth/login 200
2026-06-21 17:58:56 - POST /api/v1/teams/ 201
2026-06-21 17:58:56 - POST /api/v1/teams/ 201
2026-06-21 17:58:56 - POST /api/v1/players/ 201
2026-06-21 17:58:56 - POST /api/v1/players/ 201
2026-06-21 17:58:56 - POST /api/v1/players/ 201
2026-06-21 17:58:56 - POST /api/v1/teams/75d3f5de-eae0-4d56-8c7c-fbc339de34e8/players/bulk 200
2026-06-21 17:58:56 - POST /api/v1/teams/a680f809-93cf-461e-92b4-610a1c09797b/players/bulk 400
2026-06-21 17:58:58 - POST /api/v1/auth/signup 201
2026-06-21 17:59:01 - POST /api/v1/auth/signup 201
2026-06-21 17:59:01 - POST /api/v1/auth/login 200
2026-06-21 17:59:02 - POST /api/v1/auth/login 200
2026-06-21 17:59:02 - POST /api/v1/teams/ 201
2026-06-21 17:59:02 - POST /api/v1/teams/ 201
2026-06-21 17:59:02 - POST /api/v1/matches/ 201
2026-06-21 17:59:02 - POST /api/v1/matches/2aaf60a9-aaaa-424e-993f-00329bd89c14/toss 403
2026-06-21 17:59:02 - POST /api/v1/matches/2aaf60a9-aaaa-424e-993f-00329bd89c14/toss 200
2026-06-21 17:59:04 - GET /api/v1/debug-env 200
2026-06-21 17:59:04 - GET /api/v1/debug-env 404
2026-06-21 17:59:06 - POST /api/v1/auth/login 200
2026-06-21 17:59:06 - POST /api/v1/players/ 201
2026-06-21 17:59:06 - POST /api/v1/players/ 201
2026-06-21 17:59:06 - POST /api/v1/players/ 201
2026-06-21 17:59:06 - POST /api/v1/players/ 201
2026-06-21 17:59:06 - POST /api/v1/teams/ 201
2026-06-21 17:59:06 - POST /api/v1/teams/ 201
2026-06-21 17:59:06 - POST /api/v1/teams/43c58be8-2c33-41ba-affd-d2cde3210ea1/players 200
2026-06-21 17:59:06 - POST /api/v1/teams/43c58be8-2c33-41ba-affd-d2cde3210ea1/players 200
2026-06-21 17:59:06 - POST /api/v1/teams/fcbf11ad-095d-460f-8bbd-11ae2f918143/players 200
2026-06-21 17:59:06 - POST /api/v1/teams/fcbf11ad-095d-460f-8bbd-11ae2f918143/players 200
2026-06-21 17:59:06 - POST /api/v1/matches/ 201
2026-06-21 17:59:06 - POST /api/v1/matches/153bd2f0-6531-461e-b881-2683354c7596/toss 200
2026-06-21 17:59:06 - POST /api/v1/matches/153bd2f0-6531-461e-b881-2683354c7596/squads 400
2026-06-21 17:59:06 - POST /api/v1/matches/153bd2f0-6531-461e-b881-2683354c7596/squads 200
2026-06-21 17:59:06 - POST /api/v1/matches/153bd2f0-6531-461e-b881-2683354c7596/squads 400
2026-06-21 17:59:06 - POST /api/v1/matches/153bd2f0-6531-461e-b881-2683354c7596/squads 200
2026-06-21 17:59:06 - POST /api/v1/auth/google 200
2026-06-21 17:59:07 - POST /api/v1/auth/google 400
2026-06-21 17:59:07 - POST /api/v1/auth/google 400
2026-06-21 17:59:07 - POST /api/v1/auth/google 400
2026-06-21 17:59:08 - POST /api/v1/auth/google 400
2026-06-21 17:59:09 - POST /api/v1/auth/login 200
2026-06-21 17:59:09 - POST /api/v1/players/ 201
2026-06-21 17:59:09 - POST /api/v1/players/ 201
2026-06-21 17:59:09 - POST /api/v1/teams/ 201
2026-06-21 17:59:09 - POST /api/v1/teams/ 201
2026-06-21 17:59:09 - POST /api/v1/matches/ 201
2026-06-21 17:59:09 - GET /api/v1/matches/ 200
2026-06-21 17:59:10 - POST /api/v1/auth/login 200
2026-06-21 17:59:11 - POST /api/v1/auth/login 200
2026-06-21 17:59:12 - POST /api/v1/auth/login 200
2026-06-21 17:59:12 - POST /api/v1/matches/ 201
2026-06-21 17:59:12 - POST /api/v1/matches/0ed1490f-6700-44a2-977e-2e5c926381dc/toss 200
2026-06-21 17:59:12 - POST /api/v1/matches/0ed1490f-6700-44a2-977e-2e5c926381dc/toss 403
2026-06-21 17:59:12 - POST /api/v1/matches/ 201
2026-06-21 17:59:12 - POST /api/v1/matches/54b817b0-2c9b-4671-b3f9-14d5ad80d09c/toss 200
2026-06-21 17:59:12 - POST /api/v1/matches/ 201
2026-06-21 17:59:12 - POST /api/v1/matches/074ba5d1-cdce-4e8d-838e-525a7cca7972/toss 200
2026-06-21 17:59:12 - POST /api/v1/matches/074ba5d1-cdce-4e8d-838e-525a7cca7972/toss 403
2026-06-21 17:59:13 - POST /api/v1/auth/login 200
2026-06-21 17:59:13 - POST /api/v1/players/ 201
2026-06-21 17:59:13 - POST /api/v1/players/ 201
2026-06-21 17:59:13 - POST /api/v1/players/ 422
2026-06-21 17:59:13 - POST /api/v1/players/ 422
2026-06-21 17:59:13 - GET /api/v1/players/b5dac8ef-e1f4-43da-8e9f-4a7378893380 200
2026-06-21 17:59:13 - PUT /api/v1/players/b5dac8ef-e1f4-43da-8e9f-4a7378893380 200
2026-06-21 17:59:13 - DELETE /api/v1/players/b5dac8ef-e1f4-43da-8e9f-4a7378893380 204
2026-06-21 17:59:13 - GET /api/v1/players/b5dac8ef-e1f4-43da-8e9f-4a7378893380 404
2026-06-21 17:59:14 - POST /api/v1/auth/login 200
2026-06-21 17:59:14 - POST /api/v1/players/ 201
2026-06-21 17:59:14 - POST /api/v1/players/ 201
2026-06-21 17:59:14 - POST /api/v1/teams/ 201
2026-06-21 17:59:14 - POST /api/v1/teams/5439acb4-7f7a-467c-8726-c3ca1356ea57/players 200
2026-06-21 17:59:14 - PUT /api/v1/teams/5439acb4-7f7a-467c-8726-c3ca1356ea57 200
2026-06-21 17:59:14 - PUT /api/v1/teams/5439acb4-7f7a-467c-8726-c3ca1356ea57 400
2026-06-21 17:59:15 - POST /api/v1/teams/ 201
2026-06-21 17:59:15 - POST /api/v1/teams/bdefafc0-c57c-4eb5-8fd3-0dd4badd9764/players 400
2026-06-21 17:59:15 - DELETE /api/v1/teams/5439acb4-7f7a-467c-8726-c3ca1356ea57/players/4f51197b-78bc-49c4-b232-e8767b642824 200
2026-06-21 17:59:15 - DELETE /api/v1/teams/5439acb4-7f7a-467c-8726-c3ca1356ea57 204
2026-06-21 17:59:16 - POST /api/v1/auth/login 200
2026-06-21 17:59:16 - POST /api/v1/players/ 201
2026-06-21 17:59:16 - POST /api/v1/players/ 201
2026-06-21 17:59:16 - POST /api/v1/teams/ 201
2026-06-21 17:59:16 - POST /api/v1/teams/ 201
2026-06-21 17:59:16 - POST /api/v1/teams/55a09ad0-21dd-427b-b272-4274f9fd1532/players 200
2026-06-21 17:59:16 - POST /api/v1/teams/4d5c6e30-94c1-4a15-9209-154edddd4cb4/players 200
2026-06-21 17:59:16 - POST /api/v1/matches/ 201
2026-06-21 17:59:16 - POST /api/v1/matches/6e2a8346-df11-4e14-b830-087c708d0392/squads 200
2026-06-21 17:59:16 - POST /api/v1/matches/6e2a8346-df11-4e14-b830-087c708d0392/toss 200
2026-06-21 17:59:16 - DELETE /api/v1/players/d4122a58-ec00-4c19-9166-d22cc3e7c222 400
2026-06-21 17:59:16 - DELETE /api/v1/teams/55a09ad0-21dd-427b-b272-4274f9fd1532/players/d4122a58-ec00-4c19-9166-d22cc3e7c222 400
2026-06-21 17:59:16 - DELETE /api/v1/teams/55a09ad0-21dd-427b-b272-4274f9fd1532 400
2026-06-21 17:59:17 - POST /api/v1/auth/login 200
2026-06-21 17:59:17 - GET /api/v1/profile/ 200
2026-06-21 17:59:18 - POST /api/v1/auth/login 200
2026-06-21 17:59:18 - PUT /api/v1/profile/ 200
2026-06-21 17:59:18 - PUT /api/v1/profile/ 400
2026-06-21 17:59:20 - POST /api/v1/auth/login 200
2026-06-21 17:59:20 - GET /api/v1/profile/stats 200
2026-06-21 17:59:21 - POST /api/v1/auth/login 200
2026-06-21 17:59:21 - GET /api/v1/profile/activity 200
2026-06-21 17:59:21 - GET /api/v1/profile/achievements 200
2026-06-21 17:59:22 - POST /api/v1/auth/login 200
2026-06-21 17:59:22 - POST /api/v1/profile/upload-photo 200
2026-06-21 17:59:22 - GET /api/v1/profile/ 200
2026-06-21 17:59:24 - POST /api/v1/auth/login 200
2026-06-21 17:59:24 - POST /api/v1/players/ 201
2026-06-21 17:59:24 - POST /api/v1/players/ 201
2026-06-21 17:59:24 - POST /api/v1/players/ 201
2026-06-21 17:59:24 - POST /api/v1/players/ 201
2026-06-21 17:59:24 - POST /api/v1/players/ 201
2026-06-21 17:59:24 - POST /api/v1/teams/ 201
2026-06-21 17:59:24 - POST /api/v1/teams/ 201
2026-06-21 17:59:24 - POST /api/v1/teams/53cfe073-bda1-470a-9961-c64731be5624/players 200
2026-06-21 17:59:24 - POST /api/v1/teams/53cfe073-bda1-470a-9961-c64731be5624/players 200
2026-06-21 17:59:24 - POST /api/v1/teams/53cfe073-bda1-470a-9961-c64731be5624/players 200
2026-06-21 17:59:24 - POST /api/v1/teams/448d8a3c-ec6f-45a0-86b0-326abec05c23/players 200
2026-06-21 17:59:24 - POST /api/v1/teams/448d8a3c-ec6f-45a0-86b0-326abec05c23/players 200
2026-06-21 17:59:24 - POST /api/v1/matches/ 201
2026-06-21 17:59:24 - POST /api/v1/matches/39c15c2b-3aa4-410b-9a64-a61d6f098a1e/toss 200
2026-06-21 17:59:24 - POST /api/v1/matches/39c15c2b-3aa4-410b-9a64-a61d6f098a1e/squads 200
2026-06-21 17:59:24 - POST /api/v1/matches/39c15c2b-3aa4-410b-9a64-a61d6f098a1e/squads 200
2026-06-21 17:59:24 - POST /api/v1/matches/39c15c2b-3aa4-410b-9a64-a61d6f098a1e/balls 201
2026-06-21 17:59:24 - POST /api/v1/matches/39c15c2b-3aa4-410b-9a64-a61d6f098a1e/balls 201
2026-06-21 17:59:24 - POST /api/v1/matches/39c15c2b-3aa4-410b-9a64-a61d6f098a1e/balls 201
2026-06-21 17:59:24 - POST /api/v1/matches/39c15c2b-3aa4-410b-9a64-a61d6f098a1e/balls 201
2026-06-21 17:59:24 - POST /api/v1/matches/39c15c2b-3aa4-410b-9a64-a61d6f098a1e/balls 201
2026-06-21 17:59:24 - POST /api/v1/matches/39c15c2b-3aa4-410b-9a64-a61d6f098a1e/balls 201
2026-06-21 17:59:24 - POST /api/v1/matches/39c15c2b-3aa4-410b-9a64-a61d6f098a1e/balls 201
2026-06-21 17:59:24 - POST /api/v1/matches/39c15c2b-3aa4-410b-9a64-a61d6f098a1e/balls 201
2026-06-21 17:59:24 - POST /api/v1/matches/39c15c2b-3aa4-410b-9a64-a61d6f098a1e/balls 201
2026-06-21 17:59:24 - POST /api/v1/matches/39c15c2b-3aa4-410b-9a64-a61d6f098a1e/balls 201
2026-06-21 17:59:24 - POST /api/v1/matches/39c15c2b-3aa4-410b-9a64-a61d6f098a1e/balls 201
2026-06-21 17:59:24 - POST /api/v1/matches/39c15c2b-3aa4-410b-9a64-a61d6f098a1e/balls 201
2026-06-21 17:59:25 - GET /api/v1/matches/39c15c2b-3aa4-410b-9a64-a61d6f098a1e/scorecard 200
2026-06-21 17:59:25 - GET /api/v1/players/2d2f2e46-abad-4fcc-be70-03306006c120 200
2026-06-21 17:59:26 - POST /api/v1/auth/login 200
2026-06-21 17:59:26 - POST /api/v1/players/ 201
2026-06-21 17:59:26 - POST /api/v1/players/ 201
2026-06-21 17:59:26 - POST /api/v1/players/ 201
2026-06-21 17:59:26 - POST /api/v1/players/ 201
2026-06-21 17:59:26 - POST /api/v1/players/ 201
2026-06-21 17:59:26 - POST /api/v1/teams/ 201
2026-06-21 17:59:26 - POST /api/v1/teams/ 201
2026-06-21 17:59:26 - POST /api/v1/teams/96550346-e416-464a-b0af-8384bec82e79/players 200
2026-06-21 17:59:26 - POST /api/v1/teams/96550346-e416-464a-b0af-8384bec82e79/players 200
2026-06-21 17:59:26 - POST /api/v1/teams/96550346-e416-464a-b0af-8384bec82e79/players 200
2026-06-21 17:59:26 - POST /api/v1/teams/d2ef13da-fd7f-44d9-b543-3caae062c2d0/players 200
2026-06-21 17:59:26 - POST /api/v1/teams/d2ef13da-fd7f-44d9-b543-3caae062c2d0/players 200
2026-06-21 17:59:26 - POST /api/v1/matches/ 201
2026-06-21 17:59:26 - POST /api/v1/matches/be4d636d-09f0-4ab0-a9a4-5e1d1ef8b6a5/toss 200
2026-06-21 17:59:26 - POST /api/v1/matches/be4d636d-09f0-4ab0-a9a4-5e1d1ef8b6a5/squads 200
2026-06-21 17:59:26 - POST /api/v1/matches/be4d636d-09f0-4ab0-a9a4-5e1d1ef8b6a5/squads 200
2026-06-21 17:59:26 - POST /api/v1/matches/be4d636d-09f0-4ab0-a9a4-5e1d1ef8b6a5/balls 201
2026-06-21 17:59:26 - POST /api/v1/matches/be4d636d-09f0-4ab0-a9a4-5e1d1ef8b6a5/balls 201
2026-06-21 17:59:26 - POST /api/v1/matches/be4d636d-09f0-4ab0-a9a4-5e1d1ef8b6a5/balls 201
2026-06-21 17:59:26 - POST /api/v1/matches/be4d636d-09f0-4ab0-a9a4-5e1d1ef8b6a5/balls 201
2026-06-21 17:59:26 - POST /api/v1/matches/be4d636d-09f0-4ab0-a9a4-5e1d1ef8b6a5/balls 201
2026-06-21 17:59:26 - GET /api/v1/matches/be4d636d-09f0-4ab0-a9a4-5e1d1ef8b6a5/scorecard 200
2026-06-21 17:59:27 - POST /api/v1/auth/login 200
2026-06-21 17:59:27 - POST /api/v1/players/ 201
2026-06-21 17:59:27 - POST /api/v1/players/ 201
2026-06-21 17:59:27 - POST /api/v1/players/ 201
2026-06-21 17:59:28 - POST /api/v1/players/ 201
2026-06-21 17:59:28 - POST /api/v1/teams/ 201
2026-06-21 17:59:28 - POST /api/v1/teams/ 201
2026-06-21 17:59:28 - POST /api/v1/teams/5b475a94-b32a-4c61-b6da-474ae21cd0df/players 200
2026-06-21 17:59:28 - POST /api/v1/teams/5b475a94-b32a-4c61-b6da-474ae21cd0df/players 200
2026-06-21 17:59:28 - POST /api/v1/teams/3ec2e825-7957-44dd-bcfa-3f09387b9464/players 200
2026-06-21 17:59:28 - POST /api/v1/teams/3ec2e825-7957-44dd-bcfa-3f09387b9464/players 200
2026-06-21 17:59:28 - POST /api/v1/matches/ 201
2026-06-21 17:59:28 - POST /api/v1/matches/5602a082-f908-468a-8a4d-b7e8645f2c01/toss 200
2026-06-21 17:59:28 - POST /api/v1/matches/5602a082-f908-468a-8a4d-b7e8645f2c01/squads 200
2026-06-21 17:59:28 - POST /api/v1/matches/5602a082-f908-468a-8a4d-b7e8645f2c01/squads 200
2026-06-21 17:59:28 - POST /api/v1/matches/5602a082-f908-468a-8a4d-b7e8645f2c01/balls 201
2026-06-21 17:59:28 - POST /api/v1/matches/5602a082-f908-468a-8a4d-b7e8645f2c01/balls 201
2026-06-21 17:59:28 - POST /api/v1/matches/5602a082-f908-468a-8a4d-b7e8645f2c01/balls 201
2026-06-21 17:59:28 - POST /api/v1/matches/5602a082-f908-468a-8a4d-b7e8645f2c01/balls 201
2026-06-21 17:59:28 - POST /api/v1/matches/5602a082-f908-468a-8a4d-b7e8645f2c01/balls 201
2026-06-21 17:59:28 - POST /api/v1/matches/5602a082-f908-468a-8a4d-b7e8645f2c01/balls 201
2026-06-21 17:59:28 - POST /api/v1/matches/5602a082-f908-468a-8a4d-b7e8645f2c01/balls 201
2026-06-21 17:59:28 - GET /api/v1/matches/5602a082-f908-468a-8a4d-b7e8645f2c01/scorecard 200
2026-06-21 17:59:30 - POST /api/v1/auth/signup 201
2026-06-21 17:59:31 - POST /api/v1/auth/login 200
2026-06-21 17:59:32 - POST /api/v1/auth/login 200
2026-06-21 17:59:32 - POST /api/v1/players/ 201
2026-06-21 17:59:32 - POST /api/v1/players/ 201
2026-06-21 17:59:32 - POST /api/v1/players/ 201
2026-06-21 17:59:32 - POST /api/v1/players/ 201
2026-06-21 17:59:32 - POST /api/v1/players/ 201
2026-06-21 17:59:32 - POST /api/v1/teams/ 201
2026-06-21 17:59:32 - POST /api/v1/teams/ 201
2026-06-21 17:59:32 - POST /api/v1/teams/941d4bf5-088f-4200-8667-e672a609a624/players 200
2026-06-21 17:59:32 - POST /api/v1/teams/941d4bf5-088f-4200-8667-e672a609a624/players 200
2026-06-21 17:59:32 - POST /api/v1/teams/941d4bf5-088f-4200-8667-e672a609a624/players 200
2026-06-21 17:59:32 - POST /api/v1/teams/e2eeaacb-28dc-4e02-91a4-8a1649eeeba7/players 200
2026-06-21 17:59:32 - POST /api/v1/teams/e2eeaacb-28dc-4e02-91a4-8a1649eeeba7/players 200
2026-06-21 17:59:32 - POST /api/v1/matches/ 201
2026-06-21 17:59:32 - POST /api/v1/matches/6dffb2a7-e0cd-4767-916e-45b9bc59560a/toss 200
2026-06-21 17:59:32 - POST /api/v1/matches/6dffb2a7-e0cd-4767-916e-45b9bc59560a/squads 200
2026-06-21 17:59:32 - POST /api/v1/matches/6dffb2a7-e0cd-4767-916e-45b9bc59560a/squads 200
2026-06-21 17:59:33 - POST /api/v1/matches/6dffb2a7-e0cd-4767-916e-45b9bc59560a/balls 201
2026-06-21 17:59:33 - GET /api/v1/matches/6dffb2a7-e0cd-4767-916e-45b9bc59560a/live 200
2026-06-21 17:59:33 - POST /api/v1/matches/6dffb2a7-e0cd-4767-916e-45b9bc59560a/balls 201
2026-06-21 17:59:33 - GET /api/v1/matches/6dffb2a7-e0cd-4767-916e-45b9bc59560a/live 200
2026-06-21 17:59:33 - POST /api/v1/matches/6dffb2a7-e0cd-4767-916e-45b9bc59560a/balls 201
2026-06-21 17:59:33 - GET /api/v1/matches/6dffb2a7-e0cd-4767-916e-45b9bc59560a/live 200
2026-06-21 17:59:33 - POST /api/v1/matches/6dffb2a7-e0cd-4767-916e-45b9bc59560a/balls 201
2026-06-21 17:59:33 - GET /api/v1/matches/6dffb2a7-e0cd-4767-916e-45b9bc59560a/live 200
2026-06-21 17:59:33 - POST /api/v1/matches/6dffb2a7-e0cd-4767-916e-45b9bc59560a/undo 200
2026-06-21 17:59:33 - GET /api/v1/matches/6dffb2a7-e0cd-4767-916e-45b9bc59560a/live 200
2026-06-21 17:59:33 - GET /api/v1/auth/me 401
2026-06-21 17:59:33 - GET /api/v1/auth/me 401
2026-06-21 17:59:34 - POST /api/v1/auth/login 200
2026-06-21 17:59:34 - POST /api/v1/players/ 201
2026-06-21 17:59:34 - POST /api/v1/players/ 201
2026-06-21 17:59:34 - POST /api/v1/players/ 201
2026-06-21 17:59:34 - POST /api/v1/players/ 201
2026-06-21 17:59:34 - POST /api/v1/players/ 201
2026-06-21 17:59:34 - POST /api/v1/teams/ 201
2026-06-21 17:59:34 - POST /api/v1/teams/ 201
2026-06-21 17:59:34 - POST /api/v1/teams/410020db-5439-4295-b741-f75012dddf07/players 200
2026-06-21 17:59:34 - POST /api/v1/teams/410020db-5439-4295-b741-f75012dddf07/players 200
2026-06-21 17:59:34 - POST /api/v1/teams/410020db-5439-4295-b741-f75012dddf07/players 200
2026-06-21 17:59:34 - POST /api/v1/teams/6102f829-53e6-4242-8175-7ee90ed4bae1/players 200
2026-06-21 17:59:34 - POST /api/v1/teams/6102f829-53e6-4242-8175-7ee90ed4bae1/players 200
2026-06-21 17:59:34 - POST /api/v1/matches/ 201
2026-06-21 17:59:34 - POST /api/v1/matches/a929b336-4e4b-42e4-8698-9bf2dc966f66/toss 200
2026-06-21 17:59:34 - POST /api/v1/matches/a929b336-4e4b-42e4-8698-9bf2dc966f66/squads 200
2026-06-21 17:59:35 - POST /api/v1/matches/a929b336-4e4b-42e4-8698-9bf2dc966f66/squads 200
2026-06-21 17:59:35 - POST /api/v1/matches/a929b336-4e4b-42e4-8698-9bf2dc966f66/balls 201
2026-06-21 17:59:35 - GET /api/v1/matches/a929b336-4e4b-42e4-8698-9bf2dc966f66/live 200
2026-06-21 17:59:35 - POST /api/v1/matches/a929b336-4e4b-42e4-8698-9bf2dc966f66/balls 201
2026-06-21 17:59:35 - GET /api/v1/matches/a929b336-4e4b-42e4-8698-9bf2dc966f66/live 200
2026-06-21 17:59:35 - POST /api/v1/matches/a929b336-4e4b-42e4-8698-9bf2dc966f66/balls 201
2026-06-21 17:59:35 - GET /api/v1/matches/a929b336-4e4b-42e4-8698-9bf2dc966f66/live 200
2026-06-21 17:59:35 - POST /api/v1/matches/a929b336-4e4b-42e4-8698-9bf2dc966f66/balls 201
2026-06-21 17:59:35 - GET /api/v1/matches/a929b336-4e4b-42e4-8698-9bf2dc966f66/live 200
2026-06-21 17:59:35 - POST /api/v1/matches/a929b336-4e4b-42e4-8698-9bf2dc966f66/balls 201
2026-06-21 17:59:35 - GET /api/v1/matches/a929b336-4e4b-42e4-8698-9bf2dc966f66/live 200
2026-06-21 17:59:35 - POST /api/v1/matches/a929b336-4e4b-42e4-8698-9bf2dc966f66/balls 201
2026-06-21 17:59:35 - GET /api/v1/matches/a929b336-4e4b-42e4-8698-9bf2dc966f66/live 200
2026-06-21 17:59:35 - POST /api/v1/matches/a929b336-4e4b-42e4-8698-9bf2dc966f66/balls 201
2026-06-21 17:59:35 - GET /api/v1/matches/a929b336-4e4b-42e4-8698-9bf2dc966f66/live 200
2026-06-21 17:59:35 - GET /api/v1/matches/a929b336-4e4b-42e4-8698-9bf2dc966f66/scorecard 200
2026-06-21 17:59:36 - POST /api/v1/auth/login 200
2026-06-21 17:59:36 - POST /api/v1/tournaments/ 201
2026-06-21 17:59:36 - POST /api/v1/players/ 201
2026-06-21 17:59:36 - POST /api/v1/players/ 201
2026-06-21 17:59:36 - POST /api/v1/players/ 201
2026-06-21 17:59:36 - POST /api/v1/players/ 201
2026-06-21 17:59:36 - POST /api/v1/teams/ 201
2026-06-21 17:59:36 - POST /api/v1/teams/428be825-70ce-41b0-9a6c-52fd3bfb07af/players 200
2026-06-21 17:59:36 - POST /api/v1/teams/428be825-70ce-41b0-9a6c-52fd3bfb07af/players 200
2026-06-21 17:59:36 - POST /api/v1/teams/428be825-70ce-41b0-9a6c-52fd3bfb07af/players 200
2026-06-21 17:59:36 - POST /api/v1/teams/428be825-70ce-41b0-9a6c-52fd3bfb07af/players 200
2026-06-21 17:59:36 - POST /api/v1/tournaments/9461bcb6-8363-4233-b466-3432231bea5d/teams 400
2026-06-21 17:59:36 - POST /api/v1/players/ 201
2026-06-21 17:59:36 - POST /api/v1/teams/428be825-70ce-41b0-9a6c-52fd3bfb07af/players 200
2026-06-21 17:59:36 - POST /api/v1/tournaments/9461bcb6-8363-4233-b466-3432231bea5d/teams 200
2026-06-21 17:59:36 - DELETE /api/v1/tournaments/9461bcb6-8363-4233-b466-3432231bea5d/teams/428be825-70ce-41b0-9a6c-52fd3bfb07af 200
2026-06-21 17:59:38 - POST /api/v1/auth/login 200
2026-06-21 17:59:38 - POST /api/v1/teams/ 201
2026-06-21 17:59:38 - POST /api/v1/players/ 201
2026-06-21 17:59:38 - POST /api/v1/teams/b7c62246-fbc1-4bd9-9ddd-b7a24004dfa4/players 200
2026-06-21 17:59:38 - POST /api/v1/players/ 201
2026-06-21 17:59:38 - POST /api/v1/teams/b7c62246-fbc1-4bd9-9ddd-b7a24004dfa4/players 200
2026-06-21 17:59:38 - POST /api/v1/players/ 201
2026-06-21 17:59:38 - POST /api/v1/teams/b7c62246-fbc1-4bd9-9ddd-b7a24004dfa4/players 200
2026-06-21 17:59:38 - POST /api/v1/players/ 201
2026-06-21 17:59:38 - POST /api/v1/teams/b7c62246-fbc1-4bd9-9ddd-b7a24004dfa4/players 200
2026-06-21 17:59:38 - POST /api/v1/players/ 201
2026-06-21 17:59:38 - POST /api/v1/teams/b7c62246-fbc1-4bd9-9ddd-b7a24004dfa4/players 200
2026-06-21 17:59:38 - POST /api/v1/teams/ 201
2026-06-21 17:59:38 - POST /api/v1/players/ 201
2026-06-21 17:59:38 - POST /api/v1/teams/59a0a903-1a30-4d15-8ee2-f902ee928f58/players 200
2026-06-21 17:59:38 - POST /api/v1/players/ 201
2026-06-21 17:59:38 - POST /api/v1/teams/59a0a903-1a30-4d15-8ee2-f902ee928f58/players 200
2026-06-21 17:59:38 - POST /api/v1/players/ 201
2026-06-21 17:59:38 - POST /api/v1/teams/59a0a903-1a30-4d15-8ee2-f902ee928f58/players 200
2026-06-21 17:59:38 - POST /api/v1/players/ 201
2026-06-21 17:59:38 - POST /api/v1/teams/59a0a903-1a30-4d15-8ee2-f902ee928f58/players 200
2026-06-21 17:59:38 - POST /api/v1/players/ 201
2026-06-21 17:59:38 - POST /api/v1/teams/59a0a903-1a30-4d15-8ee2-f902ee928f58/players 200
2026-06-21 17:59:38 - POST /api/v1/tournaments/ 201
2026-06-21 17:59:38 - POST /api/v1/tournaments/2ba0e8ff-fc6b-48e3-b105-778e7346f2a7/teams 200
2026-06-21 17:59:38 - POST /api/v1/tournaments/2ba0e8ff-fc6b-48e3-b105-778e7346f2a7/teams 200
2026-06-21 17:59:38 - POST /api/v1/tournaments/2ba0e8ff-fc6b-48e3-b105-778e7346f2a7/fixtures/generate 201
2026-06-21 17:59:38 - GET /api/v1/tournaments/2ba0e8ff-fc6b-48e3-b105-778e7346f2a7/dashboard 200
2026-06-21 17:59:38 - POST /api/v1/matches/567780c2-d920-4d6a-9bbd-f485edd330e8/toss 200
2026-06-21 17:59:38 - GET /api/v1/teams/b7c62246-fbc1-4bd9-9ddd-b7a24004dfa4 200
2026-06-21 17:59:38 - GET /api/v1/teams/59a0a903-1a30-4d15-8ee2-f902ee928f58 200
2026-06-21 17:59:38 - POST /api/v1/matches/567780c2-d920-4d6a-9bbd-f485edd330e8/squads 200
2026-06-21 17:59:38 - POST /api/v1/matches/567780c2-d920-4d6a-9bbd-f485edd330e8/squads 200
2026-06-21 17:59:38 - POST /api/v1/matches/567780c2-d920-4d6a-9bbd-f485edd330e8/balls 201
2026-06-21 17:59:38 - POST /api/v1/matches/567780c2-d920-4d6a-9bbd-f485edd330e8/balls 201
2026-06-21 17:59:38 - POST /api/v1/matches/567780c2-d920-4d6a-9bbd-f485edd330e8/balls 201
2026-06-21 17:59:38 - POST /api/v1/matches/567780c2-d920-4d6a-9bbd-f485edd330e8/balls 201
2026-06-21 17:59:38 - POST /api/v1/matches/567780c2-d920-4d6a-9bbd-f485edd330e8/balls 201
2026-06-21 17:59:38 - POST /api/v1/matches/567780c2-d920-4d6a-9bbd-f485edd330e8/balls 201
2026-06-21 17:59:38 - POST /api/v1/matches/567780c2-d920-4d6a-9bbd-f485edd330e8/balls 201
2026-06-21 17:59:38 - POST /api/v1/matches/567780c2-d920-4d6a-9bbd-f485edd330e8/balls 201
2026-06-21 17:59:38 - POST /api/v1/matches/567780c2-d920-4d6a-9bbd-f485edd330e8/balls 201
2026-06-21 17:59:38 - GET /api/v1/tournaments/2ba0e8ff-fc6b-48e3-b105-778e7346f2a7/points-table 200
2026-06-21 17:59:38 - GET /api/v1/tournaments/2ba0e8ff-fc6b-48e3-b105-778e7346f2a7/leaderboards 200
2026-06-21 17:59:39 - POST /api/v1/auth/login 200
2026-06-21 17:59:40 - POST /api/v1/teams/ 201
2026-06-21 17:59:40 - POST /api/v1/players/ 201
2026-06-21 17:59:40 - POST /api/v1/teams/86560580-4fbf-4771-a4b1-ad0b8348c962/players 200
2026-06-21 17:59:40 - POST /api/v1/players/ 201
2026-06-21 17:59:40 - POST /api/v1/teams/86560580-4fbf-4771-a4b1-ad0b8348c962/players 200
2026-06-21 17:59:40 - POST /api/v1/players/ 201
2026-06-21 17:59:40 - POST /api/v1/teams/86560580-4fbf-4771-a4b1-ad0b8348c962/players 200
2026-06-21 17:59:40 - POST /api/v1/players/ 201
2026-06-21 17:59:40 - POST /api/v1/teams/86560580-4fbf-4771-a4b1-ad0b8348c962/players 200
2026-06-21 17:59:40 - POST /api/v1/players/ 201
2026-06-21 17:59:40 - POST /api/v1/teams/86560580-4fbf-4771-a4b1-ad0b8348c962/players 200
2026-06-21 17:59:40 - POST /api/v1/teams/ 201
2026-06-21 17:59:40 - POST /api/v1/players/ 201
2026-06-21 17:59:40 - POST /api/v1/teams/eb83291e-3e82-4aab-8f8f-2faf0ad94729/players 200
2026-06-21 17:59:40 - POST /api/v1/players/ 201
2026-06-21 17:59:40 - POST /api/v1/teams/eb83291e-3e82-4aab-8f8f-2faf0ad94729/players 200
2026-06-21 17:59:40 - POST /api/v1/players/ 201
2026-06-21 17:59:40 - POST /api/v1/teams/eb83291e-3e82-4aab-8f8f-2faf0ad94729/players 200
2026-06-21 17:59:40 - POST /api/v1/players/ 201
2026-06-21 17:59:40 - POST /api/v1/teams/eb83291e-3e82-4aab-8f8f-2faf0ad94729/players 200
2026-06-21 17:59:40 - POST /api/v1/players/ 201
2026-06-21 17:59:40 - POST /api/v1/teams/eb83291e-3e82-4aab-8f8f-2faf0ad94729/players 200
2026-06-21 17:59:40 - POST /api/v1/teams/ 201
2026-06-21 17:59:40 - POST /api/v1/players/ 201
2026-06-21 17:59:40 - POST /api/v1/teams/160d15c4-7cb2-4571-b69d-b889132447b7/players 200
2026-06-21 17:59:40 - POST /api/v1/players/ 201
2026-06-21 17:59:40 - POST /api/v1/teams/160d15c4-7cb2-4571-b69d-b889132447b7/players 200
2026-06-21 17:59:40 - POST /api/v1/players/ 201
2026-06-21 17:59:40 - POST /api/v1/teams/160d15c4-7cb2-4571-b69d-b889132447b7/players 200
2026-06-21 17:59:40 - POST /api/v1/players/ 201
2026-06-21 17:59:40 - POST /api/v1/teams/160d15c4-7cb2-4571-b69d-b889132447b7/players 200
2026-06-21 17:59:40 - POST /api/v1/players/ 201
2026-06-21 17:59:40 - POST /api/v1/teams/160d15c4-7cb2-4571-b69d-b889132447b7/players 200
2026-06-21 17:59:40 - POST /api/v1/teams/ 201
2026-06-21 17:59:40 - POST /api/v1/players/ 201
2026-06-21 17:59:40 - POST /api/v1/teams/c52bb5b5-4136-4a1d-a334-41efe3f234ef/players 200
2026-06-21 17:59:40 - POST /api/v1/players/ 201
2026-06-21 17:59:40 - POST /api/v1/teams/c52bb5b5-4136-4a1d-a334-41efe3f234ef/players 200
2026-06-21 17:59:40 - POST /api/v1/players/ 201
2026-06-21 17:59:40 - POST /api/v1/teams/c52bb5b5-4136-4a1d-a334-41efe3f234ef/players 200
2026-06-21 17:59:40 - POST /api/v1/players/ 201
2026-06-21 17:59:40 - POST /api/v1/teams/c52bb5b5-4136-4a1d-a334-41efe3f234ef/players 200
2026-06-21 17:59:40 - POST /api/v1/players/ 201
2026-06-21 17:59:40 - POST /api/v1/teams/c52bb5b5-4136-4a1d-a334-41efe3f234ef/players 200
2026-06-21 17:59:40 - POST /api/v1/tournaments/ 201
2026-06-21 17:59:40 - POST /api/v1/tournaments/fd95e7aa-dc03-47ac-95ef-fe022ddfe4a7/teams 200
2026-06-21 17:59:40 - POST /api/v1/tournaments/fd95e7aa-dc03-47ac-95ef-fe022ddfe4a7/teams 200
2026-06-21 17:59:40 - POST /api/v1/tournaments/fd95e7aa-dc03-47ac-95ef-fe022ddfe4a7/teams 200
2026-06-21 17:59:40 - POST /api/v1/tournaments/fd95e7aa-dc03-47ac-95ef-fe022ddfe4a7/teams 200
2026-06-21 17:59:40 - POST /api/v1/tournaments/fd95e7aa-dc03-47ac-95ef-fe022ddfe4a7/fixtures/generate 201
2026-06-21 17:59:40 - GET /api/v1/tournaments/fd95e7aa-dc03-47ac-95ef-fe022ddfe4a7/dashboard 200
2026-06-21 17:59:40 - GET /api/v1/tournaments/fd95e7aa-dc03-47ac-95ef-fe022ddfe4a7/dashboard 200
2026-06-21 17:59:40 - POST /api/v1/matches/00e59b81-84b7-4626-a974-691d81ff5eb9/toss 200
2026-06-21 17:59:40 - GET /api/v1/teams/86560580-4fbf-4771-a4b1-ad0b8348c962 200
2026-06-21 17:59:40 - GET /api/v1/teams/160d15c4-7cb2-4571-b69d-b889132447b7 200
2026-06-21 17:59:40 - POST /api/v1/matches/00e59b81-84b7-4626-a974-691d81ff5eb9/squads 200
2026-06-21 17:59:40 - POST /api/v1/matches/00e59b81-84b7-4626-a974-691d81ff5eb9/squads 200
2026-06-21 17:59:40 - POST /api/v1/matches/00e59b81-84b7-4626-a974-691d81ff5eb9/balls 201
2026-06-21 17:59:40 - POST /api/v1/matches/00e59b81-84b7-4626-a974-691d81ff5eb9/balls 201
2026-06-21 17:59:40 - POST /api/v1/matches/00e59b81-84b7-4626-a974-691d81ff5eb9/balls 201
2026-06-21 17:59:40 - POST /api/v1/matches/00e59b81-84b7-4626-a974-691d81ff5eb9/balls 201
2026-06-21 17:59:40 - POST /api/v1/matches/00e59b81-84b7-4626-a974-691d81ff5eb9/balls 201
2026-06-21 17:59:41 - POST /api/v1/matches/00e59b81-84b7-4626-a974-691d81ff5eb9/balls 201
2026-06-21 17:59:41 - POST /api/v1/matches/00e59b81-84b7-4626-a974-691d81ff5eb9/balls 201
2026-06-21 17:59:41 - POST /api/v1/matches/00e59b81-84b7-4626-a974-691d81ff5eb9/balls 201
2026-06-21 17:59:41 - POST /api/v1/matches/00e59b81-84b7-4626-a974-691d81ff5eb9/balls 201
2026-06-21 17:59:41 - POST /api/v1/matches/00e59b81-84b7-4626-a974-691d81ff5eb9/balls 201
2026-06-21 17:59:41 - POST /api/v1/matches/00e59b81-84b7-4626-a974-691d81ff5eb9/balls 201
2026-06-21 17:59:41 - POST /api/v1/matches/00e59b81-84b7-4626-a974-691d81ff5eb9/balls 201
2026-06-21 17:59:41 - POST /api/v1/matches/6a10b7f2-65c5-4f5f-9a2d-93a4111f2572/toss 200
2026-06-21 17:59:41 - GET /api/v1/teams/160d15c4-7cb2-4571-b69d-b889132447b7 200
2026-06-21 17:59:41 - GET /api/v1/teams/c52bb5b5-4136-4a1d-a334-41efe3f234ef 200
2026-06-21 17:59:41 - POST /api/v1/matches/6a10b7f2-65c5-4f5f-9a2d-93a4111f2572/squads 200
2026-06-21 17:59:41 - POST /api/v1/matches/6a10b7f2-65c5-4f5f-9a2d-93a4111f2572/squads 200
2026-06-21 17:59:41 - POST /api/v1/matches/6a10b7f2-65c5-4f5f-9a2d-93a4111f2572/balls 201
2026-06-21 17:59:41 - POST /api/v1/matches/6a10b7f2-65c5-4f5f-9a2d-93a4111f2572/balls 201
2026-06-21 17:59:41 - POST /api/v1/matches/6a10b7f2-65c5-4f5f-9a2d-93a4111f2572/balls 201
2026-06-21 17:59:41 - POST /api/v1/matches/6a10b7f2-65c5-4f5f-9a2d-93a4111f2572/balls 201
2026-06-21 17:59:41 - POST /api/v1/matches/6a10b7f2-65c5-4f5f-9a2d-93a4111f2572/balls 201
2026-06-21 17:59:41 - POST /api/v1/matches/6a10b7f2-65c5-4f5f-9a2d-93a4111f2572/balls 201
2026-06-21 17:59:41 - POST /api/v1/matches/6a10b7f2-65c5-4f5f-9a2d-93a4111f2572/balls 201
2026-06-21 17:59:41 - POST /api/v1/matches/6a10b7f2-65c5-4f5f-9a2d-93a4111f2572/balls 201
2026-06-21 17:59:41 - POST /api/v1/matches/6a10b7f2-65c5-4f5f-9a2d-93a4111f2572/balls 201
2026-06-21 17:59:41 - POST /api/v1/matches/6a10b7f2-65c5-4f5f-9a2d-93a4111f2572/balls 201
2026-06-21 17:59:41 - POST /api/v1/matches/6a10b7f2-65c5-4f5f-9a2d-93a4111f2572/balls 201
2026-06-21 17:59:41 - POST /api/v1/matches/6a10b7f2-65c5-4f5f-9a2d-93a4111f2572/balls 201
2026-06-21 17:59:41 - POST /api/v1/matches/f098b563-5600-4475-b1b3-cd812c2ca8d0/toss 200
2026-06-21 17:59:41 - GET /api/v1/teams/eb83291e-3e82-4aab-8f8f-2faf0ad94729 200
2026-06-21 17:59:41 - GET /api/v1/teams/160d15c4-7cb2-4571-b69d-b889132447b7 200
2026-06-21 17:59:41 - POST /api/v1/matches/f098b563-5600-4475-b1b3-cd812c2ca8d0/squads 200
2026-06-21 17:59:41 - POST /api/v1/matches/f098b563-5600-4475-b1b3-cd812c2ca8d0/squads 200
2026-06-21 17:59:41 - POST /api/v1/matches/f098b563-5600-4475-b1b3-cd812c2ca8d0/balls 201
2026-06-21 17:59:41 - POST /api/v1/matches/f098b563-5600-4475-b1b3-cd812c2ca8d0/balls 201
2026-06-21 17:59:41 - POST /api/v1/matches/f098b563-5600-4475-b1b3-cd812c2ca8d0/balls 201
2026-06-21 17:59:41 - POST /api/v1/matches/f098b563-5600-4475-b1b3-cd812c2ca8d0/balls 201
2026-06-21 17:59:41 - POST /api/v1/matches/f098b563-5600-4475-b1b3-cd812c2ca8d0/balls 201
2026-06-21 17:59:41 - POST /api/v1/matches/f098b563-5600-4475-b1b3-cd812c2ca8d0/balls 201
2026-06-21 17:59:41 - POST /api/v1/matches/f098b563-5600-4475-b1b3-cd812c2ca8d0/balls 201
2026-06-21 17:59:41 - POST /api/v1/matches/f098b563-5600-4475-b1b3-cd812c2ca8d0/balls 201
2026-06-21 17:59:41 - POST /api/v1/matches/f098b563-5600-4475-b1b3-cd812c2ca8d0/balls 201
2026-06-21 17:59:41 - POST /api/v1/matches/f098b563-5600-4475-b1b3-cd812c2ca8d0/balls 201
2026-06-21 17:59:41 - POST /api/v1/matches/f098b563-5600-4475-b1b3-cd812c2ca8d0/balls 201
2026-06-21 17:59:41 - POST /api/v1/matches/f098b563-5600-4475-b1b3-cd812c2ca8d0/balls 201
2026-06-21 17:59:41 - POST /api/v1/matches/85f7e44d-a74e-425c-ab28-ac93306356b9/toss 200
2026-06-21 17:59:41 - GET /api/v1/teams/86560580-4fbf-4771-a4b1-ad0b8348c962 200
2026-06-21 17:59:42 - GET /api/v1/teams/c52bb5b5-4136-4a1d-a334-41efe3f234ef 200
2026-06-21 17:59:42 - POST /api/v1/matches/85f7e44d-a74e-425c-ab28-ac93306356b9/squads 200
2026-06-21 17:59:42 - POST /api/v1/matches/85f7e44d-a74e-425c-ab28-ac93306356b9/squads 200
2026-06-21 17:59:42 - POST /api/v1/matches/85f7e44d-a74e-425c-ab28-ac93306356b9/balls 201
2026-06-21 17:59:42 - POST /api/v1/matches/85f7e44d-a74e-425c-ab28-ac93306356b9/balls 201
2026-06-21 17:59:42 - POST /api/v1/matches/85f7e44d-a74e-425c-ab28-ac93306356b9/balls 201
2026-06-21 17:59:42 - POST /api/v1/matches/85f7e44d-a74e-425c-ab28-ac93306356b9/balls 201
2026-06-21 17:59:42 - POST /api/v1/matches/85f7e44d-a74e-425c-ab28-ac93306356b9/balls 201
2026-06-21 17:59:42 - POST /api/v1/matches/85f7e44d-a74e-425c-ab28-ac93306356b9/balls 201
2026-06-21 17:59:42 - POST /api/v1/matches/85f7e44d-a74e-425c-ab28-ac93306356b9/balls 201
2026-06-21 17:59:42 - POST /api/v1/matches/85f7e44d-a74e-425c-ab28-ac93306356b9/balls 201
2026-06-21 17:59:42 - POST /api/v1/matches/85f7e44d-a74e-425c-ab28-ac93306356b9/balls 201
2026-06-21 17:59:42 - POST /api/v1/matches/85f7e44d-a74e-425c-ab28-ac93306356b9/balls 201
2026-06-21 17:59:42 - POST /api/v1/matches/85f7e44d-a74e-425c-ab28-ac93306356b9/balls 201
2026-06-21 17:59:42 - POST /api/v1/matches/85f7e44d-a74e-425c-ab28-ac93306356b9/balls 201
2026-06-21 17:59:42 - POST /api/v1/matches/ce011790-945a-4126-acf1-ba29870d5ad5/toss 200
2026-06-21 17:59:42 - GET /api/v1/teams/86560580-4fbf-4771-a4b1-ad0b8348c962 200
2026-06-21 17:59:42 - GET /api/v1/teams/eb83291e-3e82-4aab-8f8f-2faf0ad94729 200
2026-06-21 17:59:42 - POST /api/v1/matches/ce011790-945a-4126-acf1-ba29870d5ad5/squads 200
2026-06-21 17:59:42 - POST /api/v1/matches/ce011790-945a-4126-acf1-ba29870d5ad5/squads 200
2026-06-21 17:59:42 - POST /api/v1/matches/ce011790-945a-4126-acf1-ba29870d5ad5/balls 201
2026-06-21 17:59:42 - POST /api/v1/matches/ce011790-945a-4126-acf1-ba29870d5ad5/balls 201
2026-06-21 17:59:42 - POST /api/v1/matches/ce011790-945a-4126-acf1-ba29870d5ad5/balls 201
2026-06-21 17:59:42 - POST /api/v1/matches/ce011790-945a-4126-acf1-ba29870d5ad5/balls 201
2026-06-21 17:59:42 - POST /api/v1/matches/ce011790-945a-4126-acf1-ba29870d5ad5/balls 201
2026-06-21 17:59:42 - POST /api/v1/matches/ce011790-945a-4126-acf1-ba29870d5ad5/balls 201
2026-06-21 17:59:42 - POST /api/v1/matches/ce011790-945a-4126-acf1-ba29870d5ad5/balls 201
2026-06-21 17:59:42 - POST /api/v1/matches/ce011790-945a-4126-acf1-ba29870d5ad5/balls 201
2026-06-21 17:59:42 - POST /api/v1/matches/ce011790-945a-4126-acf1-ba29870d5ad5/balls 201
2026-06-21 17:59:42 - POST /api/v1/matches/ce011790-945a-4126-acf1-ba29870d5ad5/balls 201
2026-06-21 17:59:42 - POST /api/v1/matches/ce011790-945a-4126-acf1-ba29870d5ad5/balls 201
2026-06-21 17:59:42 - POST /api/v1/matches/ce011790-945a-4126-acf1-ba29870d5ad5/balls 201
2026-06-21 17:59:42 - POST /api/v1/matches/24e4af9d-964c-4792-bb3c-ca48505d1d48/toss 200
2026-06-21 17:59:42 - GET /api/v1/teams/eb83291e-3e82-4aab-8f8f-2faf0ad94729 200
2026-06-21 17:59:42 - GET /api/v1/teams/c52bb5b5-4136-4a1d-a334-41efe3f234ef 200
2026-06-21 17:59:42 - POST /api/v1/matches/24e4af9d-964c-4792-bb3c-ca48505d1d48/squads 200
2026-06-21 17:59:42 - POST /api/v1/matches/24e4af9d-964c-4792-bb3c-ca48505d1d48/squads 200
2026-06-21 17:59:42 - POST /api/v1/matches/24e4af9d-964c-4792-bb3c-ca48505d1d48/balls 201
2026-06-21 17:59:42 - POST /api/v1/matches/24e4af9d-964c-4792-bb3c-ca48505d1d48/balls 201
2026-06-21 17:59:42 - POST /api/v1/matches/24e4af9d-964c-4792-bb3c-ca48505d1d48/balls 201
2026-06-21 17:59:42 - POST /api/v1/matches/24e4af9d-964c-4792-bb3c-ca48505d1d48/balls 201
2026-06-21 17:59:42 - POST /api/v1/matches/24e4af9d-964c-4792-bb3c-ca48505d1d48/balls 201
2026-06-21 17:59:42 - POST /api/v1/matches/24e4af9d-964c-4792-bb3c-ca48505d1d48/balls 201
2026-06-21 17:59:42 - POST /api/v1/matches/24e4af9d-964c-4792-bb3c-ca48505d1d48/balls 201
2026-06-21 17:59:42 - POST /api/v1/matches/24e4af9d-964c-4792-bb3c-ca48505d1d48/balls 201
2026-06-21 17:59:43 - POST /api/v1/matches/24e4af9d-964c-4792-bb3c-ca48505d1d48/balls 201
2026-06-21 17:59:43 - POST /api/v1/matches/24e4af9d-964c-4792-bb3c-ca48505d1d48/balls 201
2026-06-21 17:59:43 - POST /api/v1/matches/24e4af9d-964c-4792-bb3c-ca48505d1d48/balls 201
2026-06-21 17:59:43 - POST /api/v1/matches/24e4af9d-964c-4792-bb3c-ca48505d1d48/balls 201
2026-06-21 17:59:43 - GET /api/v1/tournaments/fd95e7aa-dc03-47ac-95ef-fe022ddfe4a7/dashboard 200
2026-06-21 17:59:43 - POST /api/v1/matches/9f86f08c-efa2-4f01-a557-f2275f6cf056/toss 200
2026-06-21 17:59:43 - GET /api/v1/teams/86560580-4fbf-4771-a4b1-ad0b8348c962 200
2026-06-21 17:59:43 - GET /api/v1/teams/c52bb5b5-4136-4a1d-a334-41efe3f234ef 200
2026-06-21 17:59:43 - POST /api/v1/matches/9f86f08c-efa2-4f01-a557-f2275f6cf056/squads 200
2026-06-21 17:59:43 - POST /api/v1/matches/9f86f08c-efa2-4f01-a557-f2275f6cf056/squads 200
2026-06-21 17:59:43 - POST /api/v1/matches/9f86f08c-efa2-4f01-a557-f2275f6cf056/balls 201
2026-06-21 17:59:43 - POST /api/v1/matches/9f86f08c-efa2-4f01-a557-f2275f6cf056/balls 201
2026-06-21 17:59:43 - POST /api/v1/matches/9f86f08c-efa2-4f01-a557-f2275f6cf056/balls 201
2026-06-21 17:59:43 - POST /api/v1/matches/9f86f08c-efa2-4f01-a557-f2275f6cf056/balls 201
2026-06-21 17:59:43 - POST /api/v1/matches/9f86f08c-efa2-4f01-a557-f2275f6cf056/balls 201
2026-06-21 17:59:43 - POST /api/v1/matches/9f86f08c-efa2-4f01-a557-f2275f6cf056/balls 201
2026-06-21 17:59:43 - POST /api/v1/matches/9f86f08c-efa2-4f01-a557-f2275f6cf056/balls 201
2026-06-21 17:59:43 - POST /api/v1/matches/9f86f08c-efa2-4f01-a557-f2275f6cf056/balls 201
2026-06-21 17:59:43 - POST /api/v1/matches/9f86f08c-efa2-4f01-a557-f2275f6cf056/balls 201
2026-06-21 17:59:43 - POST /api/v1/matches/9f86f08c-efa2-4f01-a557-f2275f6cf056/balls 201
2026-06-21 17:59:43 - POST /api/v1/matches/9f86f08c-efa2-4f01-a557-f2275f6cf056/balls 201
2026-06-21 17:59:43 - POST /api/v1/matches/9f86f08c-efa2-4f01-a557-f2275f6cf056/balls 201
2026-06-21 17:59:43 - POST /api/v1/matches/e9a16f8a-c441-4c16-89e6-f85f5d40a390/toss 200
2026-06-21 17:59:43 - GET /api/v1/teams/eb83291e-3e82-4aab-8f8f-2faf0ad94729 200
2026-06-21 17:59:43 - GET /api/v1/teams/160d15c4-7cb2-4571-b69d-b889132447b7 200
2026-06-21 17:59:43 - POST /api/v1/matches/e9a16f8a-c441-4c16-89e6-f85f5d40a390/squads 200
2026-06-21 17:59:43 - POST /api/v1/matches/e9a16f8a-c441-4c16-89e6-f85f5d40a390/squads 200
2026-06-21 17:59:43 - POST /api/v1/matches/e9a16f8a-c441-4c16-89e6-f85f5d40a390/balls 201
2026-06-21 17:59:43 - POST /api/v1/matches/e9a16f8a-c441-4c16-89e6-f85f5d40a390/balls 201
2026-06-21 17:59:43 - POST /api/v1/matches/e9a16f8a-c441-4c16-89e6-f85f5d40a390/balls 201
2026-06-21 17:59:43 - POST /api/v1/matches/e9a16f8a-c441-4c16-89e6-f85f5d40a390/balls 201
2026-06-21 17:59:43 - POST /api/v1/matches/e9a16f8a-c441-4c16-89e6-f85f5d40a390/balls 201
2026-06-21 17:59:43 - POST /api/v1/matches/e9a16f8a-c441-4c16-89e6-f85f5d40a390/balls 201
2026-06-21 17:59:43 - POST /api/v1/matches/e9a16f8a-c441-4c16-89e6-f85f5d40a390/balls 201
2026-06-21 17:59:43 - POST /api/v1/matches/e9a16f8a-c441-4c16-89e6-f85f5d40a390/balls 201
2026-06-21 17:59:43 - POST /api/v1/matches/e9a16f8a-c441-4c16-89e6-f85f5d40a390/balls 201
2026-06-21 17:59:43 - POST /api/v1/matches/e9a16f8a-c441-4c16-89e6-f85f5d40a390/balls 201
2026-06-21 17:59:43 - POST /api/v1/matches/e9a16f8a-c441-4c16-89e6-f85f5d40a390/balls 201
2026-06-21 17:59:44 - POST /api/v1/matches/e9a16f8a-c441-4c16-89e6-f85f5d40a390/balls 201
2026-06-21 17:59:44 - GET /api/v1/tournaments/fd95e7aa-dc03-47ac-95ef-fe022ddfe4a7/dashboard 200
2026-06-21 17:59:44 - POST /api/v1/matches/f0956d50-4a6f-48e9-8c27-4a2e5bb234aa/toss 200
2026-06-21 17:59:44 - GET /api/v1/teams/86560580-4fbf-4771-a4b1-ad0b8348c962 200
2026-06-21 17:59:44 - GET /api/v1/teams/eb83291e-3e82-4aab-8f8f-2faf0ad94729 200
2026-06-21 17:59:44 - POST /api/v1/matches/f0956d50-4a6f-48e9-8c27-4a2e5bb234aa/squads 200
2026-06-21 17:59:44 - POST /api/v1/matches/f0956d50-4a6f-48e9-8c27-4a2e5bb234aa/squads 200
2026-06-21 17:59:44 - POST /api/v1/matches/f0956d50-4a6f-48e9-8c27-4a2e5bb234aa/balls 201
2026-06-21 17:59:44 - POST /api/v1/matches/f0956d50-4a6f-48e9-8c27-4a2e5bb234aa/balls 201
2026-06-21 17:59:44 - POST /api/v1/matches/f0956d50-4a6f-48e9-8c27-4a2e5bb234aa/balls 201
2026-06-21 17:59:44 - POST /api/v1/matches/f0956d50-4a6f-48e9-8c27-4a2e5bb234aa/balls 201
2026-06-21 17:59:44 - POST /api/v1/matches/f0956d50-4a6f-48e9-8c27-4a2e5bb234aa/balls 201
2026-06-21 17:59:44 - POST /api/v1/matches/f0956d50-4a6f-48e9-8c27-4a2e5bb234aa/balls 201
2026-06-21 17:59:44 - POST /api/v1/matches/f0956d50-4a6f-48e9-8c27-4a2e5bb234aa/balls 201
2026-06-21 17:59:44 - POST /api/v1/matches/f0956d50-4a6f-48e9-8c27-4a2e5bb234aa/balls 201
2026-06-21 17:59:44 - POST /api/v1/matches/f0956d50-4a6f-48e9-8c27-4a2e5bb234aa/balls 201
2026-06-21 17:59:44 - POST /api/v1/matches/f0956d50-4a6f-48e9-8c27-4a2e5bb234aa/balls 201
2026-06-21 17:59:44 - POST /api/v1/matches/f0956d50-4a6f-48e9-8c27-4a2e5bb234aa/balls 201
2026-06-21 17:59:44 - POST /api/v1/matches/f0956d50-4a6f-48e9-8c27-4a2e5bb234aa/balls 201
2026-06-21 17:59:44 - GET /api/v1/tournaments/fd95e7aa-dc03-47ac-95ef-fe022ddfe4a7/dashboard 200
2026-06-21 18:25:40 - POST /api/v1/auth/signup 422
2026-06-21 18:25:40 - POST /api/v1/auth/signup 422
2026-06-21 18:25:40 - POST /api/v1/auth/signup 422
2026-06-21 18:26:37 - POST /api/v1/auth/signup 201
2026-06-21 18:26:38 - POST /api/v1/auth/signup 201
2026-06-21 18:26:39 - POST /api/v1/auth/signup 201
2026-06-21 18:26:40 - POST /api/v1/auth/login 200
2026-06-21 18:26:40 - POST /api/v1/auth/login 200
2026-06-21 18:26:40 - POST /api/v1/auth/login 200
2026-06-21 18:26:40 - POST /api/v1/teams/ 201
2026-06-21 18:27:02 - POST /api/v1/auth/signup 201
2026-06-21 18:27:04 - POST /api/v1/auth/signup 201
2026-06-21 18:27:05 - POST /api/v1/auth/signup 201
2026-06-21 18:27:06 - POST /api/v1/auth/login 200
2026-06-21 18:27:06 - POST /api/v1/auth/login 200
2026-06-21 18:27:06 - POST /api/v1/auth/login 200
2026-06-21 18:27:06 - POST /api/v1/teams/ 201
2026-06-21 18:27:06 - GET /api/v1/teams/my-teams 200
2026-06-21 18:27:06 - POST /api/v1/teams/875ff3fc-65b9-450e-995f-48999e8220e7/join-request 200
2026-06-21 18:27:06 - GET /api/v1/teams/my-teams 200
2026-06-21 18:27:06 - POST /api/v1/teams/875ff3fc-65b9-450e-995f-48999e8220e7/approve-request 403
2026-06-21 18:27:24 - POST /api/v1/auth/signup 201
2026-06-21 18:27:25 - POST /api/v1/auth/signup 201
2026-06-21 18:27:27 - POST /api/v1/auth/signup 201
2026-06-21 18:27:27 - POST /api/v1/auth/login 200
2026-06-21 18:27:27 - POST /api/v1/auth/login 200
2026-06-21 18:27:27 - POST /api/v1/auth/login 200
2026-06-21 18:27:27 - POST /api/v1/teams/ 201
2026-06-21 18:27:27 - GET /api/v1/teams/my-teams 200
2026-06-21 18:27:27 - POST /api/v1/teams/cb752596-25cc-4cbb-a224-b521a5256305/join-request 200
2026-06-21 18:27:27 - GET /api/v1/teams/my-teams 200
2026-06-21 18:27:27 - POST /api/v1/teams/cb752596-25cc-4cbb-a224-b521a5256305/approve-request 403
2026-06-21 18:27:27 - POST /api/v1/teams/cb752596-25cc-4cbb-a224-b521a5256305/approve-request 200
2026-06-21 18:27:27 - POST /api/v1/teams/cb752596-25cc-4cbb-a224-b521a5256305/members 200
2026-06-21 18:27:27 - GET /api/v1/teams/cb752596-25cc-4cbb-a224-b521a5256305/members 200
2026-06-21 18:27:27 - DELETE /api/v1/teams/cb752596-25cc-4cbb-a224-b521a5256305/members/34f1b73b-d574-4b6b-b931-5dc81afdeb69 204
2026-06-21 18:27:50 - POST /api/v1/auth/signup 201
2026-06-21 18:27:52 - POST /api/v1/auth/signup 201
2026-06-21 18:27:53 - POST /api/v1/auth/signup 201
2026-06-21 18:27:53 - POST /api/v1/auth/login 200
2026-06-21 18:27:53 - POST /api/v1/auth/login 200
2026-06-21 18:27:54 - POST /api/v1/auth/login 200
2026-06-21 18:27:54 - POST /api/v1/teams/ 201
2026-06-21 18:27:54 - GET /api/v1/teams/my-teams 200
2026-06-21 18:27:54 - POST /api/v1/teams/c127c7ca-7cb0-459b-9510-ce358940b62b/join-request 200
2026-06-21 18:27:54 - GET /api/v1/teams/my-teams 200
2026-06-21 18:27:54 - POST /api/v1/teams/c127c7ca-7cb0-459b-9510-ce358940b62b/approve-request 403
2026-06-21 18:27:54 - POST /api/v1/teams/c127c7ca-7cb0-459b-9510-ce358940b62b/approve-request 200
2026-06-21 18:27:54 - POST /api/v1/teams/c127c7ca-7cb0-459b-9510-ce358940b62b/members 200
2026-06-21 18:27:54 - GET /api/v1/teams/c127c7ca-7cb0-459b-9510-ce358940b62b/members 200
2026-06-21 18:27:54 - DELETE /api/v1/teams/c127c7ca-7cb0-459b-9510-ce358940b62b/members/a6d95b39-1879-4fa1-bb29-353ddd2264dc 204
2026-06-21 18:27:54 - GET /api/v1/teams/c127c7ca-7cb0-459b-9510-ce358940b62b/members 200
2026-06-21 18:28:09 - POST /api/v1/auth/signup 422
2026-06-21 18:28:09 - POST /api/v1/auth/signup 422
2026-06-21 18:28:09 - POST /api/v1/auth/signup 422
2026-06-21 18:28:09 - POST /api/v1/auth/signup 422
2026-06-21 18:28:11 - POST /api/v1/auth/signup 201
2026-06-21 18:28:11 - POST /api/v1/auth/login 400
2026-06-21 18:28:11 - POST /api/v1/auth/verify-otp 200
2026-06-21 18:28:12 - POST /api/v1/auth/signup 201
2026-06-21 18:28:12 - POST /api/v1/auth/resend-otp 429
2026-06-21 18:28:13 - POST /api/v1/auth/resend-otp 200
2026-06-21 18:28:14 - POST /api/v1/auth/login 400
2026-06-21 18:28:14 - POST /api/v1/auth/login 400
2026-06-21 18:28:14 - POST /api/v1/auth/login 400
2026-06-21 18:28:14 - POST /api/v1/auth/login 400
2026-06-21 18:28:15 - POST /api/v1/auth/login 400
2026-06-21 18:28:15 - POST /api/v1/auth/login 403
2026-06-21 18:28:15 - POST /api/v1/auth/login 200
2026-06-21 18:28:15 - POST /api/v1/auth/forgot-password 404
2026-06-21 18:28:16 - POST /api/v1/auth/forgot-password 200
2026-06-21 18:28:16 - POST /api/v1/auth/verify-reset-otp 400
2026-06-21 18:28:16 - POST /api/v1/auth/verify-reset-otp 200
2026-06-21 18:28:16 - POST /api/v1/auth/reset-password 422
2026-06-21 18:28:17 - POST /api/v1/auth/reset-password 200
2026-06-21 18:28:17 - POST /api/v1/auth/login 200
2026-06-21 18:28:17 - POST /api/v1/auth/login 200
2026-06-21 18:28:17 - POST /api/v1/auth/complete-profile 200
2026-06-21 18:28:18 - POST /api/v1/auth/login 200
2026-06-21 18:28:18 - POST /api/v1/auth/refresh 200
2026-06-21 18:28:18 - POST /api/v1/auth/logout 200
2026-06-21 18:28:18 - POST /api/v1/auth/refresh 401
2026-06-21 18:28:19 - POST /api/v1/auth/signup 201
2026-06-21 18:28:19 - POST /api/v1/auth/signup 400
2026-06-21 18:28:19 - POST /api/v1/auth/login 400
2026-06-21 18:28:19 - POST /api/v1/auth/forgot-password 400
2026-06-21 18:28:19 - POST /api/v1/auth/verify-reset-otp 400
2026-06-21 18:28:19 - POST /api/v1/auth/reset-password 400
2026-06-21 18:28:20 - POST /api/v1/auth/signup 400
2026-06-21 18:28:21 - POST /api/v1/auth/signup 201
2026-06-21 18:28:22 - POST /api/v1/auth/signup 201
2026-06-21 18:28:23 - POST /api/v1/auth/login 200
2026-06-21 18:28:23 - POST /api/v1/auth/login 200
2026-06-21 18:28:23 - POST /api/v1/teams/ 201
2026-06-21 18:28:23 - GET /api/v1/teams/ 200
2026-06-21 18:28:23 - PUT /api/v1/teams/c8dccf22-01d1-4b6f-b9e6-6d804d14e95f 403
2026-06-21 18:28:23 - DELETE /api/v1/teams/c8dccf22-01d1-4b6f-b9e6-6d804d14e95f 403
2026-06-21 18:28:23 - POST /api/v1/players/ 201
2026-06-21 18:28:23 - GET /api/v1/players/ 200
2026-06-21 18:28:23 - PUT /api/v1/players/5eb97c55-ebad-45cb-b69d-cd7fd0228244 403
2026-06-21 18:28:23 - DELETE /api/v1/players/5eb97c55-ebad-45cb-b69d-cd7fd0228244 403
2026-06-21 18:28:25 - POST /api/v1/auth/signup 201
2026-06-21 18:28:25 - POST /api/v1/auth/login 200
2026-06-21 18:28:25 - POST /api/v1/teams/ 201
2026-06-21 18:28:25 - POST /api/v1/teams/ 201
2026-06-21 18:28:25 - POST /api/v1/players/ 201
2026-06-21 18:28:25 - POST /api/v1/players/ 201
2026-06-21 18:28:25 - POST /api/v1/players/ 201
2026-06-21 18:28:25 - POST /api/v1/teams/e557c521-cc2b-48eb-acb0-ba01bca957cd/players/bulk 200
2026-06-21 18:28:25 - POST /api/v1/teams/ee86768f-3cc7-4c94-9fcb-2cac95988701/players/bulk 400
2026-06-21 18:28:26 - POST /api/v1/auth/signup 201
2026-06-21 18:28:28 - POST /api/v1/auth/signup 201
2026-06-21 18:28:28 - POST /api/v1/auth/login 200
2026-06-21 18:28:28 - POST /api/v1/auth/login 200
2026-06-21 18:28:28 - POST /api/v1/teams/ 201
2026-06-21 18:28:28 - POST /api/v1/teams/ 201
2026-06-21 18:28:28 - POST /api/v1/matches/ 201
2026-06-21 18:28:28 - POST /api/v1/matches/35b10f3c-2bbf-409f-84cd-dcd8cb8a842a/toss 403
2026-06-21 18:28:28 - POST /api/v1/matches/35b10f3c-2bbf-409f-84cd-dcd8cb8a842a/toss 200
2026-06-21 18:28:31 - GET /api/v1/debug-env 200
2026-06-21 18:28:31 - GET /api/v1/debug-env 404
2026-06-21 18:28:31 - POST /api/v1/auth/login 200
2026-06-21 18:28:31 - POST /api/v1/players/ 201
2026-06-21 18:28:31 - POST /api/v1/players/ 201
2026-06-21 18:28:31 - POST /api/v1/players/ 201
2026-06-21 18:28:31 - POST /api/v1/players/ 201
2026-06-21 18:28:31 - POST /api/v1/teams/ 201
2026-06-21 18:28:31 - POST /api/v1/teams/ 201
2026-06-21 18:28:31 - POST /api/v1/teams/89cbbddd-f62e-4727-b433-14a92593034d/players 200
2026-06-21 18:28:31 - POST /api/v1/teams/89cbbddd-f62e-4727-b433-14a92593034d/players 200
2026-06-21 18:28:31 - POST /api/v1/teams/b7164d1c-da04-4ebd-a72c-daa4b75f4822/players 200
2026-06-21 18:28:31 - POST /api/v1/teams/b7164d1c-da04-4ebd-a72c-daa4b75f4822/players 200
2026-06-21 18:28:31 - POST /api/v1/matches/ 201
2026-06-21 18:28:31 - POST /api/v1/matches/c1c441fe-a655-453e-8a8f-79caed101df4/toss 200
2026-06-21 18:28:31 - POST /api/v1/matches/c1c441fe-a655-453e-8a8f-79caed101df4/squads 400
2026-06-21 18:28:31 - POST /api/v1/matches/c1c441fe-a655-453e-8a8f-79caed101df4/squads 200
2026-06-21 18:28:31 - POST /api/v1/matches/c1c441fe-a655-453e-8a8f-79caed101df4/squads 400
2026-06-21 18:28:31 - POST /api/v1/matches/c1c441fe-a655-453e-8a8f-79caed101df4/squads 200
2026-06-21 18:28:32 - POST /api/v1/auth/google 200
2026-06-21 18:28:32 - POST /api/v1/auth/google 400
2026-06-21 18:28:32 - POST /api/v1/auth/google 400
2026-06-21 18:28:32 - POST /api/v1/auth/google 400
2026-06-21 18:28:32 - POST /api/v1/auth/google 400
2026-06-21 18:28:32 - POST /api/v1/auth/login 200
2026-06-21 18:28:32 - POST /api/v1/players/ 201
2026-06-21 18:28:32 - POST /api/v1/players/ 201
2026-06-21 18:28:32 - POST /api/v1/teams/ 201
2026-06-21 18:28:32 - POST /api/v1/teams/ 201
2026-06-21 18:28:32 - POST /api/v1/matches/ 201
2026-06-21 18:28:32 - GET /api/v1/matches/ 200
2026-06-21 18:28:33 - POST /api/v1/auth/login 200
2026-06-21 18:28:33 - POST /api/v1/auth/login 200
2026-06-21 18:28:34 - POST /api/v1/auth/login 200
2026-06-21 18:28:34 - POST /api/v1/matches/ 201
2026-06-21 18:28:34 - POST /api/v1/matches/0e9384ee-d95b-4f48-aded-5b5cc855e386/toss 200
2026-06-21 18:28:34 - POST /api/v1/matches/0e9384ee-d95b-4f48-aded-5b5cc855e386/toss 403
2026-06-21 18:28:34 - POST /api/v1/matches/ 201
2026-06-21 18:28:34 - POST /api/v1/matches/aee64ed7-576c-4e3b-9b76-fcfe04ad191c/toss 200
2026-06-21 18:28:34 - POST /api/v1/matches/ 201
2026-06-21 18:28:34 - POST /api/v1/matches/5d8fdcb0-7140-407e-bc5b-67f4abf44b81/toss 200
2026-06-21 18:28:34 - POST /api/v1/matches/5d8fdcb0-7140-407e-bc5b-67f4abf44b81/toss 403
2026-06-21 18:28:34 - POST /api/v1/auth/login 200
2026-06-21 18:28:34 - POST /api/v1/players/ 201
2026-06-21 18:28:34 - POST /api/v1/players/ 201
2026-06-21 18:28:34 - POST /api/v1/players/ 422
2026-06-21 18:28:34 - POST /api/v1/players/ 422
2026-06-21 18:28:34 - GET /api/v1/players/f83e4535-f238-40fd-921c-64c855ea3f24 200
2026-06-21 18:28:34 - PUT /api/v1/players/f83e4535-f238-40fd-921c-64c855ea3f24 200
2026-06-21 18:28:34 - DELETE /api/v1/players/f83e4535-f238-40fd-921c-64c855ea3f24 204
2026-06-21 18:28:34 - GET /api/v1/players/f83e4535-f238-40fd-921c-64c855ea3f24 404
2026-06-21 18:28:35 - POST /api/v1/auth/login 200
2026-06-21 18:28:35 - POST /api/v1/players/ 201
2026-06-21 18:28:35 - POST /api/v1/players/ 201
2026-06-21 18:28:35 - POST /api/v1/teams/ 201
2026-06-21 18:28:35 - POST /api/v1/teams/d002b069-bbdb-4ad0-bb69-2203b6fd50c3/players 200
2026-06-21 18:28:35 - PUT /api/v1/teams/d002b069-bbdb-4ad0-bb69-2203b6fd50c3 200
2026-06-21 18:28:35 - PUT /api/v1/teams/d002b069-bbdb-4ad0-bb69-2203b6fd50c3 400
2026-06-21 18:28:35 - POST /api/v1/teams/ 201
2026-06-21 18:28:35 - POST /api/v1/teams/3d7cb0c2-f91b-4adb-99de-fdeb181c8c92/players 400
2026-06-21 18:28:35 - DELETE /api/v1/teams/d002b069-bbdb-4ad0-bb69-2203b6fd50c3/players/45ee4db9-caaf-40c4-a5c7-a21d4e7cf711 200
2026-06-21 18:28:36 - DELETE /api/v1/teams/d002b069-bbdb-4ad0-bb69-2203b6fd50c3 204
2026-06-21 18:28:37 - POST /api/v1/auth/login 200
2026-06-21 18:28:37 - POST /api/v1/players/ 201
2026-06-21 18:28:37 - POST /api/v1/players/ 201
2026-06-21 18:28:37 - POST /api/v1/teams/ 201
2026-06-21 18:28:37 - POST /api/v1/teams/ 201
2026-06-21 18:28:37 - POST /api/v1/teams/db8a46e1-989a-4313-a176-3c121ca68ce3/players 200
2026-06-21 18:28:37 - POST /api/v1/teams/0119299b-9b85-4e5f-b4ca-e30f106de8d4/players 200
2026-06-21 18:28:37 - POST /api/v1/matches/ 201
2026-06-21 18:28:37 - POST /api/v1/matches/df4c44e8-6cde-43f7-acfa-28ace2a90862/squads 200
2026-06-21 18:28:37 - POST /api/v1/matches/df4c44e8-6cde-43f7-acfa-28ace2a90862/toss 200
2026-06-21 18:28:37 - DELETE /api/v1/players/6524f7fd-54ca-4d21-91d0-35081cdbb553 400
2026-06-21 18:28:37 - DELETE /api/v1/teams/db8a46e1-989a-4313-a176-3c121ca68ce3/players/6524f7fd-54ca-4d21-91d0-35081cdbb553 400
2026-06-21 18:28:37 - DELETE /api/v1/teams/db8a46e1-989a-4313-a176-3c121ca68ce3 400
2026-06-21 18:28:38 - POST /api/v1/auth/login 200
2026-06-21 18:28:38 - GET /api/v1/profile/ 200
2026-06-21 18:28:39 - POST /api/v1/auth/login 200
2026-06-21 18:28:39 - PUT /api/v1/profile/ 200
2026-06-21 18:28:39 - PUT /api/v1/profile/ 400
2026-06-21 18:28:39 - POST /api/v1/auth/login 200
2026-06-21 18:28:39 - GET /api/v1/profile/stats 200
2026-06-21 18:28:40 - POST /api/v1/auth/login 200
2026-06-21 18:28:40 - GET /api/v1/profile/activity 200
2026-06-21 18:28:40 - GET /api/v1/profile/achievements 200
2026-06-21 18:28:40 - POST /api/v1/auth/login 200
2026-06-21 18:28:40 - POST /api/v1/profile/upload-photo 200
2026-06-21 18:28:40 - GET /api/v1/profile/ 200
2026-06-21 18:28:41 - POST /api/v1/auth/login 200
2026-06-21 18:28:41 - POST /api/v1/players/ 201
2026-06-21 18:28:41 - POST /api/v1/players/ 201
2026-06-21 18:28:41 - POST /api/v1/players/ 201
2026-06-21 18:28:41 - POST /api/v1/players/ 201
2026-06-21 18:28:41 - POST /api/v1/players/ 201
2026-06-21 18:28:41 - POST /api/v1/teams/ 201
2026-06-21 18:28:41 - POST /api/v1/teams/ 201
2026-06-21 18:28:41 - POST /api/v1/teams/7ea950a7-5b9f-4648-a297-89e2d29dbd6c/players 200
2026-06-21 18:28:41 - POST /api/v1/teams/7ea950a7-5b9f-4648-a297-89e2d29dbd6c/players 200
2026-06-21 18:28:41 - POST /api/v1/teams/7ea950a7-5b9f-4648-a297-89e2d29dbd6c/players 200
2026-06-21 18:28:41 - POST /api/v1/teams/88cb9263-9752-447c-8acc-d91135fe37fd/players 200
2026-06-21 18:28:41 - POST /api/v1/teams/88cb9263-9752-447c-8acc-d91135fe37fd/players 200
2026-06-21 18:28:41 - POST /api/v1/matches/ 201
2026-06-21 18:28:41 - POST /api/v1/matches/af601e65-a955-4c38-adc1-84f35db2f5ca/toss 200
2026-06-21 18:28:41 - POST /api/v1/matches/af601e65-a955-4c38-adc1-84f35db2f5ca/squads 200
2026-06-21 18:28:41 - POST /api/v1/matches/af601e65-a955-4c38-adc1-84f35db2f5ca/squads 200
2026-06-21 18:28:41 - POST /api/v1/matches/af601e65-a955-4c38-adc1-84f35db2f5ca/balls 201
2026-06-21 18:28:41 - POST /api/v1/matches/af601e65-a955-4c38-adc1-84f35db2f5ca/balls 201
2026-06-21 18:28:41 - POST /api/v1/matches/af601e65-a955-4c38-adc1-84f35db2f5ca/balls 201
2026-06-21 18:28:41 - POST /api/v1/matches/af601e65-a955-4c38-adc1-84f35db2f5ca/balls 201
2026-06-21 18:28:41 - POST /api/v1/matches/af601e65-a955-4c38-adc1-84f35db2f5ca/balls 201
2026-06-21 18:28:41 - POST /api/v1/matches/af601e65-a955-4c38-adc1-84f35db2f5ca/balls 201
2026-06-21 18:28:41 - POST /api/v1/matches/af601e65-a955-4c38-adc1-84f35db2f5ca/balls 201
2026-06-21 18:28:41 - POST /api/v1/matches/af601e65-a955-4c38-adc1-84f35db2f5ca/balls 201
2026-06-21 18:28:41 - POST /api/v1/matches/af601e65-a955-4c38-adc1-84f35db2f5ca/balls 201
2026-06-21 18:28:41 - POST /api/v1/matches/af601e65-a955-4c38-adc1-84f35db2f5ca/balls 201
2026-06-21 18:28:41 - POST /api/v1/matches/af601e65-a955-4c38-adc1-84f35db2f5ca/balls 201
2026-06-21 18:28:41 - POST /api/v1/matches/af601e65-a955-4c38-adc1-84f35db2f5ca/balls 201
2026-06-21 18:28:41 - GET /api/v1/matches/af601e65-a955-4c38-adc1-84f35db2f5ca/scorecard 200
2026-06-21 18:28:42 - GET /api/v1/players/b7e8947f-3be4-474d-a97e-bbbf8c338ffc 200
2026-06-21 18:28:42 - POST /api/v1/auth/login 200
2026-06-21 18:28:42 - POST /api/v1/players/ 201
2026-06-21 18:28:42 - POST /api/v1/players/ 201
2026-06-21 18:28:42 - POST /api/v1/players/ 201
2026-06-21 18:28:42 - POST /api/v1/players/ 201
2026-06-21 18:28:42 - POST /api/v1/players/ 201
2026-06-21 18:28:42 - POST /api/v1/teams/ 201
2026-06-21 18:28:42 - POST /api/v1/teams/ 201
2026-06-21 18:28:42 - POST /api/v1/teams/cf8766bf-ceae-4a85-99f4-6704b236ad82/players 200
2026-06-21 18:28:42 - POST /api/v1/teams/cf8766bf-ceae-4a85-99f4-6704b236ad82/players 200
2026-06-21 18:28:42 - POST /api/v1/teams/cf8766bf-ceae-4a85-99f4-6704b236ad82/players 200
2026-06-21 18:28:42 - POST /api/v1/teams/60b263a9-2b12-4c3c-8bec-7f47713263e3/players 200
2026-06-21 18:28:42 - POST /api/v1/teams/60b263a9-2b12-4c3c-8bec-7f47713263e3/players 200
2026-06-21 18:28:42 - POST /api/v1/matches/ 201
2026-06-21 18:28:42 - POST /api/v1/matches/64470737-26fd-4971-ba0b-05766162a627/toss 200
2026-06-21 18:28:42 - POST /api/v1/matches/64470737-26fd-4971-ba0b-05766162a627/squads 200
2026-06-21 18:28:42 - POST /api/v1/matches/64470737-26fd-4971-ba0b-05766162a627/squads 200
2026-06-21 18:28:42 - POST /api/v1/matches/64470737-26fd-4971-ba0b-05766162a627/balls 201
2026-06-21 18:28:42 - POST /api/v1/matches/64470737-26fd-4971-ba0b-05766162a627/balls 201
2026-06-21 18:28:42 - POST /api/v1/matches/64470737-26fd-4971-ba0b-05766162a627/balls 201
2026-06-21 18:28:42 - POST /api/v1/matches/64470737-26fd-4971-ba0b-05766162a627/balls 201
2026-06-21 18:28:42 - POST /api/v1/matches/64470737-26fd-4971-ba0b-05766162a627/balls 201
2026-06-21 18:28:42 - GET /api/v1/matches/64470737-26fd-4971-ba0b-05766162a627/scorecard 200
2026-06-21 18:28:43 - POST /api/v1/auth/login 200
2026-06-21 18:28:43 - POST /api/v1/players/ 201
2026-06-21 18:28:43 - POST /api/v1/players/ 201
2026-06-21 18:28:43 - POST /api/v1/players/ 201
2026-06-21 18:28:43 - POST /api/v1/players/ 201
2026-06-21 18:28:43 - POST /api/v1/teams/ 201
2026-06-21 18:28:43 - POST /api/v1/teams/ 201
2026-06-21 18:28:43 - POST /api/v1/teams/0ab91294-b8e8-4a4c-bde5-94d2e4eb980e/players 200
2026-06-21 18:28:43 - POST /api/v1/teams/0ab91294-b8e8-4a4c-bde5-94d2e4eb980e/players 200
2026-06-21 18:28:43 - POST /api/v1/teams/beb4df5b-d21b-4eda-b21e-7255f480ff2b/players 200
2026-06-21 18:28:43 - POST /api/v1/teams/beb4df5b-d21b-4eda-b21e-7255f480ff2b/players 200
2026-06-21 18:28:43 - POST /api/v1/matches/ 201
2026-06-21 18:28:43 - POST /api/v1/matches/f13cc0d1-4352-4ba6-9dfc-80e10a7a6398/toss 200
2026-06-21 18:28:43 - POST /api/v1/matches/f13cc0d1-4352-4ba6-9dfc-80e10a7a6398/squads 200
2026-06-21 18:28:43 - POST /api/v1/matches/f13cc0d1-4352-4ba6-9dfc-80e10a7a6398/squads 200
2026-06-21 18:28:43 - POST /api/v1/matches/f13cc0d1-4352-4ba6-9dfc-80e10a7a6398/balls 201
2026-06-21 18:28:43 - POST /api/v1/matches/f13cc0d1-4352-4ba6-9dfc-80e10a7a6398/balls 201
2026-06-21 18:28:43 - POST /api/v1/matches/f13cc0d1-4352-4ba6-9dfc-80e10a7a6398/balls 201
2026-06-21 18:28:43 - POST /api/v1/matches/f13cc0d1-4352-4ba6-9dfc-80e10a7a6398/balls 201
2026-06-21 18:28:43 - POST /api/v1/matches/f13cc0d1-4352-4ba6-9dfc-80e10a7a6398/balls 201
2026-06-21 18:28:43 - POST /api/v1/matches/f13cc0d1-4352-4ba6-9dfc-80e10a7a6398/balls 201
2026-06-21 18:28:43 - POST /api/v1/matches/f13cc0d1-4352-4ba6-9dfc-80e10a7a6398/balls 201
2026-06-21 18:28:43 - GET /api/v1/matches/f13cc0d1-4352-4ba6-9dfc-80e10a7a6398/scorecard 200
2026-06-21 18:28:45 - POST /api/v1/auth/signup 201
2026-06-21 18:28:45 - POST /api/v1/auth/login 200
2026-06-21 18:28:45 - POST /api/v1/auth/login 200
2026-06-21 18:28:45 - POST /api/v1/players/ 201
2026-06-21 18:28:45 - POST /api/v1/players/ 201
2026-06-21 18:28:45 - POST /api/v1/players/ 201
2026-06-21 18:28:45 - POST /api/v1/players/ 201
2026-06-21 18:28:45 - POST /api/v1/players/ 201
2026-06-21 18:28:45 - POST /api/v1/teams/ 201
2026-06-21 18:28:45 - POST /api/v1/teams/ 201
2026-06-21 18:28:45 - POST /api/v1/teams/c13bdac6-10f7-4e7d-9454-88e74929dcc2/players 200
2026-06-21 18:28:45 - POST /api/v1/teams/c13bdac6-10f7-4e7d-9454-88e74929dcc2/players 200
2026-06-21 18:28:45 - POST /api/v1/teams/c13bdac6-10f7-4e7d-9454-88e74929dcc2/players 200
2026-06-21 18:28:45 - POST /api/v1/teams/15725f22-8152-47ac-b2d6-21a6ddbfa8e9/players 200
2026-06-21 18:28:45 - POST /api/v1/teams/15725f22-8152-47ac-b2d6-21a6ddbfa8e9/players 200
2026-06-21 18:28:46 - POST /api/v1/matches/ 201
2026-06-21 18:28:46 - POST /api/v1/matches/815cbe2f-0a9f-4753-b6d1-8c221897a8af/toss 200
2026-06-21 18:28:46 - POST /api/v1/matches/815cbe2f-0a9f-4753-b6d1-8c221897a8af/squads 200
2026-06-21 18:28:46 - POST /api/v1/matches/815cbe2f-0a9f-4753-b6d1-8c221897a8af/squads 200
2026-06-21 18:28:46 - POST /api/v1/matches/815cbe2f-0a9f-4753-b6d1-8c221897a8af/balls 201
2026-06-21 18:28:46 - GET /api/v1/matches/815cbe2f-0a9f-4753-b6d1-8c221897a8af/live 200
2026-06-21 18:28:46 - POST /api/v1/matches/815cbe2f-0a9f-4753-b6d1-8c221897a8af/balls 201
2026-06-21 18:28:46 - GET /api/v1/matches/815cbe2f-0a9f-4753-b6d1-8c221897a8af/live 200
2026-06-21 18:28:46 - POST /api/v1/matches/815cbe2f-0a9f-4753-b6d1-8c221897a8af/balls 201
2026-06-21 18:28:46 - GET /api/v1/matches/815cbe2f-0a9f-4753-b6d1-8c221897a8af/live 200
2026-06-21 18:28:46 - POST /api/v1/matches/815cbe2f-0a9f-4753-b6d1-8c221897a8af/balls 201
2026-06-21 18:28:46 - GET /api/v1/matches/815cbe2f-0a9f-4753-b6d1-8c221897a8af/live 200
2026-06-21 18:28:46 - POST /api/v1/matches/815cbe2f-0a9f-4753-b6d1-8c221897a8af/undo 200
2026-06-21 18:28:46 - GET /api/v1/matches/815cbe2f-0a9f-4753-b6d1-8c221897a8af/live 200
2026-06-21 18:28:46 - GET /api/v1/auth/me 401
2026-06-21 18:28:46 - GET /api/v1/auth/me 401
2026-06-21 18:28:46 - POST /api/v1/auth/login 200
2026-06-21 18:28:46 - POST /api/v1/players/ 201
2026-06-21 18:28:46 - POST /api/v1/players/ 201
2026-06-21 18:28:46 - POST /api/v1/players/ 201
2026-06-21 18:28:46 - POST /api/v1/players/ 201
2026-06-21 18:28:46 - POST /api/v1/players/ 201
2026-06-21 18:28:46 - POST /api/v1/teams/ 201
2026-06-21 18:28:46 - POST /api/v1/teams/ 201
2026-06-21 18:28:46 - POST /api/v1/teams/74245763-64e7-4855-b178-0efd689cb876/players 200
2026-06-21 18:28:46 - POST /api/v1/teams/74245763-64e7-4855-b178-0efd689cb876/players 200
2026-06-21 18:28:46 - POST /api/v1/teams/74245763-64e7-4855-b178-0efd689cb876/players 200
2026-06-21 18:28:46 - POST /api/v1/teams/99c4431c-1da7-4e39-81e7-89a32b09fc0e/players 200
2026-06-21 18:28:46 - POST /api/v1/teams/99c4431c-1da7-4e39-81e7-89a32b09fc0e/players 200
2026-06-21 18:28:46 - POST /api/v1/matches/ 201
2026-06-21 18:28:46 - POST /api/v1/matches/c14b6ca5-2690-4019-9048-a40199afeb34/toss 200
2026-06-21 18:28:46 - POST /api/v1/matches/c14b6ca5-2690-4019-9048-a40199afeb34/squads 200
2026-06-21 18:28:46 - POST /api/v1/matches/c14b6ca5-2690-4019-9048-a40199afeb34/squads 200
2026-06-21 18:28:46 - POST /api/v1/matches/c14b6ca5-2690-4019-9048-a40199afeb34/balls 201
2026-06-21 18:28:46 - GET /api/v1/matches/c14b6ca5-2690-4019-9048-a40199afeb34/live 200
2026-06-21 18:28:46 - POST /api/v1/matches/c14b6ca5-2690-4019-9048-a40199afeb34/balls 201
2026-06-21 18:28:46 - GET /api/v1/matches/c14b6ca5-2690-4019-9048-a40199afeb34/live 200
2026-06-21 18:28:46 - POST /api/v1/matches/c14b6ca5-2690-4019-9048-a40199afeb34/balls 201
2026-06-21 18:28:46 - GET /api/v1/matches/c14b6ca5-2690-4019-9048-a40199afeb34/live 200
2026-06-21 18:28:46 - POST /api/v1/matches/c14b6ca5-2690-4019-9048-a40199afeb34/balls 201
2026-06-21 18:28:46 - GET /api/v1/matches/c14b6ca5-2690-4019-9048-a40199afeb34/live 200
2026-06-21 18:28:46 - POST /api/v1/matches/c14b6ca5-2690-4019-9048-a40199afeb34/balls 201
2026-06-21 18:28:46 - GET /api/v1/matches/c14b6ca5-2690-4019-9048-a40199afeb34/live 200
2026-06-21 18:28:46 - POST /api/v1/matches/c14b6ca5-2690-4019-9048-a40199afeb34/balls 201
2026-06-21 18:28:46 - GET /api/v1/matches/c14b6ca5-2690-4019-9048-a40199afeb34/live 200
2026-06-21 18:28:47 - POST /api/v1/matches/c14b6ca5-2690-4019-9048-a40199afeb34/balls 201
2026-06-21 18:28:47 - GET /api/v1/matches/c14b6ca5-2690-4019-9048-a40199afeb34/live 200
2026-06-21 18:28:47 - GET /api/v1/matches/c14b6ca5-2690-4019-9048-a40199afeb34/scorecard 200
2026-06-21 18:28:48 - POST /api/v1/auth/signup 201
2026-06-21 18:28:50 - POST /api/v1/auth/signup 201
2026-06-21 18:28:51 - POST /api/v1/auth/signup 201
2026-06-21 18:28:51 - POST /api/v1/auth/login 200
2026-06-21 18:28:51 - POST /api/v1/auth/login 200
2026-06-21 18:28:52 - POST /api/v1/auth/login 200
2026-06-21 18:28:52 - POST /api/v1/teams/ 201
2026-06-21 18:28:52 - GET /api/v1/teams/my-teams 200
2026-06-21 18:28:52 - POST /api/v1/teams/8ddbe9c6-8a21-4bfe-9cd0-e1a9902ac65c/join-request 200
2026-06-21 18:28:52 - GET /api/v1/teams/my-teams 200
2026-06-21 18:28:52 - POST /api/v1/teams/8ddbe9c6-8a21-4bfe-9cd0-e1a9902ac65c/approve-request 403
2026-06-21 18:28:52 - POST /api/v1/teams/8ddbe9c6-8a21-4bfe-9cd0-e1a9902ac65c/approve-request 200
2026-06-21 18:28:52 - POST /api/v1/teams/8ddbe9c6-8a21-4bfe-9cd0-e1a9902ac65c/members 200
2026-06-21 18:28:52 - GET /api/v1/teams/8ddbe9c6-8a21-4bfe-9cd0-e1a9902ac65c/members 200
2026-06-21 18:28:52 - DELETE /api/v1/teams/8ddbe9c6-8a21-4bfe-9cd0-e1a9902ac65c/members/5c162b8f-ddbc-41ed-b4a0-b33f944e73a4 204
2026-06-21 18:28:52 - GET /api/v1/teams/8ddbe9c6-8a21-4bfe-9cd0-e1a9902ac65c/members 200
2026-06-21 18:28:52 - POST /api/v1/auth/login 200
2026-06-21 18:28:52 - POST /api/v1/tournaments/ 201
2026-06-21 18:28:52 - POST /api/v1/players/ 201
2026-06-21 18:28:52 - POST /api/v1/players/ 201
2026-06-21 18:28:52 - POST /api/v1/players/ 201
2026-06-21 18:28:52 - POST /api/v1/players/ 201
2026-06-21 18:28:52 - POST /api/v1/teams/ 201
2026-06-21 18:28:52 - POST /api/v1/teams/d37c4e2f-c3bf-4812-972f-20593fd17388/players 200
2026-06-21 18:28:52 - POST /api/v1/teams/d37c4e2f-c3bf-4812-972f-20593fd17388/players 200
2026-06-21 18:28:52 - POST /api/v1/teams/d37c4e2f-c3bf-4812-972f-20593fd17388/players 200
2026-06-21 18:28:52 - POST /api/v1/teams/d37c4e2f-c3bf-4812-972f-20593fd17388/players 200
2026-06-21 18:28:52 - POST /api/v1/tournaments/2cbd7c59-ff6a-4da3-8a02-9145c41e909c/teams 400
2026-06-21 18:28:52 - POST /api/v1/players/ 201
2026-06-21 18:28:52 - POST /api/v1/teams/d37c4e2f-c3bf-4812-972f-20593fd17388/players 200
2026-06-21 18:28:52 - POST /api/v1/tournaments/2cbd7c59-ff6a-4da3-8a02-9145c41e909c/teams 200
2026-06-21 18:28:52 - DELETE /api/v1/tournaments/2cbd7c59-ff6a-4da3-8a02-9145c41e909c/teams/d37c4e2f-c3bf-4812-972f-20593fd17388 200
2026-06-21 18:28:53 - POST /api/v1/auth/login 200
2026-06-21 18:28:53 - POST /api/v1/teams/ 201
2026-06-21 18:28:53 - POST /api/v1/players/ 201
2026-06-21 18:28:53 - POST /api/v1/teams/d039c0bd-b355-4677-b9c8-53ca8135a63b/players 200
2026-06-21 18:28:53 - POST /api/v1/players/ 201
2026-06-21 18:28:53 - POST /api/v1/teams/d039c0bd-b355-4677-b9c8-53ca8135a63b/players 200
2026-06-21 18:28:53 - POST /api/v1/players/ 201
2026-06-21 18:28:53 - POST /api/v1/teams/d039c0bd-b355-4677-b9c8-53ca8135a63b/players 200
2026-06-21 18:28:53 - POST /api/v1/players/ 201
2026-06-21 18:28:53 - POST /api/v1/teams/d039c0bd-b355-4677-b9c8-53ca8135a63b/players 200
2026-06-21 18:28:53 - POST /api/v1/players/ 201
2026-06-21 18:28:53 - POST /api/v1/teams/d039c0bd-b355-4677-b9c8-53ca8135a63b/players 200
2026-06-21 18:28:53 - POST /api/v1/teams/ 201
2026-06-21 18:28:53 - POST /api/v1/players/ 201
2026-06-21 18:28:53 - POST /api/v1/teams/dc3332fb-a130-434c-8ca0-0b7d88593fc8/players 200
2026-06-21 18:28:53 - POST /api/v1/players/ 201
2026-06-21 18:28:53 - POST /api/v1/teams/dc3332fb-a130-434c-8ca0-0b7d88593fc8/players 200
2026-06-21 18:28:53 - POST /api/v1/players/ 201
2026-06-21 18:28:53 - POST /api/v1/teams/dc3332fb-a130-434c-8ca0-0b7d88593fc8/players 200
2026-06-21 18:28:53 - POST /api/v1/players/ 201
2026-06-21 18:28:53 - POST /api/v1/teams/dc3332fb-a130-434c-8ca0-0b7d88593fc8/players 200
2026-06-21 18:28:53 - POST /api/v1/players/ 201
2026-06-21 18:28:53 - POST /api/v1/teams/dc3332fb-a130-434c-8ca0-0b7d88593fc8/players 200
2026-06-21 18:28:53 - POST /api/v1/tournaments/ 201
2026-06-21 18:28:53 - POST /api/v1/tournaments/ac493159-74b6-48dc-a97f-c37968c0af34/teams 200
2026-06-21 18:28:53 - POST /api/v1/tournaments/ac493159-74b6-48dc-a97f-c37968c0af34/teams 200
2026-06-21 18:28:53 - POST /api/v1/tournaments/ac493159-74b6-48dc-a97f-c37968c0af34/fixtures/generate 201
2026-06-21 18:28:53 - GET /api/v1/tournaments/ac493159-74b6-48dc-a97f-c37968c0af34/dashboard 200
2026-06-21 18:28:53 - POST /api/v1/matches/a84389ea-e8b6-47b1-9ff1-674cf92d68f5/toss 200
2026-06-21 18:28:53 - GET /api/v1/teams/d039c0bd-b355-4677-b9c8-53ca8135a63b 200
2026-06-21 18:28:53 - GET /api/v1/teams/dc3332fb-a130-434c-8ca0-0b7d88593fc8 200
2026-06-21 18:28:53 - POST /api/v1/matches/a84389ea-e8b6-47b1-9ff1-674cf92d68f5/squads 200
2026-06-21 18:28:53 - POST /api/v1/matches/a84389ea-e8b6-47b1-9ff1-674cf92d68f5/squads 200
2026-06-21 18:28:53 - POST /api/v1/matches/a84389ea-e8b6-47b1-9ff1-674cf92d68f5/balls 201
2026-06-21 18:28:53 - POST /api/v1/matches/a84389ea-e8b6-47b1-9ff1-674cf92d68f5/balls 201
2026-06-21 18:28:53 - POST /api/v1/matches/a84389ea-e8b6-47b1-9ff1-674cf92d68f5/balls 201
2026-06-21 18:28:53 - POST /api/v1/matches/a84389ea-e8b6-47b1-9ff1-674cf92d68f5/balls 201
2026-06-21 18:28:53 - POST /api/v1/matches/a84389ea-e8b6-47b1-9ff1-674cf92d68f5/balls 201
2026-06-21 18:28:53 - POST /api/v1/matches/a84389ea-e8b6-47b1-9ff1-674cf92d68f5/balls 201
2026-06-21 18:28:53 - POST /api/v1/matches/a84389ea-e8b6-47b1-9ff1-674cf92d68f5/balls 201
2026-06-21 18:28:53 - POST /api/v1/matches/a84389ea-e8b6-47b1-9ff1-674cf92d68f5/balls 201
2026-06-21 18:28:53 - POST /api/v1/matches/a84389ea-e8b6-47b1-9ff1-674cf92d68f5/balls 201
2026-06-21 18:28:53 - GET /api/v1/tournaments/ac493159-74b6-48dc-a97f-c37968c0af34/points-table 200
2026-06-21 18:28:53 - GET /api/v1/tournaments/ac493159-74b6-48dc-a97f-c37968c0af34/leaderboards 200
2026-06-21 18:28:54 - POST /api/v1/auth/login 200
2026-06-21 18:28:54 - POST /api/v1/teams/ 201
2026-06-21 18:28:54 - POST /api/v1/players/ 201
2026-06-21 18:28:54 - POST /api/v1/teams/4f2eb7e4-a5a5-4381-856e-ffece5a42801/players 200
2026-06-21 18:28:54 - POST /api/v1/players/ 201
2026-06-21 18:28:54 - POST /api/v1/teams/4f2eb7e4-a5a5-4381-856e-ffece5a42801/players 200
2026-06-21 18:28:54 - POST /api/v1/players/ 201
2026-06-21 18:28:54 - POST /api/v1/teams/4f2eb7e4-a5a5-4381-856e-ffece5a42801/players 200
2026-06-21 18:28:54 - POST /api/v1/players/ 201
2026-06-21 18:28:54 - POST /api/v1/teams/4f2eb7e4-a5a5-4381-856e-ffece5a42801/players 200
2026-06-21 18:28:54 - POST /api/v1/players/ 201
2026-06-21 18:28:54 - POST /api/v1/teams/4f2eb7e4-a5a5-4381-856e-ffece5a42801/players 200
2026-06-21 18:28:54 - POST /api/v1/teams/ 201
2026-06-21 18:28:54 - POST /api/v1/players/ 201
2026-06-21 18:28:54 - POST /api/v1/teams/8d4ac9de-d784-483e-be02-c27b780b7ac1/players 200
2026-06-21 18:28:54 - POST /api/v1/players/ 201
2026-06-21 18:28:54 - POST /api/v1/teams/8d4ac9de-d784-483e-be02-c27b780b7ac1/players 200
2026-06-21 18:28:54 - POST /api/v1/players/ 201
2026-06-21 18:28:54 - POST /api/v1/teams/8d4ac9de-d784-483e-be02-c27b780b7ac1/players 200
2026-06-21 18:28:54 - POST /api/v1/players/ 201
2026-06-21 18:28:54 - POST /api/v1/teams/8d4ac9de-d784-483e-be02-c27b780b7ac1/players 200
2026-06-21 18:28:54 - POST /api/v1/players/ 201
2026-06-21 18:28:54 - POST /api/v1/teams/8d4ac9de-d784-483e-be02-c27b780b7ac1/players 200
2026-06-21 18:28:54 - POST /api/v1/teams/ 201
2026-06-21 18:28:54 - POST /api/v1/players/ 201
2026-06-21 18:28:54 - POST /api/v1/teams/ce62be00-e74a-484d-85c7-2280c08683d1/players 200
2026-06-21 18:28:54 - POST /api/v1/players/ 201
2026-06-21 18:28:54 - POST /api/v1/teams/ce62be00-e74a-484d-85c7-2280c08683d1/players 200
2026-06-21 18:28:54 - POST /api/v1/players/ 201
2026-06-21 18:28:54 - POST /api/v1/teams/ce62be00-e74a-484d-85c7-2280c08683d1/players 200
2026-06-21 18:28:54 - POST /api/v1/players/ 201
2026-06-21 18:28:54 - POST /api/v1/teams/ce62be00-e74a-484d-85c7-2280c08683d1/players 200
2026-06-21 18:28:54 - POST /api/v1/players/ 201
2026-06-21 18:28:54 - POST /api/v1/teams/ce62be00-e74a-484d-85c7-2280c08683d1/players 200
2026-06-21 18:28:54 - POST /api/v1/teams/ 201
2026-06-21 18:28:54 - POST /api/v1/players/ 201
2026-06-21 18:28:54 - POST /api/v1/teams/985ae3bb-65f9-40d0-afb0-9cab004e07a2/players 200
2026-06-21 18:28:54 - POST /api/v1/players/ 201
2026-06-21 18:28:54 - POST /api/v1/teams/985ae3bb-65f9-40d0-afb0-9cab004e07a2/players 200
2026-06-21 18:28:54 - POST /api/v1/players/ 201
2026-06-21 18:28:54 - POST /api/v1/teams/985ae3bb-65f9-40d0-afb0-9cab004e07a2/players 200
2026-06-21 18:28:54 - POST /api/v1/players/ 201
2026-06-21 18:28:54 - POST /api/v1/teams/985ae3bb-65f9-40d0-afb0-9cab004e07a2/players 200
2026-06-21 18:28:54 - POST /api/v1/players/ 201
2026-06-21 18:28:54 - POST /api/v1/teams/985ae3bb-65f9-40d0-afb0-9cab004e07a2/players 200
2026-06-21 18:28:54 - POST /api/v1/tournaments/ 201
2026-06-21 18:28:54 - POST /api/v1/tournaments/3a710638-9aff-4d3e-8623-ecf743d5513b/teams 200
2026-06-21 18:28:54 - POST /api/v1/tournaments/3a710638-9aff-4d3e-8623-ecf743d5513b/teams 200
2026-06-21 18:28:54 - POST /api/v1/tournaments/3a710638-9aff-4d3e-8623-ecf743d5513b/teams 200
2026-06-21 18:28:54 - POST /api/v1/tournaments/3a710638-9aff-4d3e-8623-ecf743d5513b/teams 200
2026-06-21 18:28:54 - POST /api/v1/tournaments/3a710638-9aff-4d3e-8623-ecf743d5513b/fixtures/generate 201
2026-06-21 18:28:54 - GET /api/v1/tournaments/3a710638-9aff-4d3e-8623-ecf743d5513b/dashboard 200
2026-06-21 18:28:54 - GET /api/v1/tournaments/3a710638-9aff-4d3e-8623-ecf743d5513b/dashboard 200
2026-06-21 18:28:54 - POST /api/v1/matches/3c5e430e-b740-4f2b-8878-e6bf9929b398/toss 200
2026-06-21 18:28:54 - GET /api/v1/teams/4f2eb7e4-a5a5-4381-856e-ffece5a42801 200
2026-06-21 18:28:54 - GET /api/v1/teams/8d4ac9de-d784-483e-be02-c27b780b7ac1 200
2026-06-21 18:28:54 - POST /api/v1/matches/3c5e430e-b740-4f2b-8878-e6bf9929b398/squads 200
2026-06-21 18:28:54 - POST /api/v1/matches/3c5e430e-b740-4f2b-8878-e6bf9929b398/squads 200
2026-06-21 18:28:54 - POST /api/v1/matches/3c5e430e-b740-4f2b-8878-e6bf9929b398/balls 201
2026-06-21 18:28:54 - POST /api/v1/matches/3c5e430e-b740-4f2b-8878-e6bf9929b398/balls 201
2026-06-21 18:28:54 - POST /api/v1/matches/3c5e430e-b740-4f2b-8878-e6bf9929b398/balls 201
2026-06-21 18:28:54 - POST /api/v1/matches/3c5e430e-b740-4f2b-8878-e6bf9929b398/balls 201
2026-06-21 18:28:54 - POST /api/v1/matches/3c5e430e-b740-4f2b-8878-e6bf9929b398/balls 201
2026-06-21 18:28:54 - POST /api/v1/matches/3c5e430e-b740-4f2b-8878-e6bf9929b398/balls 201
2026-06-21 18:28:54 - POST /api/v1/matches/3c5e430e-b740-4f2b-8878-e6bf9929b398/balls 201
2026-06-21 18:28:54 - POST /api/v1/matches/3c5e430e-b740-4f2b-8878-e6bf9929b398/balls 201
2026-06-21 18:28:54 - POST /api/v1/matches/3c5e430e-b740-4f2b-8878-e6bf9929b398/balls 201
2026-06-21 18:28:54 - POST /api/v1/matches/3c5e430e-b740-4f2b-8878-e6bf9929b398/balls 201
2026-06-21 18:28:54 - POST /api/v1/matches/3c5e430e-b740-4f2b-8878-e6bf9929b398/balls 201
2026-06-21 18:28:54 - POST /api/v1/matches/3c5e430e-b740-4f2b-8878-e6bf9929b398/balls 201
2026-06-21 18:28:54 - POST /api/v1/matches/6847435e-033f-48dc-a145-8c9d6873c262/toss 200
2026-06-21 18:28:54 - GET /api/v1/teams/4f2eb7e4-a5a5-4381-856e-ffece5a42801 200
2026-06-21 18:28:54 - GET /api/v1/teams/985ae3bb-65f9-40d0-afb0-9cab004e07a2 200
2026-06-21 18:28:54 - POST /api/v1/matches/6847435e-033f-48dc-a145-8c9d6873c262/squads 200
2026-06-21 18:28:54 - POST /api/v1/matches/6847435e-033f-48dc-a145-8c9d6873c262/squads 200
2026-06-21 18:28:54 - POST /api/v1/matches/6847435e-033f-48dc-a145-8c9d6873c262/balls 201
2026-06-21 18:28:54 - POST /api/v1/matches/6847435e-033f-48dc-a145-8c9d6873c262/balls 201
2026-06-21 18:28:54 - POST /api/v1/matches/6847435e-033f-48dc-a145-8c9d6873c262/balls 201
2026-06-21 18:28:54 - POST /api/v1/matches/6847435e-033f-48dc-a145-8c9d6873c262/balls 201
2026-06-21 18:28:54 - POST /api/v1/matches/6847435e-033f-48dc-a145-8c9d6873c262/balls 201
2026-06-21 18:28:54 - POST /api/v1/matches/6847435e-033f-48dc-a145-8c9d6873c262/balls 201
2026-06-21 18:28:54 - POST /api/v1/matches/6847435e-033f-48dc-a145-8c9d6873c262/balls 201
2026-06-21 18:28:54 - POST /api/v1/matches/6847435e-033f-48dc-a145-8c9d6873c262/balls 201
2026-06-21 18:28:54 - POST /api/v1/matches/6847435e-033f-48dc-a145-8c9d6873c262/balls 201
2026-06-21 18:28:54 - POST /api/v1/matches/6847435e-033f-48dc-a145-8c9d6873c262/balls 201
2026-06-21 18:28:54 - POST /api/v1/matches/6847435e-033f-48dc-a145-8c9d6873c262/balls 201
2026-06-21 18:28:55 - POST /api/v1/matches/6847435e-033f-48dc-a145-8c9d6873c262/balls 201
2026-06-21 18:28:55 - POST /api/v1/matches/cf0d2fec-570a-4479-b677-46c533978a56/toss 200
2026-06-21 18:28:55 - GET /api/v1/teams/4f2eb7e4-a5a5-4381-856e-ffece5a42801 200
2026-06-21 18:28:55 - GET /api/v1/teams/ce62be00-e74a-484d-85c7-2280c08683d1 200
2026-06-21 18:28:55 - POST /api/v1/matches/cf0d2fec-570a-4479-b677-46c533978a56/squads 200
2026-06-21 18:28:55 - POST /api/v1/matches/cf0d2fec-570a-4479-b677-46c533978a56/squads 200
2026-06-21 18:28:55 - POST /api/v1/matches/cf0d2fec-570a-4479-b677-46c533978a56/balls 201
2026-06-21 18:28:55 - POST /api/v1/matches/cf0d2fec-570a-4479-b677-46c533978a56/balls 201
2026-06-21 18:28:55 - POST /api/v1/matches/cf0d2fec-570a-4479-b677-46c533978a56/balls 201
2026-06-21 18:28:55 - POST /api/v1/matches/cf0d2fec-570a-4479-b677-46c533978a56/balls 201
2026-06-21 18:28:55 - POST /api/v1/matches/cf0d2fec-570a-4479-b677-46c533978a56/balls 201
2026-06-21 18:28:55 - POST /api/v1/matches/cf0d2fec-570a-4479-b677-46c533978a56/balls 201
2026-06-21 18:28:55 - POST /api/v1/matches/cf0d2fec-570a-4479-b677-46c533978a56/balls 201
2026-06-21 18:28:55 - POST /api/v1/matches/cf0d2fec-570a-4479-b677-46c533978a56/balls 201
2026-06-21 18:28:55 - POST /api/v1/matches/cf0d2fec-570a-4479-b677-46c533978a56/balls 201
2026-06-21 18:28:55 - POST /api/v1/matches/cf0d2fec-570a-4479-b677-46c533978a56/balls 201
2026-06-21 18:28:55 - POST /api/v1/matches/cf0d2fec-570a-4479-b677-46c533978a56/balls 201
2026-06-21 18:28:55 - POST /api/v1/matches/cf0d2fec-570a-4479-b677-46c533978a56/balls 201
2026-06-21 18:28:55 - POST /api/v1/matches/cfabf73e-12d3-484c-9645-95d03be1f1b4/toss 200
2026-06-21 18:28:55 - GET /api/v1/teams/8d4ac9de-d784-483e-be02-c27b780b7ac1 200
2026-06-21 18:28:55 - GET /api/v1/teams/985ae3bb-65f9-40d0-afb0-9cab004e07a2 200
2026-06-21 18:28:55 - POST /api/v1/matches/cfabf73e-12d3-484c-9645-95d03be1f1b4/squads 200
2026-06-21 18:28:55 - POST /api/v1/matches/cfabf73e-12d3-484c-9645-95d03be1f1b4/squads 200
2026-06-21 18:28:55 - POST /api/v1/matches/cfabf73e-12d3-484c-9645-95d03be1f1b4/balls 201
2026-06-21 18:28:55 - POST /api/v1/matches/cfabf73e-12d3-484c-9645-95d03be1f1b4/balls 201
2026-06-21 18:28:55 - POST /api/v1/matches/cfabf73e-12d3-484c-9645-95d03be1f1b4/balls 201
2026-06-21 18:28:55 - POST /api/v1/matches/cfabf73e-12d3-484c-9645-95d03be1f1b4/balls 201
2026-06-21 18:28:55 - POST /api/v1/matches/cfabf73e-12d3-484c-9645-95d03be1f1b4/balls 201
2026-06-21 18:28:55 - POST /api/v1/matches/cfabf73e-12d3-484c-9645-95d03be1f1b4/balls 201
2026-06-21 18:28:55 - POST /api/v1/matches/cfabf73e-12d3-484c-9645-95d03be1f1b4/balls 201
2026-06-21 18:28:55 - POST /api/v1/matches/cfabf73e-12d3-484c-9645-95d03be1f1b4/balls 201
2026-06-21 18:28:55 - POST /api/v1/matches/cfabf73e-12d3-484c-9645-95d03be1f1b4/balls 201
2026-06-21 18:28:55 - POST /api/v1/matches/cfabf73e-12d3-484c-9645-95d03be1f1b4/balls 201
2026-06-21 18:28:55 - POST /api/v1/matches/cfabf73e-12d3-484c-9645-95d03be1f1b4/balls 201
2026-06-21 18:28:55 - POST /api/v1/matches/cfabf73e-12d3-484c-9645-95d03be1f1b4/balls 201
2026-06-21 18:28:55 - POST /api/v1/matches/d716f177-03ee-4fac-b005-3899b198c3b3/toss 200
2026-06-21 18:28:55 - GET /api/v1/teams/8d4ac9de-d784-483e-be02-c27b780b7ac1 200
2026-06-21 18:28:55 - GET /api/v1/teams/ce62be00-e74a-484d-85c7-2280c08683d1 200
2026-06-21 18:28:55 - POST /api/v1/matches/d716f177-03ee-4fac-b005-3899b198c3b3/squads 200
2026-06-21 18:28:55 - POST /api/v1/matches/d716f177-03ee-4fac-b005-3899b198c3b3/squads 200
2026-06-21 18:28:55 - POST /api/v1/matches/d716f177-03ee-4fac-b005-3899b198c3b3/balls 201
2026-06-21 18:28:55 - POST /api/v1/matches/d716f177-03ee-4fac-b005-3899b198c3b3/balls 201
2026-06-21 18:28:55 - POST /api/v1/matches/d716f177-03ee-4fac-b005-3899b198c3b3/balls 201
2026-06-21 18:28:55 - POST /api/v1/matches/d716f177-03ee-4fac-b005-3899b198c3b3/balls 201
2026-06-21 18:28:55 - POST /api/v1/matches/d716f177-03ee-4fac-b005-3899b198c3b3/balls 201
2026-06-21 18:28:55 - POST /api/v1/matches/d716f177-03ee-4fac-b005-3899b198c3b3/balls 201
2026-06-21 18:28:55 - POST /api/v1/matches/d716f177-03ee-4fac-b005-3899b198c3b3/balls 201
2026-06-21 18:28:55 - POST /api/v1/matches/d716f177-03ee-4fac-b005-3899b198c3b3/balls 201
2026-06-21 18:28:55 - POST /api/v1/matches/d716f177-03ee-4fac-b005-3899b198c3b3/balls 201
2026-06-21 18:28:55 - POST /api/v1/matches/d716f177-03ee-4fac-b005-3899b198c3b3/balls 201
2026-06-21 18:28:55 - POST /api/v1/matches/d716f177-03ee-4fac-b005-3899b198c3b3/balls 201
2026-06-21 18:28:55 - POST /api/v1/matches/d716f177-03ee-4fac-b005-3899b198c3b3/balls 201
2026-06-21 18:28:55 - POST /api/v1/matches/7e70fb1a-8fe5-40a5-b679-3afcb00adbd9/toss 200
2026-06-21 18:28:55 - GET /api/v1/teams/ce62be00-e74a-484d-85c7-2280c08683d1 200
2026-06-21 18:28:55 - GET /api/v1/teams/985ae3bb-65f9-40d0-afb0-9cab004e07a2 200
2026-06-21 18:28:55 - POST /api/v1/matches/7e70fb1a-8fe5-40a5-b679-3afcb00adbd9/squads 200
2026-06-21 18:28:55 - POST /api/v1/matches/7e70fb1a-8fe5-40a5-b679-3afcb00adbd9/squads 200
2026-06-21 18:28:55 - POST /api/v1/matches/7e70fb1a-8fe5-40a5-b679-3afcb00adbd9/balls 201
2026-06-21 18:28:55 - POST /api/v1/matches/7e70fb1a-8fe5-40a5-b679-3afcb00adbd9/balls 201
2026-06-21 18:28:55 - POST /api/v1/matches/7e70fb1a-8fe5-40a5-b679-3afcb00adbd9/balls 201
2026-06-21 18:28:55 - POST /api/v1/matches/7e70fb1a-8fe5-40a5-b679-3afcb00adbd9/balls 201
2026-06-21 18:28:55 - POST /api/v1/matches/7e70fb1a-8fe5-40a5-b679-3afcb00adbd9/balls 201
2026-06-21 18:28:55 - POST /api/v1/matches/7e70fb1a-8fe5-40a5-b679-3afcb00adbd9/balls 201
2026-06-21 18:28:55 - POST /api/v1/matches/7e70fb1a-8fe5-40a5-b679-3afcb00adbd9/balls 201
2026-06-21 18:28:55 - POST /api/v1/matches/7e70fb1a-8fe5-40a5-b679-3afcb00adbd9/balls 201
2026-06-21 18:28:55 - POST /api/v1/matches/7e70fb1a-8fe5-40a5-b679-3afcb00adbd9/balls 201
2026-06-21 18:28:55 - POST /api/v1/matches/7e70fb1a-8fe5-40a5-b679-3afcb00adbd9/balls 201
2026-06-21 18:28:55 - POST /api/v1/matches/7e70fb1a-8fe5-40a5-b679-3afcb00adbd9/balls 201
2026-06-21 18:28:55 - POST /api/v1/matches/7e70fb1a-8fe5-40a5-b679-3afcb00adbd9/balls 201
2026-06-21 18:28:55 - GET /api/v1/tournaments/3a710638-9aff-4d3e-8623-ecf743d5513b/dashboard 200
2026-06-21 18:28:55 - POST /api/v1/matches/abfa3cc4-b7c6-4110-8548-f0a9c3cb0b54/toss 200
2026-06-21 18:28:55 - GET /api/v1/teams/4f2eb7e4-a5a5-4381-856e-ffece5a42801 200
2026-06-21 18:28:55 - GET /api/v1/teams/985ae3bb-65f9-40d0-afb0-9cab004e07a2 200
2026-06-21 18:28:55 - POST /api/v1/matches/abfa3cc4-b7c6-4110-8548-f0a9c3cb0b54/squads 200
2026-06-21 18:28:55 - POST /api/v1/matches/abfa3cc4-b7c6-4110-8548-f0a9c3cb0b54/squads 200
2026-06-21 18:28:55 - POST /api/v1/matches/abfa3cc4-b7c6-4110-8548-f0a9c3cb0b54/balls 201
2026-06-21 18:28:55 - POST /api/v1/matches/abfa3cc4-b7c6-4110-8548-f0a9c3cb0b54/balls 201
2026-06-21 18:28:55 - POST /api/v1/matches/abfa3cc4-b7c6-4110-8548-f0a9c3cb0b54/balls 201
2026-06-21 18:28:55 - POST /api/v1/matches/abfa3cc4-b7c6-4110-8548-f0a9c3cb0b54/balls 201
2026-06-21 18:28:55 - POST /api/v1/matches/abfa3cc4-b7c6-4110-8548-f0a9c3cb0b54/balls 201
2026-06-21 18:28:55 - POST /api/v1/matches/abfa3cc4-b7c6-4110-8548-f0a9c3cb0b54/balls 201
2026-06-21 18:28:55 - POST /api/v1/matches/abfa3cc4-b7c6-4110-8548-f0a9c3cb0b54/balls 201
2026-06-21 18:28:55 - POST /api/v1/matches/abfa3cc4-b7c6-4110-8548-f0a9c3cb0b54/balls 201
2026-06-21 18:28:55 - POST /api/v1/matches/abfa3cc4-b7c6-4110-8548-f0a9c3cb0b54/balls 201
2026-06-21 18:28:56 - POST /api/v1/matches/abfa3cc4-b7c6-4110-8548-f0a9c3cb0b54/balls 201
2026-06-21 18:28:56 - POST /api/v1/matches/abfa3cc4-b7c6-4110-8548-f0a9c3cb0b54/balls 201
2026-06-21 18:28:56 - POST /api/v1/matches/abfa3cc4-b7c6-4110-8548-f0a9c3cb0b54/balls 201
2026-06-21 18:28:56 - POST /api/v1/matches/e1b9ee30-4bb2-4634-ba4e-fda2a359ac4e/toss 200
2026-06-21 18:28:56 - GET /api/v1/teams/8d4ac9de-d784-483e-be02-c27b780b7ac1 200
2026-06-21 18:28:56 - GET /api/v1/teams/ce62be00-e74a-484d-85c7-2280c08683d1 200
2026-06-21 18:28:56 - POST /api/v1/matches/e1b9ee30-4bb2-4634-ba4e-fda2a359ac4e/squads 200
2026-06-21 18:28:56 - POST /api/v1/matches/e1b9ee30-4bb2-4634-ba4e-fda2a359ac4e/squads 200
2026-06-21 18:28:56 - POST /api/v1/matches/e1b9ee30-4bb2-4634-ba4e-fda2a359ac4e/balls 201
2026-06-21 18:28:56 - POST /api/v1/matches/e1b9ee30-4bb2-4634-ba4e-fda2a359ac4e/balls 201
2026-06-21 18:28:56 - POST /api/v1/matches/e1b9ee30-4bb2-4634-ba4e-fda2a359ac4e/balls 201
2026-06-21 18:28:56 - POST /api/v1/matches/e1b9ee30-4bb2-4634-ba4e-fda2a359ac4e/balls 201
2026-06-21 18:28:56 - POST /api/v1/matches/e1b9ee30-4bb2-4634-ba4e-fda2a359ac4e/balls 201
2026-06-21 18:28:56 - POST /api/v1/matches/e1b9ee30-4bb2-4634-ba4e-fda2a359ac4e/balls 201
2026-06-21 18:28:56 - POST /api/v1/matches/e1b9ee30-4bb2-4634-ba4e-fda2a359ac4e/balls 201
2026-06-21 18:28:56 - POST /api/v1/matches/e1b9ee30-4bb2-4634-ba4e-fda2a359ac4e/balls 201
2026-06-21 18:28:56 - POST /api/v1/matches/e1b9ee30-4bb2-4634-ba4e-fda2a359ac4e/balls 201
2026-06-21 18:28:56 - POST /api/v1/matches/e1b9ee30-4bb2-4634-ba4e-fda2a359ac4e/balls 201
2026-06-21 18:28:56 - POST /api/v1/matches/e1b9ee30-4bb2-4634-ba4e-fda2a359ac4e/balls 201
2026-06-21 18:28:56 - POST /api/v1/matches/e1b9ee30-4bb2-4634-ba4e-fda2a359ac4e/balls 201
2026-06-21 18:28:56 - GET /api/v1/tournaments/3a710638-9aff-4d3e-8623-ecf743d5513b/dashboard 200
2026-06-21 18:28:56 - POST /api/v1/matches/fd44c9b2-46ff-4a61-a93a-b8063ba38214/toss 200
2026-06-21 18:28:56 - GET /api/v1/teams/4f2eb7e4-a5a5-4381-856e-ffece5a42801 200
2026-06-21 18:28:56 - GET /api/v1/teams/8d4ac9de-d784-483e-be02-c27b780b7ac1 200
2026-06-21 18:28:56 - POST /api/v1/matches/fd44c9b2-46ff-4a61-a93a-b8063ba38214/squads 200
2026-06-21 18:28:56 - POST /api/v1/matches/fd44c9b2-46ff-4a61-a93a-b8063ba38214/squads 200
2026-06-21 18:28:56 - POST /api/v1/matches/fd44c9b2-46ff-4a61-a93a-b8063ba38214/balls 201
2026-06-21 18:28:56 - POST /api/v1/matches/fd44c9b2-46ff-4a61-a93a-b8063ba38214/balls 201
2026-06-21 18:28:56 - POST /api/v1/matches/fd44c9b2-46ff-4a61-a93a-b8063ba38214/balls 201
2026-06-21 18:28:56 - POST /api/v1/matches/fd44c9b2-46ff-4a61-a93a-b8063ba38214/balls 201
2026-06-21 18:28:56 - POST /api/v1/matches/fd44c9b2-46ff-4a61-a93a-b8063ba38214/balls 201
2026-06-21 18:28:56 - POST /api/v1/matches/fd44c9b2-46ff-4a61-a93a-b8063ba38214/balls 201
2026-06-21 18:28:56 - POST /api/v1/matches/fd44c9b2-46ff-4a61-a93a-b8063ba38214/balls 201
2026-06-21 18:28:56 - POST /api/v1/matches/fd44c9b2-46ff-4a61-a93a-b8063ba38214/balls 201
2026-06-21 18:28:56 - POST /api/v1/matches/fd44c9b2-46ff-4a61-a93a-b8063ba38214/balls 201
2026-06-21 18:28:56 - POST /api/v1/matches/fd44c9b2-46ff-4a61-a93a-b8063ba38214/balls 201
2026-06-21 18:28:56 - POST /api/v1/matches/fd44c9b2-46ff-4a61-a93a-b8063ba38214/balls 201
2026-06-21 18:28:56 - POST /api/v1/matches/fd44c9b2-46ff-4a61-a93a-b8063ba38214/balls 201
2026-06-21 18:28:56 - GET /api/v1/tournaments/3a710638-9aff-4d3e-8623-ecf743d5513b/dashboard 200
2026-06-21 18:37:20 - POST /api/v1/auth/signup 422
2026-06-21 18:37:20 - POST /api/v1/auth/signup 422
2026-06-21 18:37:20 - POST /api/v1/auth/signup 422
2026-06-21 18:37:20 - POST /api/v1/auth/signup 422
2026-06-21 18:37:25 - POST /api/v1/auth/signup 201
2026-06-21 18:37:26 - POST /api/v1/auth/login 400
2026-06-21 18:37:26 - POST /api/v1/auth/verify-otp 200
2026-06-21 18:37:30 - POST /api/v1/auth/signup 201
2026-06-21 18:37:30 - POST /api/v1/auth/resend-otp 429
2026-06-21 18:37:34 - POST /api/v1/auth/resend-otp 200
2026-06-21 18:37:36 - POST /api/v1/auth/login 400
2026-06-21 18:37:36 - POST /api/v1/auth/login 400
2026-06-21 18:37:37 - POST /api/v1/auth/login 400
2026-06-21 18:37:37 - POST /api/v1/auth/login 400
2026-06-21 18:37:38 - POST /api/v1/auth/login 400
2026-06-21 18:37:38 - POST /api/v1/auth/login 403
2026-06-21 18:37:39 - POST /api/v1/auth/login 200
2026-06-21 18:37:39 - POST /api/v1/auth/forgot-password 404
2026-06-21 18:37:41 - POST /api/v1/auth/forgot-password 200
2026-06-21 18:37:41 - POST /api/v1/auth/verify-reset-otp 400
2026-06-21 18:37:41 - POST /api/v1/auth/verify-reset-otp 200
2026-06-21 18:37:41 - POST /api/v1/auth/reset-password 422
2026-06-21 18:37:42 - POST /api/v1/auth/reset-password 200
2026-06-21 18:37:43 - POST /api/v1/auth/login 200
2026-06-21 18:37:46 - POST /api/v1/auth/login 200
2026-06-21 18:37:46 - POST /api/v1/auth/complete-profile 200
2026-06-21 18:37:48 - POST /api/v1/auth/login 200
2026-06-21 18:37:48 - POST /api/v1/auth/refresh 200
2026-06-21 18:37:48 - POST /api/v1/auth/logout 200
2026-06-21 18:37:48 - POST /api/v1/auth/refresh 401
2026-06-21 18:37:51 - POST /api/v1/auth/signup 201
2026-06-21 18:37:51 - POST /api/v1/auth/signup 400
2026-06-21 18:37:52 - POST /api/v1/auth/login 400
2026-06-21 18:37:52 - POST /api/v1/auth/forgot-password 400
2026-06-21 18:37:52 - POST /api/v1/auth/verify-reset-otp 400
2026-06-21 18:37:52 - POST /api/v1/auth/reset-password 400
2026-06-21 18:37:53 - POST /api/v1/auth/signup 400
2026-06-21 18:37:56 - POST /api/v1/auth/signup 201
2026-06-21 18:37:59 - POST /api/v1/auth/signup 201
2026-06-21 18:38:00 - POST /api/v1/auth/login 200
2026-06-21 18:38:01 - POST /api/v1/auth/login 200
2026-06-21 18:38:01 - POST /api/v1/teams/ 201
2026-06-21 18:38:01 - GET /api/v1/teams/ 200
2026-06-21 18:38:01 - PUT /api/v1/teams/d4d864df-956e-46f8-bf4c-9a4175f76c41 403
2026-06-21 18:38:01 - DELETE /api/v1/teams/d4d864df-956e-46f8-bf4c-9a4175f76c41 403
2026-06-21 18:38:01 - POST /api/v1/players/ 201
2026-06-21 18:38:01 - GET /api/v1/players/ 200
2026-06-21 18:38:01 - PUT /api/v1/players/3d03e251-869f-4b8a-8db1-5574e0d900ca 403
2026-06-21 18:38:01 - DELETE /api/v1/players/3d03e251-869f-4b8a-8db1-5574e0d900ca 403
2026-06-21 18:38:07 - POST /api/v1/auth/signup 201
2026-06-21 18:38:08 - POST /api/v1/auth/login 200
2026-06-21 18:38:08 - POST /api/v1/teams/ 201
2026-06-21 18:38:08 - POST /api/v1/teams/ 201
2026-06-21 18:38:08 - POST /api/v1/players/ 201
2026-06-21 18:38:08 - POST /api/v1/players/ 201
2026-06-21 18:38:08 - POST /api/v1/players/ 201
2026-06-21 18:38:08 - POST /api/v1/teams/2161a61f-a5ca-4545-ae35-344fa86c4789/players/bulk 200
2026-06-21 18:38:08 - POST /api/v1/teams/52437ad7-e5ea-4ae7-a576-b28636ab352e/players/bulk 400
2026-06-21 18:38:14 - POST /api/v1/auth/signup 201
2026-06-21 18:38:22 - POST /api/v1/auth/signup 201
2026-06-21 18:38:23 - POST /api/v1/auth/login 200
2026-06-21 18:38:25 - POST /api/v1/auth/login 200
2026-06-21 18:38:25 - POST /api/v1/teams/ 201
2026-06-21 18:38:25 - POST /api/v1/teams/ 201
2026-06-21 18:38:25 - POST /api/v1/matches/ 201
2026-06-21 18:38:25 - POST /api/v1/matches/a738a12b-f7e8-4f91-afdf-76f83b864868/toss 403
2026-06-21 18:38:25 - POST /api/v1/matches/a738a12b-f7e8-4f91-afdf-76f83b864868/toss 200
2026-06-21 18:38:28 - GET /api/v1/debug-env 200
2026-06-21 18:38:28 - GET /api/v1/debug-env 404
2026-06-21 18:38:29 - POST /api/v1/auth/login 200
2026-06-21 18:38:29 - POST /api/v1/players/ 201
2026-06-21 18:38:29 - POST /api/v1/players/ 201
2026-06-21 18:38:29 - POST /api/v1/players/ 201
2026-06-21 18:38:29 - POST /api/v1/players/ 201
2026-06-21 18:38:29 - POST /api/v1/teams/ 201
2026-06-21 18:38:29 - POST /api/v1/teams/ 201
2026-06-21 18:38:29 - POST /api/v1/teams/94a2f7d9-e64d-42b8-aa6c-5a8a28d16a7e/players 200
2026-06-21 18:38:29 - POST /api/v1/teams/94a2f7d9-e64d-42b8-aa6c-5a8a28d16a7e/players 200
2026-06-21 18:38:29 - POST /api/v1/teams/5921b85a-d47a-4591-99ff-97fd6453927c/players 200
2026-06-21 18:38:29 - POST /api/v1/teams/5921b85a-d47a-4591-99ff-97fd6453927c/players 200
2026-06-21 18:38:29 - POST /api/v1/matches/ 201
2026-06-21 18:38:29 - POST /api/v1/matches/1e9ef3a2-b7ad-455c-b832-9c33163d6245/toss 200
2026-06-21 18:38:29 - POST /api/v1/matches/1e9ef3a2-b7ad-455c-b832-9c33163d6245/squads 400
2026-06-21 18:38:30 - POST /api/v1/matches/1e9ef3a2-b7ad-455c-b832-9c33163d6245/squads 200
2026-06-21 18:38:30 - POST /api/v1/matches/1e9ef3a2-b7ad-455c-b832-9c33163d6245/squads 400
2026-06-21 18:38:30 - POST /api/v1/matches/1e9ef3a2-b7ad-455c-b832-9c33163d6245/squads 200
2026-06-21 18:38:30 - POST /api/v1/auth/google 200
2026-06-21 18:38:30 - POST /api/v1/auth/google 400
2026-06-21 18:38:30 - POST /api/v1/auth/google 400
2026-06-21 18:38:30 - POST /api/v1/auth/google 400
2026-06-21 18:38:30 - POST /api/v1/auth/google 400
2026-06-21 18:38:32 - POST /api/v1/auth/login 200
2026-06-21 18:38:32 - POST /api/v1/players/ 201
2026-06-21 18:38:32 - POST /api/v1/players/ 201
2026-06-21 18:38:32 - POST /api/v1/teams/ 201
2026-06-21 18:38:33 - POST /api/v1/teams/ 201
2026-06-21 18:38:33 - POST /api/v1/matches/ 201
2026-06-21 18:38:33 - GET /api/v1/matches/ 200
2026-06-21 18:38:35 - POST /api/v1/auth/login 200
2026-06-21 18:38:36 - POST /api/v1/auth/login 200
2026-06-21 18:38:37 - POST /api/v1/auth/login 200
2026-06-21 18:38:38 - POST /api/v1/matches/ 201
2026-06-21 18:38:38 - POST /api/v1/matches/e0609b33-65c3-4815-b196-1e72945bb3fa/toss 200
2026-06-21 18:38:38 - POST /api/v1/matches/e0609b33-65c3-4815-b196-1e72945bb3fa/toss 403
2026-06-21 18:38:38 - POST /api/v1/matches/ 201
2026-06-21 18:38:38 - POST /api/v1/matches/02db6635-7f0e-4640-bca0-44c97c7b3d93/toss 200
2026-06-21 18:38:38 - POST /api/v1/matches/ 201
2026-06-21 18:38:38 - POST /api/v1/matches/ec3725fa-5789-49b3-bc73-66c46da189d9/toss 200
2026-06-21 18:38:38 - POST /api/v1/matches/ec3725fa-5789-49b3-bc73-66c46da189d9/toss 403
2026-06-21 18:38:39 - POST /api/v1/auth/login 200
2026-06-21 18:38:39 - POST /api/v1/players/ 201
2026-06-21 18:38:39 - POST /api/v1/players/ 201
2026-06-21 18:38:39 - POST /api/v1/players/ 422
2026-06-21 18:38:39 - POST /api/v1/players/ 422
2026-06-21 18:38:39 - GET /api/v1/players/98dd9fbb-5051-478f-ae03-98e6fad0caf5 200
2026-06-21 18:38:39 - PUT /api/v1/players/98dd9fbb-5051-478f-ae03-98e6fad0caf5 200
2026-06-21 18:38:39 - DELETE /api/v1/players/98dd9fbb-5051-478f-ae03-98e6fad0caf5 204
2026-06-21 18:38:39 - GET /api/v1/players/98dd9fbb-5051-478f-ae03-98e6fad0caf5 404
2026-06-21 18:38:41 - POST /api/v1/auth/login 200
2026-06-21 18:38:41 - POST /api/v1/players/ 201
2026-06-21 18:38:41 - POST /api/v1/players/ 201
2026-06-21 18:38:41 - POST /api/v1/teams/ 201
2026-06-21 18:38:41 - POST /api/v1/teams/1b6efc8e-99ae-4c8d-acd8-1fdc8acdb700/players 200
2026-06-21 18:38:41 - PUT /api/v1/teams/1b6efc8e-99ae-4c8d-acd8-1fdc8acdb700 200
2026-06-21 18:38:41 - PUT /api/v1/teams/1b6efc8e-99ae-4c8d-acd8-1fdc8acdb700 400
2026-06-21 18:38:41 - POST /api/v1/teams/ 201
2026-06-21 18:38:41 - POST /api/v1/teams/111aabdf-80e6-41cb-a01b-1e5a74bf5a51/players 400
2026-06-21 18:38:41 - DELETE /api/v1/teams/1b6efc8e-99ae-4c8d-acd8-1fdc8acdb700/players/85a0df38-0c14-4f17-9db6-7d7bc3a96db3 200
2026-06-21 18:38:41 - DELETE /api/v1/teams/1b6efc8e-99ae-4c8d-acd8-1fdc8acdb700 204
2026-06-21 18:38:44 - POST /api/v1/auth/login 200
2026-06-21 18:38:44 - POST /api/v1/players/ 201
2026-06-21 18:38:44 - POST /api/v1/players/ 201
2026-06-21 18:38:44 - POST /api/v1/teams/ 201
2026-06-21 18:38:44 - POST /api/v1/teams/ 201
2026-06-21 18:38:44 - POST /api/v1/teams/c37decb2-0345-4494-ae23-952b101a8363/players 200
2026-06-21 18:38:44 - POST /api/v1/teams/8d33fae6-9d3a-428a-93fb-b14f57fd5f78/players 200
2026-06-21 18:38:44 - POST /api/v1/matches/ 201
2026-06-21 18:38:44 - POST /api/v1/matches/d8a28c89-70af-42f7-a1c2-6656aa16a8bf/squads 200
2026-06-21 18:38:44 - POST /api/v1/matches/d8a28c89-70af-42f7-a1c2-6656aa16a8bf/toss 200
2026-06-21 18:38:44 - DELETE /api/v1/players/a713c35e-20f1-47d9-9791-53882b941612 400
2026-06-21 18:38:45 - DELETE /api/v1/teams/c37decb2-0345-4494-ae23-952b101a8363/players/a713c35e-20f1-47d9-9791-53882b941612 400
2026-06-21 18:38:45 - DELETE /api/v1/teams/c37decb2-0345-4494-ae23-952b101a8363 400
2026-06-21 18:38:47 - POST /api/v1/auth/login 200
2026-06-21 18:38:47 - GET /api/v1/profile/ 200
2026-06-21 18:38:50 - POST /api/v1/auth/login 200
2026-06-21 18:38:51 - PUT /api/v1/profile/ 200
2026-06-21 18:38:51 - PUT /api/v1/profile/ 400
2026-06-21 18:38:54 - POST /api/v1/auth/login 200
2026-06-21 18:38:54 - GET /api/v1/profile/stats 200
2026-06-21 18:38:57 - POST /api/v1/auth/login 200
2026-06-21 18:38:57 - GET /api/v1/profile/activity 200
2026-06-21 18:38:57 - GET /api/v1/profile/achievements 200
2026-06-21 18:39:01 - POST /api/v1/auth/login 200
2026-06-21 18:39:01 - POST /api/v1/profile/upload-photo 200
2026-06-21 18:39:01 - GET /api/v1/profile/ 200
2026-06-21 18:39:04 - POST /api/v1/auth/login 200
2026-06-21 18:39:04 - POST /api/v1/players/ 201
2026-06-21 18:39:04 - POST /api/v1/players/ 201
2026-06-21 18:39:04 - POST /api/v1/players/ 201
2026-06-21 18:39:04 - POST /api/v1/players/ 201
2026-06-21 18:39:04 - POST /api/v1/players/ 201
2026-06-21 18:39:04 - POST /api/v1/teams/ 201
2026-06-21 18:39:04 - POST /api/v1/teams/ 201
2026-06-21 18:39:04 - POST /api/v1/teams/21ecafcb-8cb7-465c-aba9-91d445cccd06/players 200
2026-06-21 18:39:04 - POST /api/v1/teams/21ecafcb-8cb7-465c-aba9-91d445cccd06/players 200
2026-06-21 18:39:04 - POST /api/v1/teams/21ecafcb-8cb7-465c-aba9-91d445cccd06/players 200
2026-06-21 18:39:04 - POST /api/v1/teams/f9152e4c-0b4e-4cd6-ac4e-b167dc5d3f64/players 200
2026-06-21 18:39:04 - POST /api/v1/teams/f9152e4c-0b4e-4cd6-ac4e-b167dc5d3f64/players 200
2026-06-21 18:39:04 - POST /api/v1/matches/ 201
2026-06-21 18:39:04 - POST /api/v1/matches/cdd22246-9368-4257-b72c-dcb187104a92/toss 200
2026-06-21 18:39:05 - POST /api/v1/matches/cdd22246-9368-4257-b72c-dcb187104a92/squads 200
2026-06-21 18:39:05 - POST /api/v1/matches/cdd22246-9368-4257-b72c-dcb187104a92/squads 200
2026-06-21 18:39:05 - POST /api/v1/matches/cdd22246-9368-4257-b72c-dcb187104a92/balls 201
2026-06-21 18:39:05 - POST /api/v1/matches/cdd22246-9368-4257-b72c-dcb187104a92/balls 201
2026-06-21 18:39:05 - POST /api/v1/matches/cdd22246-9368-4257-b72c-dcb187104a92/balls 201
2026-06-21 18:39:05 - POST /api/v1/matches/cdd22246-9368-4257-b72c-dcb187104a92/balls 201
2026-06-21 18:39:05 - POST /api/v1/matches/cdd22246-9368-4257-b72c-dcb187104a92/balls 201
2026-06-21 18:39:05 - POST /api/v1/matches/cdd22246-9368-4257-b72c-dcb187104a92/balls 201
2026-06-21 18:39:05 - POST /api/v1/matches/cdd22246-9368-4257-b72c-dcb187104a92/balls 201
2026-06-21 18:39:05 - POST /api/v1/matches/cdd22246-9368-4257-b72c-dcb187104a92/balls 201
2026-06-21 18:39:05 - POST /api/v1/matches/cdd22246-9368-4257-b72c-dcb187104a92/balls 201
2026-06-21 18:39:05 - POST /api/v1/matches/cdd22246-9368-4257-b72c-dcb187104a92/balls 201
2026-06-21 18:39:05 - POST /api/v1/matches/cdd22246-9368-4257-b72c-dcb187104a92/balls 201
2026-06-21 18:39:05 - POST /api/v1/matches/cdd22246-9368-4257-b72c-dcb187104a92/balls 201
2026-06-21 18:39:05 - GET /api/v1/matches/cdd22246-9368-4257-b72c-dcb187104a92/scorecard 200
2026-06-21 18:39:05 - GET /api/v1/players/399cdf2b-3a3b-46f4-bab3-99d843136f70 200
2026-06-21 18:39:06 - POST /api/v1/auth/login 200
2026-06-21 18:39:06 - POST /api/v1/players/ 201
2026-06-21 18:39:06 - POST /api/v1/players/ 201
2026-06-21 18:39:06 - POST /api/v1/players/ 201
2026-06-21 18:39:06 - POST /api/v1/players/ 201
2026-06-21 18:39:06 - POST /api/v1/players/ 201
2026-06-21 18:39:06 - POST /api/v1/teams/ 201
2026-06-21 18:39:06 - POST /api/v1/teams/ 201
2026-06-21 18:39:06 - POST /api/v1/teams/62b34e39-d394-42fa-b869-43ea1ee7f0c0/players 200
2026-06-21 18:39:06 - POST /api/v1/teams/62b34e39-d394-42fa-b869-43ea1ee7f0c0/players 200
2026-06-21 18:39:06 - POST /api/v1/teams/62b34e39-d394-42fa-b869-43ea1ee7f0c0/players 200
2026-06-21 18:39:06 - POST /api/v1/teams/11504bfd-f503-45ff-8a87-a1ce65818b08/players 200
2026-06-21 18:39:06 - POST /api/v1/teams/11504bfd-f503-45ff-8a87-a1ce65818b08/players 200
2026-06-21 18:39:06 - POST /api/v1/matches/ 201
2026-06-21 18:39:06 - POST /api/v1/matches/c46a448d-ed8a-4f6b-b47f-74bd6fba8eee/toss 200
2026-06-21 18:39:06 - POST /api/v1/matches/c46a448d-ed8a-4f6b-b47f-74bd6fba8eee/squads 200
2026-06-21 18:39:06 - POST /api/v1/matches/c46a448d-ed8a-4f6b-b47f-74bd6fba8eee/squads 200
2026-06-21 18:39:06 - POST /api/v1/matches/c46a448d-ed8a-4f6b-b47f-74bd6fba8eee/balls 201
2026-06-21 18:39:06 - POST /api/v1/matches/c46a448d-ed8a-4f6b-b47f-74bd6fba8eee/balls 201
2026-06-21 18:39:06 - POST /api/v1/matches/c46a448d-ed8a-4f6b-b47f-74bd6fba8eee/balls 201
2026-06-21 18:39:06 - POST /api/v1/matches/c46a448d-ed8a-4f6b-b47f-74bd6fba8eee/balls 201
2026-06-21 18:39:07 - POST /api/v1/matches/c46a448d-ed8a-4f6b-b47f-74bd6fba8eee/balls 201
2026-06-21 18:39:07 - GET /api/v1/matches/c46a448d-ed8a-4f6b-b47f-74bd6fba8eee/scorecard 200
2026-06-21 18:39:09 - POST /api/v1/auth/login 200
2026-06-21 18:39:09 - POST /api/v1/players/ 201
2026-06-21 18:39:09 - POST /api/v1/players/ 201
2026-06-21 18:39:09 - POST /api/v1/players/ 201
2026-06-21 18:39:09 - POST /api/v1/players/ 201
2026-06-21 18:39:09 - POST /api/v1/teams/ 201
2026-06-21 18:39:09 - POST /api/v1/teams/ 201
2026-06-21 18:39:09 - POST /api/v1/teams/88136ffa-6e17-4bb7-9ca4-3a095cf7f209/players 200
2026-06-21 18:39:09 - POST /api/v1/teams/88136ffa-6e17-4bb7-9ca4-3a095cf7f209/players 200
2026-06-21 18:39:09 - POST /api/v1/teams/53684384-d68b-479f-8b8f-277fc65489c8/players 200
2026-06-21 18:39:09 - POST /api/v1/teams/53684384-d68b-479f-8b8f-277fc65489c8/players 200
2026-06-21 18:39:09 - POST /api/v1/matches/ 201
2026-06-21 18:39:09 - POST /api/v1/matches/bd0b2f1c-c7fc-4954-9a19-214315ee6d90/toss 200
2026-06-21 18:39:09 - POST /api/v1/matches/bd0b2f1c-c7fc-4954-9a19-214315ee6d90/squads 200
2026-06-21 18:39:09 - POST /api/v1/matches/bd0b2f1c-c7fc-4954-9a19-214315ee6d90/squads 200
2026-06-21 18:39:09 - POST /api/v1/matches/bd0b2f1c-c7fc-4954-9a19-214315ee6d90/balls 201
2026-06-21 18:39:09 - POST /api/v1/matches/bd0b2f1c-c7fc-4954-9a19-214315ee6d90/balls 201
2026-06-21 18:39:09 - POST /api/v1/matches/bd0b2f1c-c7fc-4954-9a19-214315ee6d90/balls 201
2026-06-21 18:39:09 - POST /api/v1/matches/bd0b2f1c-c7fc-4954-9a19-214315ee6d90/balls 201
2026-06-21 18:39:09 - POST /api/v1/matches/bd0b2f1c-c7fc-4954-9a19-214315ee6d90/balls 201
2026-06-21 18:39:09 - POST /api/v1/matches/bd0b2f1c-c7fc-4954-9a19-214315ee6d90/balls 201
2026-06-21 18:39:09 - POST /api/v1/matches/bd0b2f1c-c7fc-4954-9a19-214315ee6d90/balls 201
2026-06-21 18:39:09 - GET /api/v1/matches/bd0b2f1c-c7fc-4954-9a19-214315ee6d90/scorecard 200
2026-06-21 18:39:12 - POST /api/v1/auth/signup 201
2026-06-21 18:39:13 - POST /api/v1/auth/login 200
2026-06-21 18:39:17 - POST /api/v1/auth/login 200
2026-06-21 18:39:17 - POST /api/v1/players/ 201
2026-06-21 18:39:17 - POST /api/v1/players/ 201
2026-06-21 18:39:17 - POST /api/v1/players/ 201
2026-06-21 18:39:17 - POST /api/v1/players/ 201
2026-06-21 18:39:17 - POST /api/v1/players/ 201
2026-06-21 18:39:17 - POST /api/v1/teams/ 201
2026-06-21 18:39:17 - POST /api/v1/teams/ 201
2026-06-21 18:39:17 - POST /api/v1/teams/038cc776-bd45-4c34-a633-9ae684699f59/players 200
2026-06-21 18:39:17 - POST /api/v1/teams/038cc776-bd45-4c34-a633-9ae684699f59/players 200
2026-06-21 18:39:17 - POST /api/v1/teams/038cc776-bd45-4c34-a633-9ae684699f59/players 200
2026-06-21 18:39:17 - POST /api/v1/teams/1fbc3023-ed2f-4e9c-a55f-e9c62039023d/players 200
2026-06-21 18:39:17 - POST /api/v1/teams/1fbc3023-ed2f-4e9c-a55f-e9c62039023d/players 200
2026-06-21 18:39:18 - POST /api/v1/matches/ 201
2026-06-21 18:39:18 - POST /api/v1/matches/f190174c-48d7-45e1-9a1f-ca8aeceac5eb/toss 200
2026-06-21 18:39:18 - POST /api/v1/matches/f190174c-48d7-45e1-9a1f-ca8aeceac5eb/squads 200
2026-06-21 18:39:18 - POST /api/v1/matches/f190174c-48d7-45e1-9a1f-ca8aeceac5eb/squads 200
2026-06-21 18:39:18 - POST /api/v1/matches/f190174c-48d7-45e1-9a1f-ca8aeceac5eb/balls 201
2026-06-21 18:39:18 - GET /api/v1/matches/f190174c-48d7-45e1-9a1f-ca8aeceac5eb/live 200
2026-06-21 18:39:18 - POST /api/v1/matches/f190174c-48d7-45e1-9a1f-ca8aeceac5eb/balls 201
2026-06-21 18:39:18 - GET /api/v1/matches/f190174c-48d7-45e1-9a1f-ca8aeceac5eb/live 200
2026-06-21 18:39:18 - POST /api/v1/matches/f190174c-48d7-45e1-9a1f-ca8aeceac5eb/balls 201
2026-06-21 18:39:19 - GET /api/v1/matches/f190174c-48d7-45e1-9a1f-ca8aeceac5eb/live 200
2026-06-21 18:39:19 - POST /api/v1/matches/f190174c-48d7-45e1-9a1f-ca8aeceac5eb/balls 201
2026-06-21 18:39:19 - GET /api/v1/matches/f190174c-48d7-45e1-9a1f-ca8aeceac5eb/live 200
2026-06-21 18:39:19 - POST /api/v1/matches/f190174c-48d7-45e1-9a1f-ca8aeceac5eb/undo 200
2026-06-21 18:39:19 - GET /api/v1/matches/f190174c-48d7-45e1-9a1f-ca8aeceac5eb/live 200
2026-06-21 18:39:19 - GET /api/v1/auth/me 401
2026-06-21 18:39:20 - GET /api/v1/auth/me 401
2026-06-21 18:39:23 - POST /api/v1/auth/login 200
2026-06-21 18:39:23 - POST /api/v1/players/ 201
2026-06-21 18:39:23 - POST /api/v1/players/ 201
2026-06-21 18:39:23 - POST /api/v1/players/ 201
2026-06-21 18:39:23 - POST /api/v1/players/ 201
2026-06-21 18:39:23 - POST /api/v1/players/ 201
2026-06-21 18:39:23 - POST /api/v1/teams/ 201
2026-06-21 18:39:23 - POST /api/v1/teams/ 201
2026-06-21 18:39:23 - POST /api/v1/teams/eb3bbd6d-60a9-4860-9404-7c781628b648/players 200
2026-06-21 18:39:23 - POST /api/v1/teams/eb3bbd6d-60a9-4860-9404-7c781628b648/players 200
2026-06-21 18:39:24 - POST /api/v1/teams/eb3bbd6d-60a9-4860-9404-7c781628b648/players 200
2026-06-21 18:39:24 - POST /api/v1/teams/7f236247-2372-4644-92ec-617df16205b6/players 200
2026-06-21 18:39:24 - POST /api/v1/teams/7f236247-2372-4644-92ec-617df16205b6/players 200
2026-06-21 18:39:24 - POST /api/v1/matches/ 201
2026-06-21 18:39:24 - POST /api/v1/matches/296b4079-8e00-4eee-84dc-9ab2b6c99216/toss 200
2026-06-21 18:39:24 - POST /api/v1/matches/296b4079-8e00-4eee-84dc-9ab2b6c99216/squads 200
2026-06-21 18:39:24 - POST /api/v1/matches/296b4079-8e00-4eee-84dc-9ab2b6c99216/squads 200
2026-06-21 18:39:24 - POST /api/v1/matches/296b4079-8e00-4eee-84dc-9ab2b6c99216/balls 201
2026-06-21 18:39:24 - GET /api/v1/matches/296b4079-8e00-4eee-84dc-9ab2b6c99216/live 200
2026-06-21 18:39:24 - POST /api/v1/matches/296b4079-8e00-4eee-84dc-9ab2b6c99216/balls 201
2026-06-21 18:39:25 - GET /api/v1/matches/296b4079-8e00-4eee-84dc-9ab2b6c99216/live 200
2026-06-21 18:39:25 - POST /api/v1/matches/296b4079-8e00-4eee-84dc-9ab2b6c99216/balls 201
2026-06-21 18:39:25 - GET /api/v1/matches/296b4079-8e00-4eee-84dc-9ab2b6c99216/live 200
2026-06-21 18:39:25 - POST /api/v1/matches/296b4079-8e00-4eee-84dc-9ab2b6c99216/balls 201
2026-06-21 18:39:25 - GET /api/v1/matches/296b4079-8e00-4eee-84dc-9ab2b6c99216/live 200
2026-06-21 18:39:25 - POST /api/v1/matches/296b4079-8e00-4eee-84dc-9ab2b6c99216/balls 201
2026-06-21 18:39:25 - GET /api/v1/matches/296b4079-8e00-4eee-84dc-9ab2b6c99216/live 200
2026-06-21 18:39:25 - POST /api/v1/matches/296b4079-8e00-4eee-84dc-9ab2b6c99216/balls 201
2026-06-21 18:39:25 - GET /api/v1/matches/296b4079-8e00-4eee-84dc-9ab2b6c99216/live 200
2026-06-21 18:39:25 - POST /api/v1/matches/296b4079-8e00-4eee-84dc-9ab2b6c99216/balls 201
2026-06-21 18:39:26 - GET /api/v1/matches/296b4079-8e00-4eee-84dc-9ab2b6c99216/live 200
2026-06-21 18:39:26 - GET /api/v1/matches/296b4079-8e00-4eee-84dc-9ab2b6c99216/scorecard 200
2026-06-21 18:39:33 - POST /api/v1/auth/signup 201
2026-06-21 18:39:38 - POST /api/v1/auth/signup 201
2026-06-21 18:39:42 - POST /api/v1/auth/signup 201
2026-06-21 18:39:43 - POST /api/v1/auth/login 200
2026-06-21 18:39:45 - POST /api/v1/auth/login 200
2026-06-21 18:39:46 - POST /api/v1/auth/login 200
2026-06-21 18:39:46 - POST /api/v1/teams/ 201
2026-06-21 18:39:46 - GET /api/v1/teams/my-teams 200
2026-06-21 18:39:46 - POST /api/v1/teams/b4b0890d-d8d3-4ce2-bd01-7e05e39d34cc/join-request 200
2026-06-21 18:39:46 - GET /api/v1/teams/my-teams 200
2026-06-21 18:39:46 - POST /api/v1/teams/b4b0890d-d8d3-4ce2-bd01-7e05e39d34cc/approve-request 403
2026-06-21 18:39:46 - POST /api/v1/teams/b4b0890d-d8d3-4ce2-bd01-7e05e39d34cc/approve-request 200
2026-06-21 18:39:46 - POST /api/v1/teams/b4b0890d-d8d3-4ce2-bd01-7e05e39d34cc/members 200
2026-06-21 18:39:46 - GET /api/v1/teams/b4b0890d-d8d3-4ce2-bd01-7e05e39d34cc/members 200
2026-06-21 18:39:46 - DELETE /api/v1/teams/b4b0890d-d8d3-4ce2-bd01-7e05e39d34cc/members/10ead708-0bcd-4dd4-a798-a5ac2fc3d7b1 204
2026-06-21 18:39:46 - GET /api/v1/teams/b4b0890d-d8d3-4ce2-bd01-7e05e39d34cc/members 200
2026-06-21 18:39:49 - POST /api/v1/auth/login 200
2026-06-21 18:39:49 - POST /api/v1/tournaments/ 201
2026-06-21 18:39:49 - POST /api/v1/players/ 201
2026-06-21 18:39:49 - POST /api/v1/players/ 201
2026-06-21 18:39:49 - POST /api/v1/players/ 201
2026-06-21 18:39:49 - POST /api/v1/players/ 201
2026-06-21 18:39:49 - POST /api/v1/teams/ 201
2026-06-21 18:39:49 - POST /api/v1/teams/1aefe24b-4a0f-49bb-88a6-443f489cd032/players 200
2026-06-21 18:39:49 - POST /api/v1/teams/1aefe24b-4a0f-49bb-88a6-443f489cd032/players 200
2026-06-21 18:39:49 - POST /api/v1/teams/1aefe24b-4a0f-49bb-88a6-443f489cd032/players 200
2026-06-21 18:39:49 - POST /api/v1/teams/1aefe24b-4a0f-49bb-88a6-443f489cd032/players 200
2026-06-21 18:39:49 - POST /api/v1/tournaments/2b398068-b992-47d0-aaca-3acd337ba5ba/teams 400
2026-06-21 18:39:49 - POST /api/v1/players/ 201
2026-06-21 18:39:49 - POST /api/v1/teams/1aefe24b-4a0f-49bb-88a6-443f489cd032/players 200
2026-06-21 18:39:49 - POST /api/v1/tournaments/2b398068-b992-47d0-aaca-3acd337ba5ba/teams 200
2026-06-21 18:39:50 - DELETE /api/v1/tournaments/2b398068-b992-47d0-aaca-3acd337ba5ba/teams/1aefe24b-4a0f-49bb-88a6-443f489cd032 200
2026-06-21 18:39:52 - POST /api/v1/auth/login 200
2026-06-21 18:39:52 - POST /api/v1/teams/ 201
2026-06-21 18:39:52 - POST /api/v1/players/ 201
2026-06-21 18:39:52 - POST /api/v1/teams/f2516adf-184a-4217-a7f9-b9b1f7a8264f/players 200
2026-06-21 18:39:52 - POST /api/v1/players/ 201
2026-06-21 18:39:52 - POST /api/v1/teams/f2516adf-184a-4217-a7f9-b9b1f7a8264f/players 200
2026-06-21 18:39:52 - POST /api/v1/players/ 201
2026-06-21 18:39:52 - POST /api/v1/teams/f2516adf-184a-4217-a7f9-b9b1f7a8264f/players 200
2026-06-21 18:39:52 - POST /api/v1/players/ 201
2026-06-21 18:39:52 - POST /api/v1/teams/f2516adf-184a-4217-a7f9-b9b1f7a8264f/players 200
2026-06-21 18:39:52 - POST /api/v1/players/ 201
2026-06-21 18:39:52 - POST /api/v1/teams/f2516adf-184a-4217-a7f9-b9b1f7a8264f/players 200
2026-06-21 18:39:52 - POST /api/v1/teams/ 201
2026-06-21 18:39:52 - POST /api/v1/players/ 201
2026-06-21 18:39:52 - POST /api/v1/teams/e9b1b58a-b1ce-4137-9922-2341b95df237/players 200
2026-06-21 18:39:52 - POST /api/v1/players/ 201
2026-06-21 18:39:52 - POST /api/v1/teams/e9b1b58a-b1ce-4137-9922-2341b95df237/players 200
2026-06-21 18:39:53 - POST /api/v1/players/ 201
2026-06-21 18:39:53 - POST /api/v1/teams/e9b1b58a-b1ce-4137-9922-2341b95df237/players 200
2026-06-21 18:39:53 - POST /api/v1/players/ 201
2026-06-21 18:39:53 - POST /api/v1/teams/e9b1b58a-b1ce-4137-9922-2341b95df237/players 200
2026-06-21 18:39:53 - POST /api/v1/players/ 201
2026-06-21 18:39:53 - POST /api/v1/teams/e9b1b58a-b1ce-4137-9922-2341b95df237/players 200
2026-06-21 18:39:53 - POST /api/v1/tournaments/ 201
2026-06-21 18:39:53 - POST /api/v1/tournaments/12dace2c-0165-42c1-9edf-495331c16433/teams 200
2026-06-21 18:39:53 - POST /api/v1/tournaments/12dace2c-0165-42c1-9edf-495331c16433/teams 200
2026-06-21 18:39:53 - POST /api/v1/tournaments/12dace2c-0165-42c1-9edf-495331c16433/fixtures/generate 201
2026-06-21 18:39:53 - GET /api/v1/tournaments/12dace2c-0165-42c1-9edf-495331c16433/dashboard 200
2026-06-21 18:39:53 - POST /api/v1/matches/6039e711-d2ee-47bc-b4af-4a1dabab9ce5/toss 200
2026-06-21 18:39:53 - GET /api/v1/teams/f2516adf-184a-4217-a7f9-b9b1f7a8264f 200
2026-06-21 18:39:53 - GET /api/v1/teams/e9b1b58a-b1ce-4137-9922-2341b95df237 200
2026-06-21 18:39:53 - POST /api/v1/matches/6039e711-d2ee-47bc-b4af-4a1dabab9ce5/squads 200
2026-06-21 18:39:53 - POST /api/v1/matches/6039e711-d2ee-47bc-b4af-4a1dabab9ce5/squads 200
2026-06-21 18:39:53 - POST /api/v1/matches/6039e711-d2ee-47bc-b4af-4a1dabab9ce5/balls 201
2026-06-21 18:39:53 - POST /api/v1/matches/6039e711-d2ee-47bc-b4af-4a1dabab9ce5/balls 201
2026-06-21 18:39:53 - POST /api/v1/matches/6039e711-d2ee-47bc-b4af-4a1dabab9ce5/balls 201
2026-06-21 18:39:53 - POST /api/v1/matches/6039e711-d2ee-47bc-b4af-4a1dabab9ce5/balls 201
2026-06-21 18:39:54 - POST /api/v1/matches/6039e711-d2ee-47bc-b4af-4a1dabab9ce5/balls 201
2026-06-21 18:39:54 - POST /api/v1/matches/6039e711-d2ee-47bc-b4af-4a1dabab9ce5/balls 201
2026-06-21 18:39:54 - POST /api/v1/matches/6039e711-d2ee-47bc-b4af-4a1dabab9ce5/balls 201
2026-06-21 18:39:54 - POST /api/v1/matches/6039e711-d2ee-47bc-b4af-4a1dabab9ce5/balls 201
2026-06-21 18:39:54 - POST /api/v1/matches/6039e711-d2ee-47bc-b4af-4a1dabab9ce5/balls 201
2026-06-21 18:39:54 - GET /api/v1/tournaments/12dace2c-0165-42c1-9edf-495331c16433/points-table 200
2026-06-21 18:39:54 - GET /api/v1/tournaments/12dace2c-0165-42c1-9edf-495331c16433/leaderboards 200
2026-06-21 18:39:57 - POST /api/v1/auth/login 200
2026-06-21 18:39:57 - POST /api/v1/teams/ 201
2026-06-21 18:39:57 - POST /api/v1/players/ 201
2026-06-21 18:39:57 - POST /api/v1/teams/127e6714-70a6-45dd-9781-6496bfd79119/players 200
2026-06-21 18:39:57 - POST /api/v1/players/ 201
2026-06-21 18:39:57 - POST /api/v1/teams/127e6714-70a6-45dd-9781-6496bfd79119/players 200
2026-06-21 18:39:57 - POST /api/v1/players/ 201
2026-06-21 18:39:57 - POST /api/v1/teams/127e6714-70a6-45dd-9781-6496bfd79119/players 200
2026-06-21 18:39:57 - POST /api/v1/players/ 201
2026-06-21 18:39:57 - POST /api/v1/teams/127e6714-70a6-45dd-9781-6496bfd79119/players 200
2026-06-21 18:39:57 - POST /api/v1/players/ 201
2026-06-21 18:39:57 - POST /api/v1/teams/127e6714-70a6-45dd-9781-6496bfd79119/players 200
2026-06-21 18:39:57 - POST /api/v1/teams/ 201
2026-06-21 18:39:57 - POST /api/v1/players/ 201
2026-06-21 18:39:57 - POST /api/v1/teams/bfb7ba4a-cb67-4801-857e-c250eefc713a/players 200
2026-06-21 18:39:57 - POST /api/v1/players/ 201
2026-06-21 18:39:57 - POST /api/v1/teams/bfb7ba4a-cb67-4801-857e-c250eefc713a/players 200
2026-06-21 18:39:57 - POST /api/v1/players/ 201
2026-06-21 18:39:57 - POST /api/v1/teams/bfb7ba4a-cb67-4801-857e-c250eefc713a/players 200
2026-06-21 18:39:58 - POST /api/v1/players/ 201
2026-06-21 18:39:58 - POST /api/v1/teams/bfb7ba4a-cb67-4801-857e-c250eefc713a/players 200
2026-06-21 18:39:58 - POST /api/v1/players/ 201
2026-06-21 18:39:58 - POST /api/v1/teams/bfb7ba4a-cb67-4801-857e-c250eefc713a/players 200
2026-06-21 18:39:58 - POST /api/v1/teams/ 201
2026-06-21 18:39:58 - POST /api/v1/players/ 201
2026-06-21 18:39:58 - POST /api/v1/teams/33101773-571f-4d99-af55-86e33c7b7317/players 200
2026-06-21 18:39:58 - POST /api/v1/players/ 201
2026-06-21 18:39:58 - POST /api/v1/teams/33101773-571f-4d99-af55-86e33c7b7317/players 200
2026-06-21 18:39:58 - POST /api/v1/players/ 201
2026-06-21 18:39:58 - POST /api/v1/teams/33101773-571f-4d99-af55-86e33c7b7317/players 200
2026-06-21 18:39:58 - POST /api/v1/players/ 201
2026-06-21 18:39:58 - POST /api/v1/teams/33101773-571f-4d99-af55-86e33c7b7317/players 200
2026-06-21 18:39:58 - POST /api/v1/players/ 201
2026-06-21 18:39:58 - POST /api/v1/teams/33101773-571f-4d99-af55-86e33c7b7317/players 200
2026-06-21 18:39:58 - POST /api/v1/teams/ 201
2026-06-21 18:39:58 - POST /api/v1/players/ 201
2026-06-21 18:39:58 - POST /api/v1/teams/ec956711-0082-44c1-bbd8-e52095702ce4/players 200
2026-06-21 18:39:58 - POST /api/v1/players/ 201
2026-06-21 18:39:58 - POST /api/v1/teams/ec956711-0082-44c1-bbd8-e52095702ce4/players 200
2026-06-21 18:39:58 - POST /api/v1/players/ 201
2026-06-21 18:39:58 - POST /api/v1/teams/ec956711-0082-44c1-bbd8-e52095702ce4/players 200
2026-06-21 18:39:58 - POST /api/v1/players/ 201
2026-06-21 18:39:58 - POST /api/v1/teams/ec956711-0082-44c1-bbd8-e52095702ce4/players 200
2026-06-21 18:39:58 - POST /api/v1/players/ 201
2026-06-21 18:39:58 - POST /api/v1/teams/ec956711-0082-44c1-bbd8-e52095702ce4/players 200
2026-06-21 18:39:58 - POST /api/v1/tournaments/ 201
2026-06-21 18:39:58 - POST /api/v1/tournaments/a18c14f6-5b50-434d-b433-2dcc0fb83829/teams 200
2026-06-21 18:39:58 - POST /api/v1/tournaments/a18c14f6-5b50-434d-b433-2dcc0fb83829/teams 200
2026-06-21 18:39:58 - POST /api/v1/tournaments/a18c14f6-5b50-434d-b433-2dcc0fb83829/teams 200
2026-06-21 18:39:58 - POST /api/v1/tournaments/a18c14f6-5b50-434d-b433-2dcc0fb83829/teams 200
2026-06-21 18:39:58 - POST /api/v1/tournaments/a18c14f6-5b50-434d-b433-2dcc0fb83829/fixtures/generate 201
2026-06-21 18:39:58 - GET /api/v1/tournaments/a18c14f6-5b50-434d-b433-2dcc0fb83829/dashboard 200
2026-06-21 18:39:58 - GET /api/v1/tournaments/a18c14f6-5b50-434d-b433-2dcc0fb83829/dashboard 200
2026-06-21 18:39:58 - POST /api/v1/matches/fdd9f883-5af9-43d3-91ee-17a5eca835b8/toss 200
2026-06-21 18:39:58 - GET /api/v1/teams/127e6714-70a6-45dd-9781-6496bfd79119 200
2026-06-21 18:39:58 - GET /api/v1/teams/33101773-571f-4d99-af55-86e33c7b7317 200
2026-06-21 18:39:58 - POST /api/v1/matches/fdd9f883-5af9-43d3-91ee-17a5eca835b8/squads 200
2026-06-21 18:39:58 - POST /api/v1/matches/fdd9f883-5af9-43d3-91ee-17a5eca835b8/squads 200
2026-06-21 18:39:58 - POST /api/v1/matches/fdd9f883-5af9-43d3-91ee-17a5eca835b8/balls 201
2026-06-21 18:39:58 - POST /api/v1/matches/fdd9f883-5af9-43d3-91ee-17a5eca835b8/balls 201
2026-06-21 18:39:58 - POST /api/v1/matches/fdd9f883-5af9-43d3-91ee-17a5eca835b8/balls 201
2026-06-21 18:39:58 - POST /api/v1/matches/fdd9f883-5af9-43d3-91ee-17a5eca835b8/balls 201
2026-06-21 18:39:58 - POST /api/v1/matches/fdd9f883-5af9-43d3-91ee-17a5eca835b8/balls 201
2026-06-21 18:39:58 - POST /api/v1/matches/fdd9f883-5af9-43d3-91ee-17a5eca835b8/balls 201
2026-06-21 18:39:58 - POST /api/v1/matches/fdd9f883-5af9-43d3-91ee-17a5eca835b8/balls 201
2026-06-21 18:39:58 - POST /api/v1/matches/fdd9f883-5af9-43d3-91ee-17a5eca835b8/balls 201
2026-06-21 18:39:58 - POST /api/v1/matches/fdd9f883-5af9-43d3-91ee-17a5eca835b8/balls 201
2026-06-21 18:39:58 - POST /api/v1/matches/fdd9f883-5af9-43d3-91ee-17a5eca835b8/balls 201
2026-06-21 18:39:58 - POST /api/v1/matches/fdd9f883-5af9-43d3-91ee-17a5eca835b8/balls 201
2026-06-21 18:39:58 - POST /api/v1/matches/fdd9f883-5af9-43d3-91ee-17a5eca835b8/balls 201
2026-06-21 18:39:59 - POST /api/v1/matches/0d14ad6c-dcb9-41a3-bf15-49ff83540435/toss 200
2026-06-21 18:39:59 - GET /api/v1/teams/127e6714-70a6-45dd-9781-6496bfd79119 200
2026-06-21 18:39:59 - GET /api/v1/teams/bfb7ba4a-cb67-4801-857e-c250eefc713a 200
2026-06-21 18:39:59 - POST /api/v1/matches/0d14ad6c-dcb9-41a3-bf15-49ff83540435/squads 200
2026-06-21 18:39:59 - POST /api/v1/matches/0d14ad6c-dcb9-41a3-bf15-49ff83540435/squads 200
2026-06-21 18:39:59 - POST /api/v1/matches/0d14ad6c-dcb9-41a3-bf15-49ff83540435/balls 201
2026-06-21 18:39:59 - POST /api/v1/matches/0d14ad6c-dcb9-41a3-bf15-49ff83540435/balls 201
2026-06-21 18:39:59 - POST /api/v1/matches/0d14ad6c-dcb9-41a3-bf15-49ff83540435/balls 201
2026-06-21 18:39:59 - POST /api/v1/matches/0d14ad6c-dcb9-41a3-bf15-49ff83540435/balls 201
2026-06-21 18:39:59 - POST /api/v1/matches/0d14ad6c-dcb9-41a3-bf15-49ff83540435/balls 201
2026-06-21 18:39:59 - POST /api/v1/matches/0d14ad6c-dcb9-41a3-bf15-49ff83540435/balls 201
2026-06-21 18:39:59 - POST /api/v1/matches/0d14ad6c-dcb9-41a3-bf15-49ff83540435/balls 201
2026-06-21 18:39:59 - POST /api/v1/matches/0d14ad6c-dcb9-41a3-bf15-49ff83540435/balls 201
2026-06-21 18:39:59 - POST /api/v1/matches/0d14ad6c-dcb9-41a3-bf15-49ff83540435/balls 201
2026-06-21 18:39:59 - POST /api/v1/matches/0d14ad6c-dcb9-41a3-bf15-49ff83540435/balls 201
2026-06-21 18:39:59 - POST /api/v1/matches/0d14ad6c-dcb9-41a3-bf15-49ff83540435/balls 201
2026-06-21 18:39:59 - POST /api/v1/matches/0d14ad6c-dcb9-41a3-bf15-49ff83540435/balls 201
2026-06-21 18:39:59 - POST /api/v1/matches/d2375ee8-64bb-4993-9c34-e7554bd52841/toss 200
2026-06-21 18:39:59 - GET /api/v1/teams/127e6714-70a6-45dd-9781-6496bfd79119 200
2026-06-21 18:39:59 - GET /api/v1/teams/ec956711-0082-44c1-bbd8-e52095702ce4 200
2026-06-21 18:39:59 - POST /api/v1/matches/d2375ee8-64bb-4993-9c34-e7554bd52841/squads 200
2026-06-21 18:39:59 - POST /api/v1/matches/d2375ee8-64bb-4993-9c34-e7554bd52841/squads 200
2026-06-21 18:39:59 - POST /api/v1/matches/d2375ee8-64bb-4993-9c34-e7554bd52841/balls 201
2026-06-21 18:39:59 - POST /api/v1/matches/d2375ee8-64bb-4993-9c34-e7554bd52841/balls 201
2026-06-21 18:39:59 - POST /api/v1/matches/d2375ee8-64bb-4993-9c34-e7554bd52841/balls 201
2026-06-21 18:39:59 - POST /api/v1/matches/d2375ee8-64bb-4993-9c34-e7554bd52841/balls 201
2026-06-21 18:39:59 - POST /api/v1/matches/d2375ee8-64bb-4993-9c34-e7554bd52841/balls 201
2026-06-21 18:39:59 - POST /api/v1/matches/d2375ee8-64bb-4993-9c34-e7554bd52841/balls 201
2026-06-21 18:39:59 - POST /api/v1/matches/d2375ee8-64bb-4993-9c34-e7554bd52841/balls 201
2026-06-21 18:39:59 - POST /api/v1/matches/d2375ee8-64bb-4993-9c34-e7554bd52841/balls 201
2026-06-21 18:39:59 - POST /api/v1/matches/d2375ee8-64bb-4993-9c34-e7554bd52841/balls 201
2026-06-21 18:39:59 - POST /api/v1/matches/d2375ee8-64bb-4993-9c34-e7554bd52841/balls 201
2026-06-21 18:39:59 - POST /api/v1/matches/d2375ee8-64bb-4993-9c34-e7554bd52841/balls 201
2026-06-21 18:39:59 - POST /api/v1/matches/d2375ee8-64bb-4993-9c34-e7554bd52841/balls 201
2026-06-21 18:39:59 - POST /api/v1/matches/9416df37-c6ab-473a-98c4-da65a03ddc6b/toss 200
2026-06-21 18:39:59 - GET /api/v1/teams/bfb7ba4a-cb67-4801-857e-c250eefc713a 200
2026-06-21 18:39:59 - GET /api/v1/teams/33101773-571f-4d99-af55-86e33c7b7317 200
2026-06-21 18:39:59 - POST /api/v1/matches/9416df37-c6ab-473a-98c4-da65a03ddc6b/squads 200
2026-06-21 18:39:59 - POST /api/v1/matches/9416df37-c6ab-473a-98c4-da65a03ddc6b/squads 200
2026-06-21 18:39:59 - POST /api/v1/matches/9416df37-c6ab-473a-98c4-da65a03ddc6b/balls 201
2026-06-21 18:40:00 - POST /api/v1/matches/9416df37-c6ab-473a-98c4-da65a03ddc6b/balls 201
2026-06-21 18:40:00 - POST /api/v1/matches/9416df37-c6ab-473a-98c4-da65a03ddc6b/balls 201
2026-06-21 18:40:00 - POST /api/v1/matches/9416df37-c6ab-473a-98c4-da65a03ddc6b/balls 201
2026-06-21 18:40:00 - POST /api/v1/matches/9416df37-c6ab-473a-98c4-da65a03ddc6b/balls 201
2026-06-21 18:40:00 - POST /api/v1/matches/9416df37-c6ab-473a-98c4-da65a03ddc6b/balls 201
2026-06-21 18:40:00 - POST /api/v1/matches/9416df37-c6ab-473a-98c4-da65a03ddc6b/balls 201
2026-06-21 18:40:00 - POST /api/v1/matches/9416df37-c6ab-473a-98c4-da65a03ddc6b/balls 201
2026-06-21 18:40:00 - POST /api/v1/matches/9416df37-c6ab-473a-98c4-da65a03ddc6b/balls 201
2026-06-21 18:40:00 - POST /api/v1/matches/9416df37-c6ab-473a-98c4-da65a03ddc6b/balls 201
2026-06-21 18:40:00 - POST /api/v1/matches/9416df37-c6ab-473a-98c4-da65a03ddc6b/balls 201
2026-06-21 18:40:00 - POST /api/v1/matches/9416df37-c6ab-473a-98c4-da65a03ddc6b/balls 201
2026-06-21 18:40:00 - POST /api/v1/matches/c7957bec-5893-4538-9a39-c1b47f724498/toss 200
2026-06-21 18:40:00 - GET /api/v1/teams/33101773-571f-4d99-af55-86e33c7b7317 200
2026-06-21 18:40:00 - GET /api/v1/teams/ec956711-0082-44c1-bbd8-e52095702ce4 200
2026-06-21 18:40:00 - POST /api/v1/matches/c7957bec-5893-4538-9a39-c1b47f724498/squads 200
2026-06-21 18:40:00 - POST /api/v1/matches/c7957bec-5893-4538-9a39-c1b47f724498/squads 200
2026-06-21 18:40:00 - POST /api/v1/matches/c7957bec-5893-4538-9a39-c1b47f724498/balls 201
2026-06-21 18:40:00 - POST /api/v1/matches/c7957bec-5893-4538-9a39-c1b47f724498/balls 201
2026-06-21 18:40:00 - POST /api/v1/matches/c7957bec-5893-4538-9a39-c1b47f724498/balls 201
2026-06-21 18:40:00 - POST /api/v1/matches/c7957bec-5893-4538-9a39-c1b47f724498/balls 201
2026-06-21 18:40:00 - POST /api/v1/matches/c7957bec-5893-4538-9a39-c1b47f724498/balls 201
2026-06-21 18:40:00 - POST /api/v1/matches/c7957bec-5893-4538-9a39-c1b47f724498/balls 201
2026-06-21 18:40:00 - POST /api/v1/matches/c7957bec-5893-4538-9a39-c1b47f724498/balls 201
2026-06-21 18:40:00 - POST /api/v1/matches/c7957bec-5893-4538-9a39-c1b47f724498/balls 201
2026-06-21 18:40:00 - POST /api/v1/matches/c7957bec-5893-4538-9a39-c1b47f724498/balls 201
2026-06-21 18:40:00 - POST /api/v1/matches/c7957bec-5893-4538-9a39-c1b47f724498/balls 201
2026-06-21 18:40:00 - POST /api/v1/matches/c7957bec-5893-4538-9a39-c1b47f724498/balls 201
2026-06-21 18:40:00 - POST /api/v1/matches/c7957bec-5893-4538-9a39-c1b47f724498/balls 201
2026-06-21 18:40:00 - POST /api/v1/matches/eec48937-7b94-4c40-bd03-e886e5f52880/toss 200
2026-06-21 18:40:00 - GET /api/v1/teams/bfb7ba4a-cb67-4801-857e-c250eefc713a 200
2026-06-21 18:40:00 - GET /api/v1/teams/ec956711-0082-44c1-bbd8-e52095702ce4 200
2026-06-21 18:40:00 - POST /api/v1/matches/eec48937-7b94-4c40-bd03-e886e5f52880/squads 200
2026-06-21 18:40:00 - POST /api/v1/matches/eec48937-7b94-4c40-bd03-e886e5f52880/squads 200
2026-06-21 18:40:00 - POST /api/v1/matches/eec48937-7b94-4c40-bd03-e886e5f52880/balls 201
2026-06-21 18:40:00 - POST /api/v1/matches/eec48937-7b94-4c40-bd03-e886e5f52880/balls 201
2026-06-21 18:40:00 - POST /api/v1/matches/eec48937-7b94-4c40-bd03-e886e5f52880/balls 201
2026-06-21 18:40:00 - POST /api/v1/matches/eec48937-7b94-4c40-bd03-e886e5f52880/balls 201
2026-06-21 18:40:00 - POST /api/v1/matches/eec48937-7b94-4c40-bd03-e886e5f52880/balls 201
2026-06-21 18:40:01 - POST /api/v1/matches/eec48937-7b94-4c40-bd03-e886e5f52880/balls 201
2026-06-21 18:40:01 - POST /api/v1/matches/eec48937-7b94-4c40-bd03-e886e5f52880/balls 201
2026-06-21 18:40:01 - POST /api/v1/matches/eec48937-7b94-4c40-bd03-e886e5f52880/balls 201
2026-06-21 18:40:01 - POST /api/v1/matches/eec48937-7b94-4c40-bd03-e886e5f52880/balls 201
2026-06-21 18:40:01 - POST /api/v1/matches/eec48937-7b94-4c40-bd03-e886e5f52880/balls 201
2026-06-21 18:40:01 - POST /api/v1/matches/eec48937-7b94-4c40-bd03-e886e5f52880/balls 201
2026-06-21 18:40:01 - POST /api/v1/matches/eec48937-7b94-4c40-bd03-e886e5f52880/balls 201
2026-06-21 18:40:01 - GET /api/v1/tournaments/a18c14f6-5b50-434d-b433-2dcc0fb83829/dashboard 200
2026-06-21 18:40:01 - POST /api/v1/matches/6d79ceb2-d10f-4f71-a920-9585fbe4b3bd/toss 200
2026-06-21 18:40:01 - GET /api/v1/teams/127e6714-70a6-45dd-9781-6496bfd79119 200
2026-06-21 18:40:01 - GET /api/v1/teams/ec956711-0082-44c1-bbd8-e52095702ce4 200
2026-06-21 18:40:01 - POST /api/v1/matches/6d79ceb2-d10f-4f71-a920-9585fbe4b3bd/squads 200
2026-06-21 18:40:01 - POST /api/v1/matches/6d79ceb2-d10f-4f71-a920-9585fbe4b3bd/squads 200
2026-06-21 18:40:01 - POST /api/v1/matches/6d79ceb2-d10f-4f71-a920-9585fbe4b3bd/balls 201
2026-06-21 18:40:01 - POST /api/v1/matches/6d79ceb2-d10f-4f71-a920-9585fbe4b3bd/balls 201
2026-06-21 18:40:01 - POST /api/v1/matches/6d79ceb2-d10f-4f71-a920-9585fbe4b3bd/balls 201
2026-06-21 18:40:01 - POST /api/v1/matches/6d79ceb2-d10f-4f71-a920-9585fbe4b3bd/balls 201
2026-06-21 18:40:01 - POST /api/v1/matches/6d79ceb2-d10f-4f71-a920-9585fbe4b3bd/balls 201
2026-06-21 18:40:01 - POST /api/v1/matches/6d79ceb2-d10f-4f71-a920-9585fbe4b3bd/balls 201
2026-06-21 18:40:01 - POST /api/v1/matches/6d79ceb2-d10f-4f71-a920-9585fbe4b3bd/balls 201
2026-06-21 18:40:01 - POST /api/v1/matches/6d79ceb2-d10f-4f71-a920-9585fbe4b3bd/balls 201
2026-06-21 18:40:01 - POST /api/v1/matches/6d79ceb2-d10f-4f71-a920-9585fbe4b3bd/balls 201
2026-06-21 18:40:01 - POST /api/v1/matches/6d79ceb2-d10f-4f71-a920-9585fbe4b3bd/balls 201
2026-06-21 18:40:01 - POST /api/v1/matches/6d79ceb2-d10f-4f71-a920-9585fbe4b3bd/balls 201
2026-06-21 18:40:01 - POST /api/v1/matches/6d79ceb2-d10f-4f71-a920-9585fbe4b3bd/balls 201
2026-06-21 18:40:01 - POST /api/v1/matches/0611b8ee-6998-4006-8e94-f847e5924e88/toss 200
2026-06-21 18:40:01 - GET /api/v1/teams/bfb7ba4a-cb67-4801-857e-c250eefc713a 200
2026-06-21 18:40:01 - GET /api/v1/teams/33101773-571f-4d99-af55-86e33c7b7317 200
2026-06-21 18:40:01 - POST /api/v1/matches/0611b8ee-6998-4006-8e94-f847e5924e88/squads 200
2026-06-21 18:40:01 - POST /api/v1/matches/0611b8ee-6998-4006-8e94-f847e5924e88/squads 200
2026-06-21 18:40:01 - POST /api/v1/matches/0611b8ee-6998-4006-8e94-f847e5924e88/balls 201
2026-06-21 18:40:02 - POST /api/v1/matches/0611b8ee-6998-4006-8e94-f847e5924e88/balls 201
2026-06-21 18:40:02 - POST /api/v1/matches/0611b8ee-6998-4006-8e94-f847e5924e88/balls 201
2026-06-21 18:40:02 - POST /api/v1/matches/0611b8ee-6998-4006-8e94-f847e5924e88/balls 201
2026-06-21 18:40:02 - POST /api/v1/matches/0611b8ee-6998-4006-8e94-f847e5924e88/balls 201
2026-06-21 18:40:02 - POST /api/v1/matches/0611b8ee-6998-4006-8e94-f847e5924e88/balls 201
2026-06-21 18:40:02 - POST /api/v1/matches/0611b8ee-6998-4006-8e94-f847e5924e88/balls 201
2026-06-21 18:40:02 - POST /api/v1/matches/0611b8ee-6998-4006-8e94-f847e5924e88/balls 201
2026-06-21 18:40:02 - POST /api/v1/matches/0611b8ee-6998-4006-8e94-f847e5924e88/balls 201
2026-06-21 18:40:02 - POST /api/v1/matches/0611b8ee-6998-4006-8e94-f847e5924e88/balls 201
2026-06-21 18:40:02 - POST /api/v1/matches/0611b8ee-6998-4006-8e94-f847e5924e88/balls 201
2026-06-21 18:40:02 - POST /api/v1/matches/0611b8ee-6998-4006-8e94-f847e5924e88/balls 201
2026-06-21 18:40:02 - GET /api/v1/tournaments/a18c14f6-5b50-434d-b433-2dcc0fb83829/dashboard 200
2026-06-21 18:40:02 - POST /api/v1/matches/3c16db42-6d14-4ec9-839f-4190493c1fa0/toss 200
2026-06-21 18:40:02 - GET /api/v1/teams/127e6714-70a6-45dd-9781-6496bfd79119 200
2026-06-21 18:40:02 - GET /api/v1/teams/bfb7ba4a-cb67-4801-857e-c250eefc713a 200
2026-06-21 18:40:02 - POST /api/v1/matches/3c16db42-6d14-4ec9-839f-4190493c1fa0/squads 200
2026-06-21 18:40:02 - POST /api/v1/matches/3c16db42-6d14-4ec9-839f-4190493c1fa0/squads 200
2026-06-21 18:40:02 - POST /api/v1/matches/3c16db42-6d14-4ec9-839f-4190493c1fa0/balls 201
2026-06-21 18:40:02 - POST /api/v1/matches/3c16db42-6d14-4ec9-839f-4190493c1fa0/balls 201
2026-06-21 18:40:02 - POST /api/v1/matches/3c16db42-6d14-4ec9-839f-4190493c1fa0/balls 201
2026-06-21 18:40:02 - POST /api/v1/matches/3c16db42-6d14-4ec9-839f-4190493c1fa0/balls 201
2026-06-21 18:40:02 - POST /api/v1/matches/3c16db42-6d14-4ec9-839f-4190493c1fa0/balls 201
2026-06-21 18:40:02 - POST /api/v1/matches/3c16db42-6d14-4ec9-839f-4190493c1fa0/balls 201
2026-06-21 18:40:02 - POST /api/v1/matches/3c16db42-6d14-4ec9-839f-4190493c1fa0/balls 201
2026-06-21 18:40:02 - POST /api/v1/matches/3c16db42-6d14-4ec9-839f-4190493c1fa0/balls 201
2026-06-21 18:40:02 - POST /api/v1/matches/3c16db42-6d14-4ec9-839f-4190493c1fa0/balls 201
2026-06-21 18:40:02 - POST /api/v1/matches/3c16db42-6d14-4ec9-839f-4190493c1fa0/balls 201
2026-06-21 18:40:02 - POST /api/v1/matches/3c16db42-6d14-4ec9-839f-4190493c1fa0/balls 201
2026-06-21 18:40:02 - POST /api/v1/matches/3c16db42-6d14-4ec9-839f-4190493c1fa0/balls 201
2026-06-21 18:40:02 - GET /api/v1/tournaments/a18c14f6-5b50-434d-b433-2dcc0fb83829/dashboard 200
2026-06-21 18:46:04 - POST /api/v1/auth/signup 422
2026-06-21 18:46:04 - POST /api/v1/auth/signup 422
2026-06-21 18:46:04 - POST /api/v1/auth/signup 422
2026-06-21 18:46:04 - POST /api/v1/auth/signup 422
2026-06-21 18:46:09 - POST /api/v1/auth/signup 201
2026-06-21 18:46:10 - POST /api/v1/auth/login 400
2026-06-21 18:46:10 - POST /api/v1/auth/verify-otp 200
2026-06-21 18:46:13 - POST /api/v1/auth/signup 201
2026-06-21 18:46:14 - POST /api/v1/auth/resend-otp 429
2026-06-21 18:46:17 - POST /api/v1/auth/resend-otp 200
2026-06-21 18:46:20 - POST /api/v1/auth/login 400
2026-06-21 18:46:21 - POST /api/v1/auth/login 400
2026-06-21 18:46:22 - POST /api/v1/auth/login 400
2026-06-21 18:46:23 - POST /api/v1/auth/login 400
2026-06-21 18:46:25 - POST /api/v1/auth/login 400
2026-06-21 18:46:25 - POST /api/v1/auth/login 403
2026-06-21 18:46:26 - POST /api/v1/auth/login 200
2026-06-21 18:46:26 - POST /api/v1/auth/forgot-password 404
2026-06-21 18:46:31 - POST /api/v1/auth/forgot-password 200
2026-06-21 18:46:31 - POST /api/v1/auth/verify-reset-otp 400
2026-06-21 18:46:32 - POST /api/v1/auth/verify-reset-otp 200
2026-06-21 18:46:32 - POST /api/v1/auth/reset-password 422
2026-06-21 18:46:34 - POST /api/v1/auth/reset-password 200
2026-06-21 18:46:35 - POST /api/v1/auth/login 200
2026-06-21 18:46:37 - POST /api/v1/auth/login 200
2026-06-21 18:46:37 - POST /api/v1/auth/complete-profile 200
2026-06-21 18:46:39 - POST /api/v1/auth/login 200
2026-06-21 18:46:39 - POST /api/v1/auth/refresh 200
2026-06-21 18:46:39 - POST /api/v1/auth/logout 200
2026-06-21 18:46:39 - POST /api/v1/auth/refresh 401
2026-06-21 18:46:44 - POST /api/v1/auth/signup 201
2026-06-21 18:46:44 - POST /api/v1/auth/signup 400
2026-06-21 18:46:46 - POST /api/v1/auth/login 400
2026-06-21 18:46:46 - POST /api/v1/auth/forgot-password 400
2026-06-21 18:46:46 - POST /api/v1/auth/verify-reset-otp 400
2026-06-21 18:46:46 - POST /api/v1/auth/reset-password 400
2026-06-21 18:46:47 - POST /api/v1/auth/signup 400
2026-06-21 18:46:52 - POST /api/v1/auth/signup 201
2026-06-21 18:46:57 - POST /api/v1/auth/signup 201
2026-06-21 18:46:58 - POST /api/v1/auth/login 200
2026-06-21 18:47:00 - POST /api/v1/auth/login 200
2026-06-21 18:47:00 - POST /api/v1/teams/ 201
2026-06-21 18:47:00 - GET /api/v1/teams/ 200
2026-06-21 18:47:00 - PUT /api/v1/teams/6fc4cf2b-39cc-46aa-a2c9-397caddc8463 403
2026-06-21 18:47:00 - DELETE /api/v1/teams/6fc4cf2b-39cc-46aa-a2c9-397caddc8463 403
2026-06-21 18:47:00 - POST /api/v1/players/ 201
2026-06-21 18:47:00 - GET /api/v1/players/ 200
2026-06-21 18:47:00 - PUT /api/v1/players/b76bc03a-c614-4114-9307-e7ccaaadaa75 403
2026-06-21 18:47:00 - DELETE /api/v1/players/b76bc03a-c614-4114-9307-e7ccaaadaa75 403
2026-06-21 18:47:04 - POST /api/v1/auth/signup 201
2026-06-21 18:47:05 - POST /api/v1/auth/login 200
2026-06-21 18:47:05 - POST /api/v1/teams/ 201
2026-06-21 18:47:05 - POST /api/v1/teams/ 201
2026-06-21 18:47:05 - POST /api/v1/players/ 201
2026-06-21 18:47:05 - POST /api/v1/players/ 201
2026-06-21 18:47:05 - POST /api/v1/players/ 201
2026-06-21 18:47:05 - POST /api/v1/teams/6389e33e-f295-4937-9c00-e49550b93855/players/bulk 200
2026-06-21 18:47:06 - POST /api/v1/teams/c9b083d1-78b0-4dbd-8c82-0457f6c6c6e3/players/bulk 400
2026-06-21 18:47:11 - POST /api/v1/auth/signup 201
2026-06-21 18:47:15 - POST /api/v1/auth/signup 201
2026-06-21 18:47:16 - POST /api/v1/auth/login 200
2026-06-21 18:47:18 - POST /api/v1/auth/login 200
2026-06-21 18:47:18 - POST /api/v1/teams/ 201
2026-06-21 18:47:18 - POST /api/v1/teams/ 201
2026-06-21 18:47:18 - POST /api/v1/matches/ 201
2026-06-21 18:47:18 - POST /api/v1/matches/2ae8769b-499e-4f7f-b95b-5f646e49c394/toss 403
2026-06-21 18:47:18 - POST /api/v1/matches/2ae8769b-499e-4f7f-b95b-5f646e49c394/toss 200
2026-06-21 18:47:22 - GET /api/v1/debug-env 200
2026-06-21 18:47:22 - GET /api/v1/debug-env 404
2026-06-21 18:47:24 - POST /api/v1/auth/login 200
2026-06-21 18:47:24 - POST /api/v1/players/ 201
2026-06-21 18:47:24 - POST /api/v1/players/ 201
2026-06-21 18:47:24 - POST /api/v1/players/ 201
2026-06-21 18:47:24 - POST /api/v1/players/ 201
2026-06-21 18:47:24 - POST /api/v1/teams/ 201
2026-06-21 18:47:24 - POST /api/v1/teams/ 201
2026-06-21 18:47:24 - POST /api/v1/teams/5df07e5b-82fc-4989-bc1c-5250c29d3797/players 200
2026-06-21 18:47:24 - POST /api/v1/teams/5df07e5b-82fc-4989-bc1c-5250c29d3797/players 200
2026-06-21 18:47:24 - POST /api/v1/teams/31637dba-6904-48de-b1e4-93906cd116c4/players 200
2026-06-21 18:47:25 - POST /api/v1/teams/31637dba-6904-48de-b1e4-93906cd116c4/players 200
2026-06-21 18:47:25 - POST /api/v1/matches/ 201
2026-06-21 18:47:25 - POST /api/v1/matches/fb1337b7-ed7d-4009-8926-996d850cba76/toss 200
2026-06-21 18:47:25 - POST /api/v1/matches/fb1337b7-ed7d-4009-8926-996d850cba76/squads 400
2026-06-21 18:47:25 - POST /api/v1/matches/fb1337b7-ed7d-4009-8926-996d850cba76/squads 200
2026-06-21 18:47:25 - POST /api/v1/matches/fb1337b7-ed7d-4009-8926-996d850cba76/squads 400
2026-06-21 18:47:25 - POST /api/v1/matches/fb1337b7-ed7d-4009-8926-996d850cba76/squads 200
2026-06-21 18:47:26 - POST /api/v1/auth/google 200
2026-06-21 18:47:27 - POST /api/v1/auth/google 400
2026-06-21 18:47:28 - POST /api/v1/auth/google 400
2026-06-21 18:47:29 - POST /api/v1/auth/google 400
2026-06-21 18:47:30 - POST /api/v1/auth/google 400
2026-06-21 18:47:32 - POST /api/v1/auth/login 200
2026-06-21 18:47:32 - POST /api/v1/players/ 201
2026-06-21 18:47:32 - POST /api/v1/players/ 201
2026-06-21 18:47:32 - POST /api/v1/teams/ 201
2026-06-21 18:47:32 - POST /api/v1/teams/ 201
2026-06-21 18:47:32 - POST /api/v1/matches/ 201
2026-06-21 18:47:32 - GET /api/v1/matches/ 200
2026-06-21 18:47:37 - POST /api/v1/auth/login 200
2026-06-21 18:47:39 - POST /api/v1/auth/login 200
2026-06-21 18:47:40 - POST /api/v1/auth/login 200
2026-06-21 18:47:40 - POST /api/v1/matches/ 201
2026-06-21 18:47:40 - POST /api/v1/matches/a20152e8-0cad-4f4f-9f13-08afd83ba147/toss 200
2026-06-21 18:47:40 - POST /api/v1/matches/a20152e8-0cad-4f4f-9f13-08afd83ba147/toss 403
2026-06-21 18:47:40 - POST /api/v1/matches/ 201
2026-06-21 18:47:40 - POST /api/v1/matches/56fc1aab-dbb6-4ccf-b273-f2498c42f69b/toss 200
2026-06-21 18:47:40 - POST /api/v1/matches/ 201
2026-06-21 18:47:40 - POST /api/v1/matches/ffecd60e-9a24-4637-9f0b-984c3470619e/toss 200
2026-06-21 18:47:40 - POST /api/v1/matches/ffecd60e-9a24-4637-9f0b-984c3470619e/toss 403
2026-06-21 18:47:42 - POST /api/v1/auth/login 200
2026-06-21 18:47:42 - POST /api/v1/players/ 201
2026-06-21 18:47:42 - POST /api/v1/players/ 201
2026-06-21 18:47:42 - POST /api/v1/players/ 422
2026-06-21 18:47:42 - POST /api/v1/players/ 422
2026-06-21 18:47:43 - GET /api/v1/players/4d2420f3-5905-47ce-bebb-6c539581c6b4 200
2026-06-21 18:47:43 - PUT /api/v1/players/4d2420f3-5905-47ce-bebb-6c539581c6b4 200
2026-06-21 18:47:43 - DELETE /api/v1/players/4d2420f3-5905-47ce-bebb-6c539581c6b4 204
2026-06-21 18:47:43 - GET /api/v1/players/4d2420f3-5905-47ce-bebb-6c539581c6b4 404
2026-06-21 18:47:46 - POST /api/v1/auth/login 200
2026-06-21 18:47:46 - POST /api/v1/players/ 201
2026-06-21 18:47:46 - POST /api/v1/players/ 201
2026-06-21 18:47:46 - POST /api/v1/teams/ 201
2026-06-21 18:47:46 - POST /api/v1/teams/66ed6071-6359-4dcb-a451-2d3db95377ef/players 200
2026-06-21 18:47:46 - PUT /api/v1/teams/66ed6071-6359-4dcb-a451-2d3db95377ef 200
2026-06-21 18:47:46 - PUT /api/v1/teams/66ed6071-6359-4dcb-a451-2d3db95377ef 400
2026-06-21 18:47:46 - POST /api/v1/teams/ 201
2026-06-21 18:47:46 - POST /api/v1/teams/931028ce-4e5a-4ab1-8d7c-af281a4b0d7f/players 400
2026-06-21 18:47:46 - DELETE /api/v1/teams/66ed6071-6359-4dcb-a451-2d3db95377ef/players/b00b3321-7dde-4204-b349-44e91fd67f9d 200
2026-06-21 18:47:46 - DELETE /api/v1/teams/66ed6071-6359-4dcb-a451-2d3db95377ef 204
2026-06-21 18:47:48 - POST /api/v1/auth/login 200
2026-06-21 18:47:48 - POST /api/v1/players/ 201
2026-06-21 18:47:48 - POST /api/v1/players/ 201
2026-06-21 18:47:48 - POST /api/v1/teams/ 201
2026-06-21 18:47:48 - POST /api/v1/teams/ 201
2026-06-21 18:47:49 - POST /api/v1/teams/e43ef026-b812-4f72-a607-71d3aac94810/players 200
2026-06-21 18:47:49 - POST /api/v1/teams/2bac0b5d-d387-4f9c-908f-ae3bbacf3696/players 200
2026-06-21 18:47:49 - POST /api/v1/matches/ 201
2026-06-21 18:47:49 - POST /api/v1/matches/3d4091ad-3064-4be7-8c89-5e234faa0fbd/squads 200
2026-06-21 18:47:49 - POST /api/v1/matches/3d4091ad-3064-4be7-8c89-5e234faa0fbd/toss 200
2026-06-21 18:47:49 - DELETE /api/v1/players/57181123-668c-43ea-a835-56156c74917d 400
2026-06-21 18:47:49 - DELETE /api/v1/teams/e43ef026-b812-4f72-a607-71d3aac94810/players/57181123-668c-43ea-a835-56156c74917d 400
2026-06-21 18:47:49 - DELETE /api/v1/teams/e43ef026-b812-4f72-a607-71d3aac94810 400
2026-06-21 18:47:55 - POST /api/v1/auth/login 200
2026-06-21 18:47:55 - GET /api/v1/profile/ 200
2026-06-21 18:47:59 - POST /api/v1/auth/login 200
2026-06-21 18:47:59 - PUT /api/v1/profile/ 200
2026-06-21 18:47:59 - PUT /api/v1/profile/ 400
2026-06-21 18:48:01 - POST /api/v1/auth/login 200
2026-06-21 18:48:01 - GET /api/v1/profile/stats 200
2026-06-21 18:48:04 - POST /api/v1/auth/login 200
2026-06-21 18:48:04 - GET /api/v1/profile/activity 200
2026-06-21 18:48:04 - GET /api/v1/profile/achievements 200
2026-06-21 18:48:05 - POST /api/v1/auth/login 200
2026-06-21 18:48:06 - POST /api/v1/profile/upload-photo 200
2026-06-21 18:48:06 - GET /api/v1/profile/ 200
2026-06-21 18:48:08 - POST /api/v1/auth/login 200
2026-06-21 18:48:08 - POST /api/v1/players/ 201
2026-06-21 18:48:08 - POST /api/v1/players/ 201
2026-06-21 18:48:08 - POST /api/v1/players/ 201
2026-06-21 18:48:08 - POST /api/v1/players/ 201
2026-06-21 18:48:08 - POST /api/v1/players/ 201
2026-06-21 18:48:08 - POST /api/v1/teams/ 201
2026-06-21 18:48:08 - POST /api/v1/teams/ 201
2026-06-21 18:48:08 - POST /api/v1/teams/7d63df0a-fe2e-4033-8d14-1011e2cff63d/players 200
2026-06-21 18:48:08 - POST /api/v1/teams/7d63df0a-fe2e-4033-8d14-1011e2cff63d/players 200
2026-06-21 18:48:08 - POST /api/v1/teams/7d63df0a-fe2e-4033-8d14-1011e2cff63d/players 200
2026-06-21 18:48:08 - POST /api/v1/teams/bde42edd-cab5-46c3-8ab7-566caf9b407b/players 200
2026-06-21 18:48:08 - POST /api/v1/teams/bde42edd-cab5-46c3-8ab7-566caf9b407b/players 200
2026-06-21 18:48:08 - POST /api/v1/matches/ 201
2026-06-21 18:48:08 - POST /api/v1/matches/5677ac31-da70-415c-9310-b0fd4204562d/toss 200
2026-06-21 18:48:08 - POST /api/v1/matches/5677ac31-da70-415c-9310-b0fd4204562d/squads 200
2026-06-21 18:48:08 - POST /api/v1/matches/5677ac31-da70-415c-9310-b0fd4204562d/squads 200
2026-06-21 18:48:08 - POST /api/v1/matches/5677ac31-da70-415c-9310-b0fd4204562d/balls 201
2026-06-21 18:48:08 - POST /api/v1/matches/5677ac31-da70-415c-9310-b0fd4204562d/balls 201
2026-06-21 18:48:08 - POST /api/v1/matches/5677ac31-da70-415c-9310-b0fd4204562d/balls 201
2026-06-21 18:48:08 - POST /api/v1/matches/5677ac31-da70-415c-9310-b0fd4204562d/balls 201
2026-06-21 18:48:08 - POST /api/v1/matches/5677ac31-da70-415c-9310-b0fd4204562d/balls 201
2026-06-21 18:48:08 - POST /api/v1/matches/5677ac31-da70-415c-9310-b0fd4204562d/balls 201
2026-06-21 18:48:08 - POST /api/v1/matches/5677ac31-da70-415c-9310-b0fd4204562d/balls 201
2026-06-21 18:48:08 - POST /api/v1/matches/5677ac31-da70-415c-9310-b0fd4204562d/balls 201
2026-06-21 18:48:08 - POST /api/v1/matches/5677ac31-da70-415c-9310-b0fd4204562d/balls 201
2026-06-21 18:48:09 - POST /api/v1/matches/5677ac31-da70-415c-9310-b0fd4204562d/balls 201
2026-06-21 18:48:09 - POST /api/v1/matches/5677ac31-da70-415c-9310-b0fd4204562d/balls 201
2026-06-21 18:48:09 - POST /api/v1/matches/5677ac31-da70-415c-9310-b0fd4204562d/balls 201
2026-06-21 18:48:09 - GET /api/v1/matches/5677ac31-da70-415c-9310-b0fd4204562d/scorecard 200
2026-06-21 18:48:09 - GET /api/v1/players/22c3d113-1ef9-4aeb-97cb-25c2cf954ea3 200
2026-06-21 18:48:12 - POST /api/v1/auth/login 200
2026-06-21 18:48:12 - POST /api/v1/players/ 201
2026-06-21 18:48:12 - POST /api/v1/players/ 201
2026-06-21 18:48:12 - POST /api/v1/players/ 201
2026-06-21 18:48:12 - POST /api/v1/players/ 201
2026-06-21 18:48:12 - POST /api/v1/players/ 201
2026-06-21 18:48:12 - POST /api/v1/teams/ 201
2026-06-21 18:48:12 - POST /api/v1/teams/ 201
2026-06-21 18:48:12 - POST /api/v1/teams/d5bae1cc-0f6a-4940-94e2-75373334ed3c/players 200
2026-06-21 18:48:12 - POST /api/v1/teams/d5bae1cc-0f6a-4940-94e2-75373334ed3c/players 200
2026-06-21 18:48:12 - POST /api/v1/teams/d5bae1cc-0f6a-4940-94e2-75373334ed3c/players 200
2026-06-21 18:48:12 - POST /api/v1/teams/9bb0759b-5b97-4c66-bceb-9437b46eaadd/players 200
2026-06-21 18:48:12 - POST /api/v1/teams/9bb0759b-5b97-4c66-bceb-9437b46eaadd/players 200
2026-06-21 18:48:12 - POST /api/v1/matches/ 201
2026-06-21 18:48:13 - POST /api/v1/matches/b7d1fbb9-0daa-45a2-bc96-0453d61e2b76/toss 200
2026-06-21 18:48:13 - POST /api/v1/matches/b7d1fbb9-0daa-45a2-bc96-0453d61e2b76/squads 200
2026-06-21 18:48:13 - POST /api/v1/matches/b7d1fbb9-0daa-45a2-bc96-0453d61e2b76/squads 200
2026-06-21 18:48:13 - POST /api/v1/matches/b7d1fbb9-0daa-45a2-bc96-0453d61e2b76/balls 201
2026-06-21 18:48:13 - POST /api/v1/matches/b7d1fbb9-0daa-45a2-bc96-0453d61e2b76/balls 201
2026-06-21 18:48:13 - POST /api/v1/matches/b7d1fbb9-0daa-45a2-bc96-0453d61e2b76/balls 201
2026-06-21 18:48:13 - POST /api/v1/matches/b7d1fbb9-0daa-45a2-bc96-0453d61e2b76/balls 201
2026-06-21 18:48:13 - POST /api/v1/matches/b7d1fbb9-0daa-45a2-bc96-0453d61e2b76/balls 201
2026-06-21 18:48:13 - GET /api/v1/matches/b7d1fbb9-0daa-45a2-bc96-0453d61e2b76/scorecard 200
2026-06-21 18:48:16 - POST /api/v1/auth/login 200
2026-06-21 18:48:16 - POST /api/v1/players/ 201
2026-06-21 18:48:16 - POST /api/v1/players/ 201
2026-06-21 18:48:16 - POST /api/v1/players/ 201
2026-06-21 18:48:16 - POST /api/v1/players/ 201
2026-06-21 18:48:16 - POST /api/v1/teams/ 201
2026-06-21 18:48:16 - POST /api/v1/teams/ 201
2026-06-21 18:48:16 - POST /api/v1/teams/fe9d25e3-9fe7-44fb-8057-0be58c309b58/players 200
2026-06-21 18:48:16 - POST /api/v1/teams/fe9d25e3-9fe7-44fb-8057-0be58c309b58/players 200
2026-06-21 18:48:16 - POST /api/v1/teams/944a10cf-35c2-4fc6-9165-bca28e55fa58/players 200
2026-06-21 18:48:16 - POST /api/v1/teams/944a10cf-35c2-4fc6-9165-bca28e55fa58/players 200
2026-06-21 18:48:16 - POST /api/v1/matches/ 201
2026-06-21 18:48:16 - POST /api/v1/matches/86d5b175-de80-4bfb-959b-de0fae565a3c/toss 200
2026-06-21 18:48:16 - POST /api/v1/matches/86d5b175-de80-4bfb-959b-de0fae565a3c/squads 200
2026-06-21 18:48:17 - POST /api/v1/matches/86d5b175-de80-4bfb-959b-de0fae565a3c/squads 200
2026-06-21 18:48:17 - POST /api/v1/matches/86d5b175-de80-4bfb-959b-de0fae565a3c/balls 201
2026-06-21 18:48:17 - POST /api/v1/matches/86d5b175-de80-4bfb-959b-de0fae565a3c/balls 201
2026-06-21 18:48:17 - POST /api/v1/matches/86d5b175-de80-4bfb-959b-de0fae565a3c/balls 201
2026-06-21 18:48:17 - POST /api/v1/matches/86d5b175-de80-4bfb-959b-de0fae565a3c/balls 201
2026-06-21 18:48:17 - POST /api/v1/matches/86d5b175-de80-4bfb-959b-de0fae565a3c/balls 201
2026-06-21 18:48:17 - POST /api/v1/matches/86d5b175-de80-4bfb-959b-de0fae565a3c/balls 201
2026-06-21 18:48:17 - POST /api/v1/matches/86d5b175-de80-4bfb-959b-de0fae565a3c/balls 201
2026-06-21 18:48:18 - GET /api/v1/matches/86d5b175-de80-4bfb-959b-de0fae565a3c/scorecard 200
2026-06-21 18:48:20 - POST /api/v1/auth/signup 201
2026-06-21 18:48:22 - POST /api/v1/auth/login 200
2026-06-21 18:48:28 - POST /api/v1/auth/login 200
2026-06-21 18:48:28 - POST /api/v1/players/ 201
2026-06-21 18:48:28 - POST /api/v1/players/ 201
2026-06-21 18:48:28 - POST /api/v1/players/ 201
2026-06-21 18:48:28 - POST /api/v1/players/ 201
2026-06-21 18:48:28 - POST /api/v1/players/ 201
2026-06-21 18:48:28 - POST /api/v1/teams/ 201
2026-06-21 18:48:28 - POST /api/v1/teams/ 201
2026-06-21 18:48:28 - POST /api/v1/teams/11c2e98c-1243-4e9b-a19b-abd1790954cb/players 200
2026-06-21 18:48:29 - POST /api/v1/teams/11c2e98c-1243-4e9b-a19b-abd1790954cb/players 200
2026-06-21 18:48:29 - POST /api/v1/teams/11c2e98c-1243-4e9b-a19b-abd1790954cb/players 200
2026-06-21 18:48:29 - POST /api/v1/teams/d5c7b3dd-ec36-45c9-8df7-6bc3eecd09b9/players 200
2026-06-21 18:48:29 - POST /api/v1/teams/d5c7b3dd-ec36-45c9-8df7-6bc3eecd09b9/players 200
2026-06-21 18:48:29 - POST /api/v1/matches/ 201
2026-06-21 18:48:29 - POST /api/v1/matches/99dbb0d3-dbd2-4c32-b991-c10426a1fde3/toss 200
2026-06-21 18:48:29 - POST /api/v1/matches/99dbb0d3-dbd2-4c32-b991-c10426a1fde3/squads 200
2026-06-21 18:48:29 - POST /api/v1/matches/99dbb0d3-dbd2-4c32-b991-c10426a1fde3/squads 200
2026-06-21 18:48:29 - POST /api/v1/matches/99dbb0d3-dbd2-4c32-b991-c10426a1fde3/balls 201
2026-06-21 18:48:29 - GET /api/v1/matches/99dbb0d3-dbd2-4c32-b991-c10426a1fde3/live 200
2026-06-21 18:48:29 - POST /api/v1/matches/99dbb0d3-dbd2-4c32-b991-c10426a1fde3/balls 201
2026-06-21 18:48:29 - GET /api/v1/matches/99dbb0d3-dbd2-4c32-b991-c10426a1fde3/live 200
2026-06-21 18:48:29 - POST /api/v1/matches/99dbb0d3-dbd2-4c32-b991-c10426a1fde3/balls 201
2026-06-21 18:48:29 - GET /api/v1/matches/99dbb0d3-dbd2-4c32-b991-c10426a1fde3/live 200
2026-06-21 18:48:30 - POST /api/v1/matches/99dbb0d3-dbd2-4c32-b991-c10426a1fde3/balls 201
2026-06-21 18:48:30 - GET /api/v1/matches/99dbb0d3-dbd2-4c32-b991-c10426a1fde3/live 200
2026-06-21 18:48:30 - POST /api/v1/matches/99dbb0d3-dbd2-4c32-b991-c10426a1fde3/undo 200
2026-06-21 18:48:30 - GET /api/v1/matches/99dbb0d3-dbd2-4c32-b991-c10426a1fde3/live 200
2026-06-21 18:48:30 - GET /api/v1/auth/me 401
2026-06-21 18:48:31 - GET /api/v1/auth/me 401
2026-06-21 18:48:32 - POST /api/v1/auth/login 200
2026-06-21 18:48:32 - POST /api/v1/players/ 201
2026-06-21 18:48:32 - POST /api/v1/players/ 201
2026-06-21 18:48:32 - POST /api/v1/players/ 201
2026-06-21 18:48:32 - POST /api/v1/players/ 201
2026-06-21 18:48:32 - POST /api/v1/players/ 201
2026-06-21 18:48:32 - POST /api/v1/teams/ 201
2026-06-21 18:48:32 - POST /api/v1/teams/ 201
2026-06-21 18:48:32 - POST /api/v1/teams/177e4b55-396f-410a-a4d9-7314efe9fe1c/players 200
2026-06-21 18:48:32 - POST /api/v1/teams/177e4b55-396f-410a-a4d9-7314efe9fe1c/players 200
2026-06-21 18:48:32 - POST /api/v1/teams/177e4b55-396f-410a-a4d9-7314efe9fe1c/players 200
2026-06-21 18:48:32 - POST /api/v1/teams/c529e83b-43f2-4af0-bc6f-eb69f8adea86/players 200
2026-06-21 18:48:32 - POST /api/v1/teams/c529e83b-43f2-4af0-bc6f-eb69f8adea86/players 200
2026-06-21 18:48:32 - POST /api/v1/matches/ 201
2026-06-21 18:48:32 - POST /api/v1/matches/08bb63e3-3782-49a6-b960-b7e9555b6542/toss 200
2026-06-21 18:48:32 - POST /api/v1/matches/08bb63e3-3782-49a6-b960-b7e9555b6542/squads 200
2026-06-21 18:48:32 - POST /api/v1/matches/08bb63e3-3782-49a6-b960-b7e9555b6542/squads 200
2026-06-21 18:48:32 - POST /api/v1/matches/08bb63e3-3782-49a6-b960-b7e9555b6542/balls 201
2026-06-21 18:48:32 - GET /api/v1/matches/08bb63e3-3782-49a6-b960-b7e9555b6542/live 200
2026-06-21 18:48:32 - POST /api/v1/matches/08bb63e3-3782-49a6-b960-b7e9555b6542/balls 201
2026-06-21 18:48:32 - GET /api/v1/matches/08bb63e3-3782-49a6-b960-b7e9555b6542/live 200
2026-06-21 18:48:32 - POST /api/v1/matches/08bb63e3-3782-49a6-b960-b7e9555b6542/balls 201
2026-06-21 18:48:32 - GET /api/v1/matches/08bb63e3-3782-49a6-b960-b7e9555b6542/live 200
2026-06-21 18:48:32 - POST /api/v1/matches/08bb63e3-3782-49a6-b960-b7e9555b6542/balls 201
2026-06-21 18:48:32 - GET /api/v1/matches/08bb63e3-3782-49a6-b960-b7e9555b6542/live 200
2026-06-21 18:48:32 - POST /api/v1/matches/08bb63e3-3782-49a6-b960-b7e9555b6542/balls 201
2026-06-21 18:48:32 - GET /api/v1/matches/08bb63e3-3782-49a6-b960-b7e9555b6542/live 200
2026-06-21 18:48:33 - POST /api/v1/matches/08bb63e3-3782-49a6-b960-b7e9555b6542/balls 201
2026-06-21 18:48:33 - GET /api/v1/matches/08bb63e3-3782-49a6-b960-b7e9555b6542/live 200
2026-06-21 18:48:33 - POST /api/v1/matches/08bb63e3-3782-49a6-b960-b7e9555b6542/balls 201
2026-06-21 18:48:33 - GET /api/v1/matches/08bb63e3-3782-49a6-b960-b7e9555b6542/live 200
2026-06-21 18:48:33 - GET /api/v1/matches/08bb63e3-3782-49a6-b960-b7e9555b6542/scorecard 200
2026-06-21 18:48:37 - POST /api/v1/auth/signup 201
2026-06-21 18:48:42 - POST /api/v1/auth/signup 201
2026-06-21 18:48:48 - POST /api/v1/auth/signup 422
2026-06-21 18:48:48 - POST /api/v1/auth/signup 422
2026-06-21 18:48:48 - POST /api/v1/auth/signup 422
2026-06-21 18:48:48 - POST /api/v1/auth/signup 201
2026-06-21 18:48:48 - POST /api/v1/auth/signup 422
2026-06-21 18:48:49 - POST /api/v1/auth/login 200
2026-06-21 18:48:51 - POST /api/v1/auth/login 200
2026-06-21 18:48:52 - POST /api/v1/auth/login 200
2026-06-21 18:48:52 - POST /api/v1/teams/ 201
2026-06-21 18:48:52 - GET /api/v1/teams/my-teams 200
2026-06-21 18:48:52 - POST /api/v1/teams/430762bb-18fc-4a58-89a1-8f87a213d5d7/join-request 200
2026-06-21 18:48:52 - GET /api/v1/teams/my-teams 200
2026-06-21 18:48:52 - POST /api/v1/teams/430762bb-18fc-4a58-89a1-8f87a213d5d7/approve-request 403
2026-06-21 18:48:52 - POST /api/v1/teams/430762bb-18fc-4a58-89a1-8f87a213d5d7/approve-request 200
2026-06-21 18:48:52 - POST /api/v1/teams/430762bb-18fc-4a58-89a1-8f87a213d5d7/members 200
2026-06-21 18:48:52 - GET /api/v1/teams/430762bb-18fc-4a58-89a1-8f87a213d5d7/members 200
2026-06-21 18:48:52 - DELETE /api/v1/teams/430762bb-18fc-4a58-89a1-8f87a213d5d7/members/72b21eff-32a3-4e5e-a6bb-4c890cadc1c2 204
2026-06-21 18:48:52 - GET /api/v1/teams/430762bb-18fc-4a58-89a1-8f87a213d5d7/members 200
2026-06-21 18:48:53 - POST /api/v1/auth/signup 201
2026-06-21 18:48:53 - POST /api/v1/auth/login 400
2026-06-21 18:48:53 - POST /api/v1/auth/verify-otp 200
2026-06-21 18:48:54 - POST /api/v1/auth/login 200
2026-06-21 18:48:54 - POST /api/v1/tournaments/ 201
2026-06-21 18:48:54 - POST /api/v1/players/ 201
2026-06-21 18:48:54 - POST /api/v1/players/ 201
2026-06-21 18:48:54 - POST /api/v1/players/ 201
2026-06-21 18:48:54 - POST /api/v1/players/ 201
2026-06-21 18:48:54 - POST /api/v1/teams/ 201
2026-06-21 18:48:54 - POST /api/v1/teams/2a3e32f2-2dac-45c4-8a90-cccf865b697d/players 200
2026-06-21 18:48:54 - POST /api/v1/teams/2a3e32f2-2dac-45c4-8a90-cccf865b697d/players 200
2026-06-21 18:48:55 - POST /api/v1/teams/2a3e32f2-2dac-45c4-8a90-cccf865b697d/players 200
2026-06-21 18:48:55 - POST /api/v1/teams/2a3e32f2-2dac-45c4-8a90-cccf865b697d/players 200
2026-06-21 18:48:55 - POST /api/v1/tournaments/33345ee6-fcdc-4c83-b6da-2680ded4b951/teams 400
2026-06-21 18:48:55 - POST /api/v1/players/ 201
2026-06-21 18:48:55 - POST /api/v1/teams/2a3e32f2-2dac-45c4-8a90-cccf865b697d/players 200
2026-06-21 18:48:55 - POST /api/v1/tournaments/33345ee6-fcdc-4c83-b6da-2680ded4b951/teams 200
2026-06-21 18:48:55 - DELETE /api/v1/tournaments/33345ee6-fcdc-4c83-b6da-2680ded4b951/teams/2a3e32f2-2dac-45c4-8a90-cccf865b697d 200
2026-06-21 18:48:58 - POST /api/v1/auth/login 200
2026-06-21 18:48:58 - POST /api/v1/teams/ 201
2026-06-21 18:48:58 - POST /api/v1/players/ 201
2026-06-21 18:48:58 - POST /api/v1/teams/9c708651-6392-4dd2-b3d0-621edddb9d03/players 200
2026-06-21 18:48:58 - POST /api/v1/players/ 201
2026-06-21 18:48:58 - POST /api/v1/teams/9c708651-6392-4dd2-b3d0-621edddb9d03/players 200
2026-06-21 18:48:58 - POST /api/v1/players/ 201
2026-06-21 18:48:58 - POST /api/v1/teams/9c708651-6392-4dd2-b3d0-621edddb9d03/players 200
2026-06-21 18:48:58 - POST /api/v1/players/ 201
2026-06-21 18:48:58 - POST /api/v1/teams/9c708651-6392-4dd2-b3d0-621edddb9d03/players 200
2026-06-21 18:48:58 - POST /api/v1/players/ 201
2026-06-21 18:48:58 - POST /api/v1/teams/9c708651-6392-4dd2-b3d0-621edddb9d03/players 200
2026-06-21 18:48:58 - POST /api/v1/teams/ 201
2026-06-21 18:48:58 - POST /api/v1/players/ 201
2026-06-21 18:48:58 - POST /api/v1/teams/92335737-f4f3-4d8c-b1f9-28c65dc618a1/players 200
2026-06-21 18:48:58 - POST /api/v1/auth/signup 201
2026-06-21 18:48:59 - POST /api/v1/auth/resend-otp 429
2026-06-21 18:48:59 - POST /api/v1/players/ 201
2026-06-21 18:48:59 - POST /api/v1/teams/92335737-f4f3-4d8c-b1f9-28c65dc618a1/players 200
2026-06-21 18:48:59 - POST /api/v1/players/ 201
2026-06-21 18:48:59 - POST /api/v1/teams/92335737-f4f3-4d8c-b1f9-28c65dc618a1/players 200
2026-06-21 18:48:59 - POST /api/v1/players/ 201
2026-06-21 18:48:59 - POST /api/v1/teams/92335737-f4f3-4d8c-b1f9-28c65dc618a1/players 200
2026-06-21 18:48:59 - POST /api/v1/players/ 201
2026-06-21 18:48:59 - POST /api/v1/teams/92335737-f4f3-4d8c-b1f9-28c65dc618a1/players 200
2026-06-21 18:48:59 - POST /api/v1/tournaments/ 201
2026-06-21 18:49:00 - POST /api/v1/tournaments/63ccbaa3-e55d-43c6-9285-73cdd043066e/teams 200
2026-06-21 18:49:00 - POST /api/v1/tournaments/63ccbaa3-e55d-43c6-9285-73cdd043066e/teams 200
2026-06-21 18:49:00 - POST /api/v1/tournaments/63ccbaa3-e55d-43c6-9285-73cdd043066e/fixtures/generate 201
2026-06-21 18:49:00 - GET /api/v1/tournaments/63ccbaa3-e55d-43c6-9285-73cdd043066e/dashboard 200
2026-06-21 18:49:00 - POST /api/v1/matches/7fec1023-63f1-4834-8ced-4c33da080ebb/toss 200
2026-06-21 18:49:00 - GET /api/v1/teams/9c708651-6392-4dd2-b3d0-621edddb9d03 200
2026-06-21 18:49:00 - GET /api/v1/teams/92335737-f4f3-4d8c-b1f9-28c65dc618a1 200
2026-06-21 18:49:00 - POST /api/v1/matches/7fec1023-63f1-4834-8ced-4c33da080ebb/squads 200
2026-06-21 18:49:01 - POST /api/v1/matches/7fec1023-63f1-4834-8ced-4c33da080ebb/squads 200
2026-06-21 18:49:01 - POST /api/v1/matches/7fec1023-63f1-4834-8ced-4c33da080ebb/balls 201
2026-06-21 18:49:01 - POST /api/v1/matches/7fec1023-63f1-4834-8ced-4c33da080ebb/balls 201
2026-06-21 18:49:01 - POST /api/v1/matches/7fec1023-63f1-4834-8ced-4c33da080ebb/balls 201
2026-06-21 18:49:01 - POST /api/v1/matches/7fec1023-63f1-4834-8ced-4c33da080ebb/balls 201
2026-06-21 18:49:01 - POST /api/v1/matches/7fec1023-63f1-4834-8ced-4c33da080ebb/balls 201
2026-06-21 18:49:01 - POST /api/v1/matches/7fec1023-63f1-4834-8ced-4c33da080ebb/balls 201
2026-06-21 18:49:01 - POST /api/v1/matches/7fec1023-63f1-4834-8ced-4c33da080ebb/balls 201
2026-06-21 18:49:02 - POST /api/v1/matches/7fec1023-63f1-4834-8ced-4c33da080ebb/balls 201
2026-06-21 18:49:02 - POST /api/v1/matches/7fec1023-63f1-4834-8ced-4c33da080ebb/balls 201
2026-06-21 18:49:02 - GET /api/v1/tournaments/63ccbaa3-e55d-43c6-9285-73cdd043066e/points-table 200
2026-06-21 18:49:02 - GET /api/v1/tournaments/63ccbaa3-e55d-43c6-9285-73cdd043066e/leaderboards 200
2026-06-21 18:49:03 - POST /api/v1/auth/resend-otp 200
2026-06-21 18:49:05 - POST /api/v1/auth/login 200
2026-06-21 18:49:05 - POST /api/v1/teams/ 201
2026-06-21 18:49:05 - POST /api/v1/players/ 201
2026-06-21 18:49:05 - POST /api/v1/teams/4e5b6c86-34b4-4a48-b63a-b02e00e0e2af/players 200
2026-06-21 18:49:05 - POST /api/v1/players/ 201
2026-06-21 18:49:05 - POST /api/v1/teams/4e5b6c86-34b4-4a48-b63a-b02e00e0e2af/players 200
2026-06-21 18:49:05 - POST /api/v1/players/ 201
2026-06-21 18:49:05 - POST /api/v1/teams/4e5b6c86-34b4-4a48-b63a-b02e00e0e2af/players 200
2026-06-21 18:49:06 - POST /api/v1/players/ 201
2026-06-21 18:49:06 - POST /api/v1/teams/4e5b6c86-34b4-4a48-b63a-b02e00e0e2af/players 200
2026-06-21 18:49:06 - POST /api/v1/players/ 201
2026-06-21 18:49:06 - POST /api/v1/teams/4e5b6c86-34b4-4a48-b63a-b02e00e0e2af/players 200
2026-06-21 18:49:06 - POST /api/v1/teams/ 201
2026-06-21 18:49:06 - POST /api/v1/players/ 201
2026-06-21 18:49:06 - POST /api/v1/teams/dc8138a3-fb35-4aca-a6c2-6f52ec446805/players 200
2026-06-21 18:49:06 - POST /api/v1/players/ 201
2026-06-21 18:49:06 - POST /api/v1/teams/dc8138a3-fb35-4aca-a6c2-6f52ec446805/players 200
2026-06-21 18:49:06 - POST /api/v1/players/ 201
2026-06-21 18:49:06 - POST /api/v1/teams/dc8138a3-fb35-4aca-a6c2-6f52ec446805/players 200
2026-06-21 18:49:06 - POST /api/v1/players/ 201
2026-06-21 18:49:06 - POST /api/v1/teams/dc8138a3-fb35-4aca-a6c2-6f52ec446805/players 200
2026-06-21 18:49:06 - POST /api/v1/players/ 201
2026-06-21 18:49:06 - POST /api/v1/teams/dc8138a3-fb35-4aca-a6c2-6f52ec446805/players 200
2026-06-21 18:49:06 - POST /api/v1/teams/ 201
2026-06-21 18:49:06 - POST /api/v1/players/ 201
2026-06-21 18:49:06 - POST /api/v1/teams/a2639e73-ad72-4c92-9a90-13e99acbc3bc/players 200
2026-06-21 18:49:06 - POST /api/v1/players/ 201
2026-06-21 18:49:06 - POST /api/v1/teams/a2639e73-ad72-4c92-9a90-13e99acbc3bc/players 200
2026-06-21 18:49:07 - POST /api/v1/players/ 201
2026-06-21 18:49:07 - POST /api/v1/teams/a2639e73-ad72-4c92-9a90-13e99acbc3bc/players 200
2026-06-21 18:49:07 - POST /api/v1/players/ 201
2026-06-21 18:49:07 - POST /api/v1/teams/a2639e73-ad72-4c92-9a90-13e99acbc3bc/players 200
2026-06-21 18:49:07 - POST /api/v1/players/ 201
2026-06-21 18:49:07 - POST /api/v1/teams/a2639e73-ad72-4c92-9a90-13e99acbc3bc/players 200
2026-06-21 18:49:07 - POST /api/v1/teams/ 201
2026-06-21 18:49:07 - POST /api/v1/players/ 201
2026-06-21 18:49:07 - POST /api/v1/teams/2e649653-620d-4264-b778-86e0f4ae486b/players 200
2026-06-21 18:49:07 - POST /api/v1/players/ 201
2026-06-21 18:49:08 - POST /api/v1/teams/2e649653-620d-4264-b778-86e0f4ae486b/players 200
2026-06-21 18:49:08 - POST /api/v1/players/ 201
2026-06-21 18:49:08 - POST /api/v1/teams/2e649653-620d-4264-b778-86e0f4ae486b/players 200
2026-06-21 18:49:08 - POST /api/v1/players/ 201
2026-06-21 18:49:08 - POST /api/v1/teams/2e649653-620d-4264-b778-86e0f4ae486b/players 200
2026-06-21 18:49:08 - POST /api/v1/players/ 201
2026-06-21 18:49:08 - POST /api/v1/teams/2e649653-620d-4264-b778-86e0f4ae486b/players 200
2026-06-21 18:49:08 - POST /api/v1/tournaments/ 201
2026-06-21 18:49:08 - POST /api/v1/tournaments/a674ad7b-1389-4eb7-a032-3316a95f4f3c/teams 200
2026-06-21 18:49:08 - POST /api/v1/tournaments/a674ad7b-1389-4eb7-a032-3316a95f4f3c/teams 200
2026-06-21 18:49:08 - POST /api/v1/tournaments/a674ad7b-1389-4eb7-a032-3316a95f4f3c/teams 200
2026-06-21 18:49:08 - POST /api/v1/auth/login 400
2026-06-21 18:49:08 - POST /api/v1/tournaments/a674ad7b-1389-4eb7-a032-3316a95f4f3c/teams 200
2026-06-21 18:49:08 - POST /api/v1/tournaments/a674ad7b-1389-4eb7-a032-3316a95f4f3c/fixtures/generate 201
2026-06-21 18:49:08 - GET /api/v1/tournaments/a674ad7b-1389-4eb7-a032-3316a95f4f3c/dashboard 200
2026-06-21 18:49:08 - GET /api/v1/tournaments/a674ad7b-1389-4eb7-a032-3316a95f4f3c/dashboard 200
2026-06-21 18:49:08 - POST /api/v1/matches/2bfea5eb-ac54-4606-b1d7-9cede5288678/toss 200
2026-06-21 18:49:09 - GET /api/v1/teams/4e5b6c86-34b4-4a48-b63a-b02e00e0e2af 200
2026-06-21 18:49:09 - GET /api/v1/teams/2e649653-620d-4264-b778-86e0f4ae486b 200
2026-06-21 18:49:09 - POST /api/v1/matches/2bfea5eb-ac54-4606-b1d7-9cede5288678/squads 200
2026-06-21 18:49:09 - POST /api/v1/matches/2bfea5eb-ac54-4606-b1d7-9cede5288678/squads 200
2026-06-21 18:49:09 - POST /api/v1/matches/2bfea5eb-ac54-4606-b1d7-9cede5288678/balls 201
2026-06-21 18:49:09 - POST /api/v1/matches/2bfea5eb-ac54-4606-b1d7-9cede5288678/balls 201
2026-06-21 18:49:09 - POST /api/v1/matches/2bfea5eb-ac54-4606-b1d7-9cede5288678/balls 201
2026-06-21 18:49:09 - POST /api/v1/matches/2bfea5eb-ac54-4606-b1d7-9cede5288678/balls 201
2026-06-21 18:49:09 - POST /api/v1/matches/2bfea5eb-ac54-4606-b1d7-9cede5288678/balls 201
2026-06-21 18:49:09 - POST /api/v1/matches/2bfea5eb-ac54-4606-b1d7-9cede5288678/balls 201
2026-06-21 18:49:10 - POST /api/v1/matches/2bfea5eb-ac54-4606-b1d7-9cede5288678/balls 201
2026-06-21 18:49:10 - POST /api/v1/matches/2bfea5eb-ac54-4606-b1d7-9cede5288678/balls 201
2026-06-21 18:49:10 - POST /api/v1/matches/2bfea5eb-ac54-4606-b1d7-9cede5288678/balls 201
2026-06-21 18:49:10 - POST /api/v1/auth/login 400
2026-06-21 18:49:10 - POST /api/v1/matches/2bfea5eb-ac54-4606-b1d7-9cede5288678/balls 201
2026-06-21 18:49:10 - POST /api/v1/matches/2bfea5eb-ac54-4606-b1d7-9cede5288678/balls 201
2026-06-21 18:49:10 - POST /api/v1/matches/2bfea5eb-ac54-4606-b1d7-9cede5288678/balls 201
2026-06-21 18:49:10 - POST /api/v1/matches/e998739f-f413-44fd-a54c-c3e796e9c3e3/toss 200
2026-06-21 18:49:10 - GET /api/v1/teams/a2639e73-ad72-4c92-9a90-13e99acbc3bc 200
2026-06-21 18:49:10 - GET /api/v1/teams/2e649653-620d-4264-b778-86e0f4ae486b 200
2026-06-21 18:49:10 - POST /api/v1/matches/e998739f-f413-44fd-a54c-c3e796e9c3e3/squads 200
2026-06-21 18:49:10 - POST /api/v1/matches/e998739f-f413-44fd-a54c-c3e796e9c3e3/squads 200
2026-06-21 18:49:11 - POST /api/v1/matches/e998739f-f413-44fd-a54c-c3e796e9c3e3/balls 201
2026-06-21 18:49:11 - POST /api/v1/matches/e998739f-f413-44fd-a54c-c3e796e9c3e3/balls 201
2026-06-21 18:49:11 - POST /api/v1/matches/e998739f-f413-44fd-a54c-c3e796e9c3e3/balls 201
2026-06-21 18:49:11 - POST /api/v1/matches/e998739f-f413-44fd-a54c-c3e796e9c3e3/balls 201
2026-06-21 18:49:11 - POST /api/v1/matches/e998739f-f413-44fd-a54c-c3e796e9c3e3/balls 201
2026-06-21 18:49:11 - POST /api/v1/matches/e998739f-f413-44fd-a54c-c3e796e9c3e3/balls 201
2026-06-21 18:49:11 - POST /api/v1/matches/e998739f-f413-44fd-a54c-c3e796e9c3e3/balls 201
2026-06-21 18:49:11 - POST /api/v1/matches/e998739f-f413-44fd-a54c-c3e796e9c3e3/balls 201
2026-06-21 18:49:11 - POST /api/v1/matches/e998739f-f413-44fd-a54c-c3e796e9c3e3/balls 201
2026-06-21 18:49:11 - POST /api/v1/auth/login 400
2026-06-21 18:49:11 - POST /api/v1/matches/e998739f-f413-44fd-a54c-c3e796e9c3e3/balls 201
2026-06-21 18:49:11 - POST /api/v1/matches/e998739f-f413-44fd-a54c-c3e796e9c3e3/balls 201
2026-06-21 18:49:12 - POST /api/v1/matches/e998739f-f413-44fd-a54c-c3e796e9c3e3/balls 201
2026-06-21 18:49:12 - POST /api/v1/matches/dfb32a9b-b25d-4319-a1b6-517943294160/toss 200
2026-06-21 18:49:12 - GET /api/v1/teams/dc8138a3-fb35-4aca-a6c2-6f52ec446805 200
2026-06-21 18:49:12 - GET /api/v1/teams/2e649653-620d-4264-b778-86e0f4ae486b 200
2026-06-21 18:49:12 - POST /api/v1/matches/dfb32a9b-b25d-4319-a1b6-517943294160/squads 200
2026-06-21 18:49:12 - POST /api/v1/matches/dfb32a9b-b25d-4319-a1b6-517943294160/squads 200
2026-06-21 18:49:13 - POST /api/v1/matches/dfb32a9b-b25d-4319-a1b6-517943294160/balls 201
2026-06-21 18:49:13 - POST /api/v1/matches/dfb32a9b-b25d-4319-a1b6-517943294160/balls 201
2026-06-21 18:49:13 - POST /api/v1/matches/dfb32a9b-b25d-4319-a1b6-517943294160/balls 201
2026-06-21 18:49:14 - POST /api/v1/matches/dfb32a9b-b25d-4319-a1b6-517943294160/balls 201
2026-06-21 18:49:14 - POST /api/v1/matches/dfb32a9b-b25d-4319-a1b6-517943294160/balls 201
2026-06-21 18:49:14 - POST /api/v1/matches/dfb32a9b-b25d-4319-a1b6-517943294160/balls 201
2026-06-21 18:49:15 - POST /api/v1/matches/dfb32a9b-b25d-4319-a1b6-517943294160/balls 201
2026-06-21 18:49:15 - POST /api/v1/matches/dfb32a9b-b25d-4319-a1b6-517943294160/balls 201
2026-06-21 18:49:15 - POST /api/v1/matches/dfb32a9b-b25d-4319-a1b6-517943294160/balls 201
2026-06-21 18:49:15 - POST /api/v1/auth/login 400
2026-06-21 18:49:15 - POST /api/v1/matches/dfb32a9b-b25d-4319-a1b6-517943294160/balls 201
2026-06-21 18:49:16 - POST /api/v1/matches/dfb32a9b-b25d-4319-a1b6-517943294160/balls 201
2026-06-21 18:49:16 - POST /api/v1/matches/dfb32a9b-b25d-4319-a1b6-517943294160/balls 201
2026-06-21 18:49:16 - POST /api/v1/matches/64f1d017-fa90-4852-9c3f-3adb810ddb2e/toss 200
2026-06-21 18:49:16 - GET /api/v1/teams/4e5b6c86-34b4-4a48-b63a-b02e00e0e2af 200
2026-06-21 18:49:16 - GET /api/v1/teams/a2639e73-ad72-4c92-9a90-13e99acbc3bc 200
2026-06-21 18:49:16 - POST /api/v1/matches/64f1d017-fa90-4852-9c3f-3adb810ddb2e/squads 200
2026-06-21 18:49:16 - POST /api/v1/matches/64f1d017-fa90-4852-9c3f-3adb810ddb2e/squads 200
2026-06-21 18:49:16 - POST /api/v1/matches/64f1d017-fa90-4852-9c3f-3adb810ddb2e/balls 201
2026-06-21 18:49:16 - POST /api/v1/matches/64f1d017-fa90-4852-9c3f-3adb810ddb2e/balls 201
2026-06-21 18:49:17 - POST /api/v1/matches/64f1d017-fa90-4852-9c3f-3adb810ddb2e/balls 201
2026-06-21 18:49:17 - POST /api/v1/matches/64f1d017-fa90-4852-9c3f-3adb810ddb2e/balls 201
2026-06-21 18:49:17 - POST /api/v1/matches/64f1d017-fa90-4852-9c3f-3adb810ddb2e/balls 201
2026-06-21 18:49:17 - POST /api/v1/matches/64f1d017-fa90-4852-9c3f-3adb810ddb2e/balls 201
2026-06-21 18:49:17 - POST /api/v1/matches/64f1d017-fa90-4852-9c3f-3adb810ddb2e/balls 201
2026-06-21 18:49:17 - POST /api/v1/matches/64f1d017-fa90-4852-9c3f-3adb810ddb2e/balls 201
2026-06-21 18:49:17 - POST /api/v1/matches/64f1d017-fa90-4852-9c3f-3adb810ddb2e/balls 201
2026-06-21 18:49:17 - POST /api/v1/auth/login 400
2026-06-21 18:49:17 - POST /api/v1/auth/login 403
2026-06-21 18:49:17 - POST /api/v1/matches/64f1d017-fa90-4852-9c3f-3adb810ddb2e/balls 201
2026-06-21 18:49:17 - POST /api/v1/matches/64f1d017-fa90-4852-9c3f-3adb810ddb2e/balls 201
2026-06-21 18:49:17 - POST /api/v1/matches/64f1d017-fa90-4852-9c3f-3adb810ddb2e/balls 201
2026-06-21 18:49:17 - POST /api/v1/matches/af56812d-1fc6-45cd-b7be-d43fd448c579/toss 200
2026-06-21 18:49:17 - GET /api/v1/teams/4e5b6c86-34b4-4a48-b63a-b02e00e0e2af 200
2026-06-21 18:49:17 - GET /api/v1/teams/dc8138a3-fb35-4aca-a6c2-6f52ec446805 200
2026-06-21 18:49:17 - POST /api/v1/matches/af56812d-1fc6-45cd-b7be-d43fd448c579/squads 200
2026-06-21 18:49:17 - POST /api/v1/matches/af56812d-1fc6-45cd-b7be-d43fd448c579/squads 200
2026-06-21 18:49:17 - POST /api/v1/matches/af56812d-1fc6-45cd-b7be-d43fd448c579/balls 201
2026-06-21 18:49:17 - POST /api/v1/matches/af56812d-1fc6-45cd-b7be-d43fd448c579/balls 201
2026-06-21 18:49:17 - POST /api/v1/matches/af56812d-1fc6-45cd-b7be-d43fd448c579/balls 201
2026-06-21 18:49:17 - POST /api/v1/matches/af56812d-1fc6-45cd-b7be-d43fd448c579/balls 201
2026-06-21 18:49:17 - POST /api/v1/matches/af56812d-1fc6-45cd-b7be-d43fd448c579/balls 201
2026-06-21 18:49:17 - POST /api/v1/matches/af56812d-1fc6-45cd-b7be-d43fd448c579/balls 201
2026-06-21 18:49:17 - POST /api/v1/matches/af56812d-1fc6-45cd-b7be-d43fd448c579/balls 201
2026-06-21 18:49:17 - POST /api/v1/matches/af56812d-1fc6-45cd-b7be-d43fd448c579/balls 201
2026-06-21 18:49:17 - POST /api/v1/matches/af56812d-1fc6-45cd-b7be-d43fd448c579/balls 201
2026-06-21 18:49:17 - POST /api/v1/matches/af56812d-1fc6-45cd-b7be-d43fd448c579/balls 201
2026-06-21 18:49:17 - POST /api/v1/matches/af56812d-1fc6-45cd-b7be-d43fd448c579/balls 201
2026-06-21 18:49:17 - POST /api/v1/auth/login 200
2026-06-21 18:49:17 - POST /api/v1/matches/af56812d-1fc6-45cd-b7be-d43fd448c579/balls 201
2026-06-21 18:49:17 - POST /api/v1/matches/933a3ad8-57b8-4b7e-b4e6-fe2117ac48f0/toss 200
2026-06-21 18:49:17 - GET /api/v1/teams/dc8138a3-fb35-4aca-a6c2-6f52ec446805 200
2026-06-21 18:49:17 - GET /api/v1/teams/a2639e73-ad72-4c92-9a90-13e99acbc3bc 200
2026-06-21 18:49:18 - POST /api/v1/matches/933a3ad8-57b8-4b7e-b4e6-fe2117ac48f0/squads 200
2026-06-21 18:49:18 - POST /api/v1/auth/forgot-password 404
2026-06-21 18:49:18 - POST /api/v1/matches/933a3ad8-57b8-4b7e-b4e6-fe2117ac48f0/squads 200
2026-06-21 18:49:18 - POST /api/v1/matches/933a3ad8-57b8-4b7e-b4e6-fe2117ac48f0/balls 201
2026-06-21 18:49:18 - POST /api/v1/matches/933a3ad8-57b8-4b7e-b4e6-fe2117ac48f0/balls 201
2026-06-21 18:49:18 - POST /api/v1/matches/933a3ad8-57b8-4b7e-b4e6-fe2117ac48f0/balls 201
2026-06-21 18:49:18 - POST /api/v1/matches/933a3ad8-57b8-4b7e-b4e6-fe2117ac48f0/balls 201
2026-06-21 18:49:18 - POST /api/v1/matches/933a3ad8-57b8-4b7e-b4e6-fe2117ac48f0/balls 201
2026-06-21 18:49:18 - POST /api/v1/matches/933a3ad8-57b8-4b7e-b4e6-fe2117ac48f0/balls 201
2026-06-21 18:49:18 - POST /api/v1/matches/933a3ad8-57b8-4b7e-b4e6-fe2117ac48f0/balls 201
2026-06-21 18:49:18 - POST /api/v1/matches/933a3ad8-57b8-4b7e-b4e6-fe2117ac48f0/balls 201
2026-06-21 18:49:19 - POST /api/v1/matches/933a3ad8-57b8-4b7e-b4e6-fe2117ac48f0/balls 201
2026-06-21 18:49:19 - POST /api/v1/matches/933a3ad8-57b8-4b7e-b4e6-fe2117ac48f0/balls 201
2026-06-21 18:49:19 - POST /api/v1/matches/933a3ad8-57b8-4b7e-b4e6-fe2117ac48f0/balls 201
2026-06-21 18:49:19 - POST /api/v1/matches/933a3ad8-57b8-4b7e-b4e6-fe2117ac48f0/balls 201
2026-06-21 18:49:19 - GET /api/v1/tournaments/a674ad7b-1389-4eb7-a032-3316a95f4f3c/dashboard 200
2026-06-21 18:49:19 - POST /api/v1/matches/8067543d-c850-47f6-bfdc-cf2e70abc731/toss 200
2026-06-21 18:49:19 - GET /api/v1/teams/4e5b6c86-34b4-4a48-b63a-b02e00e0e2af 200
2026-06-21 18:49:19 - GET /api/v1/teams/2e649653-620d-4264-b778-86e0f4ae486b 200
2026-06-21 18:49:19 - POST /api/v1/matches/8067543d-c850-47f6-bfdc-cf2e70abc731/squads 200
2026-06-21 18:49:19 - POST /api/v1/matches/8067543d-c850-47f6-bfdc-cf2e70abc731/squads 200
2026-06-21 18:49:19 - POST /api/v1/matches/8067543d-c850-47f6-bfdc-cf2e70abc731/balls 201
2026-06-21 18:49:20 - POST /api/v1/matches/8067543d-c850-47f6-bfdc-cf2e70abc731/balls 201
2026-06-21 18:49:20 - POST /api/v1/matches/8067543d-c850-47f6-bfdc-cf2e70abc731/balls 201
2026-06-21 18:49:20 - POST /api/v1/matches/8067543d-c850-47f6-bfdc-cf2e70abc731/balls 201
2026-06-21 18:49:20 - POST /api/v1/matches/8067543d-c850-47f6-bfdc-cf2e70abc731/balls 201
2026-06-21 18:49:20 - POST /api/v1/matches/8067543d-c850-47f6-bfdc-cf2e70abc731/balls 201
2026-06-21 18:49:20 - POST /api/v1/matches/8067543d-c850-47f6-bfdc-cf2e70abc731/balls 201
2026-06-21 18:49:20 - POST /api/v1/matches/8067543d-c850-47f6-bfdc-cf2e70abc731/balls 201
2026-06-21 18:49:20 - POST /api/v1/matches/8067543d-c850-47f6-bfdc-cf2e70abc731/balls 201
2026-06-21 18:49:20 - POST /api/v1/matches/8067543d-c850-47f6-bfdc-cf2e70abc731/balls 201
2026-06-21 18:49:20 - POST /api/v1/matches/8067543d-c850-47f6-bfdc-cf2e70abc731/balls 201
2026-06-21 18:49:20 - POST /api/v1/matches/8067543d-c850-47f6-bfdc-cf2e70abc731/balls 201
2026-06-21 18:49:20 - POST /api/v1/matches/2e5ec386-fd28-4aad-af95-f78627be49fa/toss 200
2026-06-21 18:49:20 - GET /api/v1/teams/dc8138a3-fb35-4aca-a6c2-6f52ec446805 200
2026-06-21 18:49:21 - GET /api/v1/teams/a2639e73-ad72-4c92-9a90-13e99acbc3bc 200
2026-06-21 18:49:21 - POST /api/v1/matches/2e5ec386-fd28-4aad-af95-f78627be49fa/squads 200
2026-06-21 18:49:21 - POST /api/v1/matches/2e5ec386-fd28-4aad-af95-f78627be49fa/squads 200
2026-06-21 18:49:21 - POST /api/v1/matches/2e5ec386-fd28-4aad-af95-f78627be49fa/balls 201
2026-06-21 18:49:21 - POST /api/v1/matches/2e5ec386-fd28-4aad-af95-f78627be49fa/balls 201
2026-06-21 18:49:21 - POST /api/v1/matches/2e5ec386-fd28-4aad-af95-f78627be49fa/balls 201
2026-06-21 18:49:21 - POST /api/v1/matches/2e5ec386-fd28-4aad-af95-f78627be49fa/balls 201
2026-06-21 18:49:21 - POST /api/v1/matches/2e5ec386-fd28-4aad-af95-f78627be49fa/balls 201
2026-06-21 18:49:21 - POST /api/v1/matches/2e5ec386-fd28-4aad-af95-f78627be49fa/balls 201
2026-06-21 18:49:21 - POST /api/v1/matches/2e5ec386-fd28-4aad-af95-f78627be49fa/balls 201
2026-06-21 18:49:21 - POST /api/v1/matches/2e5ec386-fd28-4aad-af95-f78627be49fa/balls 201
2026-06-21 18:49:21 - POST /api/v1/matches/2e5ec386-fd28-4aad-af95-f78627be49fa/balls 201
2026-06-21 18:49:21 - POST /api/v1/matches/2e5ec386-fd28-4aad-af95-f78627be49fa/balls 201
2026-06-21 18:49:21 - POST /api/v1/matches/2e5ec386-fd28-4aad-af95-f78627be49fa/balls 201
2026-06-21 18:49:21 - POST /api/v1/matches/2e5ec386-fd28-4aad-af95-f78627be49fa/balls 201
2026-06-21 18:49:22 - GET /api/v1/tournaments/a674ad7b-1389-4eb7-a032-3316a95f4f3c/dashboard 200
2026-06-21 18:49:22 - POST /api/v1/matches/edac565c-ab3e-4927-9844-0d1dbcc8a058/toss 200
2026-06-21 18:49:22 - GET /api/v1/teams/4e5b6c86-34b4-4a48-b63a-b02e00e0e2af 200
2026-06-21 18:49:22 - GET /api/v1/teams/dc8138a3-fb35-4aca-a6c2-6f52ec446805 200
2026-06-21 18:49:22 - POST /api/v1/matches/edac565c-ab3e-4927-9844-0d1dbcc8a058/squads 200
2026-06-21 18:49:22 - POST /api/v1/matches/edac565c-ab3e-4927-9844-0d1dbcc8a058/squads 200
2026-06-21 18:49:22 - POST /api/v1/matches/edac565c-ab3e-4927-9844-0d1dbcc8a058/balls 201
2026-06-21 18:49:22 - POST /api/v1/matches/edac565c-ab3e-4927-9844-0d1dbcc8a058/balls 201
2026-06-21 18:49:22 - POST /api/v1/matches/edac565c-ab3e-4927-9844-0d1dbcc8a058/balls 201
2026-06-21 18:49:22 - POST /api/v1/matches/edac565c-ab3e-4927-9844-0d1dbcc8a058/balls 201
2026-06-21 18:49:22 - POST /api/v1/auth/forgot-password 200
2026-06-21 18:49:22 - POST /api/v1/matches/edac565c-ab3e-4927-9844-0d1dbcc8a058/balls 201
2026-06-21 18:49:22 - POST /api/v1/auth/verify-reset-otp 400
2026-06-21 18:49:22 - POST /api/v1/auth/verify-reset-otp 200
2026-06-21 18:49:22 - POST /api/v1/auth/reset-password 422
2026-06-21 18:49:22 - POST /api/v1/matches/edac565c-ab3e-4927-9844-0d1dbcc8a058/balls 201
2026-06-21 18:49:22 - POST /api/v1/matches/edac565c-ab3e-4927-9844-0d1dbcc8a058/balls 201
2026-06-21 18:49:23 - POST /api/v1/matches/edac565c-ab3e-4927-9844-0d1dbcc8a058/balls 201
2026-06-21 18:49:23 - POST /api/v1/matches/edac565c-ab3e-4927-9844-0d1dbcc8a058/balls 201
2026-06-21 18:49:23 - POST /api/v1/matches/edac565c-ab3e-4927-9844-0d1dbcc8a058/balls 201
2026-06-21 18:49:23 - POST /api/v1/matches/edac565c-ab3e-4927-9844-0d1dbcc8a058/balls 201
2026-06-21 18:49:23 - POST /api/v1/matches/edac565c-ab3e-4927-9844-0d1dbcc8a058/balls 201
2026-06-21 18:49:23 - GET /api/v1/tournaments/a674ad7b-1389-4eb7-a032-3316a95f4f3c/dashboard 200
2026-06-21 18:49:23 - POST /api/v1/auth/reset-password 200
2026-06-21 18:49:25 - POST /api/v1/auth/login 200
2026-06-21 18:49:27 - POST /api/v1/auth/login 200
2026-06-21 18:49:27 - POST /api/v1/auth/complete-profile 200
2026-06-21 18:49:28 - POST /api/v1/auth/login 200
2026-06-21 18:49:28 - POST /api/v1/auth/refresh 200
2026-06-21 18:49:28 - POST /api/v1/auth/logout 200
2026-06-21 18:49:28 - POST /api/v1/auth/refresh 401
2026-06-21 18:49:30 - POST /api/v1/auth/signup 201
2026-06-21 18:49:30 - POST /api/v1/auth/signup 400
2026-06-21 18:49:31 - POST /api/v1/auth/login 400
2026-06-21 18:49:31 - POST /api/v1/auth/forgot-password 400
2026-06-21 18:49:31 - POST /api/v1/auth/verify-reset-otp 400
2026-06-21 18:49:31 - POST /api/v1/auth/reset-password 400
2026-06-21 18:49:32 - POST /api/v1/auth/signup 400
2026-06-21 18:49:34 - POST /api/v1/auth/signup 201
2026-06-21 18:49:36 - POST /api/v1/auth/signup 201
2026-06-21 18:49:37 - POST /api/v1/auth/login 200
2026-06-21 18:49:37 - POST /api/v1/auth/login 200
2026-06-21 18:49:37 - POST /api/v1/teams/ 201
2026-06-21 18:49:37 - GET /api/v1/teams/ 200
2026-06-21 18:49:37 - PUT /api/v1/teams/195b1b69-5e03-4922-82e2-7c57de15cdc6 403
2026-06-21 18:49:37 - DELETE /api/v1/teams/195b1b69-5e03-4922-82e2-7c57de15cdc6 403
2026-06-21 18:49:37 - POST /api/v1/players/ 201
2026-06-21 18:49:37 - GET /api/v1/players/ 200
2026-06-21 18:49:37 - PUT /api/v1/players/bf54cdb4-ef99-4652-903b-afe512ffe35c 403
2026-06-21 18:49:37 - DELETE /api/v1/players/bf54cdb4-ef99-4652-903b-afe512ffe35c 403
2026-06-21 18:49:39 - POST /api/v1/auth/signup 201
2026-06-21 18:49:40 - POST /api/v1/auth/login 200
2026-06-21 18:49:40 - POST /api/v1/teams/ 201
2026-06-21 18:49:40 - POST /api/v1/teams/ 201
2026-06-21 18:49:40 - POST /api/v1/players/ 201
2026-06-21 18:49:40 - POST /api/v1/players/ 201
2026-06-21 18:49:40 - POST /api/v1/players/ 201
2026-06-21 18:49:40 - POST /api/v1/teams/2044addd-d3ae-435c-99d5-c3126dcbbcbc/players/bulk 200
2026-06-21 18:49:40 - POST /api/v1/teams/78b1cf0a-ca6b-4bb1-9460-21bf442e4ade/players/bulk 400
2026-06-21 18:49:42 - POST /api/v1/auth/signup 201
2026-06-21 18:49:45 - POST /api/v1/auth/signup 201
2026-06-21 18:49:45 - POST /api/v1/auth/login 200
2026-06-21 18:49:46 - POST /api/v1/auth/login 200
2026-06-21 18:49:46 - POST /api/v1/teams/ 201
2026-06-21 18:49:46 - POST /api/v1/teams/ 201
2026-06-21 18:49:46 - POST /api/v1/matches/ 201
2026-06-21 18:49:46 - POST /api/v1/matches/cb267db9-52ec-4d0b-9e41-ffeeb00c671a/toss 403
2026-06-21 18:49:46 - POST /api/v1/matches/cb267db9-52ec-4d0b-9e41-ffeeb00c671a/toss 200
2026-06-21 18:49:47 - GET /api/v1/debug-env 200
2026-06-21 18:49:47 - GET /api/v1/debug-env 404
2026-06-21 18:49:48 - POST /api/v1/auth/login 200
2026-06-21 18:49:48 - POST /api/v1/players/ 201
2026-06-21 18:49:48 - POST /api/v1/players/ 201
2026-06-21 18:49:48 - POST /api/v1/players/ 201
2026-06-21 18:49:48 - POST /api/v1/players/ 201
2026-06-21 18:49:48 - POST /api/v1/teams/ 201
2026-06-21 18:49:48 - POST /api/v1/teams/ 201
2026-06-21 18:49:48 - POST /api/v1/teams/1b10be0d-eb6b-4da5-af4b-9c489d5e6e90/players 200
2026-06-21 18:49:48 - POST /api/v1/teams/1b10be0d-eb6b-4da5-af4b-9c489d5e6e90/players 200
2026-06-21 18:49:48 - POST /api/v1/teams/3633b230-0591-45d3-8e5f-8bcde7de69b3/players 200
2026-06-21 18:49:48 - POST /api/v1/teams/3633b230-0591-45d3-8e5f-8bcde7de69b3/players 200
2026-06-21 18:49:48 - POST /api/v1/matches/ 201
2026-06-21 18:49:48 - POST /api/v1/matches/241e1ba5-b57b-4eb1-bf0b-83285492cd9f/toss 200
2026-06-21 18:49:48 - POST /api/v1/matches/241e1ba5-b57b-4eb1-bf0b-83285492cd9f/squads 400
2026-06-21 18:49:48 - POST /api/v1/matches/241e1ba5-b57b-4eb1-bf0b-83285492cd9f/squads 200
2026-06-21 18:49:48 - POST /api/v1/matches/241e1ba5-b57b-4eb1-bf0b-83285492cd9f/squads 400
2026-06-21 18:49:48 - POST /api/v1/matches/241e1ba5-b57b-4eb1-bf0b-83285492cd9f/squads 200
2026-06-21 18:49:48 - POST /api/v1/auth/google 200
2026-06-21 18:49:49 - POST /api/v1/auth/google 400
2026-06-21 18:49:49 - POST /api/v1/auth/google 400
2026-06-21 18:49:49 - POST /api/v1/auth/google 400
2026-06-21 18:49:49 - POST /api/v1/auth/google 400
2026-06-21 18:49:50 - POST /api/v1/auth/login 200
2026-06-21 18:49:50 - POST /api/v1/players/ 201
2026-06-21 18:49:50 - POST /api/v1/players/ 201
2026-06-21 18:49:50 - POST /api/v1/teams/ 201
2026-06-21 18:49:50 - POST /api/v1/teams/ 201
2026-06-21 18:49:50 - POST /api/v1/matches/ 201
2026-06-21 18:49:50 - GET /api/v1/matches/ 200
2026-06-21 18:49:52 - POST /api/v1/auth/login 200
2026-06-21 18:49:53 - POST /api/v1/auth/login 200
2026-06-21 18:49:54 - POST /api/v1/auth/login 200
2026-06-21 18:49:54 - POST /api/v1/matches/ 201
2026-06-21 18:49:54 - POST /api/v1/matches/bb158253-da02-4693-8773-8383c929a94a/toss 200
2026-06-21 18:49:54 - POST /api/v1/matches/bb158253-da02-4693-8773-8383c929a94a/toss 403
2026-06-21 18:49:54 - POST /api/v1/matches/ 201
2026-06-21 18:49:54 - POST /api/v1/matches/cbdf024f-67c7-4680-baa0-bdd1b951536b/toss 200
2026-06-21 18:49:54 - POST /api/v1/matches/ 201
2026-06-21 18:49:54 - POST /api/v1/matches/2bde6f3a-c7ba-4c59-a177-aba459a7097a/toss 200
2026-06-21 18:49:54 - POST /api/v1/matches/2bde6f3a-c7ba-4c59-a177-aba459a7097a/toss 403
2026-06-21 18:49:56 - POST /api/v1/auth/login 200
2026-06-21 18:49:56 - POST /api/v1/players/ 201
2026-06-21 18:49:56 - POST /api/v1/players/ 201
2026-06-21 18:49:56 - POST /api/v1/players/ 422
2026-06-21 18:49:56 - POST /api/v1/players/ 422
2026-06-21 18:49:56 - GET /api/v1/players/d9708c85-cdd5-4d29-8b36-044240c07d66 200
2026-06-21 18:49:56 - PUT /api/v1/players/d9708c85-cdd5-4d29-8b36-044240c07d66 200
2026-06-21 18:49:56 - DELETE /api/v1/players/d9708c85-cdd5-4d29-8b36-044240c07d66 204
2026-06-21 18:49:56 - GET /api/v1/players/d9708c85-cdd5-4d29-8b36-044240c07d66 404
2026-06-21 18:49:57 - POST /api/v1/auth/login 200
2026-06-21 18:49:57 - POST /api/v1/players/ 201
2026-06-21 18:49:57 - POST /api/v1/players/ 201
2026-06-21 18:49:57 - POST /api/v1/teams/ 201
2026-06-21 18:49:57 - POST /api/v1/teams/d36f5759-7896-4fff-a6d7-348684da95e3/players 200
2026-06-21 18:49:57 - PUT /api/v1/teams/d36f5759-7896-4fff-a6d7-348684da95e3 200
2026-06-21 18:49:57 - PUT /api/v1/teams/d36f5759-7896-4fff-a6d7-348684da95e3 400
2026-06-21 18:49:57 - POST /api/v1/teams/ 201
2026-06-21 18:49:57 - POST /api/v1/teams/d30b9309-0a93-419c-aceb-3b13c7fcdc02/players 400
2026-06-21 18:49:57 - DELETE /api/v1/teams/d36f5759-7896-4fff-a6d7-348684da95e3/players/0142fa33-fabd-406f-8eec-8264b61e16f6 200
2026-06-21 18:49:57 - DELETE /api/v1/teams/d36f5759-7896-4fff-a6d7-348684da95e3 204
2026-06-21 18:49:59 - POST /api/v1/auth/login 200
2026-06-21 18:49:59 - POST /api/v1/players/ 201
2026-06-21 18:49:59 - POST /api/v1/players/ 201
2026-06-21 18:49:59 - POST /api/v1/teams/ 201
2026-06-21 18:49:59 - POST /api/v1/teams/ 201
2026-06-21 18:49:59 - POST /api/v1/teams/ec85ce06-3fe9-422e-93d8-3304b9f760ef/players 200
2026-06-21 18:49:59 - POST /api/v1/teams/b978295a-5f59-4fc9-853c-13394aa2d227/players 200
2026-06-21 18:49:59 - POST /api/v1/matches/ 201
2026-06-21 18:49:59 - POST /api/v1/matches/a2daecf2-ed94-44e9-95ae-91b5be13419f/squads 200
2026-06-21 18:49:59 - POST /api/v1/matches/a2daecf2-ed94-44e9-95ae-91b5be13419f/toss 200
2026-06-21 18:49:59 - DELETE /api/v1/players/77d5195d-d86a-42ac-83e9-06e12dc6c3af 400
2026-06-21 18:49:59 - DELETE /api/v1/teams/ec85ce06-3fe9-422e-93d8-3304b9f760ef/players/77d5195d-d86a-42ac-83e9-06e12dc6c3af 400
2026-06-21 18:49:59 - DELETE /api/v1/teams/ec85ce06-3fe9-422e-93d8-3304b9f760ef 400
2026-06-21 18:50:00 - POST /api/v1/auth/login 200
2026-06-21 18:50:00 - GET /api/v1/profile/ 200
2026-06-21 18:50:02 - POST /api/v1/auth/login 200
2026-06-21 18:50:02 - PUT /api/v1/profile/ 200
2026-06-21 18:50:02 - PUT /api/v1/profile/ 400
2026-06-21 18:50:03 - POST /api/v1/auth/login 200
2026-06-21 18:50:03 - GET /api/v1/profile/stats 200
2026-06-21 18:50:05 - POST /api/v1/auth/login 200
2026-06-21 18:50:05 - GET /api/v1/profile/activity 200
2026-06-21 18:50:05 - GET /api/v1/profile/achievements 200
2026-06-21 18:50:06 - POST /api/v1/auth/login 200
2026-06-21 18:50:06 - POST /api/v1/profile/upload-photo 200
2026-06-21 18:50:06 - GET /api/v1/profile/ 200
2026-06-21 18:50:07 - POST /api/v1/auth/login 200
2026-06-21 18:50:07 - POST /api/v1/players/ 201
2026-06-21 18:50:08 - POST /api/v1/players/ 201
2026-06-21 18:50:08 - POST /api/v1/players/ 201
2026-06-21 18:50:08 - POST /api/v1/players/ 201
2026-06-21 18:50:08 - POST /api/v1/players/ 201
2026-06-21 18:50:08 - POST /api/v1/teams/ 201
2026-06-21 18:50:08 - POST /api/v1/teams/ 201
2026-06-21 18:50:08 - POST /api/v1/teams/128b4a91-be51-4a53-a3f3-75ccda8f1acd/players 200
2026-06-21 18:50:08 - POST /api/v1/teams/128b4a91-be51-4a53-a3f3-75ccda8f1acd/players 200
2026-06-21 18:50:08 - POST /api/v1/teams/128b4a91-be51-4a53-a3f3-75ccda8f1acd/players 200
2026-06-21 18:50:08 - POST /api/v1/teams/8f51c38e-ed2a-49bd-a023-b2eaf2039734/players 200
2026-06-21 18:50:08 - POST /api/v1/teams/8f51c38e-ed2a-49bd-a023-b2eaf2039734/players 200
2026-06-21 18:50:08 - POST /api/v1/matches/ 201
2026-06-21 18:50:08 - POST /api/v1/matches/2f93352a-e2e6-4f09-a2b2-a107d69d429c/toss 200
2026-06-21 18:50:08 - POST /api/v1/matches/2f93352a-e2e6-4f09-a2b2-a107d69d429c/squads 200
2026-06-21 18:50:08 - POST /api/v1/matches/2f93352a-e2e6-4f09-a2b2-a107d69d429c/squads 200
2026-06-21 18:50:08 - POST /api/v1/matches/2f93352a-e2e6-4f09-a2b2-a107d69d429c/balls 201
2026-06-21 18:50:08 - POST /api/v1/matches/2f93352a-e2e6-4f09-a2b2-a107d69d429c/balls 201
2026-06-21 18:50:08 - POST /api/v1/matches/2f93352a-e2e6-4f09-a2b2-a107d69d429c/balls 201
2026-06-21 18:50:08 - POST /api/v1/matches/2f93352a-e2e6-4f09-a2b2-a107d69d429c/balls 201
2026-06-21 18:50:08 - POST /api/v1/matches/2f93352a-e2e6-4f09-a2b2-a107d69d429c/balls 201
2026-06-21 18:50:08 - POST /api/v1/matches/2f93352a-e2e6-4f09-a2b2-a107d69d429c/balls 201
2026-06-21 18:50:08 - POST /api/v1/matches/2f93352a-e2e6-4f09-a2b2-a107d69d429c/balls 201
2026-06-21 18:50:08 - POST /api/v1/matches/2f93352a-e2e6-4f09-a2b2-a107d69d429c/balls 201
2026-06-21 18:50:08 - POST /api/v1/matches/2f93352a-e2e6-4f09-a2b2-a107d69d429c/balls 201
2026-06-21 18:50:08 - POST /api/v1/matches/2f93352a-e2e6-4f09-a2b2-a107d69d429c/balls 201
2026-06-21 18:50:08 - POST /api/v1/matches/2f93352a-e2e6-4f09-a2b2-a107d69d429c/balls 201
2026-06-21 18:50:08 - POST /api/v1/matches/2f93352a-e2e6-4f09-a2b2-a107d69d429c/balls 201
2026-06-21 18:50:08 - GET /api/v1/matches/2f93352a-e2e6-4f09-a2b2-a107d69d429c/scorecard 200
2026-06-21 18:50:08 - GET /api/v1/players/8dd81866-8dfb-4639-8bbc-e70c34a75728 200
2026-06-21 18:50:10 - POST /api/v1/auth/login 200
2026-06-21 18:50:10 - POST /api/v1/players/ 201
2026-06-21 18:50:10 - POST /api/v1/players/ 201
2026-06-21 18:50:10 - POST /api/v1/players/ 201
2026-06-21 18:50:10 - POST /api/v1/players/ 201
2026-06-21 18:50:10 - POST /api/v1/players/ 201
2026-06-21 18:50:10 - POST /api/v1/teams/ 201
2026-06-21 18:50:10 - POST /api/v1/teams/ 201
2026-06-21 18:50:10 - POST /api/v1/teams/ab1d8bcf-04af-40d0-b510-a3c5a3362665/players 200
2026-06-21 18:50:10 - POST /api/v1/teams/ab1d8bcf-04af-40d0-b510-a3c5a3362665/players 200
2026-06-21 18:50:10 - POST /api/v1/teams/ab1d8bcf-04af-40d0-b510-a3c5a3362665/players 200
2026-06-21 18:50:10 - POST /api/v1/teams/5843d3ec-7248-4a12-a95c-5e4617a7ac5c/players 200
2026-06-21 18:50:10 - POST /api/v1/teams/5843d3ec-7248-4a12-a95c-5e4617a7ac5c/players 200
2026-06-21 18:50:10 - POST /api/v1/matches/ 201
2026-06-21 18:50:10 - POST /api/v1/matches/b1c68406-43eb-415f-9aec-bb0bf20970b7/toss 200
2026-06-21 18:50:10 - POST /api/v1/matches/b1c68406-43eb-415f-9aec-bb0bf20970b7/squads 200
2026-06-21 18:50:10 - POST /api/v1/matches/b1c68406-43eb-415f-9aec-bb0bf20970b7/squads 200
2026-06-21 18:50:10 - POST /api/v1/matches/b1c68406-43eb-415f-9aec-bb0bf20970b7/balls 201
2026-06-21 18:50:10 - POST /api/v1/matches/b1c68406-43eb-415f-9aec-bb0bf20970b7/balls 201
2026-06-21 18:50:10 - POST /api/v1/matches/b1c68406-43eb-415f-9aec-bb0bf20970b7/balls 201
2026-06-21 18:50:10 - POST /api/v1/matches/b1c68406-43eb-415f-9aec-bb0bf20970b7/balls 201
2026-06-21 18:50:10 - POST /api/v1/matches/b1c68406-43eb-415f-9aec-bb0bf20970b7/balls 201
2026-06-21 18:50:10 - GET /api/v1/matches/b1c68406-43eb-415f-9aec-bb0bf20970b7/scorecard 200
2026-06-21 18:50:12 - POST /api/v1/auth/login 200
2026-06-21 18:50:12 - POST /api/v1/players/ 201
2026-06-21 18:50:12 - POST /api/v1/players/ 201
2026-06-21 18:50:12 - POST /api/v1/players/ 201
2026-06-21 18:50:12 - POST /api/v1/players/ 201
2026-06-21 18:50:12 - POST /api/v1/teams/ 201
2026-06-21 18:50:12 - POST /api/v1/teams/ 201
2026-06-21 18:50:12 - POST /api/v1/teams/f5e3f5e3-c338-495d-b14f-f2f5779dbfad/players 200
2026-06-21 18:50:12 - POST /api/v1/teams/f5e3f5e3-c338-495d-b14f-f2f5779dbfad/players 200
2026-06-21 18:50:12 - POST /api/v1/teams/091cfb6c-affe-4f9a-b0f6-56746d7d78c7/players 200
2026-06-21 18:50:12 - POST /api/v1/teams/091cfb6c-affe-4f9a-b0f6-56746d7d78c7/players 200
2026-06-21 18:50:12 - POST /api/v1/matches/ 201
2026-06-21 18:50:12 - POST /api/v1/matches/ea139da9-1ead-4ea0-b95e-53f147318e8a/toss 200
2026-06-21 18:50:12 - POST /api/v1/matches/ea139da9-1ead-4ea0-b95e-53f147318e8a/squads 200
2026-06-21 18:50:12 - POST /api/v1/matches/ea139da9-1ead-4ea0-b95e-53f147318e8a/squads 200
2026-06-21 18:50:12 - POST /api/v1/matches/ea139da9-1ead-4ea0-b95e-53f147318e8a/balls 201
2026-06-21 18:50:12 - POST /api/v1/matches/ea139da9-1ead-4ea0-b95e-53f147318e8a/balls 201
2026-06-21 18:50:12 - POST /api/v1/matches/ea139da9-1ead-4ea0-b95e-53f147318e8a/balls 201
2026-06-21 18:50:12 - POST /api/v1/matches/ea139da9-1ead-4ea0-b95e-53f147318e8a/balls 201
2026-06-21 18:50:12 - POST /api/v1/matches/ea139da9-1ead-4ea0-b95e-53f147318e8a/balls 201
2026-06-21 18:50:12 - POST /api/v1/matches/ea139da9-1ead-4ea0-b95e-53f147318e8a/balls 201
2026-06-21 18:50:12 - POST /api/v1/matches/ea139da9-1ead-4ea0-b95e-53f147318e8a/balls 201
2026-06-21 18:50:12 - GET /api/v1/matches/ea139da9-1ead-4ea0-b95e-53f147318e8a/scorecard 200
2026-06-21 18:50:14 - POST /api/v1/auth/signup 201
2026-06-21 18:50:15 - POST /api/v1/auth/login 200
2026-06-21 18:50:16 - POST /api/v1/auth/login 200
2026-06-21 18:50:16 - POST /api/v1/players/ 201
2026-06-21 18:50:16 - POST /api/v1/players/ 201
2026-06-21 18:50:16 - POST /api/v1/players/ 201
2026-06-21 18:50:16 - POST /api/v1/players/ 201
2026-06-21 18:50:16 - POST /api/v1/players/ 201
2026-06-21 18:50:16 - POST /api/v1/teams/ 201
2026-06-21 18:50:16 - POST /api/v1/teams/ 201
2026-06-21 18:50:16 - POST /api/v1/teams/fd443160-c3f9-4cee-a53d-39355834a4c4/players 200
2026-06-21 18:50:16 - POST /api/v1/teams/fd443160-c3f9-4cee-a53d-39355834a4c4/players 200
2026-06-21 18:50:16 - POST /api/v1/teams/fd443160-c3f9-4cee-a53d-39355834a4c4/players 200
2026-06-21 18:50:16 - POST /api/v1/teams/e00035c4-d7ae-444a-b07c-be2478f70673/players 200
2026-06-21 18:50:16 - POST /api/v1/teams/e00035c4-d7ae-444a-b07c-be2478f70673/players 200
2026-06-21 18:50:16 - POST /api/v1/matches/ 201
2026-06-21 18:50:16 - POST /api/v1/matches/f036a4ce-ec6e-47d0-9c18-1235ef631885/toss 200
2026-06-21 18:50:16 - POST /api/v1/matches/f036a4ce-ec6e-47d0-9c18-1235ef631885/squads 200
2026-06-21 18:50:16 - POST /api/v1/matches/f036a4ce-ec6e-47d0-9c18-1235ef631885/squads 200
2026-06-21 18:50:16 - POST /api/v1/matches/f036a4ce-ec6e-47d0-9c18-1235ef631885/balls 201
2026-06-21 18:50:16 - GET /api/v1/matches/f036a4ce-ec6e-47d0-9c18-1235ef631885/live 200
2026-06-21 18:50:16 - POST /api/v1/matches/f036a4ce-ec6e-47d0-9c18-1235ef631885/balls 201
2026-06-21 18:50:17 - GET /api/v1/matches/f036a4ce-ec6e-47d0-9c18-1235ef631885/live 200
2026-06-21 18:50:17 - POST /api/v1/matches/f036a4ce-ec6e-47d0-9c18-1235ef631885/balls 201
2026-06-21 18:50:17 - GET /api/v1/matches/f036a4ce-ec6e-47d0-9c18-1235ef631885/live 200
2026-06-21 18:50:17 - POST /api/v1/matches/f036a4ce-ec6e-47d0-9c18-1235ef631885/balls 201
2026-06-21 18:50:17 - GET /api/v1/matches/f036a4ce-ec6e-47d0-9c18-1235ef631885/live 200
2026-06-21 18:50:17 - POST /api/v1/matches/f036a4ce-ec6e-47d0-9c18-1235ef631885/undo 200
2026-06-21 18:50:17 - GET /api/v1/matches/f036a4ce-ec6e-47d0-9c18-1235ef631885/live 200
2026-06-21 18:50:17 - GET /api/v1/auth/me 401
2026-06-21 18:50:17 - GET /api/v1/auth/me 401
2026-06-21 18:50:18 - POST /api/v1/auth/login 200
2026-06-21 18:50:18 - POST /api/v1/players/ 201
2026-06-21 18:50:18 - POST /api/v1/players/ 201
2026-06-21 18:50:18 - POST /api/v1/players/ 201
2026-06-21 18:50:18 - POST /api/v1/players/ 201
2026-06-21 18:50:18 - POST /api/v1/players/ 201
2026-06-21 18:50:18 - POST /api/v1/teams/ 201
2026-06-21 18:50:18 - POST /api/v1/teams/ 201
2026-06-21 18:50:18 - POST /api/v1/teams/858594bb-8324-486c-86a5-abb0dc606c97/players 200
2026-06-21 18:50:18 - POST /api/v1/teams/858594bb-8324-486c-86a5-abb0dc606c97/players 200
2026-06-21 18:50:18 - POST /api/v1/teams/858594bb-8324-486c-86a5-abb0dc606c97/players 200
2026-06-21 18:50:18 - POST /api/v1/teams/fc4489ef-3e82-4c2e-8334-2b96fa09687f/players 200
2026-06-21 18:50:18 - POST /api/v1/teams/fc4489ef-3e82-4c2e-8334-2b96fa09687f/players 200
2026-06-21 18:50:18 - POST /api/v1/matches/ 201
2026-06-21 18:50:18 - POST /api/v1/matches/ba179a34-ff05-45ce-8be9-cca163c47e32/toss 200
2026-06-21 18:50:18 - POST /api/v1/matches/ba179a34-ff05-45ce-8be9-cca163c47e32/squads 200
2026-06-21 18:50:18 - POST /api/v1/matches/ba179a34-ff05-45ce-8be9-cca163c47e32/squads 200
2026-06-21 18:50:18 - POST /api/v1/matches/ba179a34-ff05-45ce-8be9-cca163c47e32/balls 201
2026-06-21 18:50:18 - GET /api/v1/matches/ba179a34-ff05-45ce-8be9-cca163c47e32/live 200
2026-06-21 18:50:18 - POST /api/v1/matches/ba179a34-ff05-45ce-8be9-cca163c47e32/balls 201
2026-06-21 18:50:18 - GET /api/v1/matches/ba179a34-ff05-45ce-8be9-cca163c47e32/live 200
2026-06-21 18:50:18 - POST /api/v1/matches/ba179a34-ff05-45ce-8be9-cca163c47e32/balls 201
2026-06-21 18:50:19 - GET /api/v1/matches/ba179a34-ff05-45ce-8be9-cca163c47e32/live 200
2026-06-21 18:50:19 - POST /api/v1/matches/ba179a34-ff05-45ce-8be9-cca163c47e32/balls 201
2026-06-21 18:50:19 - GET /api/v1/matches/ba179a34-ff05-45ce-8be9-cca163c47e32/live 200
2026-06-21 18:50:19 - POST /api/v1/matches/ba179a34-ff05-45ce-8be9-cca163c47e32/balls 201
2026-06-21 18:50:19 - GET /api/v1/matches/ba179a34-ff05-45ce-8be9-cca163c47e32/live 200
2026-06-21 18:50:19 - POST /api/v1/matches/ba179a34-ff05-45ce-8be9-cca163c47e32/balls 201
2026-06-21 18:50:19 - GET /api/v1/matches/ba179a34-ff05-45ce-8be9-cca163c47e32/live 200
2026-06-21 18:50:19 - POST /api/v1/matches/ba179a34-ff05-45ce-8be9-cca163c47e32/balls 201
2026-06-21 18:50:19 - GET /api/v1/matches/ba179a34-ff05-45ce-8be9-cca163c47e32/live 200
2026-06-21 18:50:19 - GET /api/v1/matches/ba179a34-ff05-45ce-8be9-cca163c47e32/scorecard 200
2026-06-21 18:50:21 - POST /api/v1/auth/signup 201
2026-06-21 18:50:23 - POST /api/v1/auth/signup 201
2026-06-21 18:50:25 - POST /api/v1/auth/signup 201
2026-06-21 18:50:26 - POST /api/v1/auth/login 200
2026-06-21 18:50:26 - POST /api/v1/auth/login 200
2026-06-21 18:50:27 - POST /api/v1/auth/login 200
2026-06-21 18:50:27 - POST /api/v1/teams/ 201
2026-06-21 18:50:27 - GET /api/v1/teams/my-teams 200
2026-06-21 18:50:27 - POST /api/v1/teams/48507be1-a790-43cf-b0b8-e81793d4d693/join-request 200
2026-06-21 18:50:27 - GET /api/v1/teams/my-teams 200
2026-06-21 18:50:27 - POST /api/v1/teams/48507be1-a790-43cf-b0b8-e81793d4d693/approve-request 403
2026-06-21 18:50:27 - POST /api/v1/teams/48507be1-a790-43cf-b0b8-e81793d4d693/approve-request 200
2026-06-21 18:50:27 - POST /api/v1/teams/48507be1-a790-43cf-b0b8-e81793d4d693/members 200
2026-06-21 18:50:27 - GET /api/v1/teams/48507be1-a790-43cf-b0b8-e81793d4d693/members 200
2026-06-21 18:50:27 - DELETE /api/v1/teams/48507be1-a790-43cf-b0b8-e81793d4d693/members/ebd4ff43-cf6d-406a-9e0c-c37be67dd34f 204
2026-06-21 18:50:27 - GET /api/v1/teams/48507be1-a790-43cf-b0b8-e81793d4d693/members 200
2026-06-21 18:50:28 - POST /api/v1/auth/login 200
2026-06-21 18:50:28 - POST /api/v1/tournaments/ 201
2026-06-21 18:50:28 - POST /api/v1/players/ 201
2026-06-21 18:50:28 - POST /api/v1/players/ 201
2026-06-21 18:50:28 - POST /api/v1/players/ 201
2026-06-21 18:50:28 - POST /api/v1/players/ 201
2026-06-21 18:50:28 - POST /api/v1/teams/ 201
2026-06-21 18:50:28 - POST /api/v1/teams/779c7ecb-ee37-40b0-84e9-e3e71121fdd6/players 200
2026-06-21 18:50:28 - POST /api/v1/teams/779c7ecb-ee37-40b0-84e9-e3e71121fdd6/players 200
2026-06-21 18:50:28 - POST /api/v1/teams/779c7ecb-ee37-40b0-84e9-e3e71121fdd6/players 200
2026-06-21 18:50:28 - POST /api/v1/teams/779c7ecb-ee37-40b0-84e9-e3e71121fdd6/players 200
2026-06-21 18:50:28 - POST /api/v1/tournaments/207dc9b2-b9e9-4f7a-af9f-512058d9748e/teams 400
2026-06-21 18:50:28 - POST /api/v1/players/ 201
2026-06-21 18:50:28 - POST /api/v1/teams/779c7ecb-ee37-40b0-84e9-e3e71121fdd6/players 200
2026-06-21 18:50:28 - POST /api/v1/tournaments/207dc9b2-b9e9-4f7a-af9f-512058d9748e/teams 200
2026-06-21 18:50:28 - DELETE /api/v1/tournaments/207dc9b2-b9e9-4f7a-af9f-512058d9748e/teams/779c7ecb-ee37-40b0-84e9-e3e71121fdd6 200
2026-06-21 18:50:29 - POST /api/v1/auth/login 200
2026-06-21 18:50:29 - POST /api/v1/teams/ 201
2026-06-21 18:50:29 - POST /api/v1/players/ 201
2026-06-21 18:50:29 - POST /api/v1/teams/c95b54b0-0801-484b-b708-35457ac215c4/players 200
2026-06-21 18:50:29 - POST /api/v1/players/ 201
2026-06-21 18:50:29 - POST /api/v1/teams/c95b54b0-0801-484b-b708-35457ac215c4/players 200
2026-06-21 18:50:29 - POST /api/v1/players/ 201
2026-06-21 18:50:29 - POST /api/v1/teams/c95b54b0-0801-484b-b708-35457ac215c4/players 200
2026-06-21 18:50:29 - POST /api/v1/players/ 201
2026-06-21 18:50:29 - POST /api/v1/teams/c95b54b0-0801-484b-b708-35457ac215c4/players 200
2026-06-21 18:50:29 - POST /api/v1/players/ 201
2026-06-21 18:50:29 - POST /api/v1/teams/c95b54b0-0801-484b-b708-35457ac215c4/players 200
2026-06-21 18:50:29 - POST /api/v1/teams/ 201
2026-06-21 18:50:29 - POST /api/v1/players/ 201
2026-06-21 18:50:29 - POST /api/v1/teams/8b92038a-8496-46fb-8dc1-8e56920b56b8/players 200
2026-06-21 18:50:29 - POST /api/v1/players/ 201
2026-06-21 18:50:29 - POST /api/v1/teams/8b92038a-8496-46fb-8dc1-8e56920b56b8/players 200
2026-06-21 18:50:29 - POST /api/v1/players/ 201
2026-06-21 18:50:29 - POST /api/v1/teams/8b92038a-8496-46fb-8dc1-8e56920b56b8/players 200
2026-06-21 18:50:29 - POST /api/v1/players/ 201
2026-06-21 18:50:29 - POST /api/v1/teams/8b92038a-8496-46fb-8dc1-8e56920b56b8/players 200
2026-06-21 18:50:29 - POST /api/v1/players/ 201
2026-06-21 18:50:30 - POST /api/v1/teams/8b92038a-8496-46fb-8dc1-8e56920b56b8/players 200
2026-06-21 18:50:30 - POST /api/v1/tournaments/ 201
2026-06-21 18:50:30 - POST /api/v1/tournaments/60a32c58-5743-41e1-8437-7c619bac646e/teams 200
2026-06-21 18:50:30 - POST /api/v1/tournaments/60a32c58-5743-41e1-8437-7c619bac646e/teams 200
2026-06-21 18:50:30 - POST /api/v1/tournaments/60a32c58-5743-41e1-8437-7c619bac646e/fixtures/generate 201
2026-06-21 18:50:30 - GET /api/v1/tournaments/60a32c58-5743-41e1-8437-7c619bac646e/dashboard 200
2026-06-21 18:50:30 - POST /api/v1/matches/f1c88f87-2d9f-45d9-b12f-bcedc46c2747/toss 200
2026-06-21 18:50:30 - GET /api/v1/teams/c95b54b0-0801-484b-b708-35457ac215c4 200
2026-06-21 18:50:30 - GET /api/v1/teams/8b92038a-8496-46fb-8dc1-8e56920b56b8 200
2026-06-21 18:50:30 - POST /api/v1/matches/f1c88f87-2d9f-45d9-b12f-bcedc46c2747/squads 200
2026-06-21 18:50:30 - POST /api/v1/matches/f1c88f87-2d9f-45d9-b12f-bcedc46c2747/squads 200
2026-06-21 18:50:30 - POST /api/v1/matches/f1c88f87-2d9f-45d9-b12f-bcedc46c2747/balls 201
2026-06-21 18:50:30 - POST /api/v1/matches/f1c88f87-2d9f-45d9-b12f-bcedc46c2747/balls 201
2026-06-21 18:50:30 - POST /api/v1/matches/f1c88f87-2d9f-45d9-b12f-bcedc46c2747/balls 201
2026-06-21 18:50:30 - POST /api/v1/matches/f1c88f87-2d9f-45d9-b12f-bcedc46c2747/balls 201
2026-06-21 18:50:30 - POST /api/v1/matches/f1c88f87-2d9f-45d9-b12f-bcedc46c2747/balls 201
2026-06-21 18:50:30 - POST /api/v1/matches/f1c88f87-2d9f-45d9-b12f-bcedc46c2747/balls 201
2026-06-21 18:50:30 - POST /api/v1/matches/f1c88f87-2d9f-45d9-b12f-bcedc46c2747/balls 201
2026-06-21 18:50:30 - POST /api/v1/matches/f1c88f87-2d9f-45d9-b12f-bcedc46c2747/balls 201
2026-06-21 18:50:30 - POST /api/v1/matches/f1c88f87-2d9f-45d9-b12f-bcedc46c2747/balls 201
2026-06-21 18:50:30 - GET /api/v1/tournaments/60a32c58-5743-41e1-8437-7c619bac646e/points-table 200
2026-06-21 18:50:30 - GET /api/v1/tournaments/60a32c58-5743-41e1-8437-7c619bac646e/leaderboards 200
2026-06-21 18:50:31 - POST /api/v1/auth/login 200
2026-06-21 18:50:31 - POST /api/v1/teams/ 201
2026-06-21 18:50:31 - POST /api/v1/players/ 201
2026-06-21 18:50:31 - POST /api/v1/teams/465f5dd4-0406-44b1-9543-bac47f89fef5/players 200
2026-06-21 18:50:31 - POST /api/v1/players/ 201
2026-06-21 18:50:31 - POST /api/v1/teams/465f5dd4-0406-44b1-9543-bac47f89fef5/players 200
2026-06-21 18:50:31 - POST /api/v1/players/ 201
2026-06-21 18:50:31 - POST /api/v1/teams/465f5dd4-0406-44b1-9543-bac47f89fef5/players 200
2026-06-21 18:50:31 - POST /api/v1/players/ 201
2026-06-21 18:50:31 - POST /api/v1/teams/465f5dd4-0406-44b1-9543-bac47f89fef5/players 200
2026-06-21 18:50:31 - POST /api/v1/players/ 201
2026-06-21 18:50:31 - POST /api/v1/teams/465f5dd4-0406-44b1-9543-bac47f89fef5/players 200
2026-06-21 18:50:31 - POST /api/v1/teams/ 201
2026-06-21 18:50:31 - POST /api/v1/players/ 201
2026-06-21 18:50:31 - POST /api/v1/teams/e138ca4d-a262-46ad-900f-271b31515a56/players 200
2026-06-21 18:50:31 - POST /api/v1/players/ 201
2026-06-21 18:50:31 - POST /api/v1/teams/e138ca4d-a262-46ad-900f-271b31515a56/players 200
2026-06-21 18:50:31 - POST /api/v1/players/ 201
2026-06-21 18:50:31 - POST /api/v1/teams/e138ca4d-a262-46ad-900f-271b31515a56/players 200
2026-06-21 18:50:31 - POST /api/v1/players/ 201
2026-06-21 18:50:32 - POST /api/v1/teams/e138ca4d-a262-46ad-900f-271b31515a56/players 200
2026-06-21 18:50:32 - POST /api/v1/players/ 201
2026-06-21 18:50:32 - POST /api/v1/teams/e138ca4d-a262-46ad-900f-271b31515a56/players 200
2026-06-21 18:50:32 - POST /api/v1/teams/ 201
2026-06-21 18:50:32 - POST /api/v1/players/ 201
2026-06-21 18:50:32 - POST /api/v1/teams/253622dc-4d33-445c-98ec-156802d37f05/players 200
2026-06-21 18:50:32 - POST /api/v1/players/ 201
2026-06-21 18:50:32 - POST /api/v1/teams/253622dc-4d33-445c-98ec-156802d37f05/players 200
2026-06-21 18:50:32 - POST /api/v1/players/ 201
2026-06-21 18:50:32 - POST /api/v1/teams/253622dc-4d33-445c-98ec-156802d37f05/players 200
2026-06-21 18:50:32 - POST /api/v1/players/ 201
2026-06-21 18:50:32 - POST /api/v1/teams/253622dc-4d33-445c-98ec-156802d37f05/players 200
2026-06-21 18:50:32 - POST /api/v1/players/ 201
2026-06-21 18:50:32 - POST /api/v1/teams/253622dc-4d33-445c-98ec-156802d37f05/players 200
2026-06-21 18:50:32 - POST /api/v1/teams/ 201
2026-06-21 18:50:32 - POST /api/v1/players/ 201
2026-06-21 18:50:32 - POST /api/v1/teams/83eeea5b-1505-442f-a6ab-c86dd3483c2e/players 200
2026-06-21 18:50:32 - POST /api/v1/players/ 201
2026-06-21 18:50:32 - POST /api/v1/teams/83eeea5b-1505-442f-a6ab-c86dd3483c2e/players 200
2026-06-21 18:50:32 - POST /api/v1/players/ 201
2026-06-21 18:50:32 - POST /api/v1/teams/83eeea5b-1505-442f-a6ab-c86dd3483c2e/players 200
2026-06-21 18:50:32 - POST /api/v1/players/ 201
2026-06-21 18:50:32 - POST /api/v1/teams/83eeea5b-1505-442f-a6ab-c86dd3483c2e/players 200
2026-06-21 18:50:32 - POST /api/v1/players/ 201
2026-06-21 18:50:32 - POST /api/v1/teams/83eeea5b-1505-442f-a6ab-c86dd3483c2e/players 200
2026-06-21 18:50:32 - POST /api/v1/tournaments/ 201
2026-06-21 18:50:32 - POST /api/v1/tournaments/9e45dcbd-b44a-43ac-90e6-218d25054dfb/teams 200
2026-06-21 18:50:32 - POST /api/v1/tournaments/9e45dcbd-b44a-43ac-90e6-218d25054dfb/teams 200
2026-06-21 18:50:32 - POST /api/v1/tournaments/9e45dcbd-b44a-43ac-90e6-218d25054dfb/teams 200
2026-06-21 18:50:32 - POST /api/v1/tournaments/9e45dcbd-b44a-43ac-90e6-218d25054dfb/teams 200
2026-06-21 18:50:32 - POST /api/v1/tournaments/9e45dcbd-b44a-43ac-90e6-218d25054dfb/fixtures/generate 201
2026-06-21 18:50:32 - GET /api/v1/tournaments/9e45dcbd-b44a-43ac-90e6-218d25054dfb/dashboard 200
2026-06-21 18:50:32 - GET /api/v1/tournaments/9e45dcbd-b44a-43ac-90e6-218d25054dfb/dashboard 200
2026-06-21 18:50:32 - POST /api/v1/matches/59fb4c61-30c8-4b5c-b1d8-be1276bb07ba/toss 200
2026-06-21 18:50:32 - GET /api/v1/teams/465f5dd4-0406-44b1-9543-bac47f89fef5 200
2026-06-21 18:50:32 - GET /api/v1/teams/253622dc-4d33-445c-98ec-156802d37f05 200
2026-06-21 18:50:32 - POST /api/v1/matches/59fb4c61-30c8-4b5c-b1d8-be1276bb07ba/squads 200
2026-06-21 18:50:32 - POST /api/v1/matches/59fb4c61-30c8-4b5c-b1d8-be1276bb07ba/squads 200
2026-06-21 18:50:32 - POST /api/v1/matches/59fb4c61-30c8-4b5c-b1d8-be1276bb07ba/balls 201
2026-06-21 18:50:32 - POST /api/v1/matches/59fb4c61-30c8-4b5c-b1d8-be1276bb07ba/balls 201
2026-06-21 18:50:32 - POST /api/v1/matches/59fb4c61-30c8-4b5c-b1d8-be1276bb07ba/balls 201
2026-06-21 18:50:32 - POST /api/v1/matches/59fb4c61-30c8-4b5c-b1d8-be1276bb07ba/balls 201
2026-06-21 18:50:32 - POST /api/v1/matches/59fb4c61-30c8-4b5c-b1d8-be1276bb07ba/balls 201
2026-06-21 18:50:32 - POST /api/v1/matches/59fb4c61-30c8-4b5c-b1d8-be1276bb07ba/balls 201
2026-06-21 18:50:32 - POST /api/v1/matches/59fb4c61-30c8-4b5c-b1d8-be1276bb07ba/balls 201
2026-06-21 18:50:32 - POST /api/v1/matches/59fb4c61-30c8-4b5c-b1d8-be1276bb07ba/balls 201
2026-06-21 18:50:32 - POST /api/v1/matches/59fb4c61-30c8-4b5c-b1d8-be1276bb07ba/balls 201
2026-06-21 18:50:32 - POST /api/v1/matches/59fb4c61-30c8-4b5c-b1d8-be1276bb07ba/balls 201
2026-06-21 18:50:32 - POST /api/v1/matches/59fb4c61-30c8-4b5c-b1d8-be1276bb07ba/balls 201
2026-06-21 18:50:32 - POST /api/v1/matches/59fb4c61-30c8-4b5c-b1d8-be1276bb07ba/balls 201
2026-06-21 18:50:32 - POST /api/v1/matches/78f61ea1-1678-4f69-a324-5c87c695f6a7/toss 200
2026-06-21 18:50:32 - GET /api/v1/teams/253622dc-4d33-445c-98ec-156802d37f05 200
2026-06-21 18:50:32 - GET /api/v1/teams/83eeea5b-1505-442f-a6ab-c86dd3483c2e 200
2026-06-21 18:50:32 - POST /api/v1/matches/78f61ea1-1678-4f69-a324-5c87c695f6a7/squads 200
2026-06-21 18:50:32 - POST /api/v1/matches/78f61ea1-1678-4f69-a324-5c87c695f6a7/squads 200
2026-06-21 18:50:32 - POST /api/v1/matches/78f61ea1-1678-4f69-a324-5c87c695f6a7/balls 201
2026-06-21 18:50:32 - POST /api/v1/matches/78f61ea1-1678-4f69-a324-5c87c695f6a7/balls 201
2026-06-21 18:50:32 - POST /api/v1/matches/78f61ea1-1678-4f69-a324-5c87c695f6a7/balls 201
2026-06-21 18:50:32 - POST /api/v1/matches/78f61ea1-1678-4f69-a324-5c87c695f6a7/balls 201
2026-06-21 18:50:32 - POST /api/v1/matches/78f61ea1-1678-4f69-a324-5c87c695f6a7/balls 201
2026-06-21 18:50:32 - POST /api/v1/matches/78f61ea1-1678-4f69-a324-5c87c695f6a7/balls 201
2026-06-21 18:50:33 - POST /api/v1/matches/78f61ea1-1678-4f69-a324-5c87c695f6a7/balls 201
2026-06-21 18:50:33 - POST /api/v1/matches/78f61ea1-1678-4f69-a324-5c87c695f6a7/balls 201
2026-06-21 18:50:33 - POST /api/v1/matches/78f61ea1-1678-4f69-a324-5c87c695f6a7/balls 201
2026-06-21 18:50:33 - POST /api/v1/matches/78f61ea1-1678-4f69-a324-5c87c695f6a7/balls 201
2026-06-21 18:50:33 - POST /api/v1/matches/78f61ea1-1678-4f69-a324-5c87c695f6a7/balls 201
2026-06-21 18:50:33 - POST /api/v1/matches/78f61ea1-1678-4f69-a324-5c87c695f6a7/balls 201
2026-06-21 18:50:33 - POST /api/v1/matches/24878f7e-e106-4c8c-a577-f67f2da01932/toss 200
2026-06-21 18:50:33 - GET /api/v1/teams/e138ca4d-a262-46ad-900f-271b31515a56 200
2026-06-21 18:50:33 - GET /api/v1/teams/253622dc-4d33-445c-98ec-156802d37f05 200
2026-06-21 18:50:33 - POST /api/v1/matches/24878f7e-e106-4c8c-a577-f67f2da01932/squads 200
2026-06-21 18:50:33 - POST /api/v1/matches/24878f7e-e106-4c8c-a577-f67f2da01932/squads 200
2026-06-21 18:50:33 - POST /api/v1/matches/24878f7e-e106-4c8c-a577-f67f2da01932/balls 201
2026-06-21 18:50:33 - POST /api/v1/matches/24878f7e-e106-4c8c-a577-f67f2da01932/balls 201
2026-06-21 18:50:33 - POST /api/v1/matches/24878f7e-e106-4c8c-a577-f67f2da01932/balls 201
2026-06-21 18:50:33 - POST /api/v1/matches/24878f7e-e106-4c8c-a577-f67f2da01932/balls 201
2026-06-21 18:50:33 - POST /api/v1/matches/24878f7e-e106-4c8c-a577-f67f2da01932/balls 201
2026-06-21 18:50:33 - POST /api/v1/matches/24878f7e-e106-4c8c-a577-f67f2da01932/balls 201
2026-06-21 18:50:33 - POST /api/v1/matches/24878f7e-e106-4c8c-a577-f67f2da01932/balls 201
2026-06-21 18:50:33 - POST /api/v1/matches/24878f7e-e106-4c8c-a577-f67f2da01932/balls 201
2026-06-21 18:50:33 - POST /api/v1/matches/24878f7e-e106-4c8c-a577-f67f2da01932/balls 201
2026-06-21 18:50:33 - POST /api/v1/matches/24878f7e-e106-4c8c-a577-f67f2da01932/balls 201
2026-06-21 18:50:33 - POST /api/v1/matches/24878f7e-e106-4c8c-a577-f67f2da01932/balls 201
2026-06-21 18:50:33 - POST /api/v1/matches/24878f7e-e106-4c8c-a577-f67f2da01932/balls 201
2026-06-21 18:50:33 - POST /api/v1/matches/175ff54a-ab9e-4ae2-97c2-3cfcfb0feabb/toss 200
2026-06-21 18:50:33 - GET /api/v1/teams/465f5dd4-0406-44b1-9543-bac47f89fef5 200
2026-06-21 18:50:33 - GET /api/v1/teams/83eeea5b-1505-442f-a6ab-c86dd3483c2e 200
2026-06-21 18:50:33 - POST /api/v1/matches/175ff54a-ab9e-4ae2-97c2-3cfcfb0feabb/squads 200
2026-06-21 18:50:33 - POST /api/v1/matches/175ff54a-ab9e-4ae2-97c2-3cfcfb0feabb/squads 200
2026-06-21 18:50:33 - POST /api/v1/matches/175ff54a-ab9e-4ae2-97c2-3cfcfb0feabb/balls 201
2026-06-21 18:50:33 - POST /api/v1/matches/175ff54a-ab9e-4ae2-97c2-3cfcfb0feabb/balls 201
2026-06-21 18:50:33 - POST /api/v1/matches/175ff54a-ab9e-4ae2-97c2-3cfcfb0feabb/balls 201
2026-06-21 18:50:33 - POST /api/v1/matches/175ff54a-ab9e-4ae2-97c2-3cfcfb0feabb/balls 201
2026-06-21 18:50:33 - POST /api/v1/matches/175ff54a-ab9e-4ae2-97c2-3cfcfb0feabb/balls 201
2026-06-21 18:50:33 - POST /api/v1/matches/175ff54a-ab9e-4ae2-97c2-3cfcfb0feabb/balls 201
2026-06-21 18:50:33 - POST /api/v1/matches/175ff54a-ab9e-4ae2-97c2-3cfcfb0feabb/balls 201
2026-06-21 18:50:33 - POST /api/v1/matches/175ff54a-ab9e-4ae2-97c2-3cfcfb0feabb/balls 201
2026-06-21 18:50:33 - POST /api/v1/matches/175ff54a-ab9e-4ae2-97c2-3cfcfb0feabb/balls 201
2026-06-21 18:50:33 - POST /api/v1/matches/175ff54a-ab9e-4ae2-97c2-3cfcfb0feabb/balls 201
2026-06-21 18:50:33 - POST /api/v1/matches/175ff54a-ab9e-4ae2-97c2-3cfcfb0feabb/balls 201
2026-06-21 18:50:33 - POST /api/v1/matches/175ff54a-ab9e-4ae2-97c2-3cfcfb0feabb/balls 201
2026-06-21 18:50:33 - POST /api/v1/matches/89de5b42-5f5a-4c87-a0a5-5bf0dda2e5f4/toss 200
2026-06-21 18:50:33 - GET /api/v1/teams/465f5dd4-0406-44b1-9543-bac47f89fef5 200
2026-06-21 18:50:33 - GET /api/v1/teams/e138ca4d-a262-46ad-900f-271b31515a56 200
2026-06-21 18:50:33 - POST /api/v1/matches/89de5b42-5f5a-4c87-a0a5-5bf0dda2e5f4/squads 200
2026-06-21 18:50:33 - POST /api/v1/matches/89de5b42-5f5a-4c87-a0a5-5bf0dda2e5f4/squads 200
2026-06-21 18:50:33 - POST /api/v1/matches/89de5b42-5f5a-4c87-a0a5-5bf0dda2e5f4/balls 201
2026-06-21 18:50:33 - POST /api/v1/matches/89de5b42-5f5a-4c87-a0a5-5bf0dda2e5f4/balls 201
2026-06-21 18:50:34 - POST /api/v1/matches/89de5b42-5f5a-4c87-a0a5-5bf0dda2e5f4/balls 201
2026-06-21 18:50:34 - POST /api/v1/matches/89de5b42-5f5a-4c87-a0a5-5bf0dda2e5f4/balls 201
2026-06-21 18:50:34 - POST /api/v1/matches/89de5b42-5f5a-4c87-a0a5-5bf0dda2e5f4/balls 201
2026-06-21 18:50:34 - POST /api/v1/matches/89de5b42-5f5a-4c87-a0a5-5bf0dda2e5f4/balls 201
2026-06-21 18:50:34 - POST /api/v1/matches/89de5b42-5f5a-4c87-a0a5-5bf0dda2e5f4/balls 201
2026-06-21 18:50:34 - POST /api/v1/matches/89de5b42-5f5a-4c87-a0a5-5bf0dda2e5f4/balls 201
2026-06-21 18:50:34 - POST /api/v1/matches/89de5b42-5f5a-4c87-a0a5-5bf0dda2e5f4/balls 201
2026-06-21 18:50:34 - POST /api/v1/matches/89de5b42-5f5a-4c87-a0a5-5bf0dda2e5f4/balls 201
2026-06-21 18:50:34 - POST /api/v1/matches/89de5b42-5f5a-4c87-a0a5-5bf0dda2e5f4/balls 201
2026-06-21 18:50:34 - POST /api/v1/matches/89de5b42-5f5a-4c87-a0a5-5bf0dda2e5f4/balls 201
2026-06-21 18:50:34 - POST /api/v1/matches/602df79e-4111-4719-b979-4901e8f1926b/toss 200
2026-06-21 18:50:34 - GET /api/v1/teams/e138ca4d-a262-46ad-900f-271b31515a56 200
2026-06-21 18:50:34 - GET /api/v1/teams/83eeea5b-1505-442f-a6ab-c86dd3483c2e 200
2026-06-21 18:50:34 - POST /api/v1/matches/602df79e-4111-4719-b979-4901e8f1926b/squads 200
2026-06-21 18:50:34 - POST /api/v1/matches/602df79e-4111-4719-b979-4901e8f1926b/squads 200
2026-06-21 18:50:34 - POST /api/v1/matches/602df79e-4111-4719-b979-4901e8f1926b/balls 201
2026-06-21 18:50:34 - POST /api/v1/matches/602df79e-4111-4719-b979-4901e8f1926b/balls 201
2026-06-21 18:50:34 - POST /api/v1/matches/602df79e-4111-4719-b979-4901e8f1926b/balls 201
2026-06-21 18:50:34 - POST /api/v1/matches/602df79e-4111-4719-b979-4901e8f1926b/balls 201
2026-06-21 18:50:34 - POST /api/v1/matches/602df79e-4111-4719-b979-4901e8f1926b/balls 201
2026-06-21 18:50:34 - POST /api/v1/matches/602df79e-4111-4719-b979-4901e8f1926b/balls 201
2026-06-21 18:50:34 - POST /api/v1/matches/602df79e-4111-4719-b979-4901e8f1926b/balls 201
2026-06-21 18:50:34 - POST /api/v1/matches/602df79e-4111-4719-b979-4901e8f1926b/balls 201
2026-06-21 18:50:34 - POST /api/v1/matches/602df79e-4111-4719-b979-4901e8f1926b/balls 201
2026-06-21 18:50:34 - POST /api/v1/matches/602df79e-4111-4719-b979-4901e8f1926b/balls 201
2026-06-21 18:50:34 - POST /api/v1/matches/602df79e-4111-4719-b979-4901e8f1926b/balls 201
2026-06-21 18:50:34 - POST /api/v1/matches/602df79e-4111-4719-b979-4901e8f1926b/balls 201
2026-06-21 18:50:34 - GET /api/v1/tournaments/9e45dcbd-b44a-43ac-90e6-218d25054dfb/dashboard 200
2026-06-21 18:50:34 - POST /api/v1/matches/6bc2f19f-a23d-4a7a-b0c8-3aa18cfde00b/toss 200
2026-06-21 18:50:34 - GET /api/v1/teams/465f5dd4-0406-44b1-9543-bac47f89fef5 200
2026-06-21 18:50:34 - GET /api/v1/teams/83eeea5b-1505-442f-a6ab-c86dd3483c2e 200
2026-06-21 18:50:34 - POST /api/v1/matches/6bc2f19f-a23d-4a7a-b0c8-3aa18cfde00b/squads 200
2026-06-21 18:50:34 - POST /api/v1/matches/6bc2f19f-a23d-4a7a-b0c8-3aa18cfde00b/squads 200
2026-06-21 18:50:35 - POST /api/v1/matches/6bc2f19f-a23d-4a7a-b0c8-3aa18cfde00b/balls 201
2026-06-21 18:50:35 - POST /api/v1/matches/6bc2f19f-a23d-4a7a-b0c8-3aa18cfde00b/balls 201
2026-06-21 18:50:35 - POST /api/v1/matches/6bc2f19f-a23d-4a7a-b0c8-3aa18cfde00b/balls 201
2026-06-21 18:50:35 - POST /api/v1/matches/6bc2f19f-a23d-4a7a-b0c8-3aa18cfde00b/balls 201
2026-06-21 18:50:35 - POST /api/v1/matches/6bc2f19f-a23d-4a7a-b0c8-3aa18cfde00b/balls 201
2026-06-21 18:50:35 - POST /api/v1/matches/6bc2f19f-a23d-4a7a-b0c8-3aa18cfde00b/balls 201
2026-06-21 18:50:35 - POST /api/v1/matches/6bc2f19f-a23d-4a7a-b0c8-3aa18cfde00b/balls 201
2026-06-21 18:50:35 - POST /api/v1/matches/6bc2f19f-a23d-4a7a-b0c8-3aa18cfde00b/balls 201
2026-06-21 18:50:35 - POST /api/v1/matches/6bc2f19f-a23d-4a7a-b0c8-3aa18cfde00b/balls 201
2026-06-21 18:50:35 - POST /api/v1/matches/6bc2f19f-a23d-4a7a-b0c8-3aa18cfde00b/balls 201
2026-06-21 18:50:35 - POST /api/v1/matches/6bc2f19f-a23d-4a7a-b0c8-3aa18cfde00b/balls 201
2026-06-21 18:50:35 - POST /api/v1/matches/6bc2f19f-a23d-4a7a-b0c8-3aa18cfde00b/balls 201
2026-06-21 18:50:35 - POST /api/v1/matches/afe1b24e-0b22-43e2-b115-704b0c4e5766/toss 200
2026-06-21 18:50:35 - GET /api/v1/teams/e138ca4d-a262-46ad-900f-271b31515a56 200
2026-06-21 18:50:35 - GET /api/v1/teams/253622dc-4d33-445c-98ec-156802d37f05 200
2026-06-21 18:50:35 - POST /api/v1/matches/afe1b24e-0b22-43e2-b115-704b0c4e5766/squads 200
2026-06-21 18:50:35 - POST /api/v1/matches/afe1b24e-0b22-43e2-b115-704b0c4e5766/squads 200
2026-06-21 18:50:35 - POST /api/v1/matches/afe1b24e-0b22-43e2-b115-704b0c4e5766/balls 201
2026-06-21 18:50:35 - POST /api/v1/matches/afe1b24e-0b22-43e2-b115-704b0c4e5766/balls 201
2026-06-21 18:50:35 - POST /api/v1/matches/afe1b24e-0b22-43e2-b115-704b0c4e5766/balls 201
2026-06-21 18:50:35 - POST /api/v1/matches/afe1b24e-0b22-43e2-b115-704b0c4e5766/balls 201
2026-06-21 18:50:35 - POST /api/v1/matches/afe1b24e-0b22-43e2-b115-704b0c4e5766/balls 201
2026-06-21 18:50:35 - POST /api/v1/matches/afe1b24e-0b22-43e2-b115-704b0c4e5766/balls 201
2026-06-21 18:50:35 - POST /api/v1/matches/afe1b24e-0b22-43e2-b115-704b0c4e5766/balls 201
2026-06-21 18:50:35 - POST /api/v1/matches/afe1b24e-0b22-43e2-b115-704b0c4e5766/balls 201
2026-06-21 18:50:35 - POST /api/v1/matches/afe1b24e-0b22-43e2-b115-704b0c4e5766/balls 201
2026-06-21 18:50:35 - POST /api/v1/matches/afe1b24e-0b22-43e2-b115-704b0c4e5766/balls 201
2026-06-21 18:50:35 - POST /api/v1/matches/afe1b24e-0b22-43e2-b115-704b0c4e5766/balls 201
2026-06-21 18:50:35 - POST /api/v1/matches/afe1b24e-0b22-43e2-b115-704b0c4e5766/balls 201
2026-06-21 18:50:36 - GET /api/v1/tournaments/9e45dcbd-b44a-43ac-90e6-218d25054dfb/dashboard 200
2026-06-21 18:50:36 - POST /api/v1/matches/f03a37ab-69b0-4ad5-8de7-80da1ec8bd2e/toss 200
2026-06-21 18:50:36 - GET /api/v1/teams/465f5dd4-0406-44b1-9543-bac47f89fef5 200
2026-06-21 18:50:36 - GET /api/v1/teams/e138ca4d-a262-46ad-900f-271b31515a56 200
2026-06-21 18:50:36 - POST /api/v1/matches/f03a37ab-69b0-4ad5-8de7-80da1ec8bd2e/squads 200
2026-06-21 18:50:36 - POST /api/v1/matches/f03a37ab-69b0-4ad5-8de7-80da1ec8bd2e/squads 200
2026-06-21 18:50:36 - POST /api/v1/matches/f03a37ab-69b0-4ad5-8de7-80da1ec8bd2e/balls 201
2026-06-21 18:50:36 - POST /api/v1/matches/f03a37ab-69b0-4ad5-8de7-80da1ec8bd2e/balls 201
2026-06-21 18:50:36 - POST /api/v1/matches/f03a37ab-69b0-4ad5-8de7-80da1ec8bd2e/balls 201
2026-06-21 18:50:36 - POST /api/v1/matches/f03a37ab-69b0-4ad5-8de7-80da1ec8bd2e/balls 201
2026-06-21 18:50:36 - POST /api/v1/matches/f03a37ab-69b0-4ad5-8de7-80da1ec8bd2e/balls 201
2026-06-21 18:50:36 - POST /api/v1/matches/f03a37ab-69b0-4ad5-8de7-80da1ec8bd2e/balls 201
2026-06-21 18:50:36 - POST /api/v1/matches/f03a37ab-69b0-4ad5-8de7-80da1ec8bd2e/balls 201
2026-06-21 18:50:36 - POST /api/v1/matches/f03a37ab-69b0-4ad5-8de7-80da1ec8bd2e/balls 201
2026-06-21 18:50:36 - POST /api/v1/matches/f03a37ab-69b0-4ad5-8de7-80da1ec8bd2e/balls 201
2026-06-21 18:50:36 - POST /api/v1/matches/f03a37ab-69b0-4ad5-8de7-80da1ec8bd2e/balls 201
2026-06-21 18:50:36 - POST /api/v1/matches/f03a37ab-69b0-4ad5-8de7-80da1ec8bd2e/balls 201
2026-06-21 18:50:36 - POST /api/v1/matches/f03a37ab-69b0-4ad5-8de7-80da1ec8bd2e/balls 201
2026-06-21 18:50:36 - GET /api/v1/tournaments/9e45dcbd-b44a-43ac-90e6-218d25054dfb/dashboard 200
2026-06-22 09:44:53 - POST /api/v1/auth/signup 422
2026-06-22 09:44:53 - POST /api/v1/auth/signup 422
2026-06-22 09:44:53 - POST /api/v1/auth/signup 422
2026-06-22 09:44:53 - POST /api/v1/auth/signup 422
2026-06-22 09:44:57 - POST /api/v1/auth/signup 201
2026-06-22 09:44:58 - POST /api/v1/auth/login 400
2026-06-22 09:44:58 - POST /api/v1/auth/verify-otp 200
2026-06-22 09:45:02 - POST /api/v1/auth/signup 201
2026-06-22 09:45:02 - POST /api/v1/auth/resend-otp 429
2026-06-22 09:45:06 - POST /api/v1/auth/resend-otp 200
2026-06-22 09:45:08 - POST /api/v1/auth/login 400
2026-06-22 09:45:09 - POST /api/v1/auth/login 400
2026-06-22 09:45:09 - POST /api/v1/auth/login 400
2026-06-22 09:45:10 - POST /api/v1/auth/login 400
2026-06-22 09:45:11 - POST /api/v1/auth/login 400
2026-06-22 09:45:11 - POST /api/v1/auth/login 403
2026-06-22 09:45:12 - POST /api/v1/auth/login 200
2026-06-22 09:45:12 - POST /api/v1/auth/forgot-password 404
2026-06-22 09:45:15 - POST /api/v1/auth/forgot-password 200
2026-06-22 09:45:15 - POST /api/v1/auth/verify-reset-otp 400
2026-06-22 09:45:15 - POST /api/v1/auth/verify-reset-otp 200
2026-06-22 09:45:15 - POST /api/v1/auth/reset-password 422
2026-06-22 09:45:16 - POST /api/v1/auth/reset-password 200
2026-06-22 09:45:17 - POST /api/v1/auth/login 200
2026-06-22 09:45:19 - POST /api/v1/auth/login 200
2026-06-22 09:45:19 - POST /api/v1/auth/complete-profile 200
2026-06-22 09:45:21 - POST /api/v1/auth/login 200
2026-06-22 09:45:21 - POST /api/v1/auth/refresh 200
2026-06-22 09:45:21 - POST /api/v1/auth/logout 200
2026-06-22 09:45:21 - POST /api/v1/auth/refresh 401
2026-06-22 09:45:25 - POST /api/v1/auth/signup 201
2026-06-22 09:45:25 - POST /api/v1/auth/signup 400
2026-06-22 09:45:26 - POST /api/v1/auth/login 400
2026-06-22 09:45:26 - POST /api/v1/auth/forgot-password 400
2026-06-22 09:45:26 - POST /api/v1/auth/verify-reset-otp 400
2026-06-22 09:45:26 - POST /api/v1/auth/reset-password 400
2026-06-22 09:45:27 - POST /api/v1/auth/signup 400
2026-06-22 09:45:31 - POST /api/v1/auth/signup 201
2026-06-22 09:45:34 - POST /api/v1/auth/signup 201
2026-06-22 09:45:34 - POST /api/v1/auth/login 200
2026-06-22 09:45:35 - POST /api/v1/auth/login 200
2026-06-22 09:45:35 - POST /api/v1/teams/ 201
2026-06-22 09:45:35 - GET /api/v1/teams/ 200
2026-06-22 09:45:35 - PUT /api/v1/teams/26819623-e335-4006-8021-1a8cb8b5723d 403
2026-06-22 09:45:35 - DELETE /api/v1/teams/26819623-e335-4006-8021-1a8cb8b5723d 403
2026-06-22 09:45:35 - POST /api/v1/players/ 201
2026-06-22 09:45:35 - GET /api/v1/players/ 200
2026-06-22 09:45:35 - PUT /api/v1/players/26680240-000f-423c-90b2-2b3e757592df 403
2026-06-22 09:45:35 - DELETE /api/v1/players/26680240-000f-423c-90b2-2b3e757592df 403
2026-06-22 09:45:39 - POST /api/v1/auth/signup 201
2026-06-22 09:45:40 - POST /api/v1/auth/login 200
2026-06-22 09:45:40 - POST /api/v1/teams/ 201
2026-06-22 09:45:40 - POST /api/v1/teams/ 201
2026-06-22 09:45:40 - POST /api/v1/players/ 201
2026-06-22 09:45:40 - POST /api/v1/players/ 201
2026-06-22 09:45:40 - POST /api/v1/players/ 201
2026-06-22 09:45:40 - POST /api/v1/teams/5c41a46d-3a1d-49da-b575-d728589b4e11/players/bulk 200
2026-06-22 09:45:40 - POST /api/v1/teams/26d86cbb-b1ff-4a80-901c-6e5b86ed884b/players/bulk 400
2026-06-22 09:45:44 - POST /api/v1/auth/signup 201
2026-06-22 09:45:48 - POST /api/v1/auth/signup 201
2026-06-22 09:45:49 - POST /api/v1/auth/login 200
2026-06-22 09:45:49 - POST /api/v1/auth/login 200
2026-06-22 09:45:49 - POST /api/v1/teams/ 201
2026-06-22 09:45:49 - POST /api/v1/teams/ 201
2026-06-22 09:45:49 - POST /api/v1/matches/ 201
2026-06-22 09:45:49 - POST /api/v1/matches/43938fa9-5857-4a56-8168-f543edeb85a0/toss 403
2026-06-22 09:45:49 - POST /api/v1/matches/43938fa9-5857-4a56-8168-f543edeb85a0/toss 200
2026-06-22 09:45:52 - GET /api/v1/debug-env 200
2026-06-22 09:45:52 - GET /api/v1/debug-env 404
2026-06-22 09:45:55 - POST /api/v1/auth/login 200
2026-06-22 09:45:55 - POST /api/v1/players/ 201
2026-06-22 09:45:55 - POST /api/v1/players/ 201
2026-06-22 09:45:55 - POST /api/v1/players/ 201
2026-06-22 09:45:55 - POST /api/v1/players/ 201
2026-06-22 09:45:55 - POST /api/v1/teams/ 201
2026-06-22 09:45:55 - POST /api/v1/teams/ 201
2026-06-22 09:45:55 - POST /api/v1/teams/178c7853-8cce-4579-af0f-814f83508366/players 200
2026-06-22 09:45:55 - POST /api/v1/teams/178c7853-8cce-4579-af0f-814f83508366/players 200
2026-06-22 09:45:55 - POST /api/v1/teams/31c4a62c-1551-4954-b620-22b4ae25de72/players 200
2026-06-22 09:45:55 - POST /api/v1/teams/31c4a62c-1551-4954-b620-22b4ae25de72/players 200
2026-06-22 09:45:55 - POST /api/v1/matches/ 201
2026-06-22 09:45:55 - POST /api/v1/matches/3edd9054-9712-464d-b8c3-a0808eff332d/toss 200
2026-06-22 09:45:55 - POST /api/v1/matches/3edd9054-9712-464d-b8c3-a0808eff332d/squads 400
2026-06-22 09:45:55 - POST /api/v1/matches/3edd9054-9712-464d-b8c3-a0808eff332d/squads 200
2026-06-22 09:45:55 - POST /api/v1/matches/3edd9054-9712-464d-b8c3-a0808eff332d/squads 400
2026-06-22 09:45:55 - POST /api/v1/matches/3edd9054-9712-464d-b8c3-a0808eff332d/squads 200
2026-06-22 09:45:56 - POST /api/v1/auth/google 200
2026-06-22 09:45:56 - POST /api/v1/auth/google 400
2026-06-22 09:45:57 - POST /api/v1/auth/google 400
2026-06-22 09:45:57 - POST /api/v1/auth/google 400
2026-06-22 09:45:58 - POST /api/v1/auth/google 400
2026-06-22 09:46:00 - POST /api/v1/auth/login 200
2026-06-22 09:46:00 - POST /api/v1/players/ 201
2026-06-22 09:46:00 - POST /api/v1/players/ 201
2026-06-22 09:46:00 - POST /api/v1/teams/ 201
2026-06-22 09:46:00 - POST /api/v1/teams/ 201
2026-06-22 09:46:00 - POST /api/v1/matches/ 201
2026-06-22 09:46:00 - GET /api/v1/matches/ 200
2026-06-22 09:46:02 - POST /api/v1/auth/login 200
2026-06-22 09:46:04 - POST /api/v1/auth/login 200
2026-06-22 09:46:05 - POST /api/v1/auth/login 200
2026-06-22 09:46:05 - POST /api/v1/matches/ 201
2026-06-22 09:46:05 - POST /api/v1/matches/5b15448f-7e94-4bb8-bf56-80792a8d3a25/toss 200
2026-06-22 09:46:05 - POST /api/v1/matches/5b15448f-7e94-4bb8-bf56-80792a8d3a25/toss 403
2026-06-22 09:46:05 - POST /api/v1/matches/ 201
2026-06-22 09:46:05 - POST /api/v1/matches/560fc413-57ef-4d19-9745-7a16177735c7/toss 200
2026-06-22 09:46:05 - POST /api/v1/matches/ 201
2026-06-22 09:46:05 - POST /api/v1/matches/91f1a21c-8397-46cf-b522-341c7bdba320/toss 200
2026-06-22 09:46:05 - POST /api/v1/matches/91f1a21c-8397-46cf-b522-341c7bdba320/toss 403
2026-06-22 09:46:06 - POST /api/v1/auth/login 200
2026-06-22 09:46:06 - POST /api/v1/players/ 201
2026-06-22 09:46:06 - POST /api/v1/players/ 201
2026-06-22 09:46:06 - POST /api/v1/players/ 422
2026-06-22 09:46:06 - POST /api/v1/players/ 422
2026-06-22 09:46:06 - GET /api/v1/players/be840162-565d-4e5b-bc3f-042f3f2670f8 200
2026-06-22 09:46:06 - PUT /api/v1/players/be840162-565d-4e5b-bc3f-042f3f2670f8 200
2026-06-22 09:46:06 - DELETE /api/v1/players/be840162-565d-4e5b-bc3f-042f3f2670f8 204
2026-06-22 09:46:06 - GET /api/v1/players/be840162-565d-4e5b-bc3f-042f3f2670f8 404
2026-06-22 09:46:08 - POST /api/v1/auth/login 200
2026-06-22 09:46:08 - POST /api/v1/players/ 201
2026-06-22 09:46:08 - POST /api/v1/players/ 201
2026-06-22 09:46:08 - POST /api/v1/teams/ 201
2026-06-22 09:46:08 - POST /api/v1/teams/6a1696f4-c037-4ab7-9af2-7c9ad30ea987/players 200
2026-06-22 09:46:08 - PUT /api/v1/teams/6a1696f4-c037-4ab7-9af2-7c9ad30ea987 200
2026-06-22 09:46:08 - PUT /api/v1/teams/6a1696f4-c037-4ab7-9af2-7c9ad30ea987 400
2026-06-22 09:46:08 - POST /api/v1/teams/ 201
2026-06-22 09:46:08 - POST /api/v1/teams/e434d278-6d34-48ab-a708-811c2318f32b/players 400
2026-06-22 09:46:08 - DELETE /api/v1/teams/6a1696f4-c037-4ab7-9af2-7c9ad30ea987/players/0941ea62-cd63-4260-9dd5-081e53e0e8e2 200
2026-06-22 09:46:08 - DELETE /api/v1/teams/6a1696f4-c037-4ab7-9af2-7c9ad30ea987 204
2026-06-22 09:46:10 - POST /api/v1/auth/login 200
2026-06-22 09:46:11 - POST /api/v1/players/ 201
2026-06-22 09:46:11 - POST /api/v1/players/ 201
2026-06-22 09:46:11 - POST /api/v1/teams/ 201
2026-06-22 09:46:11 - POST /api/v1/teams/ 201
2026-06-22 09:46:11 - POST /api/v1/teams/d290d0cc-d8b2-4b11-9456-ac9ebd8f528c/players 200
2026-06-22 09:46:11 - POST /api/v1/teams/a6e2971f-233a-4e2e-9669-b0e28ab34d75/players 200
2026-06-22 09:46:11 - POST /api/v1/matches/ 201
2026-06-22 09:46:11 - POST /api/v1/matches/2dc07415-671c-4609-988d-6135591c02c0/squads 200
2026-06-22 09:46:11 - POST /api/v1/matches/2dc07415-671c-4609-988d-6135591c02c0/toss 200
2026-06-22 09:46:11 - DELETE /api/v1/players/f8553ed5-5c12-48ca-ba7c-84ab0ce16c99 400
2026-06-22 09:46:11 - DELETE /api/v1/teams/d290d0cc-d8b2-4b11-9456-ac9ebd8f528c/players/f8553ed5-5c12-48ca-ba7c-84ab0ce16c99 400
2026-06-22 09:46:11 - DELETE /api/v1/teams/d290d0cc-d8b2-4b11-9456-ac9ebd8f528c 400
2026-06-22 09:46:13 - POST /api/v1/auth/login 200
2026-06-22 09:46:13 - GET /api/v1/profile/ 200
2026-06-22 09:46:14 - POST /api/v1/auth/login 200
2026-06-22 09:46:14 - PUT /api/v1/profile/ 200
2026-06-22 09:46:15 - PUT /api/v1/profile/ 400
2026-06-22 09:46:16 - POST /api/v1/auth/login 200
2026-06-22 09:46:16 - GET /api/v1/profile/stats 200
2026-06-22 09:46:18 - POST /api/v1/auth/login 200
2026-06-22 09:46:18 - GET /api/v1/profile/activity 200
2026-06-22 09:46:18 - GET /api/v1/profile/achievements 200
2026-06-22 09:46:20 - POST /api/v1/auth/login 200
2026-06-22 09:46:20 - POST /api/v1/profile/upload-photo 200
2026-06-22 09:46:20 - GET /api/v1/profile/ 200
2026-06-22 09:46:22 - POST /api/v1/auth/login 200
2026-06-22 09:46:22 - POST /api/v1/players/ 201
2026-06-22 09:46:22 - POST /api/v1/players/ 201
2026-06-22 09:46:22 - POST /api/v1/players/ 201
2026-06-22 09:46:22 - POST /api/v1/players/ 201
2026-06-22 09:46:22 - POST /api/v1/players/ 201
2026-06-22 09:46:22 - POST /api/v1/teams/ 201
2026-06-22 09:46:22 - POST /api/v1/teams/ 201
2026-06-22 09:46:22 - POST /api/v1/teams/2c36e99b-3313-4372-adec-d719a53e173d/players 200
2026-06-22 09:46:22 - POST /api/v1/teams/2c36e99b-3313-4372-adec-d719a53e173d/players 200
2026-06-22 09:46:22 - POST /api/v1/teams/2c36e99b-3313-4372-adec-d719a53e173d/players 200
2026-06-22 09:46:22 - POST /api/v1/teams/da10ba23-39cd-45ad-b800-c04a27a4eb0f/players 200
2026-06-22 09:46:22 - POST /api/v1/teams/da10ba23-39cd-45ad-b800-c04a27a4eb0f/players 200
2026-06-22 09:46:22 - POST /api/v1/matches/ 201
2026-06-22 09:46:22 - POST /api/v1/matches/6d581965-eac4-477f-99f8-ac07b08eb5b8/toss 200
2026-06-22 09:46:22 - POST /api/v1/matches/6d581965-eac4-477f-99f8-ac07b08eb5b8/squads 200
2026-06-22 09:46:22 - POST /api/v1/matches/6d581965-eac4-477f-99f8-ac07b08eb5b8/squads 200
2026-06-22 09:46:22 - POST /api/v1/matches/6d581965-eac4-477f-99f8-ac07b08eb5b8/balls 201
2026-06-22 09:46:22 - POST /api/v1/matches/6d581965-eac4-477f-99f8-ac07b08eb5b8/balls 201
2026-06-22 09:46:22 - POST /api/v1/matches/6d581965-eac4-477f-99f8-ac07b08eb5b8/balls 201
2026-06-22 09:46:22 - POST /api/v1/matches/6d581965-eac4-477f-99f8-ac07b08eb5b8/balls 201
2026-06-22 09:46:22 - POST /api/v1/matches/6d581965-eac4-477f-99f8-ac07b08eb5b8/balls 201
2026-06-22 09:46:22 - POST /api/v1/matches/6d581965-eac4-477f-99f8-ac07b08eb5b8/balls 201
2026-06-22 09:46:22 - POST /api/v1/matches/6d581965-eac4-477f-99f8-ac07b08eb5b8/balls 201
2026-06-22 09:46:22 - POST /api/v1/matches/6d581965-eac4-477f-99f8-ac07b08eb5b8/balls 201
2026-06-22 09:46:22 - POST /api/v1/matches/6d581965-eac4-477f-99f8-ac07b08eb5b8/balls 201
2026-06-22 09:46:23 - POST /api/v1/matches/6d581965-eac4-477f-99f8-ac07b08eb5b8/balls 201
2026-06-22 09:46:23 - POST /api/v1/matches/6d581965-eac4-477f-99f8-ac07b08eb5b8/balls 201
2026-06-22 09:46:23 - POST /api/v1/matches/6d581965-eac4-477f-99f8-ac07b08eb5b8/balls 201
2026-06-22 09:46:23 - GET /api/v1/matches/6d581965-eac4-477f-99f8-ac07b08eb5b8/scorecard 200
2026-06-22 09:46:23 - GET /api/v1/players/6ee5f51f-f097-40df-9841-78a4c7886e34 200
2026-06-22 09:46:24 - POST /api/v1/auth/login 200
2026-06-22 09:46:25 - POST /api/v1/players/ 201
2026-06-22 09:46:25 - POST /api/v1/players/ 201
2026-06-22 09:46:25 - POST /api/v1/players/ 201
2026-06-22 09:46:25 - POST /api/v1/players/ 201
2026-06-22 09:46:25 - POST /api/v1/players/ 201
2026-06-22 09:46:25 - POST /api/v1/teams/ 201
2026-06-22 09:46:25 - POST /api/v1/teams/ 201
2026-06-22 09:46:25 - POST /api/v1/teams/d544e869-89b0-450a-b119-e2d6b5ea87af/players 200
2026-06-22 09:46:25 - POST /api/v1/teams/d544e869-89b0-450a-b119-e2d6b5ea87af/players 200
2026-06-22 09:46:25 - POST /api/v1/teams/d544e869-89b0-450a-b119-e2d6b5ea87af/players 200
2026-06-22 09:46:25 - POST /api/v1/teams/0c6769f4-c84f-4941-a048-4878056ae930/players 200
2026-06-22 09:46:25 - POST /api/v1/teams/0c6769f4-c84f-4941-a048-4878056ae930/players 200
2026-06-22 09:46:25 - POST /api/v1/matches/ 201
2026-06-22 09:46:25 - POST /api/v1/matches/ff037003-929c-4d4a-b1d4-8028cc6ef15e/toss 200
2026-06-22 09:46:25 - POST /api/v1/matches/ff037003-929c-4d4a-b1d4-8028cc6ef15e/squads 200
2026-06-22 09:46:25 - POST /api/v1/matches/ff037003-929c-4d4a-b1d4-8028cc6ef15e/squads 200
2026-06-22 09:46:25 - POST /api/v1/matches/ff037003-929c-4d4a-b1d4-8028cc6ef15e/balls 201
2026-06-22 09:46:25 - POST /api/v1/matches/ff037003-929c-4d4a-b1d4-8028cc6ef15e/balls 201
2026-06-22 09:46:25 - POST /api/v1/matches/ff037003-929c-4d4a-b1d4-8028cc6ef15e/balls 201
2026-06-22 09:46:25 - POST /api/v1/matches/ff037003-929c-4d4a-b1d4-8028cc6ef15e/balls 201
2026-06-22 09:46:25 - POST /api/v1/matches/ff037003-929c-4d4a-b1d4-8028cc6ef15e/balls 201
2026-06-22 09:46:25 - GET /api/v1/matches/ff037003-929c-4d4a-b1d4-8028cc6ef15e/scorecard 200
2026-06-22 09:46:27 - POST /api/v1/auth/login 200
2026-06-22 09:46:27 - POST /api/v1/players/ 201
2026-06-22 09:46:27 - POST /api/v1/players/ 201
2026-06-22 09:46:27 - POST /api/v1/players/ 201
2026-06-22 09:46:27 - POST /api/v1/players/ 201
2026-06-22 09:46:27 - POST /api/v1/teams/ 201
2026-06-22 09:46:27 - POST /api/v1/teams/ 201
2026-06-22 09:46:27 - POST /api/v1/teams/579e0005-648b-4871-974c-7d58c1c3ad88/players 200
2026-06-22 09:46:27 - POST /api/v1/teams/579e0005-648b-4871-974c-7d58c1c3ad88/players 200
2026-06-22 09:46:27 - POST /api/v1/teams/05c67fbf-b6b4-4dd0-adc8-9efc1944244f/players 200
2026-06-22 09:46:27 - POST /api/v1/teams/05c67fbf-b6b4-4dd0-adc8-9efc1944244f/players 200
2026-06-22 09:46:27 - POST /api/v1/matches/ 201
2026-06-22 09:46:27 - POST /api/v1/matches/f94f245d-519a-4ec7-a547-bdfee38818c3/toss 200
2026-06-22 09:46:28 - POST /api/v1/matches/f94f245d-519a-4ec7-a547-bdfee38818c3/squads 200
2026-06-22 09:46:28 - POST /api/v1/matches/f94f245d-519a-4ec7-a547-bdfee38818c3/squads 200
2026-06-22 09:46:28 - POST /api/v1/matches/f94f245d-519a-4ec7-a547-bdfee38818c3/balls 201
2026-06-22 09:46:28 - POST /api/v1/matches/f94f245d-519a-4ec7-a547-bdfee38818c3/balls 201
2026-06-22 09:46:28 - POST /api/v1/matches/f94f245d-519a-4ec7-a547-bdfee38818c3/balls 201
2026-06-22 09:46:28 - POST /api/v1/matches/f94f245d-519a-4ec7-a547-bdfee38818c3/balls 201
2026-06-22 09:46:28 - POST /api/v1/matches/f94f245d-519a-4ec7-a547-bdfee38818c3/balls 201
2026-06-22 09:46:28 - POST /api/v1/matches/f94f245d-519a-4ec7-a547-bdfee38818c3/balls 201
2026-06-22 09:46:28 - POST /api/v1/matches/f94f245d-519a-4ec7-a547-bdfee38818c3/balls 201
2026-06-22 09:46:28 - GET /api/v1/matches/f94f245d-519a-4ec7-a547-bdfee38818c3/scorecard 200
2026-06-22 09:46:32 - POST /api/v1/auth/signup 201
2026-06-22 09:46:32 - POST /api/v1/auth/login 200
2026-06-22 09:46:34 - POST /api/v1/auth/login 200
2026-06-22 09:46:34 - POST /api/v1/players/ 201
2026-06-22 09:46:34 - POST /api/v1/players/ 201
2026-06-22 09:46:34 - POST /api/v1/players/ 201
2026-06-22 09:46:34 - POST /api/v1/players/ 201
2026-06-22 09:46:34 - POST /api/v1/players/ 201
2026-06-22 09:46:34 - POST /api/v1/teams/ 201
2026-06-22 09:46:34 - POST /api/v1/teams/ 201
2026-06-22 09:46:34 - POST /api/v1/teams/550c28be-6ebb-4c20-a355-22e2277de89c/players 200
2026-06-22 09:46:34 - POST /api/v1/teams/550c28be-6ebb-4c20-a355-22e2277de89c/players 200
2026-06-22 09:46:34 - POST /api/v1/teams/550c28be-6ebb-4c20-a355-22e2277de89c/players 200
2026-06-22 09:46:34 - POST /api/v1/teams/a59ad4e3-9a5b-40b0-9f98-a9de7bfd2baa/players 200
2026-06-22 09:46:34 - POST /api/v1/teams/a59ad4e3-9a5b-40b0-9f98-a9de7bfd2baa/players 200
2026-06-22 09:46:35 - POST /api/v1/matches/ 201
2026-06-22 09:46:35 - POST /api/v1/matches/60f6fa04-8035-4178-832e-d02348f5f858/toss 200
2026-06-22 09:46:35 - POST /api/v1/matches/60f6fa04-8035-4178-832e-d02348f5f858/squads 200
2026-06-22 09:46:35 - POST /api/v1/matches/60f6fa04-8035-4178-832e-d02348f5f858/squads 200
2026-06-22 09:46:35 - POST /api/v1/matches/60f6fa04-8035-4178-832e-d02348f5f858/balls 201
2026-06-22 09:46:35 - GET /api/v1/matches/60f6fa04-8035-4178-832e-d02348f5f858/live 200
2026-06-22 09:46:35 - POST /api/v1/matches/60f6fa04-8035-4178-832e-d02348f5f858/balls 201
2026-06-22 09:46:35 - GET /api/v1/matches/60f6fa04-8035-4178-832e-d02348f5f858/live 200
2026-06-22 09:46:35 - POST /api/v1/matches/60f6fa04-8035-4178-832e-d02348f5f858/balls 201
2026-06-22 09:46:35 - GET /api/v1/matches/60f6fa04-8035-4178-832e-d02348f5f858/live 200
2026-06-22 09:46:35 - POST /api/v1/matches/60f6fa04-8035-4178-832e-d02348f5f858/balls 201
2026-06-22 09:46:35 - GET /api/v1/matches/60f6fa04-8035-4178-832e-d02348f5f858/live 200
2026-06-22 09:46:35 - POST /api/v1/matches/60f6fa04-8035-4178-832e-d02348f5f858/undo 200
2026-06-22 09:46:35 - GET /api/v1/matches/60f6fa04-8035-4178-832e-d02348f5f858/live 200
2026-06-22 09:46:35 - GET /api/v1/auth/me 401
2026-06-22 09:46:36 - GET /api/v1/auth/me 401
2026-06-22 09:46:37 - POST /api/v1/auth/login 200
2026-06-22 09:46:37 - POST /api/v1/players/ 201
2026-06-22 09:46:37 - POST /api/v1/players/ 201
2026-06-22 09:46:37 - POST /api/v1/players/ 201
2026-06-22 09:46:37 - POST /api/v1/players/ 201
2026-06-22 09:46:37 - POST /api/v1/players/ 201
2026-06-22 09:46:37 - POST /api/v1/teams/ 201
2026-06-22 09:46:37 - POST /api/v1/teams/ 201
2026-06-22 09:46:37 - POST /api/v1/teams/a2d7a3db-839e-4285-b0a0-dc99c4c0bb12/players 200
2026-06-22 09:46:37 - POST /api/v1/teams/a2d7a3db-839e-4285-b0a0-dc99c4c0bb12/players 200
2026-06-22 09:46:38 - POST /api/v1/teams/a2d7a3db-839e-4285-b0a0-dc99c4c0bb12/players 200
2026-06-22 09:46:38 - POST /api/v1/teams/f1129d03-f972-4e3c-b948-f2f18e585ddf/players 200
2026-06-22 09:46:38 - POST /api/v1/teams/f1129d03-f972-4e3c-b948-f2f18e585ddf/players 200
2026-06-22 09:46:38 - POST /api/v1/matches/ 201
2026-06-22 09:46:38 - POST /api/v1/matches/1e030482-145a-4785-bd0d-c53055802531/toss 200
2026-06-22 09:46:38 - POST /api/v1/matches/1e030482-145a-4785-bd0d-c53055802531/squads 200
2026-06-22 09:46:38 - POST /api/v1/matches/1e030482-145a-4785-bd0d-c53055802531/squads 200
2026-06-22 09:46:38 - POST /api/v1/matches/1e030482-145a-4785-bd0d-c53055802531/balls 201
2026-06-22 09:46:38 - GET /api/v1/matches/1e030482-145a-4785-bd0d-c53055802531/live 200
2026-06-22 09:46:38 - POST /api/v1/matches/1e030482-145a-4785-bd0d-c53055802531/balls 201
2026-06-22 09:46:38 - GET /api/v1/matches/1e030482-145a-4785-bd0d-c53055802531/live 200
2026-06-22 09:46:38 - POST /api/v1/matches/1e030482-145a-4785-bd0d-c53055802531/balls 201
2026-06-22 09:46:39 - GET /api/v1/matches/1e030482-145a-4785-bd0d-c53055802531/live 200
2026-06-22 09:46:39 - POST /api/v1/matches/1e030482-145a-4785-bd0d-c53055802531/balls 201
2026-06-22 09:46:39 - GET /api/v1/matches/1e030482-145a-4785-bd0d-c53055802531/live 200
2026-06-22 09:46:39 - POST /api/v1/matches/1e030482-145a-4785-bd0d-c53055802531/balls 201
2026-06-22 09:46:39 - GET /api/v1/matches/1e030482-145a-4785-bd0d-c53055802531/live 200
2026-06-22 09:46:39 - POST /api/v1/matches/1e030482-145a-4785-bd0d-c53055802531/balls 201
2026-06-22 09:46:39 - GET /api/v1/matches/1e030482-145a-4785-bd0d-c53055802531/live 200
2026-06-22 09:46:39 - POST /api/v1/matches/1e030482-145a-4785-bd0d-c53055802531/balls 201
2026-06-22 09:46:39 - GET /api/v1/matches/1e030482-145a-4785-bd0d-c53055802531/live 200
2026-06-22 09:46:39 - GET /api/v1/matches/1e030482-145a-4785-bd0d-c53055802531/scorecard 200
2026-06-22 09:46:43 - POST /api/v1/auth/signup 201
2026-06-22 09:46:49 - POST /api/v1/auth/signup 201
2026-06-22 09:46:52 - POST /api/v1/auth/signup 201
2026-06-22 09:46:53 - POST /api/v1/auth/login 200
2026-06-22 09:46:54 - POST /api/v1/auth/login 200
2026-06-22 09:46:55 - POST /api/v1/auth/login 200
2026-06-22 09:46:55 - POST /api/v1/teams/ 201
2026-06-22 09:46:55 - GET /api/v1/teams/my-teams 200
2026-06-22 09:46:55 - POST /api/v1/teams/d577586c-b848-427c-8625-0d8c3b6c2613/join-request 200
2026-06-22 09:46:55 - GET /api/v1/teams/my-teams 200
2026-06-22 09:46:55 - POST /api/v1/teams/d577586c-b848-427c-8625-0d8c3b6c2613/approve-request 403
2026-06-22 09:46:55 - POST /api/v1/teams/d577586c-b848-427c-8625-0d8c3b6c2613/approve-request 200
2026-06-22 09:46:55 - POST /api/v1/teams/d577586c-b848-427c-8625-0d8c3b6c2613/members 200
2026-06-22 09:46:55 - GET /api/v1/teams/d577586c-b848-427c-8625-0d8c3b6c2613/members 200
2026-06-22 09:46:55 - DELETE /api/v1/teams/d577586c-b848-427c-8625-0d8c3b6c2613/members/d42f8397-0b8a-40ff-98bd-9adea7502f82 204
2026-06-22 09:46:55 - GET /api/v1/teams/d577586c-b848-427c-8625-0d8c3b6c2613/members 200
2026-06-22 09:46:57 - POST /api/v1/auth/login 200
2026-06-22 09:46:57 - POST /api/v1/tournaments/ 201
2026-06-22 09:46:57 - POST /api/v1/players/ 201
2026-06-22 09:46:57 - POST /api/v1/players/ 201
2026-06-22 09:46:58 - POST /api/v1/players/ 201
2026-06-22 09:46:58 - POST /api/v1/players/ 201
2026-06-22 09:46:58 - POST /api/v1/teams/ 201
2026-06-22 09:46:58 - POST /api/v1/teams/5d47161e-acea-43b7-881f-f827984d82d7/players 200
2026-06-22 09:46:58 - POST /api/v1/teams/5d47161e-acea-43b7-881f-f827984d82d7/players 200
2026-06-22 09:46:58 - POST /api/v1/teams/5d47161e-acea-43b7-881f-f827984d82d7/players 200
2026-06-22 09:46:58 - POST /api/v1/teams/5d47161e-acea-43b7-881f-f827984d82d7/players 200
2026-06-22 09:46:58 - POST /api/v1/tournaments/4546c980-2912-4141-a97d-f3b49f794950/teams 400
2026-06-22 09:46:58 - POST /api/v1/players/ 201
2026-06-22 09:46:58 - POST /api/v1/teams/5d47161e-acea-43b7-881f-f827984d82d7/players 200
2026-06-22 09:46:58 - POST /api/v1/tournaments/4546c980-2912-4141-a97d-f3b49f794950/teams 200
2026-06-22 09:46:58 - DELETE /api/v1/tournaments/4546c980-2912-4141-a97d-f3b49f794950/teams/5d47161e-acea-43b7-881f-f827984d82d7 200
2026-06-22 09:47:01 - POST /api/v1/auth/login 200
2026-06-22 09:47:01 - POST /api/v1/teams/ 201
2026-06-22 09:47:01 - POST /api/v1/players/ 201
2026-06-22 09:47:01 - POST /api/v1/teams/b96710d2-d904-4579-91da-e7a5eb794a88/players 200
2026-06-22 09:47:01 - POST /api/v1/players/ 201
2026-06-22 09:47:01 - POST /api/v1/teams/b96710d2-d904-4579-91da-e7a5eb794a88/players 200
2026-06-22 09:47:01 - POST /api/v1/players/ 201
2026-06-22 09:47:01 - POST /api/v1/teams/b96710d2-d904-4579-91da-e7a5eb794a88/players 200
2026-06-22 09:47:01 - POST /api/v1/players/ 201
2026-06-22 09:47:01 - POST /api/v1/teams/b96710d2-d904-4579-91da-e7a5eb794a88/players 200
2026-06-22 09:47:01 - POST /api/v1/players/ 201
2026-06-22 09:47:01 - POST /api/v1/teams/b96710d2-d904-4579-91da-e7a5eb794a88/players 200
2026-06-22 09:47:02 - POST /api/v1/teams/ 201
2026-06-22 09:47:02 - POST /api/v1/players/ 201
2026-06-22 09:47:02 - POST /api/v1/teams/e23da3e8-d7b7-4f0d-88db-a03e7016ede9/players 200
2026-06-22 09:47:02 - POST /api/v1/players/ 201
2026-06-22 09:47:02 - POST /api/v1/teams/e23da3e8-d7b7-4f0d-88db-a03e7016ede9/players 200
2026-06-22 09:47:02 - POST /api/v1/players/ 201
2026-06-22 09:47:02 - POST /api/v1/teams/e23da3e8-d7b7-4f0d-88db-a03e7016ede9/players 200
2026-06-22 09:47:02 - POST /api/v1/players/ 201
2026-06-22 09:47:02 - POST /api/v1/teams/e23da3e8-d7b7-4f0d-88db-a03e7016ede9/players 200
2026-06-22 09:47:02 - POST /api/v1/players/ 201
2026-06-22 09:47:02 - POST /api/v1/teams/e23da3e8-d7b7-4f0d-88db-a03e7016ede9/players 200
2026-06-22 09:47:02 - POST /api/v1/tournaments/ 201
2026-06-22 09:47:02 - POST /api/v1/tournaments/0db98122-14e2-49ef-b63e-cb270067f570/teams 200
2026-06-22 09:47:02 - POST /api/v1/tournaments/0db98122-14e2-49ef-b63e-cb270067f570/teams 200
2026-06-22 09:47:02 - POST /api/v1/tournaments/0db98122-14e2-49ef-b63e-cb270067f570/fixtures/generate 201
2026-06-22 09:47:02 - GET /api/v1/tournaments/0db98122-14e2-49ef-b63e-cb270067f570/dashboard 200
2026-06-22 09:47:02 - POST /api/v1/matches/60ffb43e-35b0-438e-9cbf-c89af2b1ace4/toss 200
2026-06-22 09:47:02 - GET /api/v1/teams/b96710d2-d904-4579-91da-e7a5eb794a88 200
2026-06-22 09:47:02 - GET /api/v1/teams/e23da3e8-d7b7-4f0d-88db-a03e7016ede9 200
2026-06-22 09:47:02 - POST /api/v1/matches/60ffb43e-35b0-438e-9cbf-c89af2b1ace4/squads 200
2026-06-22 09:47:02 - POST /api/v1/matches/60ffb43e-35b0-438e-9cbf-c89af2b1ace4/squads 200
2026-06-22 09:47:02 - POST /api/v1/matches/60ffb43e-35b0-438e-9cbf-c89af2b1ace4/balls 201
2026-06-22 09:47:02 - POST /api/v1/matches/60ffb43e-35b0-438e-9cbf-c89af2b1ace4/balls 201
2026-06-22 09:47:02 - POST /api/v1/matches/60ffb43e-35b0-438e-9cbf-c89af2b1ace4/balls 201
2026-06-22 09:47:02 - POST /api/v1/matches/60ffb43e-35b0-438e-9cbf-c89af2b1ace4/balls 201
2026-06-22 09:47:02 - POST /api/v1/matches/60ffb43e-35b0-438e-9cbf-c89af2b1ace4/balls 201
2026-06-22 09:47:02 - POST /api/v1/matches/60ffb43e-35b0-438e-9cbf-c89af2b1ace4/balls 201
2026-06-22 09:47:02 - POST /api/v1/matches/60ffb43e-35b0-438e-9cbf-c89af2b1ace4/balls 201
2026-06-22 09:47:02 - POST /api/v1/matches/60ffb43e-35b0-438e-9cbf-c89af2b1ace4/balls 201
2026-06-22 09:47:03 - POST /api/v1/matches/60ffb43e-35b0-438e-9cbf-c89af2b1ace4/balls 201
2026-06-22 09:47:03 - GET /api/v1/tournaments/0db98122-14e2-49ef-b63e-cb270067f570/points-table 200
2026-06-22 09:47:03 - GET /api/v1/tournaments/0db98122-14e2-49ef-b63e-cb270067f570/leaderboards 200
2026-06-22 09:47:04 - POST /api/v1/auth/login 200
2026-06-22 09:47:04 - POST /api/v1/teams/ 201
2026-06-22 09:47:04 - POST /api/v1/players/ 201
2026-06-22 09:47:04 - POST /api/v1/teams/f7ddb7c3-ac42-4322-9171-710c15bfb7b8/players 200
2026-06-22 09:47:04 - POST /api/v1/players/ 201
2026-06-22 09:47:04 - POST /api/v1/teams/f7ddb7c3-ac42-4322-9171-710c15bfb7b8/players 200
2026-06-22 09:47:04 - POST /api/v1/players/ 201
2026-06-22 09:47:04 - POST /api/v1/teams/f7ddb7c3-ac42-4322-9171-710c15bfb7b8/players 200
2026-06-22 09:47:04 - POST /api/v1/players/ 201
2026-06-22 09:47:04 - POST /api/v1/teams/f7ddb7c3-ac42-4322-9171-710c15bfb7b8/players 200
2026-06-22 09:47:04 - POST /api/v1/players/ 201
2026-06-22 09:47:04 - POST /api/v1/teams/f7ddb7c3-ac42-4322-9171-710c15bfb7b8/players 200
2026-06-22 09:47:04 - POST /api/v1/teams/ 201
2026-06-22 09:47:05 - POST /api/v1/players/ 201
2026-06-22 09:47:05 - POST /api/v1/teams/cf461bfc-cad5-4871-80d7-30c15f046332/players 200
2026-06-22 09:47:05 - POST /api/v1/players/ 201
2026-06-22 09:47:05 - POST /api/v1/teams/cf461bfc-cad5-4871-80d7-30c15f046332/players 200
2026-06-22 09:47:05 - POST /api/v1/players/ 201
2026-06-22 09:47:05 - POST /api/v1/teams/cf461bfc-cad5-4871-80d7-30c15f046332/players 200
2026-06-22 09:47:05 - POST /api/v1/players/ 201
2026-06-22 09:47:05 - POST /api/v1/teams/cf461bfc-cad5-4871-80d7-30c15f046332/players 200
2026-06-22 09:47:05 - POST /api/v1/players/ 201
2026-06-22 09:47:05 - POST /api/v1/teams/cf461bfc-cad5-4871-80d7-30c15f046332/players 200
2026-06-22 09:47:05 - POST /api/v1/teams/ 201
2026-06-22 09:47:05 - POST /api/v1/players/ 201
2026-06-22 09:47:05 - POST /api/v1/teams/4b81bd4c-73a0-4736-a916-7d959217396e/players 200
2026-06-22 09:47:05 - POST /api/v1/players/ 201
2026-06-22 09:47:05 - POST /api/v1/teams/4b81bd4c-73a0-4736-a916-7d959217396e/players 200
2026-06-22 09:47:05 - POST /api/v1/players/ 201
2026-06-22 09:47:05 - POST /api/v1/teams/4b81bd4c-73a0-4736-a916-7d959217396e/players 200
2026-06-22 09:47:05 - POST /api/v1/players/ 201
2026-06-22 09:47:05 - POST /api/v1/teams/4b81bd4c-73a0-4736-a916-7d959217396e/players 200
2026-06-22 09:47:05 - POST /api/v1/players/ 201
2026-06-22 09:47:05 - POST /api/v1/teams/4b81bd4c-73a0-4736-a916-7d959217396e/players 200
2026-06-22 09:47:05 - POST /api/v1/teams/ 201
2026-06-22 09:47:05 - POST /api/v1/players/ 201
2026-06-22 09:47:05 - POST /api/v1/teams/25f6052e-58e4-462a-82e6-799434824bdb/players 200
2026-06-22 09:47:05 - POST /api/v1/players/ 201
2026-06-22 09:47:05 - POST /api/v1/teams/25f6052e-58e4-462a-82e6-799434824bdb/players 200
2026-06-22 09:47:05 - POST /api/v1/players/ 201
2026-06-22 09:47:05 - POST /api/v1/teams/25f6052e-58e4-462a-82e6-799434824bdb/players 200
2026-06-22 09:47:05 - POST /api/v1/players/ 201
2026-06-22 09:47:05 - POST /api/v1/teams/25f6052e-58e4-462a-82e6-799434824bdb/players 200
2026-06-22 09:47:05 - POST /api/v1/players/ 201
2026-06-22 09:47:05 - POST /api/v1/teams/25f6052e-58e4-462a-82e6-799434824bdb/players 200
2026-06-22 09:47:05 - POST /api/v1/tournaments/ 201
2026-06-22 09:47:05 - POST /api/v1/tournaments/f8fab869-e3fe-41a1-aa0c-eb8d1b76b7a6/teams 200
2026-06-22 09:47:06 - POST /api/v1/tournaments/f8fab869-e3fe-41a1-aa0c-eb8d1b76b7a6/teams 200
2026-06-22 09:47:06 - POST /api/v1/tournaments/f8fab869-e3fe-41a1-aa0c-eb8d1b76b7a6/teams 200
2026-06-22 09:47:06 - POST /api/v1/tournaments/f8fab869-e3fe-41a1-aa0c-eb8d1b76b7a6/teams 200
2026-06-22 09:47:06 - POST /api/v1/tournaments/f8fab869-e3fe-41a1-aa0c-eb8d1b76b7a6/fixtures/generate 201
2026-06-22 09:47:06 - GET /api/v1/tournaments/f8fab869-e3fe-41a1-aa0c-eb8d1b76b7a6/dashboard 200
2026-06-22 09:47:06 - GET /api/v1/tournaments/f8fab869-e3fe-41a1-aa0c-eb8d1b76b7a6/dashboard 200
2026-06-22 09:47:06 - POST /api/v1/matches/1fb7c6b3-ffc0-4148-80d5-569bc8bd758f/toss 200
2026-06-22 09:47:06 - GET /api/v1/teams/4b81bd4c-73a0-4736-a916-7d959217396e 200
2026-06-22 09:47:06 - GET /api/v1/teams/25f6052e-58e4-462a-82e6-799434824bdb 200
2026-06-22 09:47:06 - POST /api/v1/matches/1fb7c6b3-ffc0-4148-80d5-569bc8bd758f/squads 200
2026-06-22 09:47:06 - POST /api/v1/matches/1fb7c6b3-ffc0-4148-80d5-569bc8bd758f/squads 200
2026-06-22 09:47:06 - POST /api/v1/matches/1fb7c6b3-ffc0-4148-80d5-569bc8bd758f/balls 201
2026-06-22 09:47:06 - POST /api/v1/matches/1fb7c6b3-ffc0-4148-80d5-569bc8bd758f/balls 201
2026-06-22 09:47:06 - POST /api/v1/matches/1fb7c6b3-ffc0-4148-80d5-569bc8bd758f/balls 201
2026-06-22 09:47:06 - POST /api/v1/matches/1fb7c6b3-ffc0-4148-80d5-569bc8bd758f/balls 201
2026-06-22 09:47:06 - POST /api/v1/matches/1fb7c6b3-ffc0-4148-80d5-569bc8bd758f/balls 201
2026-06-22 09:47:06 - POST /api/v1/matches/1fb7c6b3-ffc0-4148-80d5-569bc8bd758f/balls 201
2026-06-22 09:47:06 - POST /api/v1/matches/1fb7c6b3-ffc0-4148-80d5-569bc8bd758f/balls 201
2026-06-22 09:47:06 - POST /api/v1/matches/1fb7c6b3-ffc0-4148-80d5-569bc8bd758f/balls 201
2026-06-22 09:47:06 - POST /api/v1/matches/1fb7c6b3-ffc0-4148-80d5-569bc8bd758f/balls 201
2026-06-22 09:47:07 - POST /api/v1/matches/1fb7c6b3-ffc0-4148-80d5-569bc8bd758f/balls 201
2026-06-22 09:47:07 - POST /api/v1/matches/1fb7c6b3-ffc0-4148-80d5-569bc8bd758f/balls 201
2026-06-22 09:47:07 - POST /api/v1/matches/1fb7c6b3-ffc0-4148-80d5-569bc8bd758f/balls 201
2026-06-22 09:47:07 - POST /api/v1/matches/17f27b9e-b055-4c87-b477-ee8118a03f46/toss 200
2026-06-22 09:47:07 - GET /api/v1/teams/cf461bfc-cad5-4871-80d7-30c15f046332 200
2026-06-22 09:47:07 - GET /api/v1/teams/25f6052e-58e4-462a-82e6-799434824bdb 200
2026-06-22 09:47:07 - POST /api/v1/matches/17f27b9e-b055-4c87-b477-ee8118a03f46/squads 200
2026-06-22 09:47:07 - POST /api/v1/matches/17f27b9e-b055-4c87-b477-ee8118a03f46/squads 200
2026-06-22 09:47:07 - POST /api/v1/matches/17f27b9e-b055-4c87-b477-ee8118a03f46/balls 201
2026-06-22 09:47:07 - POST /api/v1/matches/17f27b9e-b055-4c87-b477-ee8118a03f46/balls 201
2026-06-22 09:47:07 - POST /api/v1/matches/17f27b9e-b055-4c87-b477-ee8118a03f46/balls 201
2026-06-22 09:47:07 - POST /api/v1/matches/17f27b9e-b055-4c87-b477-ee8118a03f46/balls 201
2026-06-22 09:47:07 - POST /api/v1/matches/17f27b9e-b055-4c87-b477-ee8118a03f46/balls 201
2026-06-22 09:47:07 - POST /api/v1/matches/17f27b9e-b055-4c87-b477-ee8118a03f46/balls 201
2026-06-22 09:47:07 - POST /api/v1/matches/17f27b9e-b055-4c87-b477-ee8118a03f46/balls 201
2026-06-22 09:47:07 - POST /api/v1/matches/17f27b9e-b055-4c87-b477-ee8118a03f46/balls 201
2026-06-22 09:47:07 - POST /api/v1/matches/17f27b9e-b055-4c87-b477-ee8118a03f46/balls 201
2026-06-22 09:47:07 - POST /api/v1/matches/17f27b9e-b055-4c87-b477-ee8118a03f46/balls 201
2026-06-22 09:47:07 - POST /api/v1/matches/17f27b9e-b055-4c87-b477-ee8118a03f46/balls 201
2026-06-22 09:47:07 - POST /api/v1/matches/17f27b9e-b055-4c87-b477-ee8118a03f46/balls 201
2026-06-22 09:47:07 - POST /api/v1/matches/4fa9489b-0621-41d2-935b-7b93db8f053b/toss 200
2026-06-22 09:47:07 - GET /api/v1/teams/f7ddb7c3-ac42-4322-9171-710c15bfb7b8 200
2026-06-22 09:47:07 - GET /api/v1/teams/25f6052e-58e4-462a-82e6-799434824bdb 200
2026-06-22 09:47:08 - POST /api/v1/matches/4fa9489b-0621-41d2-935b-7b93db8f053b/squads 200
2026-06-22 09:47:08 - POST /api/v1/matches/4fa9489b-0621-41d2-935b-7b93db8f053b/squads 200
2026-06-22 09:47:08 - POST /api/v1/matches/4fa9489b-0621-41d2-935b-7b93db8f053b/balls 201
2026-06-22 09:47:08 - POST /api/v1/matches/4fa9489b-0621-41d2-935b-7b93db8f053b/balls 201
2026-06-22 09:47:08 - POST /api/v1/matches/4fa9489b-0621-41d2-935b-7b93db8f053b/balls 201
2026-06-22 09:47:08 - POST /api/v1/matches/4fa9489b-0621-41d2-935b-7b93db8f053b/balls 201
2026-06-22 09:47:08 - POST /api/v1/matches/4fa9489b-0621-41d2-935b-7b93db8f053b/balls 201
2026-06-22 09:47:08 - POST /api/v1/matches/4fa9489b-0621-41d2-935b-7b93db8f053b/balls 201
2026-06-22 09:47:08 - POST /api/v1/matches/4fa9489b-0621-41d2-935b-7b93db8f053b/balls 201
2026-06-22 09:47:08 - POST /api/v1/matches/4fa9489b-0621-41d2-935b-7b93db8f053b/balls 201
2026-06-22 09:47:08 - POST /api/v1/matches/4fa9489b-0621-41d2-935b-7b93db8f053b/balls 201
2026-06-22 09:47:08 - POST /api/v1/matches/4fa9489b-0621-41d2-935b-7b93db8f053b/balls 201
2026-06-22 09:47:08 - POST /api/v1/matches/4fa9489b-0621-41d2-935b-7b93db8f053b/balls 201
2026-06-22 09:47:08 - POST /api/v1/matches/4fa9489b-0621-41d2-935b-7b93db8f053b/balls 201
2026-06-22 09:47:08 - POST /api/v1/matches/1a560409-5956-49d1-9d04-911099dcdb85/toss 200
2026-06-22 09:47:08 - GET /api/v1/teams/cf461bfc-cad5-4871-80d7-30c15f046332 200
2026-06-22 09:47:08 - GET /api/v1/teams/4b81bd4c-73a0-4736-a916-7d959217396e 200
2026-06-22 09:47:08 - POST /api/v1/matches/1a560409-5956-49d1-9d04-911099dcdb85/squads 200
2026-06-22 09:47:08 - POST /api/v1/matches/1a560409-5956-49d1-9d04-911099dcdb85/squads 200
2026-06-22 09:47:08 - POST /api/v1/matches/1a560409-5956-49d1-9d04-911099dcdb85/balls 201
2026-06-22 09:47:09 - POST /api/v1/matches/1a560409-5956-49d1-9d04-911099dcdb85/balls 201
2026-06-22 09:47:09 - POST /api/v1/matches/1a560409-5956-49d1-9d04-911099dcdb85/balls 201
2026-06-22 09:47:09 - POST /api/v1/matches/1a560409-5956-49d1-9d04-911099dcdb85/balls 201
2026-06-22 09:47:09 - POST /api/v1/matches/1a560409-5956-49d1-9d04-911099dcdb85/balls 201
2026-06-22 09:47:09 - POST /api/v1/matches/1a560409-5956-49d1-9d04-911099dcdb85/balls 201
2026-06-22 09:47:09 - POST /api/v1/matches/1a560409-5956-49d1-9d04-911099dcdb85/balls 201
2026-06-22 09:47:09 - POST /api/v1/matches/1a560409-5956-49d1-9d04-911099dcdb85/balls 201
2026-06-22 09:47:09 - POST /api/v1/matches/1a560409-5956-49d1-9d04-911099dcdb85/balls 201
2026-06-22 09:47:09 - POST /api/v1/matches/1a560409-5956-49d1-9d04-911099dcdb85/balls 201
2026-06-22 09:47:09 - POST /api/v1/matches/1a560409-5956-49d1-9d04-911099dcdb85/balls 201
2026-06-22 09:47:09 - POST /api/v1/matches/1a560409-5956-49d1-9d04-911099dcdb85/balls 201
2026-06-22 09:47:09 - POST /api/v1/matches/0b321086-2b62-4187-9328-e4ef5e6c3918/toss 200
2026-06-22 09:47:09 - GET /api/v1/teams/f7ddb7c3-ac42-4322-9171-710c15bfb7b8 200
2026-06-22 09:47:09 - GET /api/v1/teams/4b81bd4c-73a0-4736-a916-7d959217396e 200
2026-06-22 09:47:09 - POST /api/v1/matches/0b321086-2b62-4187-9328-e4ef5e6c3918/squads 200
2026-06-22 09:47:09 - POST /api/v1/matches/0b321086-2b62-4187-9328-e4ef5e6c3918/squads 200
2026-06-22 09:47:09 - POST /api/v1/matches/0b321086-2b62-4187-9328-e4ef5e6c3918/balls 201
2026-06-22 09:47:09 - POST /api/v1/matches/0b321086-2b62-4187-9328-e4ef5e6c3918/balls 201
2026-06-22 09:47:09 - POST /api/v1/matches/0b321086-2b62-4187-9328-e4ef5e6c3918/balls 201
2026-06-22 09:47:09 - POST /api/v1/matches/0b321086-2b62-4187-9328-e4ef5e6c3918/balls 201
2026-06-22 09:47:09 - POST /api/v1/matches/0b321086-2b62-4187-9328-e4ef5e6c3918/balls 201
2026-06-22 09:47:09 - POST /api/v1/matches/0b321086-2b62-4187-9328-e4ef5e6c3918/balls 201
2026-06-22 09:47:09 - POST /api/v1/matches/0b321086-2b62-4187-9328-e4ef5e6c3918/balls 201
2026-06-22 09:47:10 - POST /api/v1/matches/0b321086-2b62-4187-9328-e4ef5e6c3918/balls 201
2026-06-22 09:47:10 - POST /api/v1/matches/0b321086-2b62-4187-9328-e4ef5e6c3918/balls 201
2026-06-22 09:47:10 - POST /api/v1/matches/0b321086-2b62-4187-9328-e4ef5e6c3918/balls 201
2026-06-22 09:47:10 - POST /api/v1/matches/0b321086-2b62-4187-9328-e4ef5e6c3918/balls 201
2026-06-22 09:47:10 - POST /api/v1/matches/0b321086-2b62-4187-9328-e4ef5e6c3918/balls 201
2026-06-22 09:47:10 - POST /api/v1/matches/e899ad40-f7c1-4f40-891d-8e7077aab2cc/toss 200
2026-06-22 09:47:10 - GET /api/v1/teams/f7ddb7c3-ac42-4322-9171-710c15bfb7b8 200
2026-06-22 09:47:10 - GET /api/v1/teams/cf461bfc-cad5-4871-80d7-30c15f046332 200
2026-06-22 09:47:10 - POST /api/v1/matches/e899ad40-f7c1-4f40-891d-8e7077aab2cc/squads 200
2026-06-22 09:47:10 - POST /api/v1/matches/e899ad40-f7c1-4f40-891d-8e7077aab2cc/squads 200
2026-06-22 09:47:10 - POST /api/v1/matches/e899ad40-f7c1-4f40-891d-8e7077aab2cc/balls 201
2026-06-22 09:47:10 - POST /api/v1/matches/e899ad40-f7c1-4f40-891d-8e7077aab2cc/balls 201
2026-06-22 09:47:10 - POST /api/v1/matches/e899ad40-f7c1-4f40-891d-8e7077aab2cc/balls 201
2026-06-22 09:47:10 - POST /api/v1/matches/e899ad40-f7c1-4f40-891d-8e7077aab2cc/balls 201
2026-06-22 09:47:10 - POST /api/v1/matches/e899ad40-f7c1-4f40-891d-8e7077aab2cc/balls 201
2026-06-22 09:47:10 - POST /api/v1/matches/e899ad40-f7c1-4f40-891d-8e7077aab2cc/balls 201
2026-06-22 09:47:10 - POST /api/v1/matches/e899ad40-f7c1-4f40-891d-8e7077aab2cc/balls 201
2026-06-22 09:47:10 - POST /api/v1/matches/e899ad40-f7c1-4f40-891d-8e7077aab2cc/balls 201
2026-06-22 09:47:10 - POST /api/v1/matches/e899ad40-f7c1-4f40-891d-8e7077aab2cc/balls 201
2026-06-22 09:47:10 - POST /api/v1/matches/e899ad40-f7c1-4f40-891d-8e7077aab2cc/balls 201
2026-06-22 09:47:10 - POST /api/v1/matches/e899ad40-f7c1-4f40-891d-8e7077aab2cc/balls 201
2026-06-22 09:47:11 - POST /api/v1/matches/e899ad40-f7c1-4f40-891d-8e7077aab2cc/balls 201
2026-06-22 09:47:11 - GET /api/v1/tournaments/f8fab869-e3fe-41a1-aa0c-eb8d1b76b7a6/dashboard 200
2026-06-22 09:47:11 - POST /api/v1/matches/fdffc65f-c73f-44fa-af20-a038ab879d10/toss 200
2026-06-22 09:47:11 - GET /api/v1/teams/f7ddb7c3-ac42-4322-9171-710c15bfb7b8 200
2026-06-22 09:47:11 - GET /api/v1/teams/25f6052e-58e4-462a-82e6-799434824bdb 200
2026-06-22 09:47:12 - POST /api/v1/matches/fdffc65f-c73f-44fa-af20-a038ab879d10/squads 200
2026-06-22 09:47:12 - POST /api/v1/matches/fdffc65f-c73f-44fa-af20-a038ab879d10/squads 200
2026-06-22 09:47:12 - POST /api/v1/matches/fdffc65f-c73f-44fa-af20-a038ab879d10/balls 201
2026-06-22 09:47:12 - POST /api/v1/matches/fdffc65f-c73f-44fa-af20-a038ab879d10/balls 201
2026-06-22 09:47:12 - POST /api/v1/matches/fdffc65f-c73f-44fa-af20-a038ab879d10/balls 201
2026-06-22 09:47:12 - POST /api/v1/matches/fdffc65f-c73f-44fa-af20-a038ab879d10/balls 201
2026-06-22 09:47:12 - POST /api/v1/matches/fdffc65f-c73f-44fa-af20-a038ab879d10/balls 201
2026-06-22 09:47:12 - POST /api/v1/matches/fdffc65f-c73f-44fa-af20-a038ab879d10/balls 201
2026-06-22 09:47:12 - POST /api/v1/matches/fdffc65f-c73f-44fa-af20-a038ab879d10/balls 201
2026-06-22 09:47:12 - POST /api/v1/matches/fdffc65f-c73f-44fa-af20-a038ab879d10/balls 201
2026-06-22 09:47:12 - POST /api/v1/matches/fdffc65f-c73f-44fa-af20-a038ab879d10/balls 201
2026-06-22 09:47:12 - POST /api/v1/matches/fdffc65f-c73f-44fa-af20-a038ab879d10/balls 201
2026-06-22 09:47:12 - POST /api/v1/matches/fdffc65f-c73f-44fa-af20-a038ab879d10/balls 201
2026-06-22 09:47:12 - POST /api/v1/matches/fdffc65f-c73f-44fa-af20-a038ab879d10/balls 201
2026-06-22 09:47:12 - POST /api/v1/matches/7e5e6d46-4a29-499b-a1f7-999485518456/toss 200
2026-06-22 09:47:12 - GET /api/v1/teams/cf461bfc-cad5-4871-80d7-30c15f046332 200
2026-06-22 09:47:12 - GET /api/v1/teams/4b81bd4c-73a0-4736-a916-7d959217396e 200
2026-06-22 09:47:12 - POST /api/v1/matches/7e5e6d46-4a29-499b-a1f7-999485518456/squads 200
2026-06-22 09:47:12 - POST /api/v1/matches/7e5e6d46-4a29-499b-a1f7-999485518456/squads 200
2026-06-22 09:47:12 - POST /api/v1/matches/7e5e6d46-4a29-499b-a1f7-999485518456/balls 201
2026-06-22 09:47:12 - POST /api/v1/matches/7e5e6d46-4a29-499b-a1f7-999485518456/balls 201
2026-06-22 09:47:12 - POST /api/v1/matches/7e5e6d46-4a29-499b-a1f7-999485518456/balls 201
2026-06-22 09:47:12 - POST /api/v1/matches/7e5e6d46-4a29-499b-a1f7-999485518456/balls 201
2026-06-22 09:47:12 - POST /api/v1/matches/7e5e6d46-4a29-499b-a1f7-999485518456/balls 201
2026-06-22 09:47:12 - POST /api/v1/matches/7e5e6d46-4a29-499b-a1f7-999485518456/balls 201
2026-06-22 09:47:12 - POST /api/v1/matches/7e5e6d46-4a29-499b-a1f7-999485518456/balls 201
2026-06-22 09:47:12 - POST /api/v1/matches/7e5e6d46-4a29-499b-a1f7-999485518456/balls 201
2026-06-22 09:47:12 - POST /api/v1/matches/7e5e6d46-4a29-499b-a1f7-999485518456/balls 201
2026-06-22 09:47:12 - POST /api/v1/matches/7e5e6d46-4a29-499b-a1f7-999485518456/balls 201
2026-06-22 09:47:12 - POST /api/v1/matches/7e5e6d46-4a29-499b-a1f7-999485518456/balls 201
2026-06-22 09:47:12 - POST /api/v1/matches/7e5e6d46-4a29-499b-a1f7-999485518456/balls 201
2026-06-22 09:47:12 - GET /api/v1/tournaments/f8fab869-e3fe-41a1-aa0c-eb8d1b76b7a6/dashboard 200
2026-06-22 09:47:13 - POST /api/v1/matches/0d8af7d0-d08b-4efb-a496-9c4af319b3a4/toss 200
2026-06-22 09:47:13 - GET /api/v1/teams/f7ddb7c3-ac42-4322-9171-710c15bfb7b8 200
2026-06-22 09:47:13 - GET /api/v1/teams/cf461bfc-cad5-4871-80d7-30c15f046332 200
2026-06-22 09:47:13 - POST /api/v1/matches/0d8af7d0-d08b-4efb-a496-9c4af319b3a4/squads 200
2026-06-22 09:47:13 - POST /api/v1/matches/0d8af7d0-d08b-4efb-a496-9c4af319b3a4/squads 200
2026-06-22 09:47:13 - POST /api/v1/matches/0d8af7d0-d08b-4efb-a496-9c4af319b3a4/balls 201
2026-06-22 09:47:13 - POST /api/v1/matches/0d8af7d0-d08b-4efb-a496-9c4af319b3a4/balls 201
2026-06-22 09:47:13 - POST /api/v1/matches/0d8af7d0-d08b-4efb-a496-9c4af319b3a4/balls 201
2026-06-22 09:47:13 - POST /api/v1/matches/0d8af7d0-d08b-4efb-a496-9c4af319b3a4/balls 201
2026-06-22 09:47:13 - POST /api/v1/matches/0d8af7d0-d08b-4efb-a496-9c4af319b3a4/balls 201
2026-06-22 09:47:13 - POST /api/v1/matches/0d8af7d0-d08b-4efb-a496-9c4af319b3a4/balls 201
2026-06-22 09:47:13 - POST /api/v1/matches/0d8af7d0-d08b-4efb-a496-9c4af319b3a4/balls 201
2026-06-22 09:47:13 - POST /api/v1/matches/0d8af7d0-d08b-4efb-a496-9c4af319b3a4/balls 201
2026-06-22 09:47:13 - POST /api/v1/matches/0d8af7d0-d08b-4efb-a496-9c4af319b3a4/balls 201
2026-06-22 09:47:13 - POST /api/v1/matches/0d8af7d0-d08b-4efb-a496-9c4af319b3a4/balls 201
2026-06-22 09:47:13 - POST /api/v1/matches/0d8af7d0-d08b-4efb-a496-9c4af319b3a4/balls 201
2026-06-22 09:47:13 - POST /api/v1/matches/0d8af7d0-d08b-4efb-a496-9c4af319b3a4/balls 201
2026-06-22 09:47:13 - GET /api/v1/tournaments/f8fab869-e3fe-41a1-aa0c-eb8d1b76b7a6/dashboard 200
2026-06-22 15:09:21 - POST /api/v1/auth/signup 422
2026-06-22 15:09:21 - POST /api/v1/auth/signup 422
2026-06-22 15:09:21 - POST /api/v1/auth/signup 422
2026-06-22 15:09:21 - POST /api/v1/auth/signup 422
2026-06-22 15:09:22 - POST /api/v1/auth/signup 201
2026-06-22 15:09:23 - POST /api/v1/auth/login 400
2026-06-22 15:09:23 - POST /api/v1/auth/verify-otp 200
2026-06-22 15:09:24 - POST /api/v1/auth/signup 201
2026-06-22 15:09:24 - POST /api/v1/auth/resend-otp 429
2026-06-22 15:09:25 - POST /api/v1/auth/resend-otp 200
2026-06-22 15:09:26 - POST /api/v1/auth/login 400
2026-06-22 15:09:26 - POST /api/v1/auth/login 400
2026-06-22 15:09:26 - POST /api/v1/auth/login 400
2026-06-22 15:09:26 - POST /api/v1/auth/login 400
2026-06-22 15:09:27 - POST /api/v1/auth/login 400
2026-06-22 15:09:27 - POST /api/v1/auth/login 403
2026-06-22 15:09:27 - POST /api/v1/auth/login 200
2026-06-22 15:09:27 - POST /api/v1/auth/forgot-password 404
2026-06-22 15:09:28 - POST /api/v1/auth/forgot-password 200
2026-06-22 15:09:28 - POST /api/v1/auth/verify-reset-otp 400
2026-06-22 15:09:28 - POST /api/v1/auth/verify-reset-otp 200
2026-06-22 15:09:28 - POST /api/v1/auth/reset-password 422
2026-06-22 15:09:29 - POST /api/v1/auth/reset-password 200
2026-06-22 15:09:29 - POST /api/v1/auth/login 200
2026-06-22 15:09:29 - POST /api/v1/auth/login 200
2026-06-22 15:09:29 - POST /api/v1/auth/complete-profile 200
2026-06-22 15:09:30 - POST /api/v1/auth/login 200
2026-06-22 15:09:30 - POST /api/v1/auth/refresh 200
2026-06-22 15:09:30 - POST /api/v1/auth/logout 200
2026-06-22 15:09:30 - POST /api/v1/auth/refresh 401
2026-06-22 15:09:31 - POST /api/v1/auth/signup 201
2026-06-22 15:09:31 - POST /api/v1/auth/signup 400
2026-06-22 15:09:31 - POST /api/v1/auth/login 400
2026-06-22 15:09:31 - POST /api/v1/auth/forgot-password 400
2026-06-22 15:09:31 - POST /api/v1/auth/verify-reset-otp 400
2026-06-22 15:09:31 - POST /api/v1/auth/reset-password 400
2026-06-22 15:09:32 - POST /api/v1/auth/signup 400
2026-06-22 15:09:33 - POST /api/v1/auth/signup 201
2026-06-22 15:09:35 - POST /api/v1/auth/signup 201
2026-06-22 15:09:35 - POST /api/v1/auth/login 200
2026-06-22 15:09:35 - POST /api/v1/auth/login 200
2026-06-22 15:09:35 - POST /api/v1/teams/ 201
2026-06-22 15:09:35 - GET /api/v1/teams/ 200
2026-06-22 15:09:35 - PUT /api/v1/teams/0c866c34-c7dc-4fce-802a-24c428321c98 403
2026-06-22 15:09:35 - DELETE /api/v1/teams/0c866c34-c7dc-4fce-802a-24c428321c98 403
2026-06-22 15:09:35 - POST /api/v1/players/ 201
2026-06-22 15:09:35 - GET /api/v1/players/ 200
2026-06-22 15:09:35 - PUT /api/v1/players/d571bde8-aaea-426b-ae92-bc9701d61760 403
2026-06-22 15:09:35 - DELETE /api/v1/players/d571bde8-aaea-426b-ae92-bc9701d61760 403
2026-06-22 15:09:37 - POST /api/v1/auth/signup 201
2026-06-22 15:09:37 - POST /api/v1/auth/login 200
2026-06-22 15:09:37 - POST /api/v1/teams/ 201
2026-06-22 15:09:37 - POST /api/v1/teams/ 201
2026-06-22 15:09:37 - POST /api/v1/players/ 201
2026-06-22 15:09:37 - POST /api/v1/players/ 201
2026-06-22 15:09:37 - POST /api/v1/players/ 201
2026-06-22 15:09:37 - POST /api/v1/teams/054b2180-f108-41a0-92d2-37ebd62cabbc/players/bulk 200
2026-06-22 15:09:37 - POST /api/v1/teams/75855430-0273-403b-bc6e-c6ebb7516bc2/players/bulk 400
2026-06-22 15:09:39 - POST /api/v1/auth/signup 201
2026-06-22 15:09:40 - POST /api/v1/auth/signup 201
2026-06-22 15:09:40 - POST /api/v1/auth/login 200
2026-06-22 15:09:40 - POST /api/v1/auth/login 200
2026-06-22 15:09:40 - POST /api/v1/teams/ 201
2026-06-22 15:09:40 - POST /api/v1/teams/ 201
2026-06-22 15:09:40 - POST /api/v1/matches/ 201
2026-06-22 15:09:40 - POST /api/v1/matches/b2b7cd12-e6a9-4a51-9818-540b0bb6a849/toss 403
2026-06-22 15:09:40 - POST /api/v1/matches/b2b7cd12-e6a9-4a51-9818-540b0bb6a849/toss 200
2026-06-22 15:09:42 - GET /api/v1/debug-env 200
2026-06-22 15:09:42 - GET /api/v1/debug-env 404
2026-06-22 15:09:42 - POST /api/v1/auth/login 200
2026-06-22 15:09:42 - POST /api/v1/players/ 201
2026-06-22 15:09:42 - POST /api/v1/players/ 201
2026-06-22 15:09:42 - POST /api/v1/players/ 201
2026-06-22 15:09:42 - POST /api/v1/players/ 201
2026-06-22 15:09:42 - POST /api/v1/teams/ 201
2026-06-22 15:09:42 - POST /api/v1/teams/ 201
2026-06-22 15:09:42 - POST /api/v1/teams/6bbd5a79-1d34-4856-8710-b70d13b40ffa/players 200
2026-06-22 15:09:42 - POST /api/v1/teams/6bbd5a79-1d34-4856-8710-b70d13b40ffa/players 200
2026-06-22 15:09:42 - POST /api/v1/teams/7c678d71-64ad-4158-a94f-6b81e3582190/players 200
2026-06-22 15:09:42 - POST /api/v1/teams/7c678d71-64ad-4158-a94f-6b81e3582190/players 200
2026-06-22 15:09:42 - POST /api/v1/matches/ 201
2026-06-22 15:09:42 - POST /api/v1/matches/6d6f985d-3364-47f5-8f88-b8cb23c80f10/toss 200
2026-06-22 15:09:42 - POST /api/v1/matches/6d6f985d-3364-47f5-8f88-b8cb23c80f10/squads 400
2026-06-22 15:09:42 - POST /api/v1/matches/6d6f985d-3364-47f5-8f88-b8cb23c80f10/squads 200
2026-06-22 15:09:42 - POST /api/v1/matches/6d6f985d-3364-47f5-8f88-b8cb23c80f10/squads 400
2026-06-22 15:09:42 - POST /api/v1/matches/6d6f985d-3364-47f5-8f88-b8cb23c80f10/squads 200
2026-06-22 15:09:42 - POST /api/v1/auth/google 200
2026-06-22 15:09:43 - POST /api/v1/auth/google 400
2026-06-22 15:09:43 - POST /api/v1/auth/google 400
2026-06-22 15:09:43 - POST /api/v1/auth/google 400
2026-06-22 15:09:43 - POST /api/v1/auth/google 400
2026-06-22 15:09:43 - POST /api/v1/auth/login 200
2026-06-22 15:09:43 - POST /api/v1/players/ 201
2026-06-22 15:09:43 - POST /api/v1/players/ 201
2026-06-22 15:09:43 - POST /api/v1/teams/ 201
2026-06-22 15:09:43 - POST /api/v1/teams/ 201
2026-06-22 15:09:43 - POST /api/v1/matches/ 201
2026-06-22 15:09:43 - GET /api/v1/matches/ 200
2026-06-22 15:09:44 - POST /api/v1/auth/login 200
2026-06-22 15:09:44 - POST /api/v1/auth/login 200
2026-06-22 15:09:45 - POST /api/v1/auth/login 200
2026-06-22 15:09:45 - POST /api/v1/matches/ 201
2026-06-22 15:09:45 - POST /api/v1/matches/526f7739-19d1-4c6e-8b98-efa719ffdfbf/toss 200
2026-06-22 15:09:45 - POST /api/v1/matches/526f7739-19d1-4c6e-8b98-efa719ffdfbf/toss 403
2026-06-22 15:09:45 - POST /api/v1/matches/ 201
2026-06-22 15:09:45 - POST /api/v1/matches/bc0ba9da-031e-4a0d-be48-2a06a8eec45a/toss 200
2026-06-22 15:09:45 - POST /api/v1/matches/ 201
2026-06-22 15:09:45 - POST /api/v1/matches/4387b625-7776-443a-af41-a1061cb86044/toss 200
2026-06-22 15:09:45 - POST /api/v1/matches/4387b625-7776-443a-af41-a1061cb86044/toss 403
2026-06-22 15:09:45 - POST /api/v1/auth/login 200
2026-06-22 15:09:45 - POST /api/v1/players/ 201
2026-06-22 15:09:45 - POST /api/v1/players/ 201
2026-06-22 15:09:45 - POST /api/v1/players/ 422
2026-06-22 15:09:45 - POST /api/v1/players/ 422
2026-06-22 15:09:45 - GET /api/v1/players/79fec350-4811-48d9-9a27-71796b03cb9d 200
2026-06-22 15:09:45 - PUT /api/v1/players/79fec350-4811-48d9-9a27-71796b03cb9d 200
2026-06-22 15:09:45 - DELETE /api/v1/players/79fec350-4811-48d9-9a27-71796b03cb9d 204
2026-06-22 15:09:45 - GET /api/v1/players/79fec350-4811-48d9-9a27-71796b03cb9d 404
2026-06-22 15:09:46 - POST /api/v1/auth/login 200
2026-06-22 15:09:46 - POST /api/v1/players/ 201
2026-06-22 15:09:46 - POST /api/v1/players/ 201
2026-06-22 15:09:46 - POST /api/v1/teams/ 201
2026-06-22 15:09:46 - POST /api/v1/teams/c7a3a2be-bf35-46fb-a82d-d4221af7b29e/players 200
2026-06-22 15:09:46 - PUT /api/v1/teams/c7a3a2be-bf35-46fb-a82d-d4221af7b29e 200
2026-06-22 15:09:46 - PUT /api/v1/teams/c7a3a2be-bf35-46fb-a82d-d4221af7b29e 400
2026-06-22 15:09:46 - POST /api/v1/teams/ 201
2026-06-22 15:09:46 - POST /api/v1/teams/147b371a-6877-4a40-a3db-f9df91a62382/players 400
2026-06-22 15:09:46 - DELETE /api/v1/teams/c7a3a2be-bf35-46fb-a82d-d4221af7b29e/players/acf27ea5-0668-4c9b-ba26-606feef8afbc 200
2026-06-22 15:09:46 - DELETE /api/v1/teams/c7a3a2be-bf35-46fb-a82d-d4221af7b29e 204
2026-06-22 15:09:46 - POST /api/v1/auth/login 200
2026-06-22 15:09:46 - POST /api/v1/players/ 201
2026-06-22 15:09:46 - POST /api/v1/players/ 201
2026-06-22 15:09:46 - POST /api/v1/teams/ 201
2026-06-22 15:09:46 - POST /api/v1/teams/ 201
2026-06-22 15:09:46 - POST /api/v1/teams/9d8d6eca-9179-4130-80ae-48c33df253b4/players 200
2026-06-22 15:09:46 - POST /api/v1/teams/f78a16e6-8594-4ef3-958c-fb08b220f095/players 200
2026-06-22 15:09:46 - POST /api/v1/matches/ 201
2026-06-22 15:09:46 - POST /api/v1/matches/c84e1ab8-7e1c-4648-82fd-4535411cc5b6/squads 200
2026-06-22 15:09:46 - POST /api/v1/matches/c84e1ab8-7e1c-4648-82fd-4535411cc5b6/toss 200
2026-06-22 15:09:46 - DELETE /api/v1/players/e9b27788-9e35-4306-84e7-d7364c7f1a39 400
2026-06-22 15:09:46 - DELETE /api/v1/teams/9d8d6eca-9179-4130-80ae-48c33df253b4/players/e9b27788-9e35-4306-84e7-d7364c7f1a39 400
2026-06-22 15:09:46 - DELETE /api/v1/teams/9d8d6eca-9179-4130-80ae-48c33df253b4 400
2026-06-22 15:09:47 - POST /api/v1/auth/login 200
2026-06-22 15:09:47 - GET /api/v1/profile/ 200
2026-06-22 15:09:47 - POST /api/v1/auth/login 200
2026-06-22 15:09:47 - PUT /api/v1/profile/ 200
2026-06-22 15:09:47 - PUT /api/v1/profile/ 400
2026-06-22 15:09:48 - POST /api/v1/auth/login 200
2026-06-22 15:09:48 - GET /api/v1/profile/stats 200
2026-06-22 15:09:48 - POST /api/v1/auth/login 200
2026-06-22 15:09:48 - GET /api/v1/profile/activity 200
2026-06-22 15:09:48 - GET /api/v1/profile/achievements 200
2026-06-22 15:09:49 - POST /api/v1/auth/login 200
2026-06-22 15:09:49 - POST /api/v1/profile/upload-photo 200
2026-06-22 15:09:49 - GET /api/v1/profile/ 200
2026-06-22 15:09:49 - POST /api/v1/auth/login 200
2026-06-22 15:09:49 - POST /api/v1/players/ 201
2026-06-22 15:09:49 - POST /api/v1/players/ 201
2026-06-22 15:09:49 - POST /api/v1/players/ 201
2026-06-22 15:09:49 - POST /api/v1/players/ 201
2026-06-22 15:09:49 - POST /api/v1/players/ 201
2026-06-22 15:09:49 - POST /api/v1/teams/ 201
2026-06-22 15:09:49 - POST /api/v1/teams/ 201
2026-06-22 15:09:49 - POST /api/v1/teams/bf3aec20-59c9-47ed-b562-e246b051f270/players 200
2026-06-22 15:09:49 - POST /api/v1/teams/bf3aec20-59c9-47ed-b562-e246b051f270/players 200
2026-06-22 15:09:49 - POST /api/v1/teams/bf3aec20-59c9-47ed-b562-e246b051f270/players 200
2026-06-22 15:09:49 - POST /api/v1/teams/948d8c42-5ec7-490f-87cd-115e34dea4c4/players 200
2026-06-22 15:09:49 - POST /api/v1/teams/948d8c42-5ec7-490f-87cd-115e34dea4c4/players 200
2026-06-22 15:09:49 - POST /api/v1/matches/ 201
2026-06-22 15:09:49 - POST /api/v1/matches/aa5de4ec-5522-403f-9637-817093f369ed/toss 200
2026-06-22 15:09:49 - POST /api/v1/matches/aa5de4ec-5522-403f-9637-817093f369ed/squads 200
2026-06-22 15:09:49 - POST /api/v1/matches/aa5de4ec-5522-403f-9637-817093f369ed/squads 200
2026-06-22 15:09:49 - POST /api/v1/matches/aa5de4ec-5522-403f-9637-817093f369ed/balls 201
2026-06-22 15:09:49 - POST /api/v1/matches/aa5de4ec-5522-403f-9637-817093f369ed/balls 201
2026-06-22 15:09:49 - POST /api/v1/matches/aa5de4ec-5522-403f-9637-817093f369ed/balls 201
2026-06-22 15:09:49 - POST /api/v1/matches/aa5de4ec-5522-403f-9637-817093f369ed/balls 201
2026-06-22 15:09:49 - POST /api/v1/matches/aa5de4ec-5522-403f-9637-817093f369ed/balls 201
2026-06-22 15:09:49 - POST /api/v1/matches/aa5de4ec-5522-403f-9637-817093f369ed/balls 201
2026-06-22 15:09:49 - POST /api/v1/matches/aa5de4ec-5522-403f-9637-817093f369ed/balls 201
2026-06-22 15:09:49 - POST /api/v1/matches/aa5de4ec-5522-403f-9637-817093f369ed/balls 201
2026-06-22 15:09:49 - POST /api/v1/matches/aa5de4ec-5522-403f-9637-817093f369ed/balls 201
2026-06-22 15:09:49 - POST /api/v1/matches/aa5de4ec-5522-403f-9637-817093f369ed/balls 201
2026-06-22 15:09:49 - POST /api/v1/matches/aa5de4ec-5522-403f-9637-817093f369ed/balls 201
2026-06-22 15:09:49 - POST /api/v1/matches/aa5de4ec-5522-403f-9637-817093f369ed/balls 201
2026-06-22 15:09:49 - GET /api/v1/matches/aa5de4ec-5522-403f-9637-817093f369ed/scorecard 200
2026-06-22 15:09:49 - GET /api/v1/players/0ef9f7ac-af4d-4eba-845f-a2afdb90e4b6 200
2026-06-22 15:09:50 - POST /api/v1/auth/login 200
2026-06-22 15:09:50 - POST /api/v1/players/ 201
2026-06-22 15:09:50 - POST /api/v1/players/ 201
2026-06-22 15:09:50 - POST /api/v1/players/ 201
2026-06-22 15:09:50 - POST /api/v1/players/ 201
2026-06-22 15:09:50 - POST /api/v1/players/ 201
2026-06-22 15:09:50 - POST /api/v1/teams/ 201
2026-06-22 15:09:50 - POST /api/v1/teams/ 201
2026-06-22 15:09:50 - POST /api/v1/teams/6d4d189b-0833-45f4-b3bb-1687606a9a95/players 200
2026-06-22 15:09:50 - POST /api/v1/teams/6d4d189b-0833-45f4-b3bb-1687606a9a95/players 200
2026-06-22 15:09:50 - POST /api/v1/teams/6d4d189b-0833-45f4-b3bb-1687606a9a95/players 200
2026-06-22 15:09:50 - POST /api/v1/teams/95aa611a-7298-48e6-ae0e-49e9fd646e51/players 200
2026-06-22 15:09:50 - POST /api/v1/teams/95aa611a-7298-48e6-ae0e-49e9fd646e51/players 200
2026-06-22 15:09:50 - POST /api/v1/matches/ 201
2026-06-22 15:09:50 - POST /api/v1/matches/9a914024-99cd-4197-a8e7-d0ba6cccb688/toss 200
2026-06-22 15:09:50 - POST /api/v1/matches/9a914024-99cd-4197-a8e7-d0ba6cccb688/squads 200
2026-06-22 15:09:50 - POST /api/v1/matches/9a914024-99cd-4197-a8e7-d0ba6cccb688/squads 200
2026-06-22 15:09:50 - POST /api/v1/matches/9a914024-99cd-4197-a8e7-d0ba6cccb688/balls 201
2026-06-22 15:09:50 - POST /api/v1/matches/9a914024-99cd-4197-a8e7-d0ba6cccb688/balls 201
2026-06-22 15:09:50 - POST /api/v1/matches/9a914024-99cd-4197-a8e7-d0ba6cccb688/balls 201
2026-06-22 15:09:50 - POST /api/v1/matches/9a914024-99cd-4197-a8e7-d0ba6cccb688/balls 201
2026-06-22 15:09:50 - POST /api/v1/matches/9a914024-99cd-4197-a8e7-d0ba6cccb688/balls 201
2026-06-22 15:09:50 - GET /api/v1/matches/9a914024-99cd-4197-a8e7-d0ba6cccb688/scorecard 200
2026-06-22 15:09:51 - POST /api/v1/auth/login 200
2026-06-22 15:09:51 - POST /api/v1/players/ 201
2026-06-22 15:09:51 - POST /api/v1/players/ 201
2026-06-22 15:09:51 - POST /api/v1/players/ 201
2026-06-22 15:09:51 - POST /api/v1/players/ 201
2026-06-22 15:09:51 - POST /api/v1/teams/ 201
2026-06-22 15:09:51 - POST /api/v1/teams/ 201
2026-06-22 15:09:51 - POST /api/v1/teams/50a926b3-b63f-4c95-b11f-4d0499754afd/players 200
2026-06-22 15:09:51 - POST /api/v1/teams/50a926b3-b63f-4c95-b11f-4d0499754afd/players 200
2026-06-22 15:09:51 - POST /api/v1/teams/3b2ea736-0c8b-44e3-beb3-bf7ea6b6fa72/players 200
2026-06-22 15:09:51 - POST /api/v1/teams/3b2ea736-0c8b-44e3-beb3-bf7ea6b6fa72/players 200
2026-06-22 15:09:51 - POST /api/v1/matches/ 201
2026-06-22 15:09:51 - POST /api/v1/matches/adc97e11-17f5-487d-b7ca-b795ab11b341/toss 200
2026-06-22 15:09:51 - POST /api/v1/matches/adc97e11-17f5-487d-b7ca-b795ab11b341/squads 200
2026-06-22 15:09:51 - POST /api/v1/matches/adc97e11-17f5-487d-b7ca-b795ab11b341/squads 200
2026-06-22 15:09:51 - POST /api/v1/matches/adc97e11-17f5-487d-b7ca-b795ab11b341/balls 201
2026-06-22 15:09:51 - POST /api/v1/matches/adc97e11-17f5-487d-b7ca-b795ab11b341/balls 201
2026-06-22 15:09:51 - POST /api/v1/matches/adc97e11-17f5-487d-b7ca-b795ab11b341/balls 201
2026-06-22 15:09:51 - POST /api/v1/matches/adc97e11-17f5-487d-b7ca-b795ab11b341/balls 201
2026-06-22 15:09:51 - POST /api/v1/matches/adc97e11-17f5-487d-b7ca-b795ab11b341/balls 201
2026-06-22 15:09:51 - POST /api/v1/matches/adc97e11-17f5-487d-b7ca-b795ab11b341/balls 201
2026-06-22 15:09:51 - POST /api/v1/matches/adc97e11-17f5-487d-b7ca-b795ab11b341/balls 201
2026-06-22 15:09:51 - GET /api/v1/matches/adc97e11-17f5-487d-b7ca-b795ab11b341/scorecard 200
2026-06-22 15:09:52 - POST /api/v1/auth/signup 201
2026-06-22 15:09:53 - POST /api/v1/auth/login 200
2026-06-22 15:09:53 - POST /api/v1/auth/login 200
2026-06-22 15:09:53 - POST /api/v1/players/ 201
2026-06-22 15:09:53 - POST /api/v1/players/ 201
2026-06-22 15:09:53 - POST /api/v1/players/ 201
2026-06-22 15:09:53 - POST /api/v1/players/ 201
2026-06-22 15:09:53 - POST /api/v1/players/ 201
2026-06-22 15:09:53 - POST /api/v1/teams/ 201
2026-06-22 15:09:53 - POST /api/v1/teams/ 201
2026-06-22 15:09:53 - POST /api/v1/teams/4dc9b453-45b3-4303-b5ae-21aaa3fc5046/players 200
2026-06-22 15:09:53 - POST /api/v1/teams/4dc9b453-45b3-4303-b5ae-21aaa3fc5046/players 200
2026-06-22 15:09:53 - POST /api/v1/teams/4dc9b453-45b3-4303-b5ae-21aaa3fc5046/players 200
2026-06-22 15:09:53 - POST /api/v1/teams/1f1b13a7-1962-417b-b77d-ddf65e5e7cfe/players 200
2026-06-22 15:09:53 - POST /api/v1/teams/1f1b13a7-1962-417b-b77d-ddf65e5e7cfe/players 200
2026-06-22 15:09:53 - POST /api/v1/matches/ 201
2026-06-22 15:09:53 - POST /api/v1/matches/33d51da6-3588-47a0-a228-45638f0bcfaa/toss 200
2026-06-22 15:09:53 - POST /api/v1/matches/33d51da6-3588-47a0-a228-45638f0bcfaa/squads 200
2026-06-22 15:09:53 - POST /api/v1/matches/33d51da6-3588-47a0-a228-45638f0bcfaa/squads 200
2026-06-22 15:09:53 - POST /api/v1/matches/33d51da6-3588-47a0-a228-45638f0bcfaa/balls 201
2026-06-22 15:09:53 - GET /api/v1/matches/33d51da6-3588-47a0-a228-45638f0bcfaa/live 200
2026-06-22 15:09:53 - POST /api/v1/matches/33d51da6-3588-47a0-a228-45638f0bcfaa/balls 201
2026-06-22 15:09:53 - GET /api/v1/matches/33d51da6-3588-47a0-a228-45638f0bcfaa/live 200
2026-06-22 15:09:53 - POST /api/v1/matches/33d51da6-3588-47a0-a228-45638f0bcfaa/balls 201
2026-06-22 15:09:53 - GET /api/v1/matches/33d51da6-3588-47a0-a228-45638f0bcfaa/live 200
2026-06-22 15:09:53 - POST /api/v1/matches/33d51da6-3588-47a0-a228-45638f0bcfaa/balls 201
2026-06-22 15:09:53 - GET /api/v1/matches/33d51da6-3588-47a0-a228-45638f0bcfaa/live 200
2026-06-22 15:09:53 - POST /api/v1/matches/33d51da6-3588-47a0-a228-45638f0bcfaa/undo 200
2026-06-22 15:09:53 - GET /api/v1/matches/33d51da6-3588-47a0-a228-45638f0bcfaa/live 200
2026-06-22 15:09:53 - GET /api/v1/auth/me 401
2026-06-22 15:09:53 - GET /api/v1/auth/me 401
2026-06-22 15:09:54 - POST /api/v1/auth/login 200
2026-06-22 15:09:54 - POST /api/v1/players/ 201
2026-06-22 15:09:54 - POST /api/v1/players/ 201
2026-06-22 15:09:54 - POST /api/v1/players/ 201
2026-06-22 15:09:54 - POST /api/v1/players/ 201
2026-06-22 15:09:54 - POST /api/v1/players/ 201
2026-06-22 15:09:54 - POST /api/v1/teams/ 201
2026-06-22 15:09:54 - POST /api/v1/teams/ 201
2026-06-22 15:09:54 - POST /api/v1/teams/831678fa-5db0-4a44-9e26-1783fbcc4d9e/players 200
2026-06-22 15:09:54 - POST /api/v1/teams/831678fa-5db0-4a44-9e26-1783fbcc4d9e/players 200
2026-06-22 15:09:54 - POST /api/v1/teams/831678fa-5db0-4a44-9e26-1783fbcc4d9e/players 200
2026-06-22 15:09:54 - POST /api/v1/teams/da5569ab-3ad8-401c-bb62-7f1c00af8b36/players 200
2026-06-22 15:09:54 - POST /api/v1/teams/da5569ab-3ad8-401c-bb62-7f1c00af8b36/players 200
2026-06-22 15:09:54 - POST /api/v1/matches/ 201
2026-06-22 15:09:54 - POST /api/v1/matches/88865bdc-421d-42e4-a17c-891f0909009b/toss 200
2026-06-22 15:09:54 - POST /api/v1/matches/88865bdc-421d-42e4-a17c-891f0909009b/squads 200
2026-06-22 15:09:54 - POST /api/v1/matches/88865bdc-421d-42e4-a17c-891f0909009b/squads 200
2026-06-22 15:09:54 - POST /api/v1/matches/88865bdc-421d-42e4-a17c-891f0909009b/balls 201
2026-06-22 15:09:54 - GET /api/v1/matches/88865bdc-421d-42e4-a17c-891f0909009b/live 200
2026-06-22 15:09:54 - POST /api/v1/matches/88865bdc-421d-42e4-a17c-891f0909009b/balls 201
2026-06-22 15:09:54 - GET /api/v1/matches/88865bdc-421d-42e4-a17c-891f0909009b/live 200
2026-06-22 15:09:54 - POST /api/v1/matches/88865bdc-421d-42e4-a17c-891f0909009b/balls 201
2026-06-22 15:09:54 - GET /api/v1/matches/88865bdc-421d-42e4-a17c-891f0909009b/live 200
2026-06-22 15:09:54 - POST /api/v1/matches/88865bdc-421d-42e4-a17c-891f0909009b/balls 201
2026-06-22 15:09:54 - GET /api/v1/matches/88865bdc-421d-42e4-a17c-891f0909009b/live 200
2026-06-22 15:09:54 - POST /api/v1/matches/88865bdc-421d-42e4-a17c-891f0909009b/balls 201
2026-06-22 15:09:54 - GET /api/v1/matches/88865bdc-421d-42e4-a17c-891f0909009b/live 200
2026-06-22 15:09:54 - POST /api/v1/matches/88865bdc-421d-42e4-a17c-891f0909009b/balls 201
2026-06-22 15:09:54 - GET /api/v1/matches/88865bdc-421d-42e4-a17c-891f0909009b/live 200
2026-06-22 15:09:54 - POST /api/v1/matches/88865bdc-421d-42e4-a17c-891f0909009b/balls 201
2026-06-22 15:09:54 - GET /api/v1/matches/88865bdc-421d-42e4-a17c-891f0909009b/live 200
2026-06-22 15:09:54 - GET /api/v1/matches/88865bdc-421d-42e4-a17c-891f0909009b/scorecard 200
2026-06-22 15:09:56 - POST /api/v1/auth/signup 201
2026-06-22 15:09:57 - POST /api/v1/auth/signup 201
2026-06-22 15:09:59 - POST /api/v1/auth/signup 201
2026-06-22 15:09:59 - POST /api/v1/auth/login 200
2026-06-22 15:09:59 - POST /api/v1/auth/login 200
2026-06-22 15:09:59 - POST /api/v1/auth/login 200
2026-06-22 15:09:59 - POST /api/v1/teams/ 201
2026-06-22 15:09:59 - GET /api/v1/teams/my-teams 200
2026-06-22 15:09:59 - POST /api/v1/teams/f73b3f92-78fc-4d23-a064-6aca2b4add6c/join-request 200
2026-06-22 15:09:59 - GET /api/v1/teams/my-teams 200
2026-06-22 15:09:59 - POST /api/v1/teams/f73b3f92-78fc-4d23-a064-6aca2b4add6c/approve-request 403
2026-06-22 15:09:59 - POST /api/v1/teams/f73b3f92-78fc-4d23-a064-6aca2b4add6c/approve-request 200
2026-06-22 15:09:59 - POST /api/v1/teams/f73b3f92-78fc-4d23-a064-6aca2b4add6c/members 200
2026-06-22 15:10:00 - POST /api/v1/auth/login 200
2026-06-22 15:10:00 - POST /api/v1/tournaments/ 201
2026-06-22 15:10:00 - POST /api/v1/players/ 201
2026-06-22 15:10:00 - POST /api/v1/players/ 201
2026-06-22 15:10:00 - POST /api/v1/players/ 201
2026-06-22 15:10:00 - POST /api/v1/players/ 201
2026-06-22 15:10:00 - POST /api/v1/teams/ 201
2026-06-22 15:10:00 - POST /api/v1/teams/bd109ab8-7c7a-444d-83d4-82e84155e5f6/players 200
2026-06-22 15:10:00 - POST /api/v1/teams/bd109ab8-7c7a-444d-83d4-82e84155e5f6/players 200
2026-06-22 15:10:00 - POST /api/v1/teams/bd109ab8-7c7a-444d-83d4-82e84155e5f6/players 200
2026-06-22 15:10:00 - POST /api/v1/teams/bd109ab8-7c7a-444d-83d4-82e84155e5f6/players 200
2026-06-22 15:10:00 - POST /api/v1/tournaments/ecc2e694-b60e-4a4c-a152-9365911aac4b/teams 400
2026-06-22 15:10:00 - POST /api/v1/players/ 201
2026-06-22 15:10:00 - POST /api/v1/teams/bd109ab8-7c7a-444d-83d4-82e84155e5f6/players 200
2026-06-22 15:10:00 - POST /api/v1/tournaments/ecc2e694-b60e-4a4c-a152-9365911aac4b/teams 200
2026-06-22 15:10:00 - DELETE /api/v1/tournaments/ecc2e694-b60e-4a4c-a152-9365911aac4b/teams/bd109ab8-7c7a-444d-83d4-82e84155e5f6 200
2026-06-22 15:10:01 - POST /api/v1/auth/login 200
2026-06-22 15:10:01 - POST /api/v1/teams/ 201
2026-06-22 15:10:01 - POST /api/v1/players/ 201
2026-06-22 15:10:01 - POST /api/v1/teams/d1772946-0b15-4b07-aa6c-0b9b1ab68221/players 200
2026-06-22 15:10:01 - POST /api/v1/players/ 201
2026-06-22 15:10:01 - POST /api/v1/teams/d1772946-0b15-4b07-aa6c-0b9b1ab68221/players 200
2026-06-22 15:10:01 - POST /api/v1/players/ 201
2026-06-22 15:10:01 - POST /api/v1/teams/d1772946-0b15-4b07-aa6c-0b9b1ab68221/players 200
2026-06-22 15:10:01 - POST /api/v1/players/ 201
2026-06-22 15:10:01 - POST /api/v1/teams/d1772946-0b15-4b07-aa6c-0b9b1ab68221/players 200
2026-06-22 15:10:01 - POST /api/v1/players/ 201
2026-06-22 15:10:01 - POST /api/v1/teams/d1772946-0b15-4b07-aa6c-0b9b1ab68221/players 200
2026-06-22 15:10:01 - POST /api/v1/teams/ 201
2026-06-22 15:10:01 - POST /api/v1/players/ 201
2026-06-22 15:10:01 - POST /api/v1/teams/635d0637-ff2b-4c99-93c9-29e6ac6f6579/players 200
2026-06-22 15:10:01 - POST /api/v1/players/ 201
2026-06-22 15:10:01 - POST /api/v1/teams/635d0637-ff2b-4c99-93c9-29e6ac6f6579/players 200
2026-06-22 15:10:01 - POST /api/v1/players/ 201
2026-06-22 15:10:01 - POST /api/v1/teams/635d0637-ff2b-4c99-93c9-29e6ac6f6579/players 200
2026-06-22 15:10:01 - POST /api/v1/players/ 201
2026-06-22 15:10:01 - POST /api/v1/teams/635d0637-ff2b-4c99-93c9-29e6ac6f6579/players 200
2026-06-22 15:10:01 - POST /api/v1/players/ 201
2026-06-22 15:10:01 - POST /api/v1/teams/635d0637-ff2b-4c99-93c9-29e6ac6f6579/players 200
2026-06-22 15:10:01 - POST /api/v1/tournaments/ 201
2026-06-22 15:10:01 - POST /api/v1/tournaments/0eabe334-b695-40fa-b2bd-7f4e03d802a4/teams 200
2026-06-22 15:10:01 - POST /api/v1/tournaments/0eabe334-b695-40fa-b2bd-7f4e03d802a4/teams 200
2026-06-22 15:10:01 - POST /api/v1/tournaments/0eabe334-b695-40fa-b2bd-7f4e03d802a4/fixtures/generate 201
2026-06-22 15:10:01 - GET /api/v1/tournaments/0eabe334-b695-40fa-b2bd-7f4e03d802a4/dashboard 200
2026-06-22 15:10:01 - POST /api/v1/matches/91cbe7c2-1128-428b-b58a-0a65128cf5d5/toss 200
2026-06-22 15:10:01 - GET /api/v1/teams/d1772946-0b15-4b07-aa6c-0b9b1ab68221 200
2026-06-22 15:10:01 - GET /api/v1/teams/635d0637-ff2b-4c99-93c9-29e6ac6f6579 200
2026-06-22 15:10:01 - POST /api/v1/matches/91cbe7c2-1128-428b-b58a-0a65128cf5d5/squads 200
2026-06-22 15:10:01 - POST /api/v1/matches/91cbe7c2-1128-428b-b58a-0a65128cf5d5/squads 200
2026-06-22 15:10:01 - POST /api/v1/matches/91cbe7c2-1128-428b-b58a-0a65128cf5d5/balls 201
2026-06-22 15:10:01 - POST /api/v1/matches/91cbe7c2-1128-428b-b58a-0a65128cf5d5/balls 201
2026-06-22 15:10:01 - POST /api/v1/matches/91cbe7c2-1128-428b-b58a-0a65128cf5d5/balls 201
2026-06-22 15:10:01 - POST /api/v1/matches/91cbe7c2-1128-428b-b58a-0a65128cf5d5/balls 201
2026-06-22 15:10:01 - POST /api/v1/matches/91cbe7c2-1128-428b-b58a-0a65128cf5d5/balls 201
2026-06-22 15:10:01 - POST /api/v1/matches/91cbe7c2-1128-428b-b58a-0a65128cf5d5/balls 201
2026-06-22 15:10:01 - POST /api/v1/matches/91cbe7c2-1128-428b-b58a-0a65128cf5d5/balls 201
2026-06-22 15:10:01 - POST /api/v1/matches/91cbe7c2-1128-428b-b58a-0a65128cf5d5/balls 201
2026-06-22 15:10:01 - POST /api/v1/matches/91cbe7c2-1128-428b-b58a-0a65128cf5d5/balls 201
2026-06-22 15:10:01 - GET /api/v1/tournaments/0eabe334-b695-40fa-b2bd-7f4e03d802a4/points-table 200
2026-06-22 15:10:01 - GET /api/v1/tournaments/0eabe334-b695-40fa-b2bd-7f4e03d802a4/leaderboards 200
2026-06-22 15:10:01 - POST /api/v1/auth/login 200
2026-06-22 15:10:01 - POST /api/v1/teams/ 201
2026-06-22 15:10:01 - POST /api/v1/players/ 201
2026-06-22 15:10:01 - POST /api/v1/teams/19238d2e-0160-4f75-ae9f-d07b36c43cd0/players 200
2026-06-22 15:10:01 - POST /api/v1/players/ 201
2026-06-22 15:10:01 - POST /api/v1/teams/19238d2e-0160-4f75-ae9f-d07b36c43cd0/players 200
2026-06-22 15:10:01 - POST /api/v1/players/ 201
2026-06-22 15:10:01 - POST /api/v1/teams/19238d2e-0160-4f75-ae9f-d07b36c43cd0/players 200
2026-06-22 15:10:01 - POST /api/v1/players/ 201
2026-06-22 15:10:01 - POST /api/v1/teams/19238d2e-0160-4f75-ae9f-d07b36c43cd0/players 200
2026-06-22 15:10:01 - POST /api/v1/players/ 201
2026-06-22 15:10:01 - POST /api/v1/teams/19238d2e-0160-4f75-ae9f-d07b36c43cd0/players 200
2026-06-22 15:10:01 - POST /api/v1/teams/ 201
2026-06-22 15:10:01 - POST /api/v1/players/ 201
2026-06-22 15:10:01 - POST /api/v1/teams/0b1e68ca-29fa-4559-8435-70e0b0959db1/players 200
2026-06-22 15:10:01 - POST /api/v1/players/ 201
2026-06-22 15:10:01 - POST /api/v1/teams/0b1e68ca-29fa-4559-8435-70e0b0959db1/players 200
2026-06-22 15:10:01 - POST /api/v1/players/ 201
2026-06-22 15:10:01 - POST /api/v1/teams/0b1e68ca-29fa-4559-8435-70e0b0959db1/players 200
2026-06-22 15:10:01 - POST /api/v1/players/ 201
2026-06-22 15:10:01 - POST /api/v1/teams/0b1e68ca-29fa-4559-8435-70e0b0959db1/players 200
2026-06-22 15:10:01 - POST /api/v1/players/ 201
2026-06-22 15:10:01 - POST /api/v1/teams/0b1e68ca-29fa-4559-8435-70e0b0959db1/players 200
2026-06-22 15:10:01 - POST /api/v1/teams/ 201
2026-06-22 15:10:01 - POST /api/v1/players/ 201
2026-06-22 15:10:01 - POST /api/v1/teams/6fa06e62-049e-45af-bbc9-712308995407/players 200
2026-06-22 15:10:01 - POST /api/v1/players/ 201
2026-06-22 15:10:01 - POST /api/v1/teams/6fa06e62-049e-45af-bbc9-712308995407/players 200
2026-06-22 15:10:01 - POST /api/v1/players/ 201
2026-06-22 15:10:01 - POST /api/v1/teams/6fa06e62-049e-45af-bbc9-712308995407/players 200
2026-06-22 15:10:01 - POST /api/v1/players/ 201
2026-06-22 15:10:01 - POST /api/v1/teams/6fa06e62-049e-45af-bbc9-712308995407/players 200
2026-06-22 15:10:01 - POST /api/v1/players/ 201
2026-06-22 15:10:01 - POST /api/v1/teams/6fa06e62-049e-45af-bbc9-712308995407/players 200
2026-06-22 15:10:01 - POST /api/v1/teams/ 201
2026-06-22 15:10:01 - POST /api/v1/players/ 201
2026-06-22 15:10:01 - POST /api/v1/teams/fece9495-f3f2-4ae8-b66c-8b1a6676ecfb/players 200
2026-06-22 15:10:01 - POST /api/v1/players/ 201
2026-06-22 15:10:02 - POST /api/v1/teams/fece9495-f3f2-4ae8-b66c-8b1a6676ecfb/players 200
2026-06-22 15:10:02 - POST /api/v1/players/ 201
2026-06-22 15:10:02 - POST /api/v1/teams/fece9495-f3f2-4ae8-b66c-8b1a6676ecfb/players 200
2026-06-22 15:10:02 - POST /api/v1/players/ 201
2026-06-22 15:10:02 - POST /api/v1/teams/fece9495-f3f2-4ae8-b66c-8b1a6676ecfb/players 200
2026-06-22 15:10:02 - POST /api/v1/players/ 201
2026-06-22 15:10:02 - POST /api/v1/teams/fece9495-f3f2-4ae8-b66c-8b1a6676ecfb/players 200
2026-06-22 15:10:02 - POST /api/v1/tournaments/ 201
2026-06-22 15:10:02 - POST /api/v1/tournaments/4a1d88ae-e703-4709-a515-b56c8660ce5b/teams 200
2026-06-22 15:10:02 - POST /api/v1/tournaments/4a1d88ae-e703-4709-a515-b56c8660ce5b/teams 200
2026-06-22 15:10:02 - POST /api/v1/tournaments/4a1d88ae-e703-4709-a515-b56c8660ce5b/teams 200
2026-06-22 15:10:02 - POST /api/v1/tournaments/4a1d88ae-e703-4709-a515-b56c8660ce5b/teams 200
2026-06-22 15:10:02 - POST /api/v1/tournaments/4a1d88ae-e703-4709-a515-b56c8660ce5b/fixtures/generate 201
2026-06-22 15:10:02 - GET /api/v1/tournaments/4a1d88ae-e703-4709-a515-b56c8660ce5b/dashboard 200
2026-06-22 15:10:02 - GET /api/v1/tournaments/4a1d88ae-e703-4709-a515-b56c8660ce5b/dashboard 200
2026-06-22 15:10:02 - POST /api/v1/matches/d239e042-63de-402a-8c4e-25f0411cd016/toss 200
2026-06-22 15:10:02 - GET /api/v1/teams/19238d2e-0160-4f75-ae9f-d07b36c43cd0 200
2026-06-22 15:10:02 - GET /api/v1/teams/0b1e68ca-29fa-4559-8435-70e0b0959db1 200
2026-06-22 15:10:02 - POST /api/v1/matches/d239e042-63de-402a-8c4e-25f0411cd016/squads 200
2026-06-22 15:10:02 - POST /api/v1/matches/d239e042-63de-402a-8c4e-25f0411cd016/squads 200
2026-06-22 15:10:02 - POST /api/v1/matches/d239e042-63de-402a-8c4e-25f0411cd016/balls 201
2026-06-22 15:10:02 - POST /api/v1/matches/d239e042-63de-402a-8c4e-25f0411cd016/balls 201
2026-06-22 15:10:02 - POST /api/v1/matches/d239e042-63de-402a-8c4e-25f0411cd016/balls 201
2026-06-22 15:10:02 - POST /api/v1/matches/d239e042-63de-402a-8c4e-25f0411cd016/balls 201
2026-06-22 15:10:02 - POST /api/v1/matches/d239e042-63de-402a-8c4e-25f0411cd016/balls 201
2026-06-22 15:10:02 - POST /api/v1/matches/d239e042-63de-402a-8c4e-25f0411cd016/balls 201
2026-06-22 15:10:02 - POST /api/v1/matches/d239e042-63de-402a-8c4e-25f0411cd016/balls 201
2026-06-22 15:10:02 - POST /api/v1/matches/d239e042-63de-402a-8c4e-25f0411cd016/balls 201
2026-06-22 15:10:02 - POST /api/v1/matches/d239e042-63de-402a-8c4e-25f0411cd016/balls 201
2026-06-22 15:10:02 - POST /api/v1/matches/d239e042-63de-402a-8c4e-25f0411cd016/balls 201
2026-06-22 15:10:02 - POST /api/v1/matches/d239e042-63de-402a-8c4e-25f0411cd016/balls 201
2026-06-22 15:10:02 - POST /api/v1/matches/d239e042-63de-402a-8c4e-25f0411cd016/balls 201
2026-06-22 15:10:02 - POST /api/v1/matches/9087240d-8f94-48b8-bd4f-5cfa7e472e5c/toss 200
2026-06-22 15:10:02 - GET /api/v1/teams/0b1e68ca-29fa-4559-8435-70e0b0959db1 200
2026-06-22 15:10:02 - GET /api/v1/teams/6fa06e62-049e-45af-bbc9-712308995407 200
2026-06-22 15:10:02 - POST /api/v1/matches/9087240d-8f94-48b8-bd4f-5cfa7e472e5c/squads 200
2026-06-22 15:10:02 - POST /api/v1/matches/9087240d-8f94-48b8-bd4f-5cfa7e472e5c/squads 200
2026-06-22 15:10:02 - POST /api/v1/matches/9087240d-8f94-48b8-bd4f-5cfa7e472e5c/balls 201
2026-06-22 15:10:02 - POST /api/v1/matches/9087240d-8f94-48b8-bd4f-5cfa7e472e5c/balls 201
2026-06-22 15:10:02 - POST /api/v1/matches/9087240d-8f94-48b8-bd4f-5cfa7e472e5c/balls 201
2026-06-22 15:10:02 - POST /api/v1/matches/9087240d-8f94-48b8-bd4f-5cfa7e472e5c/balls 201
2026-06-22 15:10:02 - POST /api/v1/matches/9087240d-8f94-48b8-bd4f-5cfa7e472e5c/balls 201
2026-06-22 15:10:02 - POST /api/v1/matches/9087240d-8f94-48b8-bd4f-5cfa7e472e5c/balls 201
2026-06-22 15:10:02 - POST /api/v1/matches/9087240d-8f94-48b8-bd4f-5cfa7e472e5c/balls 201
2026-06-22 15:10:02 - POST /api/v1/matches/9087240d-8f94-48b8-bd4f-5cfa7e472e5c/balls 201
2026-06-22 15:10:02 - POST /api/v1/matches/9087240d-8f94-48b8-bd4f-5cfa7e472e5c/balls 201
2026-06-22 15:10:02 - POST /api/v1/matches/9087240d-8f94-48b8-bd4f-5cfa7e472e5c/balls 201
2026-06-22 15:10:02 - POST /api/v1/matches/9087240d-8f94-48b8-bd4f-5cfa7e472e5c/balls 201
2026-06-22 15:10:02 - POST /api/v1/matches/9087240d-8f94-48b8-bd4f-5cfa7e472e5c/balls 201
2026-06-22 15:10:02 - POST /api/v1/matches/07d66d76-b86b-4bb2-aec6-f3a1477dbd99/toss 200
2026-06-22 15:10:02 - GET /api/v1/teams/0b1e68ca-29fa-4559-8435-70e0b0959db1 200
2026-06-22 15:10:02 - GET /api/v1/teams/fece9495-f3f2-4ae8-b66c-8b1a6676ecfb 200
2026-06-22 15:10:02 - POST /api/v1/matches/07d66d76-b86b-4bb2-aec6-f3a1477dbd99/squads 200
2026-06-22 15:10:02 - POST /api/v1/matches/07d66d76-b86b-4bb2-aec6-f3a1477dbd99/squads 200
2026-06-22 15:10:02 - POST /api/v1/matches/07d66d76-b86b-4bb2-aec6-f3a1477dbd99/balls 201
2026-06-22 15:10:02 - POST /api/v1/matches/07d66d76-b86b-4bb2-aec6-f3a1477dbd99/balls 201
2026-06-22 15:10:02 - POST /api/v1/matches/07d66d76-b86b-4bb2-aec6-f3a1477dbd99/balls 201
2026-06-22 15:10:02 - POST /api/v1/matches/07d66d76-b86b-4bb2-aec6-f3a1477dbd99/balls 201
2026-06-22 15:10:02 - POST /api/v1/matches/07d66d76-b86b-4bb2-aec6-f3a1477dbd99/balls 201
2026-06-22 15:10:02 - POST /api/v1/matches/07d66d76-b86b-4bb2-aec6-f3a1477dbd99/balls 201
2026-06-22 15:10:02 - POST /api/v1/matches/07d66d76-b86b-4bb2-aec6-f3a1477dbd99/balls 201
2026-06-22 15:10:02 - POST /api/v1/matches/07d66d76-b86b-4bb2-aec6-f3a1477dbd99/balls 201
2026-06-22 15:10:02 - POST /api/v1/matches/07d66d76-b86b-4bb2-aec6-f3a1477dbd99/balls 201
2026-06-22 15:10:02 - POST /api/v1/matches/07d66d76-b86b-4bb2-aec6-f3a1477dbd99/balls 201
2026-06-22 15:10:02 - POST /api/v1/matches/07d66d76-b86b-4bb2-aec6-f3a1477dbd99/balls 201
2026-06-22 15:10:02 - POST /api/v1/matches/07d66d76-b86b-4bb2-aec6-f3a1477dbd99/balls 201
2026-06-22 15:10:02 - POST /api/v1/matches/3eef8adb-ea2a-40f0-a376-f3b68ffcc01b/toss 200
2026-06-22 15:10:02 - GET /api/v1/teams/19238d2e-0160-4f75-ae9f-d07b36c43cd0 200
2026-06-22 15:10:02 - GET /api/v1/teams/6fa06e62-049e-45af-bbc9-712308995407 200
2026-06-22 15:10:02 - POST /api/v1/matches/3eef8adb-ea2a-40f0-a376-f3b68ffcc01b/squads 200
2026-06-22 15:10:02 - POST /api/v1/matches/3eef8adb-ea2a-40f0-a376-f3b68ffcc01b/squads 200
2026-06-22 15:10:02 - POST /api/v1/matches/3eef8adb-ea2a-40f0-a376-f3b68ffcc01b/balls 201
2026-06-22 15:10:02 - POST /api/v1/matches/3eef8adb-ea2a-40f0-a376-f3b68ffcc01b/balls 201
2026-06-22 15:10:02 - POST /api/v1/matches/3eef8adb-ea2a-40f0-a376-f3b68ffcc01b/balls 201
2026-06-22 15:10:02 - POST /api/v1/matches/3eef8adb-ea2a-40f0-a376-f3b68ffcc01b/balls 201
2026-06-22 15:10:02 - POST /api/v1/matches/3eef8adb-ea2a-40f0-a376-f3b68ffcc01b/balls 201
2026-06-22 15:10:02 - POST /api/v1/matches/3eef8adb-ea2a-40f0-a376-f3b68ffcc01b/balls 201
2026-06-22 15:10:02 - POST /api/v1/matches/3eef8adb-ea2a-40f0-a376-f3b68ffcc01b/balls 201
2026-06-22 15:10:02 - POST /api/v1/matches/3eef8adb-ea2a-40f0-a376-f3b68ffcc01b/balls 201
2026-06-22 15:10:02 - POST /api/v1/matches/3eef8adb-ea2a-40f0-a376-f3b68ffcc01b/balls 201
2026-06-22 15:10:02 - POST /api/v1/matches/3eef8adb-ea2a-40f0-a376-f3b68ffcc01b/balls 201
2026-06-22 15:10:02 - POST /api/v1/matches/3eef8adb-ea2a-40f0-a376-f3b68ffcc01b/balls 201
2026-06-22 15:10:02 - POST /api/v1/matches/3eef8adb-ea2a-40f0-a376-f3b68ffcc01b/balls 201
2026-06-22 15:10:02 - POST /api/v1/matches/0bdd823e-1031-4563-8ec2-cb7f1151ba5d/toss 200
2026-06-22 15:10:02 - GET /api/v1/teams/19238d2e-0160-4f75-ae9f-d07b36c43cd0 200
2026-06-22 15:10:02 - GET /api/v1/teams/fece9495-f3f2-4ae8-b66c-8b1a6676ecfb 200
2026-06-22 15:10:02 - POST /api/v1/matches/0bdd823e-1031-4563-8ec2-cb7f1151ba5d/squads 200
2026-06-22 15:10:02 - POST /api/v1/matches/0bdd823e-1031-4563-8ec2-cb7f1151ba5d/squads 200
2026-06-22 15:10:02 - POST /api/v1/matches/0bdd823e-1031-4563-8ec2-cb7f1151ba5d/balls 201
2026-06-22 15:10:02 - POST /api/v1/matches/0bdd823e-1031-4563-8ec2-cb7f1151ba5d/balls 201
2026-06-22 15:10:02 - POST /api/v1/matches/0bdd823e-1031-4563-8ec2-cb7f1151ba5d/balls 201
2026-06-22 15:10:02 - POST /api/v1/matches/0bdd823e-1031-4563-8ec2-cb7f1151ba5d/balls 201
2026-06-22 15:10:02 - POST /api/v1/matches/0bdd823e-1031-4563-8ec2-cb7f1151ba5d/balls 201
2026-06-22 15:10:02 - POST /api/v1/matches/0bdd823e-1031-4563-8ec2-cb7f1151ba5d/balls 201
2026-06-22 15:10:02 - POST /api/v1/matches/0bdd823e-1031-4563-8ec2-cb7f1151ba5d/balls 201
2026-06-22 15:10:02 - POST /api/v1/matches/0bdd823e-1031-4563-8ec2-cb7f1151ba5d/balls 201
2026-06-22 15:10:02 - POST /api/v1/matches/0bdd823e-1031-4563-8ec2-cb7f1151ba5d/balls 201
2026-06-22 15:10:02 - POST /api/v1/matches/0bdd823e-1031-4563-8ec2-cb7f1151ba5d/balls 201
2026-06-22 15:10:02 - POST /api/v1/matches/0bdd823e-1031-4563-8ec2-cb7f1151ba5d/balls 201
2026-06-22 15:10:02 - POST /api/v1/matches/0bdd823e-1031-4563-8ec2-cb7f1151ba5d/balls 201
2026-06-22 15:10:02 - POST /api/v1/matches/be6ab75c-4203-4065-aec4-e0a844f63fb4/toss 200
2026-06-22 15:10:02 - GET /api/v1/teams/6fa06e62-049e-45af-bbc9-712308995407 200
2026-06-22 15:10:02 - GET /api/v1/teams/fece9495-f3f2-4ae8-b66c-8b1a6676ecfb 200
2026-06-22 15:10:02 - POST /api/v1/matches/be6ab75c-4203-4065-aec4-e0a844f63fb4/squads 200
2026-06-22 15:10:02 - POST /api/v1/matches/be6ab75c-4203-4065-aec4-e0a844f63fb4/squads 200
2026-06-22 15:10:02 - POST /api/v1/matches/be6ab75c-4203-4065-aec4-e0a844f63fb4/balls 201
2026-06-22 15:10:02 - POST /api/v1/matches/be6ab75c-4203-4065-aec4-e0a844f63fb4/balls 201
2026-06-22 15:10:02 - POST /api/v1/matches/be6ab75c-4203-4065-aec4-e0a844f63fb4/balls 201
2026-06-22 15:10:02 - POST /api/v1/matches/be6ab75c-4203-4065-aec4-e0a844f63fb4/balls 201
2026-06-22 15:10:02 - POST /api/v1/matches/be6ab75c-4203-4065-aec4-e0a844f63fb4/balls 201
2026-06-22 15:10:02 - POST /api/v1/matches/be6ab75c-4203-4065-aec4-e0a844f63fb4/balls 201
2026-06-22 15:10:02 - POST /api/v1/matches/be6ab75c-4203-4065-aec4-e0a844f63fb4/balls 201
2026-06-22 15:10:02 - POST /api/v1/matches/be6ab75c-4203-4065-aec4-e0a844f63fb4/balls 201
2026-06-22 15:10:03 - POST /api/v1/matches/be6ab75c-4203-4065-aec4-e0a844f63fb4/balls 201
2026-06-22 15:10:03 - POST /api/v1/matches/be6ab75c-4203-4065-aec4-e0a844f63fb4/balls 201
2026-06-22 15:10:03 - POST /api/v1/matches/be6ab75c-4203-4065-aec4-e0a844f63fb4/balls 201
2026-06-22 15:10:03 - POST /api/v1/matches/be6ab75c-4203-4065-aec4-e0a844f63fb4/balls 201
2026-06-22 15:10:03 - GET /api/v1/tournaments/4a1d88ae-e703-4709-a515-b56c8660ce5b/dashboard 200
2026-06-22 15:10:03 - POST /api/v1/matches/a8d953ea-6d89-4970-80a0-f5c5118acf58/toss 200
2026-06-22 15:10:03 - GET /api/v1/teams/19238d2e-0160-4f75-ae9f-d07b36c43cd0 200
2026-06-22 15:10:03 - GET /api/v1/teams/fece9495-f3f2-4ae8-b66c-8b1a6676ecfb 200
2026-06-22 15:10:03 - POST /api/v1/matches/a8d953ea-6d89-4970-80a0-f5c5118acf58/squads 200
2026-06-22 15:10:03 - POST /api/v1/matches/a8d953ea-6d89-4970-80a0-f5c5118acf58/squads 200
2026-06-22 15:10:03 - POST /api/v1/matches/a8d953ea-6d89-4970-80a0-f5c5118acf58/balls 201
2026-06-22 15:10:03 - POST /api/v1/matches/a8d953ea-6d89-4970-80a0-f5c5118acf58/balls 201
2026-06-22 15:10:03 - POST /api/v1/matches/a8d953ea-6d89-4970-80a0-f5c5118acf58/balls 201
2026-06-22 15:10:03 - POST /api/v1/matches/a8d953ea-6d89-4970-80a0-f5c5118acf58/balls 201
2026-06-22 15:10:03 - POST /api/v1/matches/a8d953ea-6d89-4970-80a0-f5c5118acf58/balls 201
2026-06-22 15:10:03 - POST /api/v1/matches/a8d953ea-6d89-4970-80a0-f5c5118acf58/balls 201
2026-06-22 15:10:03 - POST /api/v1/matches/a8d953ea-6d89-4970-80a0-f5c5118acf58/balls 201
2026-06-22 15:10:03 - POST /api/v1/matches/a8d953ea-6d89-4970-80a0-f5c5118acf58/balls 201
2026-06-22 15:10:03 - POST /api/v1/matches/a8d953ea-6d89-4970-80a0-f5c5118acf58/balls 201
2026-06-22 15:10:03 - POST /api/v1/matches/a8d953ea-6d89-4970-80a0-f5c5118acf58/balls 201
2026-06-22 15:10:03 - POST /api/v1/matches/a8d953ea-6d89-4970-80a0-f5c5118acf58/balls 201
2026-06-22 15:10:03 - POST /api/v1/matches/a8d953ea-6d89-4970-80a0-f5c5118acf58/balls 201
2026-06-22 15:10:03 - POST /api/v1/matches/e7c7cd0d-3b1d-4e8d-8cd2-45420bff93f7/toss 200
2026-06-22 15:10:03 - GET /api/v1/teams/0b1e68ca-29fa-4559-8435-70e0b0959db1 200
2026-06-22 15:10:03 - GET /api/v1/teams/6fa06e62-049e-45af-bbc9-712308995407 200
2026-06-22 15:10:03 - POST /api/v1/matches/e7c7cd0d-3b1d-4e8d-8cd2-45420bff93f7/squads 200
2026-06-22 15:10:03 - POST /api/v1/matches/e7c7cd0d-3b1d-4e8d-8cd2-45420bff93f7/squads 200
2026-06-22 15:10:03 - POST /api/v1/matches/e7c7cd0d-3b1d-4e8d-8cd2-45420bff93f7/balls 201
2026-06-22 15:10:03 - POST /api/v1/matches/e7c7cd0d-3b1d-4e8d-8cd2-45420bff93f7/balls 201
2026-06-22 15:10:03 - POST /api/v1/matches/e7c7cd0d-3b1d-4e8d-8cd2-45420bff93f7/balls 201
2026-06-22 15:10:03 - POST /api/v1/matches/e7c7cd0d-3b1d-4e8d-8cd2-45420bff93f7/balls 201
2026-06-22 15:10:03 - POST /api/v1/matches/e7c7cd0d-3b1d-4e8d-8cd2-45420bff93f7/balls 201
2026-06-22 15:10:03 - POST /api/v1/matches/e7c7cd0d-3b1d-4e8d-8cd2-45420bff93f7/balls 201
2026-06-22 15:10:03 - POST /api/v1/matches/e7c7cd0d-3b1d-4e8d-8cd2-45420bff93f7/balls 201
2026-06-22 15:10:03 - POST /api/v1/matches/e7c7cd0d-3b1d-4e8d-8cd2-45420bff93f7/balls 201
2026-06-22 15:10:03 - POST /api/v1/matches/e7c7cd0d-3b1d-4e8d-8cd2-45420bff93f7/balls 201
2026-06-22 15:10:03 - POST /api/v1/matches/e7c7cd0d-3b1d-4e8d-8cd2-45420bff93f7/balls 201
2026-06-22 15:10:03 - POST /api/v1/matches/e7c7cd0d-3b1d-4e8d-8cd2-45420bff93f7/balls 201
2026-06-22 15:10:03 - POST /api/v1/matches/e7c7cd0d-3b1d-4e8d-8cd2-45420bff93f7/balls 201
2026-06-22 15:10:03 - GET /api/v1/tournaments/4a1d88ae-e703-4709-a515-b56c8660ce5b/dashboard 200
2026-06-22 15:10:03 - POST /api/v1/matches/a1583490-8923-443e-ab3e-6c56eba0daa5/toss 200
2026-06-22 15:10:03 - GET /api/v1/teams/19238d2e-0160-4f75-ae9f-d07b36c43cd0 200
2026-06-22 15:10:03 - GET /api/v1/teams/0b1e68ca-29fa-4559-8435-70e0b0959db1 200
2026-06-22 15:10:03 - POST /api/v1/matches/a1583490-8923-443e-ab3e-6c56eba0daa5/squads 200
2026-06-22 15:10:03 - POST /api/v1/matches/a1583490-8923-443e-ab3e-6c56eba0daa5/squads 200
2026-06-22 15:10:03 - POST /api/v1/matches/a1583490-8923-443e-ab3e-6c56eba0daa5/balls 201
2026-06-22 15:10:03 - POST /api/v1/matches/a1583490-8923-443e-ab3e-6c56eba0daa5/balls 201
2026-06-22 15:10:03 - POST /api/v1/matches/a1583490-8923-443e-ab3e-6c56eba0daa5/balls 201
2026-06-22 15:10:03 - POST /api/v1/matches/a1583490-8923-443e-ab3e-6c56eba0daa5/balls 201
2026-06-22 15:10:03 - POST /api/v1/matches/a1583490-8923-443e-ab3e-6c56eba0daa5/balls 201
2026-06-22 15:10:03 - POST /api/v1/matches/a1583490-8923-443e-ab3e-6c56eba0daa5/balls 201
2026-06-22 15:10:03 - POST /api/v1/matches/a1583490-8923-443e-ab3e-6c56eba0daa5/balls 201
2026-06-22 15:10:03 - POST /api/v1/matches/a1583490-8923-443e-ab3e-6c56eba0daa5/balls 201
2026-06-22 15:10:03 - POST /api/v1/matches/a1583490-8923-443e-ab3e-6c56eba0daa5/balls 201
2026-06-22 15:10:03 - POST /api/v1/matches/a1583490-8923-443e-ab3e-6c56eba0daa5/balls 201
2026-06-22 15:10:03 - POST /api/v1/matches/a1583490-8923-443e-ab3e-6c56eba0daa5/balls 201
2026-06-22 15:10:03 - POST /api/v1/matches/a1583490-8923-443e-ab3e-6c56eba0daa5/balls 201
2026-06-22 15:10:03 - GET /api/v1/tournaments/4a1d88ae-e703-4709-a515-b56c8660ce5b/dashboard 200
2026-06-22 15:11:28 - POST /api/v1/auth/signup 422
2026-06-22 15:11:28 - POST /api/v1/auth/signup 422
2026-06-22 15:11:28 - POST /api/v1/auth/signup 422
2026-06-22 15:11:28 - POST /api/v1/auth/signup 422
2026-06-22 15:11:30 - POST /api/v1/auth/signup 201
2026-06-22 15:11:30 - POST /api/v1/auth/login 400
2026-06-22 15:11:30 - POST /api/v1/auth/verify-otp 200
2026-06-22 15:11:32 - POST /api/v1/auth/signup 201
2026-06-22 15:11:32 - POST /api/v1/auth/resend-otp 429
2026-06-22 15:11:33 - POST /api/v1/auth/resend-otp 200
2026-06-22 15:11:33 - POST /api/v1/auth/login 400
2026-06-22 15:11:34 - POST /api/v1/auth/login 400
2026-06-22 15:11:34 - POST /api/v1/auth/login 400
2026-06-22 15:11:34 - POST /api/v1/auth/login 400
2026-06-22 15:11:34 - POST /api/v1/auth/login 400
2026-06-22 15:11:34 - POST /api/v1/auth/login 403
2026-06-22 15:11:35 - POST /api/v1/auth/login 200
2026-06-22 15:11:35 - POST /api/v1/auth/forgot-password 404
2026-06-22 15:11:36 - POST /api/v1/auth/forgot-password 200
2026-06-22 15:11:36 - POST /api/v1/auth/verify-reset-otp 400
2026-06-22 15:11:36 - POST /api/v1/auth/verify-reset-otp 200
2026-06-22 15:11:36 - POST /api/v1/auth/reset-password 422
2026-06-22 15:11:36 - POST /api/v1/auth/reset-password 200
2026-06-22 15:11:36 - POST /api/v1/auth/login 200
2026-06-22 15:11:37 - POST /api/v1/auth/login 200
2026-06-22 15:11:37 - POST /api/v1/auth/complete-profile 200
2026-06-22 15:11:37 - POST /api/v1/auth/login 200
2026-06-22 15:11:37 - POST /api/v1/auth/refresh 200
2026-06-22 15:11:37 - POST /api/v1/auth/logout 200
2026-06-22 15:11:37 - POST /api/v1/auth/refresh 401
2026-06-22 15:11:39 - POST /api/v1/auth/signup 201
2026-06-22 15:11:39 - POST /api/v1/auth/signup 400
2026-06-22 15:11:39 - POST /api/v1/auth/login 400
2026-06-22 15:11:39 - POST /api/v1/auth/forgot-password 400
2026-06-22 15:11:39 - POST /api/v1/auth/verify-reset-otp 400
2026-06-22 15:11:39 - POST /api/v1/auth/reset-password 400
2026-06-22 15:11:39 - POST /api/v1/auth/signup 400
2026-06-22 15:11:41 - POST /api/v1/auth/signup 201
2026-06-22 15:11:42 - POST /api/v1/auth/signup 201
2026-06-22 15:11:42 - POST /api/v1/auth/login 200
2026-06-22 15:11:43 - POST /api/v1/auth/login 200
2026-06-22 15:11:43 - POST /api/v1/teams/ 201
2026-06-22 15:11:43 - GET /api/v1/teams/ 200
2026-06-22 15:11:43 - PUT /api/v1/teams/839af3e4-4e80-4607-8de2-34a9495ac406 403
2026-06-22 15:11:43 - DELETE /api/v1/teams/839af3e4-4e80-4607-8de2-34a9495ac406 403
2026-06-22 15:11:43 - POST /api/v1/players/ 201
2026-06-22 15:11:43 - GET /api/v1/players/ 200
2026-06-22 15:11:43 - PUT /api/v1/players/207b06ab-33d4-4e3e-87cc-69948e1a05dd 403
2026-06-22 15:11:43 - DELETE /api/v1/players/207b06ab-33d4-4e3e-87cc-69948e1a05dd 403
2026-06-22 15:11:44 - POST /api/v1/auth/signup 201
2026-06-22 15:11:44 - POST /api/v1/auth/login 200
2026-06-22 15:11:45 - POST /api/v1/teams/ 201
2026-06-22 15:11:45 - POST /api/v1/teams/ 201
2026-06-22 15:11:45 - POST /api/v1/players/ 201
2026-06-22 15:11:45 - POST /api/v1/players/ 201
2026-06-22 15:11:45 - POST /api/v1/players/ 201
2026-06-22 15:11:45 - POST /api/v1/teams/a451b3df-c679-45f2-8bb4-cd1742de25d2/players/bulk 200
2026-06-22 15:11:45 - POST /api/v1/teams/79dfccbf-3066-456c-a7e0-832161dde049/players/bulk 400
2026-06-22 15:11:46 - POST /api/v1/auth/signup 201
2026-06-22 15:11:48 - POST /api/v1/auth/signup 201
2026-06-22 15:11:48 - POST /api/v1/auth/login 200
2026-06-22 15:11:48 - POST /api/v1/auth/login 200
2026-06-22 15:11:48 - POST /api/v1/teams/ 201
2026-06-22 15:11:48 - POST /api/v1/teams/ 201
2026-06-22 15:11:48 - POST /api/v1/matches/ 201
2026-06-22 15:11:48 - POST /api/v1/matches/1ac760a9-ce3b-431a-8ed3-884d28612f0a/toss 403
2026-06-22 15:11:48 - POST /api/v1/matches/1ac760a9-ce3b-431a-8ed3-884d28612f0a/toss 200
2026-06-22 15:11:49 - GET /api/v1/debug-env 200
2026-06-22 15:11:49 - GET /api/v1/debug-env 404
2026-06-22 15:11:50 - POST /api/v1/auth/login 200
2026-06-22 15:11:50 - POST /api/v1/players/ 201
2026-06-22 15:11:50 - POST /api/v1/players/ 201
2026-06-22 15:11:50 - POST /api/v1/players/ 201
2026-06-22 15:11:50 - POST /api/v1/players/ 201
2026-06-22 15:11:50 - POST /api/v1/teams/ 201
2026-06-22 15:11:50 - POST /api/v1/teams/ 201
2026-06-22 15:11:50 - POST /api/v1/teams/581662df-4f9c-4f89-ba0a-8c419a484458/players 200
2026-06-22 15:11:50 - POST /api/v1/teams/581662df-4f9c-4f89-ba0a-8c419a484458/players 200
2026-06-22 15:11:50 - POST /api/v1/teams/624b19e4-9a33-4c57-a0d6-8e0b55ca2192/players 200
2026-06-22 15:11:50 - POST /api/v1/teams/624b19e4-9a33-4c57-a0d6-8e0b55ca2192/players 200
2026-06-22 15:11:50 - POST /api/v1/matches/ 201
2026-06-22 15:11:50 - POST /api/v1/matches/de7aeeb9-9b83-4475-be5b-087db3e53106/toss 200
2026-06-22 15:11:50 - POST /api/v1/matches/de7aeeb9-9b83-4475-be5b-087db3e53106/squads 400
2026-06-22 15:11:50 - POST /api/v1/matches/de7aeeb9-9b83-4475-be5b-087db3e53106/squads 200
2026-06-22 15:11:50 - POST /api/v1/matches/de7aeeb9-9b83-4475-be5b-087db3e53106/squads 400
2026-06-22 15:11:50 - POST /api/v1/matches/de7aeeb9-9b83-4475-be5b-087db3e53106/squads 200
2026-06-22 15:11:50 - POST /api/v1/auth/google 200
2026-06-22 15:11:50 - POST /api/v1/auth/google 400
2026-06-22 15:11:50 - POST /api/v1/auth/google 400
2026-06-22 15:11:50 - POST /api/v1/auth/google 400
2026-06-22 15:11:50 - POST /api/v1/auth/google 400
2026-06-22 15:11:51 - POST /api/v1/auth/login 200
2026-06-22 15:11:51 - POST /api/v1/players/ 201
2026-06-22 15:11:51 - POST /api/v1/players/ 201
2026-06-22 15:11:51 - POST /api/v1/teams/ 201
2026-06-22 15:11:51 - POST /api/v1/teams/ 201
2026-06-22 15:11:51 - POST /api/v1/matches/ 201
2026-06-22 15:11:51 - GET /api/v1/matches/ 200
2026-06-22 15:11:51 - POST /api/v1/auth/login 200
2026-06-22 15:11:52 - POST /api/v1/auth/login 200
2026-06-22 15:11:52 - POST /api/v1/auth/login 200
2026-06-22 15:11:52 - POST /api/v1/matches/ 201
2026-06-22 15:11:52 - POST /api/v1/matches/e08ae365-59eb-4331-8d67-72175e614552/toss 200
2026-06-22 15:11:52 - POST /api/v1/matches/e08ae365-59eb-4331-8d67-72175e614552/toss 403
2026-06-22 15:11:52 - POST /api/v1/matches/ 201
2026-06-22 15:11:52 - POST /api/v1/matches/a1a78d40-58ed-40a1-8fbd-e170b1d3f739/toss 200
2026-06-22 15:11:52 - POST /api/v1/matches/ 201
2026-06-22 15:11:52 - POST /api/v1/matches/a36f8ade-7727-47b5-a90d-be945ddaacf7/toss 200
2026-06-22 15:11:52 - POST /api/v1/matches/a36f8ade-7727-47b5-a90d-be945ddaacf7/toss 403
2026-06-22 15:11:53 - POST /api/v1/auth/login 200
2026-06-22 15:11:53 - POST /api/v1/players/ 201
2026-06-22 15:11:53 - POST /api/v1/players/ 201
2026-06-22 15:11:53 - POST /api/v1/players/ 422
2026-06-22 15:11:53 - POST /api/v1/players/ 422
2026-06-22 15:11:53 - GET /api/v1/players/e5f0bdb4-7ea4-45b8-86c8-d1a74aeb3c26 200
2026-06-22 15:11:53 - PUT /api/v1/players/e5f0bdb4-7ea4-45b8-86c8-d1a74aeb3c26 200
2026-06-22 15:11:53 - DELETE /api/v1/players/e5f0bdb4-7ea4-45b8-86c8-d1a74aeb3c26 204
2026-06-22 15:11:53 - GET /api/v1/players/e5f0bdb4-7ea4-45b8-86c8-d1a74aeb3c26 404
2026-06-22 15:11:53 - POST /api/v1/auth/login 200
2026-06-22 15:11:53 - POST /api/v1/players/ 201
2026-06-22 15:11:53 - POST /api/v1/players/ 201
2026-06-22 15:11:53 - POST /api/v1/teams/ 201
2026-06-22 15:11:53 - POST /api/v1/teams/264e5428-7b96-4bed-a249-a73f4578801d/players 200
2026-06-22 15:11:53 - PUT /api/v1/teams/264e5428-7b96-4bed-a249-a73f4578801d 200
2026-06-22 15:11:53 - PUT /api/v1/teams/264e5428-7b96-4bed-a249-a73f4578801d 400
2026-06-22 15:11:53 - POST /api/v1/teams/ 201
2026-06-22 15:11:53 - POST /api/v1/teams/133695de-ffda-4860-84f1-5851cc08695a/players 400
2026-06-22 15:11:53 - DELETE /api/v1/teams/264e5428-7b96-4bed-a249-a73f4578801d/players/bd5b9a5a-f290-4695-b6b9-63ce14187729 200
2026-06-22 15:11:53 - DELETE /api/v1/teams/264e5428-7b96-4bed-a249-a73f4578801d 204
2026-06-22 15:11:54 - POST /api/v1/auth/login 200
2026-06-22 15:11:54 - POST /api/v1/players/ 201
2026-06-22 15:11:54 - POST /api/v1/players/ 201
2026-06-22 15:11:54 - POST /api/v1/teams/ 201
2026-06-22 15:11:54 - POST /api/v1/teams/ 201
2026-06-22 15:11:54 - POST /api/v1/teams/578d2f39-f557-49d2-a3cd-9b8f1b01c179/players 200
2026-06-22 15:11:54 - POST /api/v1/teams/157f72ab-1af0-4d51-bea3-d08d1fdefec2/players 200
2026-06-22 15:11:54 - POST /api/v1/matches/ 201
2026-06-22 15:11:54 - POST /api/v1/matches/cd687cca-8614-47d0-83a0-48ad658c79e6/squads 200
2026-06-22 15:11:54 - POST /api/v1/matches/cd687cca-8614-47d0-83a0-48ad658c79e6/toss 200
2026-06-22 15:11:54 - DELETE /api/v1/players/bbce01d0-de63-4597-8ff0-a4b1e577cd63 400
2026-06-22 15:11:54 - DELETE /api/v1/teams/578d2f39-f557-49d2-a3cd-9b8f1b01c179/players/bbce01d0-de63-4597-8ff0-a4b1e577cd63 400
2026-06-22 15:11:54 - DELETE /api/v1/teams/578d2f39-f557-49d2-a3cd-9b8f1b01c179 400
2026-06-22 15:11:54 - POST /api/v1/auth/login 200
2026-06-22 15:11:54 - GET /api/v1/profile/ 200
2026-06-22 15:11:55 - POST /api/v1/auth/login 200
2026-06-22 15:11:55 - PUT /api/v1/profile/ 200
2026-06-22 15:11:55 - PUT /api/v1/profile/ 400
2026-06-22 15:11:55 - POST /api/v1/auth/login 200
2026-06-22 15:11:55 - GET /api/v1/profile/stats 200
2026-06-22 15:11:56 - POST /api/v1/auth/login 200
2026-06-22 15:11:56 - GET /api/v1/profile/activity 200
2026-06-22 15:11:56 - GET /api/v1/profile/achievements 200
2026-06-22 15:11:56 - POST /api/v1/auth/login 200
2026-06-22 15:11:56 - POST /api/v1/profile/upload-photo 200
2026-06-22 15:11:56 - GET /api/v1/profile/ 200
2026-06-22 15:11:57 - POST /api/v1/auth/login 200
2026-06-22 15:11:57 - POST /api/v1/players/ 201
2026-06-22 15:11:57 - POST /api/v1/players/ 201
2026-06-22 15:11:57 - POST /api/v1/players/ 201
2026-06-22 15:11:57 - POST /api/v1/players/ 201
2026-06-22 15:11:57 - POST /api/v1/players/ 201
2026-06-22 15:11:57 - POST /api/v1/teams/ 201
2026-06-22 15:11:57 - POST /api/v1/teams/ 201
2026-06-22 15:11:57 - POST /api/v1/teams/0727e26d-5a3d-4b43-a8eb-4dc7670a7f08/players 200
2026-06-22 15:11:57 - POST /api/v1/teams/0727e26d-5a3d-4b43-a8eb-4dc7670a7f08/players 200
2026-06-22 15:11:57 - POST /api/v1/teams/0727e26d-5a3d-4b43-a8eb-4dc7670a7f08/players 200
2026-06-22 15:11:57 - POST /api/v1/teams/6c9ff8ea-7a84-4d1b-8bba-21abc38ccbb4/players 200
2026-06-22 15:11:57 - POST /api/v1/teams/6c9ff8ea-7a84-4d1b-8bba-21abc38ccbb4/players 200
2026-06-22 15:11:57 - POST /api/v1/matches/ 201
2026-06-22 15:11:57 - POST /api/v1/matches/c18ddfa1-531a-46ad-9fdb-6560df99e370/toss 200
2026-06-22 15:11:57 - POST /api/v1/matches/c18ddfa1-531a-46ad-9fdb-6560df99e370/squads 200
2026-06-22 15:11:57 - POST /api/v1/matches/c18ddfa1-531a-46ad-9fdb-6560df99e370/squads 200
2026-06-22 15:11:57 - POST /api/v1/matches/c18ddfa1-531a-46ad-9fdb-6560df99e370/balls 201
2026-06-22 15:11:57 - POST /api/v1/matches/c18ddfa1-531a-46ad-9fdb-6560df99e370/balls 201
2026-06-22 15:11:57 - POST /api/v1/matches/c18ddfa1-531a-46ad-9fdb-6560df99e370/balls 201
2026-06-22 15:11:57 - POST /api/v1/matches/c18ddfa1-531a-46ad-9fdb-6560df99e370/balls 201
2026-06-22 15:11:57 - POST /api/v1/matches/c18ddfa1-531a-46ad-9fdb-6560df99e370/balls 201
2026-06-22 15:11:57 - POST /api/v1/matches/c18ddfa1-531a-46ad-9fdb-6560df99e370/balls 201
2026-06-22 15:11:57 - POST /api/v1/matches/c18ddfa1-531a-46ad-9fdb-6560df99e370/balls 201
2026-06-22 15:11:57 - POST /api/v1/matches/c18ddfa1-531a-46ad-9fdb-6560df99e370/balls 201
2026-06-22 15:11:57 - POST /api/v1/matches/c18ddfa1-531a-46ad-9fdb-6560df99e370/balls 201
2026-06-22 15:11:57 - POST /api/v1/matches/c18ddfa1-531a-46ad-9fdb-6560df99e370/balls 201
2026-06-22 15:11:57 - POST /api/v1/matches/c18ddfa1-531a-46ad-9fdb-6560df99e370/balls 201
2026-06-22 15:11:57 - POST /api/v1/matches/c18ddfa1-531a-46ad-9fdb-6560df99e370/balls 201
2026-06-22 15:11:57 - GET /api/v1/matches/c18ddfa1-531a-46ad-9fdb-6560df99e370/scorecard 200
2026-06-22 15:11:57 - GET /api/v1/players/daac4c26-8324-489e-a78d-bd5eca5299a1 200
2026-06-22 15:11:57 - POST /api/v1/auth/login 200
2026-06-22 15:11:57 - POST /api/v1/players/ 201
2026-06-22 15:11:57 - POST /api/v1/players/ 201
2026-06-22 15:11:57 - POST /api/v1/players/ 201
2026-06-22 15:11:57 - POST /api/v1/players/ 201
2026-06-22 15:11:57 - POST /api/v1/players/ 201
2026-06-22 15:11:57 - POST /api/v1/teams/ 201
2026-06-22 15:11:57 - POST /api/v1/teams/ 201
2026-06-22 15:11:57 - POST /api/v1/teams/f477f664-1948-43de-b69b-0796591f69d9/players 200
2026-06-22 15:11:57 - POST /api/v1/teams/f477f664-1948-43de-b69b-0796591f69d9/players 200
2026-06-22 15:11:57 - POST /api/v1/teams/f477f664-1948-43de-b69b-0796591f69d9/players 200
2026-06-22 15:11:57 - POST /api/v1/teams/727ee9fb-7f77-42d4-b92d-920ab88c7c59/players 200
2026-06-22 15:11:57 - POST /api/v1/teams/727ee9fb-7f77-42d4-b92d-920ab88c7c59/players 200
2026-06-22 15:11:57 - POST /api/v1/matches/ 201
2026-06-22 15:11:57 - POST /api/v1/matches/798b56e0-6a35-4b0f-93e3-eff6f75d8d5c/toss 200
2026-06-22 15:11:57 - POST /api/v1/matches/798b56e0-6a35-4b0f-93e3-eff6f75d8d5c/squads 200
2026-06-22 15:11:57 - POST /api/v1/matches/798b56e0-6a35-4b0f-93e3-eff6f75d8d5c/squads 200
2026-06-22 15:11:57 - POST /api/v1/matches/798b56e0-6a35-4b0f-93e3-eff6f75d8d5c/balls 201
2026-06-22 15:11:57 - POST /api/v1/matches/798b56e0-6a35-4b0f-93e3-eff6f75d8d5c/balls 201
2026-06-22 15:11:57 - POST /api/v1/matches/798b56e0-6a35-4b0f-93e3-eff6f75d8d5c/balls 201
2026-06-22 15:11:57 - POST /api/v1/matches/798b56e0-6a35-4b0f-93e3-eff6f75d8d5c/balls 201
2026-06-22 15:11:58 - POST /api/v1/matches/798b56e0-6a35-4b0f-93e3-eff6f75d8d5c/balls 201
2026-06-22 15:11:58 - GET /api/v1/matches/798b56e0-6a35-4b0f-93e3-eff6f75d8d5c/scorecard 200
2026-06-22 15:11:58 - POST /api/v1/auth/login 200
2026-06-22 15:11:58 - POST /api/v1/players/ 201
2026-06-22 15:11:58 - POST /api/v1/players/ 201
2026-06-22 15:11:58 - POST /api/v1/players/ 201
2026-06-22 15:11:58 - POST /api/v1/players/ 201
2026-06-22 15:11:58 - POST /api/v1/teams/ 201
2026-06-22 15:11:58 - POST /api/v1/teams/ 201
2026-06-22 15:11:58 - POST /api/v1/teams/691f6654-27b6-45fa-9cfb-1efc267775ae/players 200
2026-06-22 15:11:58 - POST /api/v1/teams/691f6654-27b6-45fa-9cfb-1efc267775ae/players 200
2026-06-22 15:11:58 - POST /api/v1/teams/315eaeb0-7e31-4b73-be6b-5e6ae2945e3b/players 200
2026-06-22 15:11:58 - POST /api/v1/teams/315eaeb0-7e31-4b73-be6b-5e6ae2945e3b/players 200
2026-06-22 15:11:58 - POST /api/v1/matches/ 201
2026-06-22 15:11:58 - POST /api/v1/matches/81fa298d-eb77-4641-8d11-0adfd9f76339/toss 200
2026-06-22 15:11:58 - POST /api/v1/matches/81fa298d-eb77-4641-8d11-0adfd9f76339/squads 200
2026-06-22 15:11:58 - POST /api/v1/matches/81fa298d-eb77-4641-8d11-0adfd9f76339/squads 200
2026-06-22 15:11:58 - POST /api/v1/matches/81fa298d-eb77-4641-8d11-0adfd9f76339/balls 201
2026-06-22 15:11:58 - POST /api/v1/matches/81fa298d-eb77-4641-8d11-0adfd9f76339/balls 201
2026-06-22 15:11:58 - POST /api/v1/matches/81fa298d-eb77-4641-8d11-0adfd9f76339/balls 201
2026-06-22 15:11:58 - POST /api/v1/matches/81fa298d-eb77-4641-8d11-0adfd9f76339/balls 201
2026-06-22 15:11:58 - POST /api/v1/matches/81fa298d-eb77-4641-8d11-0adfd9f76339/balls 201
2026-06-22 15:11:58 - POST /api/v1/matches/81fa298d-eb77-4641-8d11-0adfd9f76339/balls 201
2026-06-22 15:11:58 - POST /api/v1/matches/81fa298d-eb77-4641-8d11-0adfd9f76339/balls 201
2026-06-22 15:11:58 - GET /api/v1/matches/81fa298d-eb77-4641-8d11-0adfd9f76339/scorecard 200
2026-06-22 15:12:00 - POST /api/v1/auth/signup 201
2026-06-22 15:12:00 - POST /api/v1/auth/login 200
2026-06-22 15:12:00 - POST /api/v1/auth/login 200
2026-06-22 15:12:00 - POST /api/v1/players/ 201
2026-06-22 15:12:00 - POST /api/v1/players/ 201
2026-06-22 15:12:00 - POST /api/v1/players/ 201
2026-06-22 15:12:00 - POST /api/v1/players/ 201
2026-06-22 15:12:00 - POST /api/v1/players/ 201
2026-06-22 15:12:00 - POST /api/v1/teams/ 201
2026-06-22 15:12:00 - POST /api/v1/teams/ 201
2026-06-22 15:12:00 - POST /api/v1/teams/8ec4d135-33eb-473e-b114-d9744207ac02/players 200
2026-06-22 15:12:00 - POST /api/v1/teams/8ec4d135-33eb-473e-b114-d9744207ac02/players 200
2026-06-22 15:12:00 - POST /api/v1/teams/8ec4d135-33eb-473e-b114-d9744207ac02/players 200
2026-06-22 15:12:00 - POST /api/v1/teams/4a7688f2-d87c-4340-8571-5433d53286fe/players 200
2026-06-22 15:12:00 - POST /api/v1/teams/4a7688f2-d87c-4340-8571-5433d53286fe/players 200
2026-06-22 15:12:00 - POST /api/v1/matches/ 201
2026-06-22 15:12:00 - POST /api/v1/matches/17c4a2c4-eee8-4d7a-84de-58ce2177aa51/toss 200
2026-06-22 15:12:00 - POST /api/v1/matches/17c4a2c4-eee8-4d7a-84de-58ce2177aa51/squads 200
2026-06-22 15:12:00 - POST /api/v1/matches/17c4a2c4-eee8-4d7a-84de-58ce2177aa51/squads 200
2026-06-22 15:12:00 - POST /api/v1/matches/17c4a2c4-eee8-4d7a-84de-58ce2177aa51/balls 201
2026-06-22 15:12:00 - GET /api/v1/matches/17c4a2c4-eee8-4d7a-84de-58ce2177aa51/live 200
2026-06-22 15:12:00 - POST /api/v1/matches/17c4a2c4-eee8-4d7a-84de-58ce2177aa51/balls 201
2026-06-22 15:12:00 - GET /api/v1/matches/17c4a2c4-eee8-4d7a-84de-58ce2177aa51/live 200
2026-06-22 15:12:00 - POST /api/v1/matches/17c4a2c4-eee8-4d7a-84de-58ce2177aa51/balls 201
2026-06-22 15:12:00 - GET /api/v1/matches/17c4a2c4-eee8-4d7a-84de-58ce2177aa51/live 200
2026-06-22 15:12:00 - POST /api/v1/matches/17c4a2c4-eee8-4d7a-84de-58ce2177aa51/balls 201
2026-06-22 15:12:01 - GET /api/v1/matches/17c4a2c4-eee8-4d7a-84de-58ce2177aa51/live 200
2026-06-22 15:12:01 - POST /api/v1/matches/17c4a2c4-eee8-4d7a-84de-58ce2177aa51/undo 200
2026-06-22 15:12:01 - GET /api/v1/matches/17c4a2c4-eee8-4d7a-84de-58ce2177aa51/live 200
2026-06-22 15:12:01 - GET /api/v1/auth/me 401
2026-06-22 15:12:01 - GET /api/v1/auth/me 401
2026-06-22 15:12:01 - POST /api/v1/auth/login 200
2026-06-22 15:12:01 - POST /api/v1/players/ 201
2026-06-22 15:12:01 - POST /api/v1/players/ 201
2026-06-22 15:12:01 - POST /api/v1/players/ 201
2026-06-22 15:12:01 - POST /api/v1/players/ 201
2026-06-22 15:12:01 - POST /api/v1/players/ 201
2026-06-22 15:12:01 - POST /api/v1/teams/ 201
2026-06-22 15:12:01 - POST /api/v1/teams/ 201
2026-06-22 15:12:01 - POST /api/v1/teams/0f90775f-deaa-42a4-a7cd-fb4cbd18b6cd/players 200
2026-06-22 15:12:01 - POST /api/v1/teams/0f90775f-deaa-42a4-a7cd-fb4cbd18b6cd/players 200
2026-06-22 15:12:01 - POST /api/v1/teams/0f90775f-deaa-42a4-a7cd-fb4cbd18b6cd/players 200
2026-06-22 15:12:01 - POST /api/v1/teams/883747e2-4a9c-4472-a2a1-b04f34001ac1/players 200
2026-06-22 15:12:01 - POST /api/v1/teams/883747e2-4a9c-4472-a2a1-b04f34001ac1/players 200
2026-06-22 15:12:01 - POST /api/v1/matches/ 201
2026-06-22 15:12:01 - POST /api/v1/matches/82ac466e-ec09-4b2a-9797-a34bdf2b1384/toss 200
2026-06-22 15:12:01 - POST /api/v1/matches/82ac466e-ec09-4b2a-9797-a34bdf2b1384/squads 200
2026-06-22 15:12:01 - POST /api/v1/matches/82ac466e-ec09-4b2a-9797-a34bdf2b1384/squads 200
2026-06-22 15:12:01 - POST /api/v1/matches/82ac466e-ec09-4b2a-9797-a34bdf2b1384/balls 201
2026-06-22 15:12:01 - GET /api/v1/matches/82ac466e-ec09-4b2a-9797-a34bdf2b1384/live 200
2026-06-22 15:12:01 - POST /api/v1/matches/82ac466e-ec09-4b2a-9797-a34bdf2b1384/balls 201
2026-06-22 15:12:01 - GET /api/v1/matches/82ac466e-ec09-4b2a-9797-a34bdf2b1384/live 200
2026-06-22 15:12:01 - POST /api/v1/matches/82ac466e-ec09-4b2a-9797-a34bdf2b1384/balls 201
2026-06-22 15:12:01 - GET /api/v1/matches/82ac466e-ec09-4b2a-9797-a34bdf2b1384/live 200
2026-06-22 15:12:01 - POST /api/v1/matches/82ac466e-ec09-4b2a-9797-a34bdf2b1384/balls 201
2026-06-22 15:12:01 - GET /api/v1/matches/82ac466e-ec09-4b2a-9797-a34bdf2b1384/live 200
2026-06-22 15:12:01 - POST /api/v1/matches/82ac466e-ec09-4b2a-9797-a34bdf2b1384/balls 201
2026-06-22 15:12:01 - GET /api/v1/matches/82ac466e-ec09-4b2a-9797-a34bdf2b1384/live 200
2026-06-22 15:12:01 - POST /api/v1/matches/82ac466e-ec09-4b2a-9797-a34bdf2b1384/balls 201
2026-06-22 15:12:01 - GET /api/v1/matches/82ac466e-ec09-4b2a-9797-a34bdf2b1384/live 200
2026-06-22 15:12:01 - POST /api/v1/matches/82ac466e-ec09-4b2a-9797-a34bdf2b1384/balls 201
2026-06-22 15:12:01 - GET /api/v1/matches/82ac466e-ec09-4b2a-9797-a34bdf2b1384/live 200
2026-06-22 15:12:01 - GET /api/v1/matches/82ac466e-ec09-4b2a-9797-a34bdf2b1384/scorecard 200
2026-06-22 15:12:03 - POST /api/v1/auth/signup 201
2026-06-22 15:12:04 - POST /api/v1/auth/signup 201
2026-06-22 15:12:06 - POST /api/v1/auth/signup 201
2026-06-22 15:12:06 - POST /api/v1/auth/login 200
2026-06-22 15:12:06 - POST /api/v1/auth/login 200
2026-06-22 15:12:06 - POST /api/v1/auth/login 200
2026-06-22 15:12:06 - POST /api/v1/teams/ 201
2026-06-22 15:12:06 - GET /api/v1/teams/my-teams 200
2026-06-22 15:12:06 - POST /api/v1/teams/e61ce41f-0648-4ad2-bbea-a82f8386f8b3/join-request 200
2026-06-22 15:12:06 - GET /api/v1/teams/my-teams 200
2026-06-22 15:12:06 - POST /api/v1/teams/e61ce41f-0648-4ad2-bbea-a82f8386f8b3/approve-request 403
2026-06-22 15:12:06 - POST /api/v1/teams/e61ce41f-0648-4ad2-bbea-a82f8386f8b3/approve-request 200
2026-06-22 15:12:06 - POST /api/v1/teams/e61ce41f-0648-4ad2-bbea-a82f8386f8b3/members 200
2026-06-22 15:12:06 - POST /api/v1/teams/e61ce41f-0648-4ad2-bbea-a82f8386f8b3/invitations/accept 200
2026-06-22 15:12:06 - GET /api/v1/teams/e61ce41f-0648-4ad2-bbea-a82f8386f8b3/members 200
2026-06-22 15:12:06 - DELETE /api/v1/teams/e61ce41f-0648-4ad2-bbea-a82f8386f8b3/members/638fcdb6-f4d4-40cf-b414-3083b6a5dc5c 204
2026-06-22 15:12:06 - GET /api/v1/teams/e61ce41f-0648-4ad2-bbea-a82f8386f8b3/members 200
2026-06-22 15:12:07 - POST /api/v1/auth/login 200
2026-06-22 15:12:07 - POST /api/v1/teams/ 201
2026-06-22 15:12:07 - POST /api/v1/auth/login 200
2026-06-22 15:12:07 - POST /api/v1/teams/f083e293-b45a-45be-ba65-56338b96cb01/members 200
2026-06-22 15:12:07 - GET /api/v1/notifications/ 200
2026-06-22 15:12:07 - GET /api/v1/teams/my-invitations 200
2026-06-22 15:12:07 - POST /api/v1/notifications/26400a6f-c03d-4592-98d4-f75e0448b857/read 200
2026-06-22 15:12:07 - POST /api/v1/teams/f083e293-b45a-45be-ba65-56338b96cb01/invitations/accept 200
2026-06-22 15:12:07 - GET /api/v1/notifications/ 200
2026-06-22 15:12:08 - POST /api/v1/auth/login 200
2026-06-22 15:12:08 - POST /api/v1/teams/ 201
2026-06-22 15:12:08 - POST /api/v1/auth/login 200
2026-06-22 15:12:08 - POST /api/v1/teams/7de60b06-cdff-411c-90fb-b1bd3ea78699/members 200
2026-06-22 15:12:08 - POST /api/v1/teams/7de60b06-cdff-411c-90fb-b1bd3ea78699/invitations/reject 204
2026-06-22 15:12:08 - GET /api/v1/notifications/ 200
2026-06-22 15:12:09 - POST /api/v1/auth/login 200
2026-06-22 15:12:09 - POST /api/v1/teams/ 201
2026-06-22 15:12:09 - POST /api/v1/auth/login 200
2026-06-22 15:12:09 - POST /api/v1/teams/ebcf88d0-c997-4906-b7e6-1f4fca9b1d82/join-request 200
2026-06-22 15:12:09 - POST /api/v1/teams/ebcf88d0-c997-4906-b7e6-1f4fca9b1d82/reject-request 204
2026-06-22 15:12:09 - GET /api/v1/notifications/ 200
2026-06-22 15:12:10 - POST /api/v1/auth/login 200
2026-06-22 15:12:10 - POST /api/v1/teams/ 201
2026-06-22 15:12:11 - POST /api/v1/auth/login 200
2026-06-22 15:12:11 - GET /api/v1/notifications/ 200
2026-06-22 15:12:11 - POST /api/v1/notifications/read-all 204
2026-06-22 15:12:11 - GET /api/v1/notifications/ 200
2026-06-22 15:12:11 - POST /api/v1/auth/login 200
2026-06-22 15:12:11 - POST /api/v1/tournaments/ 201
2026-06-22 15:12:11 - POST /api/v1/players/ 201
2026-06-22 15:12:11 - POST /api/v1/players/ 201
2026-06-22 15:12:11 - POST /api/v1/players/ 201
2026-06-22 15:12:11 - POST /api/v1/players/ 201
2026-06-22 15:12:11 - POST /api/v1/teams/ 201
2026-06-22 15:12:11 - POST /api/v1/teams/2abc3c95-cd6a-47d1-a81f-041ab7079e5d/players 200
2026-06-22 15:12:11 - POST /api/v1/teams/2abc3c95-cd6a-47d1-a81f-041ab7079e5d/players 200
2026-06-22 15:12:11 - POST /api/v1/teams/2abc3c95-cd6a-47d1-a81f-041ab7079e5d/players 200
2026-06-22 15:12:11 - POST /api/v1/teams/2abc3c95-cd6a-47d1-a81f-041ab7079e5d/players 200
2026-06-22 15:12:11 - POST /api/v1/tournaments/f263c801-2ab0-40cc-ada0-c8e5b9d8b464/teams 400
2026-06-22 15:12:11 - POST /api/v1/players/ 201
2026-06-22 15:12:11 - POST /api/v1/teams/2abc3c95-cd6a-47d1-a81f-041ab7079e5d/players 200
2026-06-22 15:12:11 - POST /api/v1/tournaments/f263c801-2ab0-40cc-ada0-c8e5b9d8b464/teams 200
2026-06-22 15:12:11 - DELETE /api/v1/tournaments/f263c801-2ab0-40cc-ada0-c8e5b9d8b464/teams/2abc3c95-cd6a-47d1-a81f-041ab7079e5d 200
2026-06-22 15:12:12 - POST /api/v1/auth/login 200
2026-06-22 15:12:12 - POST /api/v1/teams/ 201
2026-06-22 15:12:12 - POST /api/v1/players/ 201
2026-06-22 15:12:12 - POST /api/v1/teams/4256aba9-e78d-4899-81ae-cc1ff5ecc859/players 200
2026-06-22 15:12:12 - POST /api/v1/players/ 201
2026-06-22 15:12:12 - POST /api/v1/teams/4256aba9-e78d-4899-81ae-cc1ff5ecc859/players 200
2026-06-22 15:12:12 - POST /api/v1/players/ 201
2026-06-22 15:12:12 - POST /api/v1/teams/4256aba9-e78d-4899-81ae-cc1ff5ecc859/players 200
2026-06-22 15:12:12 - POST /api/v1/players/ 201
2026-06-22 15:12:12 - POST /api/v1/teams/4256aba9-e78d-4899-81ae-cc1ff5ecc859/players 200
2026-06-22 15:12:12 - POST /api/v1/players/ 201
2026-06-22 15:12:12 - POST /api/v1/teams/4256aba9-e78d-4899-81ae-cc1ff5ecc859/players 200
2026-06-22 15:12:12 - POST /api/v1/teams/ 201
2026-06-22 15:12:12 - POST /api/v1/players/ 201
2026-06-22 15:12:12 - POST /api/v1/teams/f2916571-4fca-401c-8d6f-4d036cc99571/players 200
2026-06-22 15:12:12 - POST /api/v1/players/ 201
2026-06-22 15:12:12 - POST /api/v1/teams/f2916571-4fca-401c-8d6f-4d036cc99571/players 200
2026-06-22 15:12:12 - POST /api/v1/players/ 201
2026-06-22 15:12:12 - POST /api/v1/teams/f2916571-4fca-401c-8d6f-4d036cc99571/players 200
2026-06-22 15:12:12 - POST /api/v1/players/ 201
2026-06-22 15:12:12 - POST /api/v1/teams/f2916571-4fca-401c-8d6f-4d036cc99571/players 200
2026-06-22 15:12:12 - POST /api/v1/players/ 201
2026-06-22 15:12:12 - POST /api/v1/teams/f2916571-4fca-401c-8d6f-4d036cc99571/players 200
2026-06-22 15:12:12 - POST /api/v1/tournaments/ 201
2026-06-22 15:12:12 - POST /api/v1/tournaments/c2c1f436-2c0d-4e0f-b5e1-9ecac7428c8f/teams 200
2026-06-22 15:12:12 - POST /api/v1/tournaments/c2c1f436-2c0d-4e0f-b5e1-9ecac7428c8f/teams 200
2026-06-22 15:12:12 - POST /api/v1/tournaments/c2c1f436-2c0d-4e0f-b5e1-9ecac7428c8f/fixtures/generate 201
2026-06-22 15:12:12 - GET /api/v1/tournaments/c2c1f436-2c0d-4e0f-b5e1-9ecac7428c8f/dashboard 200
2026-06-22 15:12:12 - POST /api/v1/matches/3777c2ba-2ad6-4b4d-8c0e-86a315a9ffcc/toss 200
2026-06-22 15:12:12 - GET /api/v1/teams/4256aba9-e78d-4899-81ae-cc1ff5ecc859 200
2026-06-22 15:12:12 - GET /api/v1/teams/f2916571-4fca-401c-8d6f-4d036cc99571 200
2026-06-22 15:12:12 - POST /api/v1/matches/3777c2ba-2ad6-4b4d-8c0e-86a315a9ffcc/squads 200
2026-06-22 15:12:12 - POST /api/v1/matches/3777c2ba-2ad6-4b4d-8c0e-86a315a9ffcc/squads 200
2026-06-22 15:12:12 - POST /api/v1/matches/3777c2ba-2ad6-4b4d-8c0e-86a315a9ffcc/balls 201
2026-06-22 15:12:12 - POST /api/v1/matches/3777c2ba-2ad6-4b4d-8c0e-86a315a9ffcc/balls 201
2026-06-22 15:12:12 - POST /api/v1/matches/3777c2ba-2ad6-4b4d-8c0e-86a315a9ffcc/balls 201
2026-06-22 15:12:12 - POST /api/v1/matches/3777c2ba-2ad6-4b4d-8c0e-86a315a9ffcc/balls 201
2026-06-22 15:12:12 - POST /api/v1/matches/3777c2ba-2ad6-4b4d-8c0e-86a315a9ffcc/balls 201
2026-06-22 15:12:12 - POST /api/v1/matches/3777c2ba-2ad6-4b4d-8c0e-86a315a9ffcc/balls 201
2026-06-22 15:12:12 - POST /api/v1/matches/3777c2ba-2ad6-4b4d-8c0e-86a315a9ffcc/balls 201
2026-06-22 15:12:12 - POST /api/v1/matches/3777c2ba-2ad6-4b4d-8c0e-86a315a9ffcc/balls 201
2026-06-22 15:12:12 - POST /api/v1/matches/3777c2ba-2ad6-4b4d-8c0e-86a315a9ffcc/balls 201
2026-06-22 15:12:12 - GET /api/v1/tournaments/c2c1f436-2c0d-4e0f-b5e1-9ecac7428c8f/points-table 200
2026-06-22 15:12:12 - GET /api/v1/tournaments/c2c1f436-2c0d-4e0f-b5e1-9ecac7428c8f/leaderboards 200
2026-06-22 15:12:12 - POST /api/v1/auth/login 200
2026-06-22 15:12:12 - POST /api/v1/teams/ 201
2026-06-22 15:12:12 - POST /api/v1/players/ 201
2026-06-22 15:12:12 - POST /api/v1/teams/b14dcaf5-2e10-4f69-9a8d-1d64871866a9/players 200
2026-06-22 15:12:12 - POST /api/v1/players/ 201
2026-06-22 15:12:12 - POST /api/v1/teams/b14dcaf5-2e10-4f69-9a8d-1d64871866a9/players 200
2026-06-22 15:12:12 - POST /api/v1/players/ 201
2026-06-22 15:12:12 - POST /api/v1/teams/b14dcaf5-2e10-4f69-9a8d-1d64871866a9/players 200
2026-06-22 15:12:12 - POST /api/v1/players/ 201
2026-06-22 15:12:12 - POST /api/v1/teams/b14dcaf5-2e10-4f69-9a8d-1d64871866a9/players 200
2026-06-22 15:12:12 - POST /api/v1/players/ 201
2026-06-22 15:12:12 - POST /api/v1/teams/b14dcaf5-2e10-4f69-9a8d-1d64871866a9/players 200
2026-06-22 15:12:12 - POST /api/v1/teams/ 201
2026-06-22 15:12:12 - POST /api/v1/players/ 201
2026-06-22 15:12:12 - POST /api/v1/teams/b5a8b5b8-38e1-4471-b54f-222308300560/players 200
2026-06-22 15:12:12 - POST /api/v1/players/ 201
2026-06-22 15:12:12 - POST /api/v1/teams/b5a8b5b8-38e1-4471-b54f-222308300560/players 200
2026-06-22 15:12:12 - POST /api/v1/players/ 201
2026-06-22 15:12:12 - POST /api/v1/teams/b5a8b5b8-38e1-4471-b54f-222308300560/players 200
2026-06-22 15:12:12 - POST /api/v1/players/ 201
2026-06-22 15:12:12 - POST /api/v1/teams/b5a8b5b8-38e1-4471-b54f-222308300560/players 200
2026-06-22 15:12:12 - POST /api/v1/players/ 201
2026-06-22 15:12:12 - POST /api/v1/teams/b5a8b5b8-38e1-4471-b54f-222308300560/players 200
2026-06-22 15:12:12 - POST /api/v1/teams/ 201
2026-06-22 15:12:12 - POST /api/v1/players/ 201
2026-06-22 15:12:12 - POST /api/v1/teams/7c986bba-fb11-450b-ad6e-a289f620743d/players 200
2026-06-22 15:12:13 - POST /api/v1/players/ 201
2026-06-22 15:12:13 - POST /api/v1/teams/7c986bba-fb11-450b-ad6e-a289f620743d/players 200
2026-06-22 15:12:13 - POST /api/v1/players/ 201
2026-06-22 15:12:13 - POST /api/v1/teams/7c986bba-fb11-450b-ad6e-a289f620743d/players 200
2026-06-22 15:12:13 - POST /api/v1/players/ 201
2026-06-22 15:12:13 - POST /api/v1/teams/7c986bba-fb11-450b-ad6e-a289f620743d/players 200
2026-06-22 15:12:13 - POST /api/v1/players/ 201
2026-06-22 15:12:13 - POST /api/v1/teams/7c986bba-fb11-450b-ad6e-a289f620743d/players 200
2026-06-22 15:12:13 - POST /api/v1/teams/ 201
2026-06-22 15:12:13 - POST /api/v1/players/ 201
2026-06-22 15:12:13 - POST /api/v1/teams/552fe8fe-7fd5-420c-bd40-e4b191c192ee/players 200
2026-06-22 15:12:13 - POST /api/v1/players/ 201
2026-06-22 15:12:13 - POST /api/v1/teams/552fe8fe-7fd5-420c-bd40-e4b191c192ee/players 200
2026-06-22 15:12:13 - POST /api/v1/players/ 201
2026-06-22 15:12:13 - POST /api/v1/teams/552fe8fe-7fd5-420c-bd40-e4b191c192ee/players 200
2026-06-22 15:12:13 - POST /api/v1/players/ 201
2026-06-22 15:12:13 - POST /api/v1/teams/552fe8fe-7fd5-420c-bd40-e4b191c192ee/players 200
2026-06-22 15:12:13 - POST /api/v1/players/ 201
2026-06-22 15:12:13 - POST /api/v1/teams/552fe8fe-7fd5-420c-bd40-e4b191c192ee/players 200
2026-06-22 15:12:13 - POST /api/v1/tournaments/ 201
2026-06-22 15:12:13 - POST /api/v1/tournaments/58e8c43b-5018-475e-a85b-c0f86327e425/teams 200
2026-06-22 15:12:13 - POST /api/v1/tournaments/58e8c43b-5018-475e-a85b-c0f86327e425/teams 200
2026-06-22 15:12:13 - POST /api/v1/tournaments/58e8c43b-5018-475e-a85b-c0f86327e425/teams 200
2026-06-22 15:12:13 - POST /api/v1/tournaments/58e8c43b-5018-475e-a85b-c0f86327e425/teams 200
2026-06-22 15:12:13 - POST /api/v1/tournaments/58e8c43b-5018-475e-a85b-c0f86327e425/fixtures/generate 201
2026-06-22 15:12:13 - GET /api/v1/tournaments/58e8c43b-5018-475e-a85b-c0f86327e425/dashboard 200
2026-06-22 15:12:13 - GET /api/v1/tournaments/58e8c43b-5018-475e-a85b-c0f86327e425/dashboard 200
2026-06-22 15:12:13 - POST /api/v1/matches/f63021a3-68d6-4639-94de-7c0ff5b28d08/toss 200
2026-06-22 15:12:13 - GET /api/v1/teams/7c986bba-fb11-450b-ad6e-a289f620743d 200
2026-06-22 15:12:13 - GET /api/v1/teams/552fe8fe-7fd5-420c-bd40-e4b191c192ee 200
2026-06-22 15:12:13 - POST /api/v1/matches/f63021a3-68d6-4639-94de-7c0ff5b28d08/squads 200
2026-06-22 15:12:13 - POST /api/v1/matches/f63021a3-68d6-4639-94de-7c0ff5b28d08/squads 200
2026-06-22 15:12:13 - POST /api/v1/matches/f63021a3-68d6-4639-94de-7c0ff5b28d08/balls 201
2026-06-22 15:12:13 - POST /api/v1/matches/f63021a3-68d6-4639-94de-7c0ff5b28d08/balls 201
2026-06-22 15:12:13 - POST /api/v1/matches/f63021a3-68d6-4639-94de-7c0ff5b28d08/balls 201
2026-06-22 15:12:13 - POST /api/v1/matches/f63021a3-68d6-4639-94de-7c0ff5b28d08/balls 201
2026-06-22 15:12:13 - POST /api/v1/matches/f63021a3-68d6-4639-94de-7c0ff5b28d08/balls 201
2026-06-22 15:12:13 - POST /api/v1/matches/f63021a3-68d6-4639-94de-7c0ff5b28d08/balls 201
2026-06-22 15:12:13 - POST /api/v1/matches/f63021a3-68d6-4639-94de-7c0ff5b28d08/balls 201
2026-06-22 15:12:13 - POST /api/v1/matches/f63021a3-68d6-4639-94de-7c0ff5b28d08/balls 201
2026-06-22 15:12:13 - POST /api/v1/matches/f63021a3-68d6-4639-94de-7c0ff5b28d08/balls 201
2026-06-22 15:12:13 - POST /api/v1/matches/f63021a3-68d6-4639-94de-7c0ff5b28d08/balls 201
2026-06-22 15:12:13 - POST /api/v1/matches/f63021a3-68d6-4639-94de-7c0ff5b28d08/balls 201
2026-06-22 15:12:13 - POST /api/v1/matches/f63021a3-68d6-4639-94de-7c0ff5b28d08/balls 201
2026-06-22 15:12:13 - POST /api/v1/matches/52aa7cd4-425e-4df1-9227-17c040efae3c/toss 200
2026-06-22 15:12:13 - GET /api/v1/teams/b14dcaf5-2e10-4f69-9a8d-1d64871866a9 200
2026-06-22 15:12:13 - GET /api/v1/teams/552fe8fe-7fd5-420c-bd40-e4b191c192ee 200
2026-06-22 15:12:13 - POST /api/v1/matches/52aa7cd4-425e-4df1-9227-17c040efae3c/squads 200
2026-06-22 15:12:13 - POST /api/v1/matches/52aa7cd4-425e-4df1-9227-17c040efae3c/squads 200
2026-06-22 15:12:13 - POST /api/v1/matches/52aa7cd4-425e-4df1-9227-17c040efae3c/balls 201
2026-06-22 15:12:13 - POST /api/v1/matches/52aa7cd4-425e-4df1-9227-17c040efae3c/balls 201
2026-06-22 15:12:13 - POST /api/v1/matches/52aa7cd4-425e-4df1-9227-17c040efae3c/balls 201
2026-06-22 15:12:13 - POST /api/v1/matches/52aa7cd4-425e-4df1-9227-17c040efae3c/balls 201
2026-06-22 15:12:13 - POST /api/v1/matches/52aa7cd4-425e-4df1-9227-17c040efae3c/balls 201
2026-06-22 15:12:13 - POST /api/v1/matches/52aa7cd4-425e-4df1-9227-17c040efae3c/balls 201
2026-06-22 15:12:13 - POST /api/v1/matches/52aa7cd4-425e-4df1-9227-17c040efae3c/balls 201
2026-06-22 15:12:13 - POST /api/v1/matches/52aa7cd4-425e-4df1-9227-17c040efae3c/balls 201
2026-06-22 15:12:13 - POST /api/v1/matches/52aa7cd4-425e-4df1-9227-17c040efae3c/balls 201
2026-06-22 15:12:13 - POST /api/v1/matches/52aa7cd4-425e-4df1-9227-17c040efae3c/balls 201
2026-06-22 15:12:13 - POST /api/v1/matches/52aa7cd4-425e-4df1-9227-17c040efae3c/balls 201
2026-06-22 15:12:13 - POST /api/v1/matches/52aa7cd4-425e-4df1-9227-17c040efae3c/balls 201
2026-06-22 15:12:13 - POST /api/v1/matches/ea387418-6dfe-4f30-ac40-2c5409bd7ce5/toss 200
2026-06-22 15:12:13 - GET /api/v1/teams/b5a8b5b8-38e1-4471-b54f-222308300560 200
2026-06-22 15:12:13 - GET /api/v1/teams/552fe8fe-7fd5-420c-bd40-e4b191c192ee 200
2026-06-22 15:12:13 - POST /api/v1/matches/ea387418-6dfe-4f30-ac40-2c5409bd7ce5/squads 200
2026-06-22 15:12:13 - POST /api/v1/matches/ea387418-6dfe-4f30-ac40-2c5409bd7ce5/squads 200
2026-06-22 15:12:13 - POST /api/v1/matches/ea387418-6dfe-4f30-ac40-2c5409bd7ce5/balls 201
2026-06-22 15:12:13 - POST /api/v1/matches/ea387418-6dfe-4f30-ac40-2c5409bd7ce5/balls 201
2026-06-22 15:12:13 - POST /api/v1/matches/ea387418-6dfe-4f30-ac40-2c5409bd7ce5/balls 201
2026-06-22 15:12:13 - POST /api/v1/matches/ea387418-6dfe-4f30-ac40-2c5409bd7ce5/balls 201
2026-06-22 15:12:13 - POST /api/v1/matches/ea387418-6dfe-4f30-ac40-2c5409bd7ce5/balls 201
2026-06-22 15:12:13 - POST /api/v1/matches/ea387418-6dfe-4f30-ac40-2c5409bd7ce5/balls 201
2026-06-22 15:12:13 - POST /api/v1/matches/ea387418-6dfe-4f30-ac40-2c5409bd7ce5/balls 201
2026-06-22 15:12:13 - POST /api/v1/matches/ea387418-6dfe-4f30-ac40-2c5409bd7ce5/balls 201
2026-06-22 15:12:13 - POST /api/v1/matches/ea387418-6dfe-4f30-ac40-2c5409bd7ce5/balls 201
2026-06-22 15:12:13 - POST /api/v1/matches/ea387418-6dfe-4f30-ac40-2c5409bd7ce5/balls 201
2026-06-22 15:12:13 - POST /api/v1/matches/ea387418-6dfe-4f30-ac40-2c5409bd7ce5/balls 201
2026-06-22 15:12:13 - POST /api/v1/matches/ea387418-6dfe-4f30-ac40-2c5409bd7ce5/balls 201
2026-06-22 15:12:13 - POST /api/v1/matches/3a768444-91bb-48d3-b65f-c72fb5ef311d/toss 200
2026-06-22 15:12:13 - GET /api/v1/teams/b14dcaf5-2e10-4f69-9a8d-1d64871866a9 200
2026-06-22 15:12:13 - GET /api/v1/teams/7c986bba-fb11-450b-ad6e-a289f620743d 200
2026-06-22 15:12:13 - POST /api/v1/matches/3a768444-91bb-48d3-b65f-c72fb5ef311d/squads 200
2026-06-22 15:12:13 - POST /api/v1/matches/3a768444-91bb-48d3-b65f-c72fb5ef311d/squads 200
2026-06-22 15:12:13 - POST /api/v1/matches/3a768444-91bb-48d3-b65f-c72fb5ef311d/balls 201
2026-06-22 15:12:13 - POST /api/v1/matches/3a768444-91bb-48d3-b65f-c72fb5ef311d/balls 201
2026-06-22 15:12:13 - POST /api/v1/matches/3a768444-91bb-48d3-b65f-c72fb5ef311d/balls 201
2026-06-22 15:12:13 - POST /api/v1/matches/3a768444-91bb-48d3-b65f-c72fb5ef311d/balls 201
2026-06-22 15:12:13 - POST /api/v1/matches/3a768444-91bb-48d3-b65f-c72fb5ef311d/balls 201
2026-06-22 15:12:13 - POST /api/v1/matches/3a768444-91bb-48d3-b65f-c72fb5ef311d/balls 201
2026-06-22 15:12:13 - POST /api/v1/matches/3a768444-91bb-48d3-b65f-c72fb5ef311d/balls 201
2026-06-22 15:12:13 - POST /api/v1/matches/3a768444-91bb-48d3-b65f-c72fb5ef311d/balls 201
2026-06-22 15:12:13 - POST /api/v1/matches/3a768444-91bb-48d3-b65f-c72fb5ef311d/balls 201
2026-06-22 15:12:13 - POST /api/v1/matches/3a768444-91bb-48d3-b65f-c72fb5ef311d/balls 201
2026-06-22 15:12:13 - POST /api/v1/matches/3a768444-91bb-48d3-b65f-c72fb5ef311d/balls 201
2026-06-22 15:12:13 - POST /api/v1/matches/3a768444-91bb-48d3-b65f-c72fb5ef311d/balls 201
2026-06-22 15:12:13 - POST /api/v1/matches/c3fdcc6b-527f-4068-8b32-d5312bebb9b0/toss 200
2026-06-22 15:12:13 - GET /api/v1/teams/b5a8b5b8-38e1-4471-b54f-222308300560 200
2026-06-22 15:12:13 - GET /api/v1/teams/7c986bba-fb11-450b-ad6e-a289f620743d 200
2026-06-22 15:12:13 - POST /api/v1/matches/c3fdcc6b-527f-4068-8b32-d5312bebb9b0/squads 200
2026-06-22 15:12:13 - POST /api/v1/matches/c3fdcc6b-527f-4068-8b32-d5312bebb9b0/squads 200
2026-06-22 15:12:13 - POST /api/v1/matches/c3fdcc6b-527f-4068-8b32-d5312bebb9b0/balls 201
2026-06-22 15:12:13 - POST /api/v1/matches/c3fdcc6b-527f-4068-8b32-d5312bebb9b0/balls 201
2026-06-22 15:12:13 - POST /api/v1/matches/c3fdcc6b-527f-4068-8b32-d5312bebb9b0/balls 201
2026-06-22 15:12:13 - POST /api/v1/matches/c3fdcc6b-527f-4068-8b32-d5312bebb9b0/balls 201
2026-06-22 15:12:13 - POST /api/v1/matches/c3fdcc6b-527f-4068-8b32-d5312bebb9b0/balls 201
2026-06-22 15:12:13 - POST /api/v1/matches/c3fdcc6b-527f-4068-8b32-d5312bebb9b0/balls 201
2026-06-22 15:12:13 - POST /api/v1/matches/c3fdcc6b-527f-4068-8b32-d5312bebb9b0/balls 201
2026-06-22 15:12:13 - POST /api/v1/matches/c3fdcc6b-527f-4068-8b32-d5312bebb9b0/balls 201
2026-06-22 15:12:13 - POST /api/v1/matches/c3fdcc6b-527f-4068-8b32-d5312bebb9b0/balls 201
2026-06-22 15:12:13 - POST /api/v1/matches/c3fdcc6b-527f-4068-8b32-d5312bebb9b0/balls 201
2026-06-22 15:12:13 - POST /api/v1/matches/c3fdcc6b-527f-4068-8b32-d5312bebb9b0/balls 201
2026-06-22 15:12:13 - POST /api/v1/matches/c3fdcc6b-527f-4068-8b32-d5312bebb9b0/balls 201
2026-06-22 15:12:13 - POST /api/v1/matches/e1d82c56-cc04-4b22-b130-61772fc8feb9/toss 200
2026-06-22 15:12:13 - GET /api/v1/teams/b14dcaf5-2e10-4f69-9a8d-1d64871866a9 200
2026-06-22 15:12:13 - GET /api/v1/teams/b5a8b5b8-38e1-4471-b54f-222308300560 200
2026-06-22 15:12:13 - POST /api/v1/matches/e1d82c56-cc04-4b22-b130-61772fc8feb9/squads 200
2026-06-22 15:12:13 - POST /api/v1/matches/e1d82c56-cc04-4b22-b130-61772fc8feb9/squads 200
2026-06-22 15:12:13 - POST /api/v1/matches/e1d82c56-cc04-4b22-b130-61772fc8feb9/balls 201
2026-06-22 15:12:13 - POST /api/v1/matches/e1d82c56-cc04-4b22-b130-61772fc8feb9/balls 201
2026-06-22 15:12:13 - POST /api/v1/matches/e1d82c56-cc04-4b22-b130-61772fc8feb9/balls 201
2026-06-22 15:12:13 - POST /api/v1/matches/e1d82c56-cc04-4b22-b130-61772fc8feb9/balls 201
2026-06-22 15:12:13 - POST /api/v1/matches/e1d82c56-cc04-4b22-b130-61772fc8feb9/balls 201
2026-06-22 15:12:13 - POST /api/v1/matches/e1d82c56-cc04-4b22-b130-61772fc8feb9/balls 201
2026-06-22 15:12:13 - POST /api/v1/matches/e1d82c56-cc04-4b22-b130-61772fc8feb9/balls 201
2026-06-22 15:12:13 - POST /api/v1/matches/e1d82c56-cc04-4b22-b130-61772fc8feb9/balls 201
2026-06-22 15:12:14 - POST /api/v1/matches/e1d82c56-cc04-4b22-b130-61772fc8feb9/balls 201
2026-06-22 15:12:14 - POST /api/v1/matches/e1d82c56-cc04-4b22-b130-61772fc8feb9/balls 201
2026-06-22 15:12:14 - POST /api/v1/matches/e1d82c56-cc04-4b22-b130-61772fc8feb9/balls 201
2026-06-22 15:12:14 - POST /api/v1/matches/e1d82c56-cc04-4b22-b130-61772fc8feb9/balls 201
2026-06-22 15:12:14 - GET /api/v1/tournaments/58e8c43b-5018-475e-a85b-c0f86327e425/dashboard 200
2026-06-22 15:12:14 - POST /api/v1/matches/0759f5ab-8c69-4e23-9ee2-b6f240b83707/toss 200
2026-06-22 15:12:14 - GET /api/v1/teams/b14dcaf5-2e10-4f69-9a8d-1d64871866a9 200
2026-06-22 15:12:14 - GET /api/v1/teams/552fe8fe-7fd5-420c-bd40-e4b191c192ee 200
2026-06-22 15:12:14 - POST /api/v1/matches/0759f5ab-8c69-4e23-9ee2-b6f240b83707/squads 200
2026-06-22 15:12:14 - POST /api/v1/matches/0759f5ab-8c69-4e23-9ee2-b6f240b83707/squads 200
2026-06-22 15:12:14 - POST /api/v1/matches/0759f5ab-8c69-4e23-9ee2-b6f240b83707/balls 201
2026-06-22 15:12:14 - POST /api/v1/matches/0759f5ab-8c69-4e23-9ee2-b6f240b83707/balls 201
2026-06-22 15:12:14 - POST /api/v1/matches/0759f5ab-8c69-4e23-9ee2-b6f240b83707/balls 201
2026-06-22 15:12:14 - POST /api/v1/matches/0759f5ab-8c69-4e23-9ee2-b6f240b83707/balls 201
2026-06-22 15:12:14 - POST /api/v1/matches/0759f5ab-8c69-4e23-9ee2-b6f240b83707/balls 201
2026-06-22 15:12:14 - POST /api/v1/matches/0759f5ab-8c69-4e23-9ee2-b6f240b83707/balls 201
2026-06-22 15:12:14 - POST /api/v1/matches/0759f5ab-8c69-4e23-9ee2-b6f240b83707/balls 201
2026-06-22 15:12:14 - POST /api/v1/matches/0759f5ab-8c69-4e23-9ee2-b6f240b83707/balls 201
2026-06-22 15:12:14 - POST /api/v1/matches/0759f5ab-8c69-4e23-9ee2-b6f240b83707/balls 201
2026-06-22 15:12:14 - POST /api/v1/matches/0759f5ab-8c69-4e23-9ee2-b6f240b83707/balls 201
2026-06-22 15:12:14 - POST /api/v1/matches/0759f5ab-8c69-4e23-9ee2-b6f240b83707/balls 201
2026-06-22 15:12:14 - POST /api/v1/matches/0759f5ab-8c69-4e23-9ee2-b6f240b83707/balls 201
2026-06-22 15:12:14 - POST /api/v1/matches/ad7f7140-0361-4bbb-9de7-e0e460433c43/toss 200
2026-06-22 15:12:14 - GET /api/v1/teams/b5a8b5b8-38e1-4471-b54f-222308300560 200
2026-06-22 15:12:14 - GET /api/v1/teams/7c986bba-fb11-450b-ad6e-a289f620743d 200
2026-06-22 15:12:14 - POST /api/v1/matches/ad7f7140-0361-4bbb-9de7-e0e460433c43/squads 200
2026-06-22 15:12:14 - POST /api/v1/matches/ad7f7140-0361-4bbb-9de7-e0e460433c43/squads 200
2026-06-22 15:12:14 - POST /api/v1/matches/ad7f7140-0361-4bbb-9de7-e0e460433c43/balls 201
2026-06-22 15:12:14 - POST /api/v1/matches/ad7f7140-0361-4bbb-9de7-e0e460433c43/balls 201
2026-06-22 15:12:14 - POST /api/v1/matches/ad7f7140-0361-4bbb-9de7-e0e460433c43/balls 201
2026-06-22 15:12:14 - POST /api/v1/matches/ad7f7140-0361-4bbb-9de7-e0e460433c43/balls 201
2026-06-22 15:12:14 - POST /api/v1/matches/ad7f7140-0361-4bbb-9de7-e0e460433c43/balls 201
2026-06-22 15:12:14 - POST /api/v1/matches/ad7f7140-0361-4bbb-9de7-e0e460433c43/balls 201
2026-06-22 15:12:14 - POST /api/v1/matches/ad7f7140-0361-4bbb-9de7-e0e460433c43/balls 201
2026-06-22 15:12:14 - POST /api/v1/matches/ad7f7140-0361-4bbb-9de7-e0e460433c43/balls 201
2026-06-22 15:12:14 - POST /api/v1/matches/ad7f7140-0361-4bbb-9de7-e0e460433c43/balls 201
2026-06-22 15:12:14 - POST /api/v1/matches/ad7f7140-0361-4bbb-9de7-e0e460433c43/balls 201
2026-06-22 15:12:14 - POST /api/v1/matches/ad7f7140-0361-4bbb-9de7-e0e460433c43/balls 201
2026-06-22 15:12:14 - POST /api/v1/matches/ad7f7140-0361-4bbb-9de7-e0e460433c43/balls 201
2026-06-22 15:12:14 - GET /api/v1/tournaments/58e8c43b-5018-475e-a85b-c0f86327e425/dashboard 200
2026-06-22 15:12:14 - POST /api/v1/matches/699c1c63-fb6f-4cc0-b962-eda7b03fa35e/toss 200
2026-06-22 15:12:14 - GET /api/v1/teams/b14dcaf5-2e10-4f69-9a8d-1d64871866a9 200
2026-06-22 15:12:14 - GET /api/v1/teams/b5a8b5b8-38e1-4471-b54f-222308300560 200
2026-06-22 15:12:14 - POST /api/v1/matches/699c1c63-fb6f-4cc0-b962-eda7b03fa35e/squads 200
2026-06-22 15:12:14 - POST /api/v1/matches/699c1c63-fb6f-4cc0-b962-eda7b03fa35e/squads 200
2026-06-22 15:12:14 - POST /api/v1/matches/699c1c63-fb6f-4cc0-b962-eda7b03fa35e/balls 201
2026-06-22 15:12:14 - POST /api/v1/matches/699c1c63-fb6f-4cc0-b962-eda7b03fa35e/balls 201
2026-06-22 15:12:14 - POST /api/v1/matches/699c1c63-fb6f-4cc0-b962-eda7b03fa35e/balls 201
2026-06-22 15:12:14 - POST /api/v1/matches/699c1c63-fb6f-4cc0-b962-eda7b03fa35e/balls 201
2026-06-22 15:12:14 - POST /api/v1/matches/699c1c63-fb6f-4cc0-b962-eda7b03fa35e/balls 201
2026-06-22 15:12:14 - POST /api/v1/matches/699c1c63-fb6f-4cc0-b962-eda7b03fa35e/balls 201
2026-06-22 15:12:14 - POST /api/v1/matches/699c1c63-fb6f-4cc0-b962-eda7b03fa35e/balls 201
2026-06-22 15:12:14 - POST /api/v1/matches/699c1c63-fb6f-4cc0-b962-eda7b03fa35e/balls 201
2026-06-22 15:12:14 - POST /api/v1/matches/699c1c63-fb6f-4cc0-b962-eda7b03fa35e/balls 201
2026-06-22 15:12:14 - POST /api/v1/matches/699c1c63-fb6f-4cc0-b962-eda7b03fa35e/balls 201
2026-06-22 15:12:14 - POST /api/v1/matches/699c1c63-fb6f-4cc0-b962-eda7b03fa35e/balls 201
2026-06-22 15:12:14 - POST /api/v1/matches/699c1c63-fb6f-4cc0-b962-eda7b03fa35e/balls 201
2026-06-22 15:12:14 - GET /api/v1/tournaments/58e8c43b-5018-475e-a85b-c0f86327e425/dashboard 200
2026-06-22 15:13:21 - POST /api/v1/auth/signup 422
2026-06-22 15:13:21 - POST /api/v1/auth/signup 422
2026-06-22 15:13:21 - POST /api/v1/auth/signup 422
2026-06-22 15:13:21 - POST /api/v1/auth/signup 422
2026-06-22 15:13:22 - POST /api/v1/auth/signup 201
2026-06-22 15:13:23 - POST /api/v1/auth/login 400
2026-06-22 15:13:23 - POST /api/v1/auth/verify-otp 200
2026-06-22 15:13:24 - POST /api/v1/auth/signup 201
2026-06-22 15:13:24 - POST /api/v1/auth/resend-otp 429
2026-06-22 15:13:25 - POST /api/v1/auth/resend-otp 200
2026-06-22 15:13:26 - POST /api/v1/auth/login 400
2026-06-22 15:13:26 - POST /api/v1/auth/login 400
2026-06-22 15:13:26 - POST /api/v1/auth/login 400
2026-06-22 15:13:26 - POST /api/v1/auth/login 400
2026-06-22 15:13:27 - POST /api/v1/auth/login 400
2026-06-22 15:13:27 - POST /api/v1/auth/login 403
2026-06-22 15:13:27 - POST /api/v1/auth/login 200
2026-06-22 15:13:27 - POST /api/v1/auth/forgot-password 404
2026-06-22 15:13:28 - POST /api/v1/auth/forgot-password 200
2026-06-22 15:13:28 - POST /api/v1/auth/verify-reset-otp 400
2026-06-22 15:13:28 - POST /api/v1/auth/verify-reset-otp 200
2026-06-22 15:13:28 - POST /api/v1/auth/reset-password 422
2026-06-22 15:13:29 - POST /api/v1/auth/reset-password 200
2026-06-22 15:13:29 - POST /api/v1/auth/login 200
2026-06-22 15:13:29 - POST /api/v1/auth/login 200
2026-06-22 15:13:29 - POST /api/v1/auth/complete-profile 200
2026-06-22 15:13:30 - POST /api/v1/auth/login 200
2026-06-22 15:13:30 - POST /api/v1/auth/refresh 200
2026-06-22 15:13:30 - POST /api/v1/auth/logout 200
2026-06-22 15:13:30 - POST /api/v1/auth/refresh 401
2026-06-22 15:13:31 - POST /api/v1/auth/signup 201
2026-06-22 15:13:31 - POST /api/v1/auth/signup 400
2026-06-22 15:13:31 - POST /api/v1/auth/login 400
2026-06-22 15:13:31 - POST /api/v1/auth/forgot-password 400
2026-06-22 15:13:31 - POST /api/v1/auth/verify-reset-otp 400
2026-06-22 15:13:31 - POST /api/v1/auth/reset-password 400
2026-06-22 15:13:32 - POST /api/v1/auth/signup 400
2026-06-22 15:13:33 - POST /api/v1/auth/signup 201
2026-06-22 15:13:35 - POST /api/v1/auth/signup 201
2026-06-22 15:13:35 - POST /api/v1/auth/login 200
2026-06-22 15:13:35 - POST /api/v1/auth/login 200
2026-06-22 15:13:35 - POST /api/v1/teams/ 201
2026-06-22 15:13:35 - GET /api/v1/teams/ 200
2026-06-22 15:13:35 - PUT /api/v1/teams/a6463d91-c973-430e-9603-6cb13885e7ad 403
2026-06-22 15:13:35 - DELETE /api/v1/teams/a6463d91-c973-430e-9603-6cb13885e7ad 403
2026-06-22 15:13:35 - POST /api/v1/players/ 201
2026-06-22 15:13:35 - GET /api/v1/players/ 200
2026-06-22 15:13:35 - PUT /api/v1/players/422beab2-e9e8-409d-97f7-3106790501e9 403
2026-06-22 15:13:35 - DELETE /api/v1/players/422beab2-e9e8-409d-97f7-3106790501e9 403
2026-06-22 15:13:37 - POST /api/v1/auth/signup 201
2026-06-22 15:13:37 - POST /api/v1/auth/login 200
2026-06-22 15:13:37 - POST /api/v1/teams/ 201
2026-06-22 15:13:37 - POST /api/v1/teams/ 201
2026-06-22 15:13:37 - POST /api/v1/players/ 201
2026-06-22 15:13:37 - POST /api/v1/players/ 201
2026-06-22 15:13:37 - POST /api/v1/players/ 201
2026-06-22 15:13:37 - POST /api/v1/teams/e421e09c-d069-476d-89de-d3d6b6e361f8/players/bulk 200
2026-06-22 15:13:37 - POST /api/v1/teams/7f2d1b33-f842-41ba-8a01-05ff8e19d42c/players/bulk 400
2026-06-22 15:13:38 - POST /api/v1/auth/signup 201
2026-06-22 15:13:39 - POST /api/v1/auth/signup 201
2026-06-22 15:13:40 - POST /api/v1/auth/login 200
2026-06-22 15:13:40 - POST /api/v1/auth/login 200
2026-06-22 15:13:40 - POST /api/v1/teams/ 201
2026-06-22 15:13:40 - POST /api/v1/teams/ 201
2026-06-22 15:13:40 - POST /api/v1/matches/ 201
2026-06-22 15:13:40 - POST /api/v1/matches/394e5028-4964-455f-ba07-dc0b6a0952a4/toss 403
2026-06-22 15:13:40 - POST /api/v1/matches/394e5028-4964-455f-ba07-dc0b6a0952a4/toss 200
2026-06-22 15:13:41 - GET /api/v1/debug-env 200
2026-06-22 15:13:41 - GET /api/v1/debug-env 404
2026-06-22 15:13:42 - POST /api/v1/auth/login 200
2026-06-22 15:13:42 - POST /api/v1/players/ 201
2026-06-22 15:13:42 - POST /api/v1/players/ 201
2026-06-22 15:13:42 - POST /api/v1/players/ 201
2026-06-22 15:13:42 - POST /api/v1/players/ 201
2026-06-22 15:13:42 - POST /api/v1/teams/ 201
2026-06-22 15:13:42 - POST /api/v1/teams/ 201
2026-06-22 15:13:42 - POST /api/v1/teams/0eb4715d-794c-46bf-8ea5-c61583e8337c/players 200
2026-06-22 15:13:42 - POST /api/v1/teams/0eb4715d-794c-46bf-8ea5-c61583e8337c/players 200
2026-06-22 15:13:42 - POST /api/v1/teams/dca26f6b-57c3-407a-af12-32b9a3768920/players 200
2026-06-22 15:13:42 - POST /api/v1/teams/dca26f6b-57c3-407a-af12-32b9a3768920/players 200
2026-06-22 15:13:42 - POST /api/v1/matches/ 201
2026-06-22 15:13:42 - POST /api/v1/matches/d731ca3d-5d6b-45ed-aa38-5ceef366617a/toss 200
2026-06-22 15:13:42 - POST /api/v1/matches/d731ca3d-5d6b-45ed-aa38-5ceef366617a/squads 400
2026-06-22 15:13:42 - POST /api/v1/matches/d731ca3d-5d6b-45ed-aa38-5ceef366617a/squads 200
2026-06-22 15:13:42 - POST /api/v1/matches/d731ca3d-5d6b-45ed-aa38-5ceef366617a/squads 400
2026-06-22 15:13:42 - POST /api/v1/matches/d731ca3d-5d6b-45ed-aa38-5ceef366617a/squads 200
2026-06-22 15:13:42 - POST /api/v1/auth/google 200
2026-06-22 15:13:42 - POST /api/v1/auth/google 400
2026-06-22 15:13:42 - POST /api/v1/auth/google 400
2026-06-22 15:13:42 - POST /api/v1/auth/google 400
2026-06-22 15:13:42 - POST /api/v1/auth/google 400
2026-06-22 15:13:42 - POST /api/v1/auth/login 200
2026-06-22 15:13:42 - POST /api/v1/players/ 201
2026-06-22 15:13:42 - POST /api/v1/players/ 201
2026-06-22 15:13:42 - POST /api/v1/teams/ 201
2026-06-22 15:13:42 - POST /api/v1/teams/ 201
2026-06-22 15:13:42 - POST /api/v1/matches/ 201
2026-06-22 15:13:42 - GET /api/v1/matches/ 200
2026-06-22 15:13:43 - POST /api/v1/auth/login 200
2026-06-22 15:13:43 - POST /api/v1/auth/login 200
2026-06-22 15:13:44 - POST /api/v1/auth/login 200
2026-06-22 15:13:44 - POST /api/v1/matches/ 201
2026-06-22 15:13:44 - POST /api/v1/matches/4fc39047-1cc6-458a-bd37-0d2cf4795124/toss 200
2026-06-22 15:13:44 - POST /api/v1/matches/4fc39047-1cc6-458a-bd37-0d2cf4795124/toss 403
2026-06-22 15:13:44 - POST /api/v1/matches/ 201
2026-06-22 15:13:44 - POST /api/v1/matches/5244bfc8-9d34-4b55-8df8-bed099ae6871/toss 200
2026-06-22 15:13:44 - POST /api/v1/matches/ 201
2026-06-22 15:13:44 - POST /api/v1/matches/cfb27433-db36-4f06-9322-22002b70d500/toss 200
2026-06-22 15:13:44 - POST /api/v1/matches/cfb27433-db36-4f06-9322-22002b70d500/toss 403
2026-06-22 15:13:44 - POST /api/v1/auth/login 200
2026-06-22 15:13:44 - POST /api/v1/players/ 201
2026-06-22 15:13:44 - POST /api/v1/players/ 201
2026-06-22 15:13:44 - POST /api/v1/players/ 422
2026-06-22 15:13:44 - POST /api/v1/players/ 422
2026-06-22 15:13:44 - GET /api/v1/players/86af7d54-16de-42ff-8b13-1ae1165e6419 200
2026-06-22 15:13:44 - PUT /api/v1/players/86af7d54-16de-42ff-8b13-1ae1165e6419 200
2026-06-22 15:13:44 - DELETE /api/v1/players/86af7d54-16de-42ff-8b13-1ae1165e6419 204
2026-06-22 15:13:44 - GET /api/v1/players/86af7d54-16de-42ff-8b13-1ae1165e6419 404
2026-06-22 15:13:45 - POST /api/v1/auth/login 200
2026-06-22 15:13:45 - POST /api/v1/players/ 201
2026-06-22 15:13:45 - POST /api/v1/players/ 201
2026-06-22 15:13:45 - POST /api/v1/teams/ 201
2026-06-22 15:13:45 - POST /api/v1/teams/efc80d8c-2e2c-4c84-8a9b-d358c6d8463e/players 200
2026-06-22 15:13:45 - PUT /api/v1/teams/efc80d8c-2e2c-4c84-8a9b-d358c6d8463e 200
2026-06-22 15:13:45 - PUT /api/v1/teams/efc80d8c-2e2c-4c84-8a9b-d358c6d8463e 400
2026-06-22 15:13:45 - POST /api/v1/teams/ 201
2026-06-22 15:13:45 - POST /api/v1/teams/5c120ab5-afc2-435e-b8cc-23c90de6921e/players 400
2026-06-22 15:13:45 - DELETE /api/v1/teams/efc80d8c-2e2c-4c84-8a9b-d358c6d8463e/players/16a0fe62-30c9-4ad9-904b-636d8626d0ca 200
2026-06-22 15:13:45 - DELETE /api/v1/teams/efc80d8c-2e2c-4c84-8a9b-d358c6d8463e 204
2026-06-22 15:13:45 - POST /api/v1/auth/login 200
2026-06-22 15:13:45 - POST /api/v1/players/ 201
2026-06-22 15:13:45 - POST /api/v1/players/ 201
2026-06-22 15:13:45 - POST /api/v1/teams/ 201
2026-06-22 15:13:45 - POST /api/v1/teams/ 201
2026-06-22 15:13:45 - POST /api/v1/teams/bee76c66-02fc-4c12-a6e2-bdf58b657f60/players 200
2026-06-22 15:13:45 - POST /api/v1/teams/cd89e5ae-284d-4c88-975c-2610322eb18b/players 200
2026-06-22 15:13:45 - POST /api/v1/matches/ 201
2026-06-22 15:13:45 - POST /api/v1/matches/7f896344-53e1-4e69-8e1a-195f96b31656/squads 200
2026-06-22 15:13:45 - POST /api/v1/matches/7f896344-53e1-4e69-8e1a-195f96b31656/toss 200
2026-06-22 15:13:45 - DELETE /api/v1/players/fd8700cf-05ee-4d45-86b5-47703ca57928 400
2026-06-22 15:13:45 - DELETE /api/v1/teams/bee76c66-02fc-4c12-a6e2-bdf58b657f60/players/fd8700cf-05ee-4d45-86b5-47703ca57928 400
2026-06-22 15:13:45 - DELETE /api/v1/teams/bee76c66-02fc-4c12-a6e2-bdf58b657f60 400
2026-06-22 15:13:46 - POST /api/v1/auth/login 200
2026-06-22 15:13:46 - GET /api/v1/profile/ 200
2026-06-22 15:13:46 - POST /api/v1/auth/login 200
2026-06-22 15:13:46 - PUT /api/v1/profile/ 200
2026-06-22 15:13:46 - PUT /api/v1/profile/ 400
2026-06-22 15:13:47 - POST /api/v1/auth/login 200
2026-06-22 15:13:47 - GET /api/v1/profile/stats 200
2026-06-22 15:13:47 - POST /api/v1/auth/login 200
2026-06-22 15:13:47 - GET /api/v1/profile/activity 200
2026-06-22 15:13:47 - GET /api/v1/profile/achievements 200
2026-06-22 15:13:48 - POST /api/v1/auth/login 200
2026-06-22 15:13:48 - POST /api/v1/profile/upload-photo 200
2026-06-22 15:13:48 - GET /api/v1/profile/ 200
2026-06-22 15:13:48 - POST /api/v1/auth/login 200
2026-06-22 15:13:48 - POST /api/v1/players/ 201
2026-06-22 15:13:48 - POST /api/v1/players/ 201
2026-06-22 15:13:48 - POST /api/v1/players/ 201
2026-06-22 15:13:48 - POST /api/v1/players/ 201
2026-06-22 15:13:48 - POST /api/v1/players/ 201
2026-06-22 15:13:48 - POST /api/v1/teams/ 201
2026-06-22 15:13:48 - POST /api/v1/teams/ 201
2026-06-22 15:13:48 - POST /api/v1/teams/9d2b15a7-8ef8-4ca0-b6ea-27dc1a30c8ed/players 200
2026-06-22 15:13:48 - POST /api/v1/teams/9d2b15a7-8ef8-4ca0-b6ea-27dc1a30c8ed/players 200
2026-06-22 15:13:48 - POST /api/v1/teams/9d2b15a7-8ef8-4ca0-b6ea-27dc1a30c8ed/players 200
2026-06-22 15:13:48 - POST /api/v1/teams/7db954d4-20c3-4d7c-a3d3-a0b22300bce0/players 200
2026-06-22 15:13:48 - POST /api/v1/teams/7db954d4-20c3-4d7c-a3d3-a0b22300bce0/players 200
2026-06-22 15:13:48 - POST /api/v1/matches/ 201
2026-06-22 15:13:48 - POST /api/v1/matches/512d224a-a548-4dd2-85a3-34dcab7484a5/toss 200
2026-06-22 15:13:48 - POST /api/v1/matches/512d224a-a548-4dd2-85a3-34dcab7484a5/squads 200
2026-06-22 15:13:48 - POST /api/v1/matches/512d224a-a548-4dd2-85a3-34dcab7484a5/squads 200
2026-06-22 15:13:48 - POST /api/v1/matches/512d224a-a548-4dd2-85a3-34dcab7484a5/balls 201
2026-06-22 15:13:48 - POST /api/v1/matches/512d224a-a548-4dd2-85a3-34dcab7484a5/balls 201
2026-06-22 15:13:48 - POST /api/v1/matches/512d224a-a548-4dd2-85a3-34dcab7484a5/balls 201
2026-06-22 15:13:49 - POST /api/v1/matches/512d224a-a548-4dd2-85a3-34dcab7484a5/balls 201
2026-06-22 15:13:49 - POST /api/v1/matches/512d224a-a548-4dd2-85a3-34dcab7484a5/balls 201
2026-06-22 15:13:49 - POST /api/v1/matches/512d224a-a548-4dd2-85a3-34dcab7484a5/balls 201
2026-06-22 15:13:49 - POST /api/v1/matches/512d224a-a548-4dd2-85a3-34dcab7484a5/balls 201
2026-06-22 15:13:49 - POST /api/v1/matches/512d224a-a548-4dd2-85a3-34dcab7484a5/balls 201
2026-06-22 15:13:49 - POST /api/v1/matches/512d224a-a548-4dd2-85a3-34dcab7484a5/balls 201
2026-06-22 15:13:49 - POST /api/v1/matches/512d224a-a548-4dd2-85a3-34dcab7484a5/balls 201
2026-06-22 15:13:49 - POST /api/v1/matches/512d224a-a548-4dd2-85a3-34dcab7484a5/balls 201
2026-06-22 15:13:49 - POST /api/v1/matches/512d224a-a548-4dd2-85a3-34dcab7484a5/balls 201
2026-06-22 15:13:49 - GET /api/v1/matches/512d224a-a548-4dd2-85a3-34dcab7484a5/scorecard 200
2026-06-22 15:13:49 - GET /api/v1/players/cdd68e44-cfca-4b5e-9d5a-57e7a7030f48 200
2026-06-22 15:13:49 - POST /api/v1/auth/login 200
2026-06-22 15:13:49 - POST /api/v1/players/ 201
2026-06-22 15:13:49 - POST /api/v1/players/ 201
2026-06-22 15:13:49 - POST /api/v1/players/ 201
2026-06-22 15:13:49 - POST /api/v1/players/ 201
2026-06-22 15:13:49 - POST /api/v1/players/ 201
2026-06-22 15:13:49 - POST /api/v1/teams/ 201
2026-06-22 15:13:49 - POST /api/v1/teams/ 201
2026-06-22 15:13:49 - POST /api/v1/teams/03e94c95-87f4-435c-9b23-eee9daa5291c/players 200
2026-06-22 15:13:49 - POST /api/v1/teams/03e94c95-87f4-435c-9b23-eee9daa5291c/players 200
2026-06-22 15:13:49 - POST /api/v1/teams/03e94c95-87f4-435c-9b23-eee9daa5291c/players 200
2026-06-22 15:13:49 - POST /api/v1/teams/3dd03a33-5a57-41e8-bda4-2a6ae6c8b437/players 200
2026-06-22 15:13:49 - POST /api/v1/teams/3dd03a33-5a57-41e8-bda4-2a6ae6c8b437/players 200
2026-06-22 15:13:49 - POST /api/v1/matches/ 201
2026-06-22 15:13:49 - POST /api/v1/matches/f25929ea-eddd-47bf-8e5d-e33c71a55f7b/toss 200
2026-06-22 15:13:49 - POST /api/v1/matches/f25929ea-eddd-47bf-8e5d-e33c71a55f7b/squads 200
2026-06-22 15:13:49 - POST /api/v1/matches/f25929ea-eddd-47bf-8e5d-e33c71a55f7b/squads 200
2026-06-22 15:13:49 - POST /api/v1/matches/f25929ea-eddd-47bf-8e5d-e33c71a55f7b/balls 201
2026-06-22 15:13:49 - POST /api/v1/matches/f25929ea-eddd-47bf-8e5d-e33c71a55f7b/balls 201
2026-06-22 15:13:49 - POST /api/v1/matches/f25929ea-eddd-47bf-8e5d-e33c71a55f7b/balls 201
2026-06-22 15:13:49 - POST /api/v1/matches/f25929ea-eddd-47bf-8e5d-e33c71a55f7b/balls 201
2026-06-22 15:13:49 - POST /api/v1/matches/f25929ea-eddd-47bf-8e5d-e33c71a55f7b/balls 201
2026-06-22 15:13:49 - GET /api/v1/matches/f25929ea-eddd-47bf-8e5d-e33c71a55f7b/scorecard 200
2026-06-22 15:13:50 - POST /api/v1/auth/login 200
2026-06-22 15:13:50 - POST /api/v1/players/ 201
2026-06-22 15:13:50 - POST /api/v1/players/ 201
2026-06-22 15:13:50 - POST /api/v1/players/ 201
2026-06-22 15:13:50 - POST /api/v1/players/ 201
2026-06-22 15:13:50 - POST /api/v1/teams/ 201
2026-06-22 15:13:50 - POST /api/v1/teams/ 201
2026-06-22 15:13:50 - POST /api/v1/teams/c1c2f6bb-b4ab-4a0a-b065-b858cc8e4af7/players 200
2026-06-22 15:13:50 - POST /api/v1/teams/c1c2f6bb-b4ab-4a0a-b065-b858cc8e4af7/players 200
2026-06-22 15:13:50 - POST /api/v1/teams/164f4978-7bac-4ee1-8b5b-1b84f333ea9c/players 200
2026-06-22 15:13:50 - POST /api/v1/teams/164f4978-7bac-4ee1-8b5b-1b84f333ea9c/players 200
2026-06-22 15:13:50 - POST /api/v1/matches/ 201
2026-06-22 15:13:50 - POST /api/v1/matches/f736e9d2-0d32-4f7e-9479-7c8fc35c3a09/toss 200
2026-06-22 15:13:50 - POST /api/v1/matches/f736e9d2-0d32-4f7e-9479-7c8fc35c3a09/squads 200
2026-06-22 15:13:50 - POST /api/v1/matches/f736e9d2-0d32-4f7e-9479-7c8fc35c3a09/squads 200
2026-06-22 15:13:50 - POST /api/v1/matches/f736e9d2-0d32-4f7e-9479-7c8fc35c3a09/balls 201
2026-06-22 15:13:50 - POST /api/v1/matches/f736e9d2-0d32-4f7e-9479-7c8fc35c3a09/balls 201
2026-06-22 15:13:50 - POST /api/v1/matches/f736e9d2-0d32-4f7e-9479-7c8fc35c3a09/balls 201
2026-06-22 15:13:50 - POST /api/v1/matches/f736e9d2-0d32-4f7e-9479-7c8fc35c3a09/balls 201
2026-06-22 15:13:50 - POST /api/v1/matches/f736e9d2-0d32-4f7e-9479-7c8fc35c3a09/balls 201
2026-06-22 15:13:50 - POST /api/v1/matches/f736e9d2-0d32-4f7e-9479-7c8fc35c3a09/balls 201
2026-06-22 15:13:50 - POST /api/v1/matches/f736e9d2-0d32-4f7e-9479-7c8fc35c3a09/balls 201
2026-06-22 15:13:50 - GET /api/v1/matches/f736e9d2-0d32-4f7e-9479-7c8fc35c3a09/scorecard 200
2026-06-22 15:13:51 - POST /api/v1/auth/signup 201
2026-06-22 15:13:52 - POST /api/v1/auth/login 200
2026-06-22 15:13:52 - POST /api/v1/auth/login 200
2026-06-22 15:13:52 - POST /api/v1/players/ 201
2026-06-22 15:13:52 - POST /api/v1/players/ 201
2026-06-22 15:13:52 - POST /api/v1/players/ 201
2026-06-22 15:13:52 - POST /api/v1/players/ 201
2026-06-22 15:13:52 - POST /api/v1/players/ 201
2026-06-22 15:13:52 - POST /api/v1/teams/ 201
2026-06-22 15:13:52 - POST /api/v1/teams/ 201
2026-06-22 15:13:52 - POST /api/v1/teams/bd54a8c9-ed3b-4184-aac8-05826f78691e/players 200
2026-06-22 15:13:52 - POST /api/v1/teams/bd54a8c9-ed3b-4184-aac8-05826f78691e/players 200
2026-06-22 15:13:52 - POST /api/v1/teams/bd54a8c9-ed3b-4184-aac8-05826f78691e/players 200
2026-06-22 15:13:52 - POST /api/v1/teams/655b4931-208c-4c27-8aaf-3e2763f497bf/players 200
2026-06-22 15:13:52 - POST /api/v1/teams/655b4931-208c-4c27-8aaf-3e2763f497bf/players 200
2026-06-22 15:13:52 - POST /api/v1/matches/ 201
2026-06-22 15:13:52 - POST /api/v1/matches/f291db40-1cb3-420b-b7e3-df466e93adba/toss 200
2026-06-22 15:13:52 - POST /api/v1/matches/f291db40-1cb3-420b-b7e3-df466e93adba/squads 200
2026-06-22 15:13:52 - POST /api/v1/matches/f291db40-1cb3-420b-b7e3-df466e93adba/squads 200
2026-06-22 15:13:52 - POST /api/v1/matches/f291db40-1cb3-420b-b7e3-df466e93adba/balls 201
2026-06-22 15:13:52 - GET /api/v1/matches/f291db40-1cb3-420b-b7e3-df466e93adba/live 200
2026-06-22 15:13:52 - POST /api/v1/matches/f291db40-1cb3-420b-b7e3-df466e93adba/balls 201
2026-06-22 15:13:52 - GET /api/v1/matches/f291db40-1cb3-420b-b7e3-df466e93adba/live 200
2026-06-22 15:13:52 - POST /api/v1/matches/f291db40-1cb3-420b-b7e3-df466e93adba/balls 201
2026-06-22 15:13:52 - GET /api/v1/matches/f291db40-1cb3-420b-b7e3-df466e93adba/live 200
2026-06-22 15:13:52 - POST /api/v1/matches/f291db40-1cb3-420b-b7e3-df466e93adba/balls 201
2026-06-22 15:13:52 - GET /api/v1/matches/f291db40-1cb3-420b-b7e3-df466e93adba/live 200
2026-06-22 15:13:52 - POST /api/v1/matches/f291db40-1cb3-420b-b7e3-df466e93adba/undo 200
2026-06-22 15:13:52 - GET /api/v1/matches/f291db40-1cb3-420b-b7e3-df466e93adba/live 200
2026-06-22 15:13:52 - GET /api/v1/auth/me 401
2026-06-22 15:13:52 - GET /api/v1/auth/me 401
2026-06-22 15:13:53 - POST /api/v1/auth/login 200
2026-06-22 15:13:53 - POST /api/v1/players/ 201
2026-06-22 15:13:53 - POST /api/v1/players/ 201
2026-06-22 15:13:53 - POST /api/v1/players/ 201
2026-06-22 15:13:53 - POST /api/v1/players/ 201
2026-06-22 15:13:53 - POST /api/v1/players/ 201
2026-06-22 15:13:53 - POST /api/v1/teams/ 201
2026-06-22 15:13:53 - POST /api/v1/teams/ 201
2026-06-22 15:13:53 - POST /api/v1/teams/faa93a02-4edc-494f-aba8-102224acb00e/players 200
2026-06-22 15:13:53 - POST /api/v1/teams/faa93a02-4edc-494f-aba8-102224acb00e/players 200
2026-06-22 15:13:53 - POST /api/v1/teams/faa93a02-4edc-494f-aba8-102224acb00e/players 200
2026-06-22 15:13:53 - POST /api/v1/teams/1185b7fc-cb0a-4c09-b1c0-3fcd8fbee3fd/players 200
2026-06-22 15:13:53 - POST /api/v1/teams/1185b7fc-cb0a-4c09-b1c0-3fcd8fbee3fd/players 200
2026-06-22 15:13:53 - POST /api/v1/matches/ 201
2026-06-22 15:13:53 - POST /api/v1/matches/bcaaec68-b6eb-4619-ac8f-31b7bab819e4/toss 200
2026-06-22 15:13:53 - POST /api/v1/matches/bcaaec68-b6eb-4619-ac8f-31b7bab819e4/squads 200
2026-06-22 15:13:53 - POST /api/v1/matches/bcaaec68-b6eb-4619-ac8f-31b7bab819e4/squads 200
2026-06-22 15:13:53 - POST /api/v1/matches/bcaaec68-b6eb-4619-ac8f-31b7bab819e4/balls 201
2026-06-22 15:13:53 - GET /api/v1/matches/bcaaec68-b6eb-4619-ac8f-31b7bab819e4/live 200
2026-06-22 15:13:53 - POST /api/v1/matches/bcaaec68-b6eb-4619-ac8f-31b7bab819e4/balls 201
2026-06-22 15:13:53 - GET /api/v1/matches/bcaaec68-b6eb-4619-ac8f-31b7bab819e4/live 200
2026-06-22 15:13:53 - POST /api/v1/matches/bcaaec68-b6eb-4619-ac8f-31b7bab819e4/balls 201
2026-06-22 15:13:53 - GET /api/v1/matches/bcaaec68-b6eb-4619-ac8f-31b7bab819e4/live 200
2026-06-22 15:13:53 - POST /api/v1/matches/bcaaec68-b6eb-4619-ac8f-31b7bab819e4/balls 201
2026-06-22 15:13:53 - GET /api/v1/matches/bcaaec68-b6eb-4619-ac8f-31b7bab819e4/live 200
2026-06-22 15:13:53 - POST /api/v1/matches/bcaaec68-b6eb-4619-ac8f-31b7bab819e4/balls 201
2026-06-22 15:13:53 - GET /api/v1/matches/bcaaec68-b6eb-4619-ac8f-31b7bab819e4/live 200
2026-06-22 15:13:53 - POST /api/v1/matches/bcaaec68-b6eb-4619-ac8f-31b7bab819e4/balls 201
2026-06-22 15:13:53 - GET /api/v1/matches/bcaaec68-b6eb-4619-ac8f-31b7bab819e4/live 200
2026-06-22 15:13:53 - POST /api/v1/matches/bcaaec68-b6eb-4619-ac8f-31b7bab819e4/balls 201
2026-06-22 15:13:53 - GET /api/v1/matches/bcaaec68-b6eb-4619-ac8f-31b7bab819e4/live 200
2026-06-22 15:13:53 - GET /api/v1/matches/bcaaec68-b6eb-4619-ac8f-31b7bab819e4/scorecard 200
2026-06-22 15:13:55 - POST /api/v1/auth/signup 201
2026-06-22 15:13:56 - POST /api/v1/auth/signup 201
2026-06-22 15:13:58 - POST /api/v1/auth/signup 201
2026-06-22 15:13:58 - POST /api/v1/auth/login 200
2026-06-22 15:13:58 - POST /api/v1/auth/login 200
2026-06-22 15:13:58 - POST /api/v1/auth/login 200
2026-06-22 15:13:58 - POST /api/v1/teams/ 201
2026-06-22 15:13:58 - GET /api/v1/teams/my-teams 200
2026-06-22 15:13:58 - POST /api/v1/teams/0d00ae7e-7f47-43b5-9002-8d57d8ca8812/join-request 200
2026-06-22 15:13:58 - GET /api/v1/teams/my-teams 200
2026-06-22 15:13:58 - POST /api/v1/teams/0d00ae7e-7f47-43b5-9002-8d57d8ca8812/approve-request 403
2026-06-22 15:13:58 - POST /api/v1/teams/0d00ae7e-7f47-43b5-9002-8d57d8ca8812/approve-request 200
2026-06-22 15:13:58 - POST /api/v1/teams/0d00ae7e-7f47-43b5-9002-8d57d8ca8812/members 200
2026-06-22 15:13:58 - POST /api/v1/teams/0d00ae7e-7f47-43b5-9002-8d57d8ca8812/invitations/accept 200
2026-06-22 15:13:58 - GET /api/v1/teams/0d00ae7e-7f47-43b5-9002-8d57d8ca8812/members 200
2026-06-22 15:13:58 - DELETE /api/v1/teams/0d00ae7e-7f47-43b5-9002-8d57d8ca8812/members/74ed9b10-6dba-4fbf-a6ea-7eb916b42115 204
2026-06-22 15:13:58 - GET /api/v1/teams/0d00ae7e-7f47-43b5-9002-8d57d8ca8812/members 200
2026-06-22 15:13:59 - POST /api/v1/auth/login 200
2026-06-22 15:13:59 - POST /api/v1/teams/ 201
2026-06-22 15:13:59 - POST /api/v1/auth/login 200
2026-06-22 15:13:59 - POST /api/v1/teams/9ce539b7-b50d-4582-a2bc-8ef325f2f39b/members 200
2026-06-22 15:13:59 - GET /api/v1/notifications/ 200
2026-06-22 15:13:59 - GET /api/v1/teams/my-invitations 200
2026-06-22 15:13:59 - POST /api/v1/notifications/283621fc-198c-4d84-a88d-f8f3a0df2b4e/read 200
2026-06-22 15:13:59 - POST /api/v1/teams/9ce539b7-b50d-4582-a2bc-8ef325f2f39b/invitations/accept 200
2026-06-22 15:13:59 - GET /api/v1/notifications/ 200
2026-06-22 15:14:00 - POST /api/v1/auth/login 200
2026-06-22 15:14:00 - POST /api/v1/teams/ 201
2026-06-22 15:14:00 - POST /api/v1/auth/login 200
2026-06-22 15:14:00 - POST /api/v1/teams/b6bce92e-a225-4927-a446-4a58ed0a052c/members 200
2026-06-22 15:14:00 - POST /api/v1/teams/b6bce92e-a225-4927-a446-4a58ed0a052c/invitations/reject 204
2026-06-22 15:14:00 - GET /api/v1/notifications/ 200
2026-06-22 15:14:01 - POST /api/v1/auth/login 200
2026-06-22 15:14:01 - POST /api/v1/teams/ 201
2026-06-22 15:14:01 - POST /api/v1/auth/login 200
2026-06-22 15:14:01 - POST /api/v1/teams/03a0d873-836c-4f9d-95cb-a15dd8a2f76f/join-request 200
2026-06-22 15:14:01 - POST /api/v1/teams/03a0d873-836c-4f9d-95cb-a15dd8a2f76f/reject-request 204
2026-06-22 15:14:01 - GET /api/v1/notifications/ 200
2026-06-22 15:14:02 - POST /api/v1/auth/login 200
2026-06-22 15:14:02 - POST /api/v1/teams/ 201
2026-06-22 15:14:02 - POST /api/v1/auth/login 200
2026-06-22 15:14:02 - PUT /api/v1/teams/8afdbd45-0aaf-44ad-b7df-08274ac984dc 403
2026-06-22 15:14:02 - DELETE /api/v1/teams/8afdbd45-0aaf-44ad-b7df-08274ac984dc 403
2026-06-22 15:14:02 - PUT /api/v1/teams/8afdbd45-0aaf-44ad-b7df-08274ac984dc 200
2026-06-22 15:14:02 - DELETE /api/v1/teams/8afdbd45-0aaf-44ad-b7df-08274ac984dc 204
2026-06-22 15:14:02 - GET /api/v1/teams/8afdbd45-0aaf-44ad-b7df-08274ac984dc 404
2026-06-22 15:14:03 - POST /api/v1/auth/login 200
2026-06-22 15:14:03 - GET /api/v1/notifications/ 200
2026-06-22 15:14:03 - POST /api/v1/notifications/read-all 204
2026-06-22 15:14:03 - GET /api/v1/notifications/ 200
2026-06-22 15:14:03 - POST /api/v1/auth/login 200
2026-06-22 15:14:03 - POST /api/v1/tournaments/ 201
2026-06-22 15:14:03 - POST /api/v1/players/ 201
2026-06-22 15:14:03 - POST /api/v1/players/ 201
2026-06-22 15:14:03 - POST /api/v1/players/ 201
2026-06-22 15:14:03 - POST /api/v1/players/ 201
2026-06-22 15:14:03 - POST /api/v1/teams/ 201
2026-06-22 15:14:03 - POST /api/v1/teams/214cbdb1-1694-4a03-9090-27be4952bb3f/players 200
2026-06-22 15:14:03 - POST /api/v1/teams/214cbdb1-1694-4a03-9090-27be4952bb3f/players 200
2026-06-22 15:14:03 - POST /api/v1/teams/214cbdb1-1694-4a03-9090-27be4952bb3f/players 200
2026-06-22 15:14:03 - POST /api/v1/teams/214cbdb1-1694-4a03-9090-27be4952bb3f/players 200
2026-06-22 15:14:03 - POST /api/v1/tournaments/9480d7f7-c725-4739-9297-14c2a9cade40/teams 400
2026-06-22 15:14:03 - POST /api/v1/players/ 201
2026-06-22 15:14:03 - POST /api/v1/teams/214cbdb1-1694-4a03-9090-27be4952bb3f/players 200
2026-06-22 15:14:03 - POST /api/v1/tournaments/9480d7f7-c725-4739-9297-14c2a9cade40/teams 200
2026-06-22 15:14:03 - DELETE /api/v1/tournaments/9480d7f7-c725-4739-9297-14c2a9cade40/teams/214cbdb1-1694-4a03-9090-27be4952bb3f 200
2026-06-22 15:14:04 - POST /api/v1/auth/login 200
2026-06-22 15:14:04 - POST /api/v1/teams/ 201
2026-06-22 15:14:04 - POST /api/v1/players/ 201
2026-06-22 15:14:04 - POST /api/v1/teams/957b2c49-de6a-4a7d-b272-88ac716c42fb/players 200
2026-06-22 15:14:04 - POST /api/v1/players/ 201
2026-06-22 15:14:04 - POST /api/v1/teams/957b2c49-de6a-4a7d-b272-88ac716c42fb/players 200
2026-06-22 15:14:04 - POST /api/v1/players/ 201
2026-06-22 15:14:04 - POST /api/v1/teams/957b2c49-de6a-4a7d-b272-88ac716c42fb/players 200
2026-06-22 15:14:04 - POST /api/v1/players/ 201
2026-06-22 15:14:04 - POST /api/v1/teams/957b2c49-de6a-4a7d-b272-88ac716c42fb/players 200
2026-06-22 15:14:04 - POST /api/v1/players/ 201
2026-06-22 15:14:04 - POST /api/v1/teams/957b2c49-de6a-4a7d-b272-88ac716c42fb/players 200
2026-06-22 15:14:04 - POST /api/v1/teams/ 201
2026-06-22 15:14:04 - POST /api/v1/players/ 201
2026-06-22 15:14:04 - POST /api/v1/teams/19d713df-d893-4456-94d7-50c4ffdbaf3c/players 200
2026-06-22 15:14:04 - POST /api/v1/players/ 201
2026-06-22 15:14:04 - POST /api/v1/teams/19d713df-d893-4456-94d7-50c4ffdbaf3c/players 200
2026-06-22 15:14:04 - POST /api/v1/players/ 201
2026-06-22 15:14:04 - POST /api/v1/teams/19d713df-d893-4456-94d7-50c4ffdbaf3c/players 200
2026-06-22 15:14:04 - POST /api/v1/players/ 201
2026-06-22 15:14:04 - POST /api/v1/teams/19d713df-d893-4456-94d7-50c4ffdbaf3c/players 200
2026-06-22 15:14:04 - POST /api/v1/players/ 201
2026-06-22 15:14:04 - POST /api/v1/teams/19d713df-d893-4456-94d7-50c4ffdbaf3c/players 200
2026-06-22 15:14:04 - POST /api/v1/tournaments/ 201
2026-06-22 15:14:04 - POST /api/v1/tournaments/9ea05252-43f9-4356-a5e2-4f5e61b9814b/teams 200
2026-06-22 15:14:04 - POST /api/v1/tournaments/9ea05252-43f9-4356-a5e2-4f5e61b9814b/teams 200
2026-06-22 15:14:04 - POST /api/v1/tournaments/9ea05252-43f9-4356-a5e2-4f5e61b9814b/fixtures/generate 201
2026-06-22 15:14:04 - GET /api/v1/tournaments/9ea05252-43f9-4356-a5e2-4f5e61b9814b/dashboard 200
2026-06-22 15:14:04 - POST /api/v1/matches/6dc9f48e-4272-42e0-8711-21bdbf61aed6/toss 200
2026-06-22 15:14:04 - GET /api/v1/teams/957b2c49-de6a-4a7d-b272-88ac716c42fb 200
2026-06-22 15:14:04 - GET /api/v1/teams/19d713df-d893-4456-94d7-50c4ffdbaf3c 200
2026-06-22 15:14:04 - POST /api/v1/matches/6dc9f48e-4272-42e0-8711-21bdbf61aed6/squads 200
2026-06-22 15:14:04 - POST /api/v1/matches/6dc9f48e-4272-42e0-8711-21bdbf61aed6/squads 200
2026-06-22 15:14:04 - POST /api/v1/matches/6dc9f48e-4272-42e0-8711-21bdbf61aed6/balls 201
2026-06-22 15:14:04 - POST /api/v1/matches/6dc9f48e-4272-42e0-8711-21bdbf61aed6/balls 201
2026-06-22 15:14:04 - POST /api/v1/matches/6dc9f48e-4272-42e0-8711-21bdbf61aed6/balls 201
2026-06-22 15:14:04 - POST /api/v1/matches/6dc9f48e-4272-42e0-8711-21bdbf61aed6/balls 201
2026-06-22 15:14:04 - POST /api/v1/matches/6dc9f48e-4272-42e0-8711-21bdbf61aed6/balls 201
2026-06-22 15:14:04 - POST /api/v1/matches/6dc9f48e-4272-42e0-8711-21bdbf61aed6/balls 201
2026-06-22 15:14:04 - POST /api/v1/matches/6dc9f48e-4272-42e0-8711-21bdbf61aed6/balls 201
2026-06-22 15:14:04 - POST /api/v1/matches/6dc9f48e-4272-42e0-8711-21bdbf61aed6/balls 201
2026-06-22 15:14:04 - POST /api/v1/matches/6dc9f48e-4272-42e0-8711-21bdbf61aed6/balls 201
2026-06-22 15:14:04 - GET /api/v1/tournaments/9ea05252-43f9-4356-a5e2-4f5e61b9814b/points-table 200
2026-06-22 15:14:04 - GET /api/v1/tournaments/9ea05252-43f9-4356-a5e2-4f5e61b9814b/leaderboards 200
2026-06-22 15:14:05 - POST /api/v1/auth/login 200
2026-06-22 15:14:05 - POST /api/v1/teams/ 201
2026-06-22 15:14:05 - POST /api/v1/players/ 201
2026-06-22 15:14:05 - POST /api/v1/teams/0d85b4df-731d-44ac-830b-cc16f24f3333/players 200
2026-06-22 15:14:05 - POST /api/v1/players/ 201
2026-06-22 15:14:05 - POST /api/v1/teams/0d85b4df-731d-44ac-830b-cc16f24f3333/players 200
2026-06-22 15:14:05 - POST /api/v1/players/ 201
2026-06-22 15:14:05 - POST /api/v1/teams/0d85b4df-731d-44ac-830b-cc16f24f3333/players 200
2026-06-22 15:14:05 - POST /api/v1/players/ 201
2026-06-22 15:14:05 - POST /api/v1/teams/0d85b4df-731d-44ac-830b-cc16f24f3333/players 200
2026-06-22 15:14:05 - POST /api/v1/players/ 201
2026-06-22 15:14:05 - POST /api/v1/teams/0d85b4df-731d-44ac-830b-cc16f24f3333/players 200
2026-06-22 15:14:05 - POST /api/v1/teams/ 201
2026-06-22 15:14:05 - POST /api/v1/players/ 201
2026-06-22 15:14:05 - POST /api/v1/teams/d0a53f24-63b5-4d47-adc3-2730e896adb8/players 200
2026-06-22 15:14:05 - POST /api/v1/players/ 201
2026-06-22 15:14:05 - POST /api/v1/teams/d0a53f24-63b5-4d47-adc3-2730e896adb8/players 200
2026-06-22 15:14:05 - POST /api/v1/players/ 201
2026-06-22 15:14:05 - POST /api/v1/teams/d0a53f24-63b5-4d47-adc3-2730e896adb8/players 200
2026-06-22 15:14:05 - POST /api/v1/players/ 201
2026-06-22 15:14:05 - POST /api/v1/teams/d0a53f24-63b5-4d47-adc3-2730e896adb8/players 200
2026-06-22 15:14:05 - POST /api/v1/players/ 201
2026-06-22 15:14:05 - POST /api/v1/teams/d0a53f24-63b5-4d47-adc3-2730e896adb8/players 200
2026-06-22 15:14:05 - POST /api/v1/teams/ 201
2026-06-22 15:14:05 - POST /api/v1/players/ 201
2026-06-22 15:14:05 - POST /api/v1/teams/3460afcb-37e7-4d6d-a5b9-1a89cf0ef064/players 200
2026-06-22 15:14:05 - POST /api/v1/players/ 201
2026-06-22 15:14:05 - POST /api/v1/teams/3460afcb-37e7-4d6d-a5b9-1a89cf0ef064/players 200
2026-06-22 15:14:05 - POST /api/v1/players/ 201
2026-06-22 15:14:05 - POST /api/v1/teams/3460afcb-37e7-4d6d-a5b9-1a89cf0ef064/players 200
2026-06-22 15:14:05 - POST /api/v1/players/ 201
2026-06-22 15:14:05 - POST /api/v1/teams/3460afcb-37e7-4d6d-a5b9-1a89cf0ef064/players 200
2026-06-22 15:14:05 - POST /api/v1/players/ 201
2026-06-22 15:14:05 - POST /api/v1/teams/3460afcb-37e7-4d6d-a5b9-1a89cf0ef064/players 200
2026-06-22 15:14:05 - POST /api/v1/teams/ 201
2026-06-22 15:14:05 - POST /api/v1/players/ 201
2026-06-22 15:14:05 - POST /api/v1/teams/1b38b08d-7176-4bf7-8abe-eb1ffe28b86f/players 200
2026-06-22 15:14:05 - POST /api/v1/players/ 201
2026-06-22 15:14:05 - POST /api/v1/teams/1b38b08d-7176-4bf7-8abe-eb1ffe28b86f/players 200
2026-06-22 15:14:05 - POST /api/v1/players/ 201
2026-06-22 15:14:05 - POST /api/v1/teams/1b38b08d-7176-4bf7-8abe-eb1ffe28b86f/players 200
2026-06-22 15:14:05 - POST /api/v1/players/ 201
2026-06-22 15:14:05 - POST /api/v1/teams/1b38b08d-7176-4bf7-8abe-eb1ffe28b86f/players 200
2026-06-22 15:14:05 - POST /api/v1/players/ 201
2026-06-22 15:14:05 - POST /api/v1/teams/1b38b08d-7176-4bf7-8abe-eb1ffe28b86f/players 200
2026-06-22 15:14:05 - POST /api/v1/tournaments/ 201
2026-06-22 15:14:05 - POST /api/v1/tournaments/b662e9c3-c69c-4b7f-82ac-9b31a449fd85/teams 200
2026-06-22 15:14:05 - POST /api/v1/tournaments/b662e9c3-c69c-4b7f-82ac-9b31a449fd85/teams 200
2026-06-22 15:14:05 - POST /api/v1/tournaments/b662e9c3-c69c-4b7f-82ac-9b31a449fd85/teams 200
2026-06-22 15:14:05 - POST /api/v1/tournaments/b662e9c3-c69c-4b7f-82ac-9b31a449fd85/teams 200
2026-06-22 15:14:05 - POST /api/v1/tournaments/b662e9c3-c69c-4b7f-82ac-9b31a449fd85/fixtures/generate 201
2026-06-22 15:14:05 - GET /api/v1/tournaments/b662e9c3-c69c-4b7f-82ac-9b31a449fd85/dashboard 200
2026-06-22 15:14:05 - GET /api/v1/tournaments/b662e9c3-c69c-4b7f-82ac-9b31a449fd85/dashboard 200
2026-06-22 15:14:05 - POST /api/v1/matches/bf089142-78a4-41f5-8cb5-d1463e282691/toss 200
2026-06-22 15:14:05 - GET /api/v1/teams/0d85b4df-731d-44ac-830b-cc16f24f3333 200
2026-06-22 15:14:05 - GET /api/v1/teams/1b38b08d-7176-4bf7-8abe-eb1ffe28b86f 200
2026-06-22 15:14:05 - POST /api/v1/matches/bf089142-78a4-41f5-8cb5-d1463e282691/squads 200
2026-06-22 15:14:05 - POST /api/v1/matches/bf089142-78a4-41f5-8cb5-d1463e282691/squads 200
2026-06-22 15:14:05 - POST /api/v1/matches/bf089142-78a4-41f5-8cb5-d1463e282691/balls 201
2026-06-22 15:14:05 - POST /api/v1/matches/bf089142-78a4-41f5-8cb5-d1463e282691/balls 201
2026-06-22 15:14:05 - POST /api/v1/matches/bf089142-78a4-41f5-8cb5-d1463e282691/balls 201
2026-06-22 15:14:05 - POST /api/v1/matches/bf089142-78a4-41f5-8cb5-d1463e282691/balls 201
2026-06-22 15:14:05 - POST /api/v1/matches/bf089142-78a4-41f5-8cb5-d1463e282691/balls 201
2026-06-22 15:14:05 - POST /api/v1/matches/bf089142-78a4-41f5-8cb5-d1463e282691/balls 201
2026-06-22 15:14:05 - POST /api/v1/matches/bf089142-78a4-41f5-8cb5-d1463e282691/balls 201
2026-06-22 15:14:05 - POST /api/v1/matches/bf089142-78a4-41f5-8cb5-d1463e282691/balls 201
2026-06-22 15:14:05 - POST /api/v1/matches/bf089142-78a4-41f5-8cb5-d1463e282691/balls 201
2026-06-22 15:14:05 - POST /api/v1/matches/bf089142-78a4-41f5-8cb5-d1463e282691/balls 201
2026-06-22 15:14:05 - POST /api/v1/matches/bf089142-78a4-41f5-8cb5-d1463e282691/balls 201
2026-06-22 15:14:05 - POST /api/v1/matches/bf089142-78a4-41f5-8cb5-d1463e282691/balls 201
2026-06-22 15:14:05 - POST /api/v1/matches/b74579d5-fd90-4665-b5b6-13c11dbee69b/toss 200
2026-06-22 15:14:05 - GET /api/v1/teams/0d85b4df-731d-44ac-830b-cc16f24f3333 200
2026-06-22 15:14:05 - GET /api/v1/teams/3460afcb-37e7-4d6d-a5b9-1a89cf0ef064 200
2026-06-22 15:14:05 - POST /api/v1/matches/b74579d5-fd90-4665-b5b6-13c11dbee69b/squads 200
2026-06-22 15:14:05 - POST /api/v1/matches/b74579d5-fd90-4665-b5b6-13c11dbee69b/squads 200
2026-06-22 15:14:05 - POST /api/v1/matches/b74579d5-fd90-4665-b5b6-13c11dbee69b/balls 201
2026-06-22 15:14:05 - POST /api/v1/matches/b74579d5-fd90-4665-b5b6-13c11dbee69b/balls 201
2026-06-22 15:14:05 - POST /api/v1/matches/b74579d5-fd90-4665-b5b6-13c11dbee69b/balls 201
2026-06-22 15:14:05 - POST /api/v1/matches/b74579d5-fd90-4665-b5b6-13c11dbee69b/balls 201
2026-06-22 15:14:05 - POST /api/v1/matches/b74579d5-fd90-4665-b5b6-13c11dbee69b/balls 201
2026-06-22 15:14:05 - POST /api/v1/matches/b74579d5-fd90-4665-b5b6-13c11dbee69b/balls 201
2026-06-22 15:14:05 - POST /api/v1/matches/b74579d5-fd90-4665-b5b6-13c11dbee69b/balls 201
2026-06-22 15:14:05 - POST /api/v1/matches/b74579d5-fd90-4665-b5b6-13c11dbee69b/balls 201
2026-06-22 15:14:05 - POST /api/v1/matches/b74579d5-fd90-4665-b5b6-13c11dbee69b/balls 201
2026-06-22 15:14:05 - POST /api/v1/matches/b74579d5-fd90-4665-b5b6-13c11dbee69b/balls 201
2026-06-22 15:14:05 - POST /api/v1/matches/b74579d5-fd90-4665-b5b6-13c11dbee69b/balls 201
2026-06-22 15:14:05 - POST /api/v1/matches/b74579d5-fd90-4665-b5b6-13c11dbee69b/balls 201
2026-06-22 15:14:05 - POST /api/v1/matches/d3f9792a-fffa-426d-8479-342684faf8de/toss 200
2026-06-22 15:14:05 - GET /api/v1/teams/0d85b4df-731d-44ac-830b-cc16f24f3333 200
2026-06-22 15:14:05 - GET /api/v1/teams/d0a53f24-63b5-4d47-adc3-2730e896adb8 200
2026-06-22 15:14:05 - POST /api/v1/matches/d3f9792a-fffa-426d-8479-342684faf8de/squads 200
2026-06-22 15:14:05 - POST /api/v1/matches/d3f9792a-fffa-426d-8479-342684faf8de/squads 200
2026-06-22 15:14:05 - POST /api/v1/matches/d3f9792a-fffa-426d-8479-342684faf8de/balls 201
2026-06-22 15:14:05 - POST /api/v1/matches/d3f9792a-fffa-426d-8479-342684faf8de/balls 201
2026-06-22 15:14:05 - POST /api/v1/matches/d3f9792a-fffa-426d-8479-342684faf8de/balls 201
2026-06-22 15:14:05 - POST /api/v1/matches/d3f9792a-fffa-426d-8479-342684faf8de/balls 201
2026-06-22 15:14:05 - POST /api/v1/matches/d3f9792a-fffa-426d-8479-342684faf8de/balls 201
2026-06-22 15:14:05 - POST /api/v1/matches/d3f9792a-fffa-426d-8479-342684faf8de/balls 201
2026-06-22 15:14:05 - POST /api/v1/matches/d3f9792a-fffa-426d-8479-342684faf8de/balls 201
2026-06-22 15:14:05 - POST /api/v1/matches/d3f9792a-fffa-426d-8479-342684faf8de/balls 201
2026-06-22 15:14:05 - POST /api/v1/matches/d3f9792a-fffa-426d-8479-342684faf8de/balls 201
2026-06-22 15:14:05 - POST /api/v1/matches/d3f9792a-fffa-426d-8479-342684faf8de/balls 201
2026-06-22 15:14:05 - POST /api/v1/matches/d3f9792a-fffa-426d-8479-342684faf8de/balls 201
2026-06-22 15:14:05 - POST /api/v1/matches/d3f9792a-fffa-426d-8479-342684faf8de/balls 201
2026-06-22 15:14:05 - POST /api/v1/matches/8792631d-b606-4054-9360-991b40be8487/toss 200
2026-06-22 15:14:05 - GET /api/v1/teams/3460afcb-37e7-4d6d-a5b9-1a89cf0ef064 200
2026-06-22 15:14:05 - GET /api/v1/teams/1b38b08d-7176-4bf7-8abe-eb1ffe28b86f 200
2026-06-22 15:14:05 - POST /api/v1/matches/8792631d-b606-4054-9360-991b40be8487/squads 200
2026-06-22 15:14:05 - POST /api/v1/matches/8792631d-b606-4054-9360-991b40be8487/squads 200
2026-06-22 15:14:05 - POST /api/v1/matches/8792631d-b606-4054-9360-991b40be8487/balls 201
2026-06-22 15:14:05 - POST /api/v1/matches/8792631d-b606-4054-9360-991b40be8487/balls 201
2026-06-22 15:14:05 - POST /api/v1/matches/8792631d-b606-4054-9360-991b40be8487/balls 201
2026-06-22 15:14:05 - POST /api/v1/matches/8792631d-b606-4054-9360-991b40be8487/balls 201
2026-06-22 15:14:05 - POST /api/v1/matches/8792631d-b606-4054-9360-991b40be8487/balls 201
2026-06-22 15:14:06 - POST /api/v1/matches/8792631d-b606-4054-9360-991b40be8487/balls 201
2026-06-22 15:14:06 - POST /api/v1/matches/8792631d-b606-4054-9360-991b40be8487/balls 201
2026-06-22 15:14:06 - POST /api/v1/matches/8792631d-b606-4054-9360-991b40be8487/balls 201
2026-06-22 15:14:06 - POST /api/v1/matches/8792631d-b606-4054-9360-991b40be8487/balls 201
2026-06-22 15:14:06 - POST /api/v1/matches/8792631d-b606-4054-9360-991b40be8487/balls 201
2026-06-22 15:14:06 - POST /api/v1/matches/8792631d-b606-4054-9360-991b40be8487/balls 201
2026-06-22 15:14:06 - POST /api/v1/matches/8792631d-b606-4054-9360-991b40be8487/balls 201
2026-06-22 15:14:06 - POST /api/v1/matches/2b61f042-55c4-4180-81a5-fae4022723ce/toss 200
2026-06-22 15:14:06 - GET /api/v1/teams/d0a53f24-63b5-4d47-adc3-2730e896adb8 200
2026-06-22 15:14:06 - GET /api/v1/teams/1b38b08d-7176-4bf7-8abe-eb1ffe28b86f 200
2026-06-22 15:14:06 - POST /api/v1/matches/2b61f042-55c4-4180-81a5-fae4022723ce/squads 200
2026-06-22 15:14:06 - POST /api/v1/matches/2b61f042-55c4-4180-81a5-fae4022723ce/squads 200
2026-06-22 15:14:06 - POST /api/v1/matches/2b61f042-55c4-4180-81a5-fae4022723ce/balls 201
2026-06-22 15:14:06 - POST /api/v1/matches/2b61f042-55c4-4180-81a5-fae4022723ce/balls 201
2026-06-22 15:14:06 - POST /api/v1/matches/2b61f042-55c4-4180-81a5-fae4022723ce/balls 201
2026-06-22 15:14:06 - POST /api/v1/matches/2b61f042-55c4-4180-81a5-fae4022723ce/balls 201
2026-06-22 15:14:06 - POST /api/v1/matches/2b61f042-55c4-4180-81a5-fae4022723ce/balls 201
2026-06-22 15:14:06 - POST /api/v1/matches/2b61f042-55c4-4180-81a5-fae4022723ce/balls 201
2026-06-22 15:14:06 - POST /api/v1/matches/2b61f042-55c4-4180-81a5-fae4022723ce/balls 201
2026-06-22 15:14:06 - POST /api/v1/matches/2b61f042-55c4-4180-81a5-fae4022723ce/balls 201
2026-06-22 15:14:06 - POST /api/v1/matches/2b61f042-55c4-4180-81a5-fae4022723ce/balls 201
2026-06-22 15:14:06 - POST /api/v1/matches/2b61f042-55c4-4180-81a5-fae4022723ce/balls 201
2026-06-22 15:14:06 - POST /api/v1/matches/2b61f042-55c4-4180-81a5-fae4022723ce/balls 201
2026-06-22 15:14:06 - POST /api/v1/matches/2b61f042-55c4-4180-81a5-fae4022723ce/balls 201
2026-06-22 15:14:06 - POST /api/v1/matches/64287aed-e050-43d0-828f-4d00c62ca951/toss 200
2026-06-22 15:14:06 - GET /api/v1/teams/d0a53f24-63b5-4d47-adc3-2730e896adb8 200
2026-06-22 15:14:06 - GET /api/v1/teams/3460afcb-37e7-4d6d-a5b9-1a89cf0ef064 200
2026-06-22 15:14:06 - POST /api/v1/matches/64287aed-e050-43d0-828f-4d00c62ca951/squads 200
2026-06-22 15:14:06 - POST /api/v1/matches/64287aed-e050-43d0-828f-4d00c62ca951/squads 200
2026-06-22 15:14:06 - POST /api/v1/matches/64287aed-e050-43d0-828f-4d00c62ca951/balls 201
2026-06-22 15:14:06 - POST /api/v1/matches/64287aed-e050-43d0-828f-4d00c62ca951/balls 201
2026-06-22 15:14:06 - POST /api/v1/matches/64287aed-e050-43d0-828f-4d00c62ca951/balls 201
2026-06-22 15:14:06 - POST /api/v1/matches/64287aed-e050-43d0-828f-4d00c62ca951/balls 201
2026-06-22 15:14:06 - POST /api/v1/matches/64287aed-e050-43d0-828f-4d00c62ca951/balls 201
2026-06-22 15:14:06 - POST /api/v1/matches/64287aed-e050-43d0-828f-4d00c62ca951/balls 201
2026-06-22 15:14:06 - POST /api/v1/matches/64287aed-e050-43d0-828f-4d00c62ca951/balls 201
2026-06-22 15:14:06 - POST /api/v1/matches/64287aed-e050-43d0-828f-4d00c62ca951/balls 201
2026-06-22 15:14:06 - POST /api/v1/matches/64287aed-e050-43d0-828f-4d00c62ca951/balls 201
2026-06-22 15:14:06 - POST /api/v1/matches/64287aed-e050-43d0-828f-4d00c62ca951/balls 201
2026-06-22 15:14:06 - POST /api/v1/matches/64287aed-e050-43d0-828f-4d00c62ca951/balls 201
2026-06-22 15:14:06 - POST /api/v1/matches/64287aed-e050-43d0-828f-4d00c62ca951/balls 201
2026-06-22 15:14:06 - GET /api/v1/tournaments/b662e9c3-c69c-4b7f-82ac-9b31a449fd85/dashboard 200
2026-06-22 15:14:06 - POST /api/v1/matches/53922b94-8777-4880-bce7-e06e36b69e4d/toss 200
2026-06-22 15:14:06 - GET /api/v1/teams/0d85b4df-731d-44ac-830b-cc16f24f3333 200
2026-06-22 15:14:06 - GET /api/v1/teams/1b38b08d-7176-4bf7-8abe-eb1ffe28b86f 200
2026-06-22 15:14:06 - POST /api/v1/matches/53922b94-8777-4880-bce7-e06e36b69e4d/squads 200
2026-06-22 15:14:06 - POST /api/v1/matches/53922b94-8777-4880-bce7-e06e36b69e4d/squads 200
2026-06-22 15:14:06 - POST /api/v1/matches/53922b94-8777-4880-bce7-e06e36b69e4d/balls 201
2026-06-22 15:14:06 - POST /api/v1/matches/53922b94-8777-4880-bce7-e06e36b69e4d/balls 201
2026-06-22 15:14:06 - POST /api/v1/matches/53922b94-8777-4880-bce7-e06e36b69e4d/balls 201
2026-06-22 15:14:06 - POST /api/v1/matches/53922b94-8777-4880-bce7-e06e36b69e4d/balls 201
2026-06-22 15:14:06 - POST /api/v1/matches/53922b94-8777-4880-bce7-e06e36b69e4d/balls 201
2026-06-22 15:14:06 - POST /api/v1/matches/53922b94-8777-4880-bce7-e06e36b69e4d/balls 201
2026-06-22 15:14:06 - POST /api/v1/matches/53922b94-8777-4880-bce7-e06e36b69e4d/balls 201
2026-06-22 15:14:06 - POST /api/v1/matches/53922b94-8777-4880-bce7-e06e36b69e4d/balls 201
2026-06-22 15:14:06 - POST /api/v1/matches/53922b94-8777-4880-bce7-e06e36b69e4d/balls 201
2026-06-22 15:14:06 - POST /api/v1/matches/53922b94-8777-4880-bce7-e06e36b69e4d/balls 201
2026-06-22 15:14:06 - POST /api/v1/matches/53922b94-8777-4880-bce7-e06e36b69e4d/balls 201
2026-06-22 15:14:06 - POST /api/v1/matches/53922b94-8777-4880-bce7-e06e36b69e4d/balls 201
2026-06-22 15:14:06 - POST /api/v1/matches/bef1e08a-a5e8-451a-9c1b-37e71748cb3d/toss 200
2026-06-22 15:14:06 - GET /api/v1/teams/d0a53f24-63b5-4d47-adc3-2730e896adb8 200
2026-06-22 15:14:06 - GET /api/v1/teams/3460afcb-37e7-4d6d-a5b9-1a89cf0ef064 200
2026-06-22 15:14:06 - POST /api/v1/matches/bef1e08a-a5e8-451a-9c1b-37e71748cb3d/squads 200
2026-06-22 15:14:06 - POST /api/v1/matches/bef1e08a-a5e8-451a-9c1b-37e71748cb3d/squads 200
2026-06-22 15:14:06 - POST /api/v1/matches/bef1e08a-a5e8-451a-9c1b-37e71748cb3d/balls 201
2026-06-22 15:14:06 - POST /api/v1/matches/bef1e08a-a5e8-451a-9c1b-37e71748cb3d/balls 201
2026-06-22 15:14:06 - POST /api/v1/matches/bef1e08a-a5e8-451a-9c1b-37e71748cb3d/balls 201
2026-06-22 15:14:06 - POST /api/v1/matches/bef1e08a-a5e8-451a-9c1b-37e71748cb3d/balls 201
2026-06-22 15:14:06 - POST /api/v1/matches/bef1e08a-a5e8-451a-9c1b-37e71748cb3d/balls 201
2026-06-22 15:14:06 - POST /api/v1/matches/bef1e08a-a5e8-451a-9c1b-37e71748cb3d/balls 201
2026-06-22 15:14:06 - POST /api/v1/matches/bef1e08a-a5e8-451a-9c1b-37e71748cb3d/balls 201
2026-06-22 15:14:06 - POST /api/v1/matches/bef1e08a-a5e8-451a-9c1b-37e71748cb3d/balls 201
2026-06-22 15:14:06 - POST /api/v1/matches/bef1e08a-a5e8-451a-9c1b-37e71748cb3d/balls 201
2026-06-22 15:14:06 - POST /api/v1/matches/bef1e08a-a5e8-451a-9c1b-37e71748cb3d/balls 201
2026-06-22 15:14:06 - POST /api/v1/matches/bef1e08a-a5e8-451a-9c1b-37e71748cb3d/balls 201
2026-06-22 15:14:06 - POST /api/v1/matches/bef1e08a-a5e8-451a-9c1b-37e71748cb3d/balls 201
2026-06-22 15:14:06 - GET /api/v1/tournaments/b662e9c3-c69c-4b7f-82ac-9b31a449fd85/dashboard 200
2026-06-22 15:14:06 - POST /api/v1/matches/8b3452dc-b0af-4a1c-a3c5-443510fcc822/toss 200
2026-06-22 15:14:06 - GET /api/v1/teams/0d85b4df-731d-44ac-830b-cc16f24f3333 200
2026-06-22 15:14:06 - GET /api/v1/teams/d0a53f24-63b5-4d47-adc3-2730e896adb8 200
2026-06-22 15:14:06 - POST /api/v1/matches/8b3452dc-b0af-4a1c-a3c5-443510fcc822/squads 200
2026-06-22 15:14:06 - POST /api/v1/matches/8b3452dc-b0af-4a1c-a3c5-443510fcc822/squads 200
2026-06-22 15:14:06 - POST /api/v1/matches/8b3452dc-b0af-4a1c-a3c5-443510fcc822/balls 201
2026-06-22 15:14:06 - POST /api/v1/matches/8b3452dc-b0af-4a1c-a3c5-443510fcc822/balls 201
2026-06-22 15:14:06 - POST /api/v1/matches/8b3452dc-b0af-4a1c-a3c5-443510fcc822/balls 201
2026-06-22 15:14:06 - POST /api/v1/matches/8b3452dc-b0af-4a1c-a3c5-443510fcc822/balls 201
2026-06-22 15:14:06 - POST /api/v1/matches/8b3452dc-b0af-4a1c-a3c5-443510fcc822/balls 201
2026-06-22 15:14:06 - POST /api/v1/matches/8b3452dc-b0af-4a1c-a3c5-443510fcc822/balls 201
2026-06-22 15:14:06 - POST /api/v1/matches/8b3452dc-b0af-4a1c-a3c5-443510fcc822/balls 201
2026-06-22 15:14:06 - POST /api/v1/matches/8b3452dc-b0af-4a1c-a3c5-443510fcc822/balls 201
2026-06-22 15:14:06 - POST /api/v1/matches/8b3452dc-b0af-4a1c-a3c5-443510fcc822/balls 201
2026-06-22 15:14:06 - POST /api/v1/matches/8b3452dc-b0af-4a1c-a3c5-443510fcc822/balls 201
2026-06-22 15:14:06 - POST /api/v1/matches/8b3452dc-b0af-4a1c-a3c5-443510fcc822/balls 201
2026-06-22 15:14:06 - POST /api/v1/matches/8b3452dc-b0af-4a1c-a3c5-443510fcc822/balls 201
2026-06-22 15:14:06 - GET /api/v1/tournaments/b662e9c3-c69c-4b7f-82ac-9b31a449fd85/dashboard 200
2026-06-22 21:25:49 - GET / 200
2026-06-22 21:42:23 - GET /api/v1/auth/me 401
2026-06-22 21:42:56 - POST /api/v1/auth/google 200
2026-06-22 21:42:57 - GET /api/v1/auth/me 200
2026-06-23 21:56:39 - POST /api/v1/auth/signup 422
2026-06-23 21:56:39 - POST /api/v1/auth/signup 422
2026-06-23 21:56:39 - POST /api/v1/auth/signup 422
2026-06-23 21:56:39 - POST /api/v1/auth/signup 422
2026-06-23 21:56:40 - POST /api/v1/auth/signup 201
2026-06-23 21:56:41 - POST /api/v1/auth/login 400
2026-06-23 21:56:41 - POST /api/v1/auth/verify-otp 200
2026-06-23 21:56:44 - POST /api/v1/auth/signup 201
2026-06-23 21:56:44 - POST /api/v1/auth/resend-otp 429
2026-06-23 21:56:51 - POST /api/v1/auth/resend-otp 200
2026-06-23 21:56:51 - POST /api/v1/auth/login 400
2026-06-23 21:56:51 - POST /api/v1/auth/login 400
2026-06-23 21:56:52 - POST /api/v1/auth/login 400
2026-06-23 21:56:52 - POST /api/v1/auth/login 400
2026-06-23 21:56:52 - POST /api/v1/auth/login 400
2026-06-23 21:56:52 - POST /api/v1/auth/login 403
2026-06-23 21:56:52 - POST /api/v1/auth/login 200
2026-06-23 21:56:52 - POST /api/v1/auth/forgot-password 404
2026-06-23 21:56:56 - POST /api/v1/auth/forgot-password 200
2026-06-23 21:56:56 - POST /api/v1/auth/verify-reset-otp 400
2026-06-23 21:56:56 - POST /api/v1/auth/verify-reset-otp 200
2026-06-23 21:56:56 - POST /api/v1/auth/reset-password 422
2026-06-23 21:56:56 - POST /api/v1/auth/reset-password 200
2026-06-23 21:56:57 - POST /api/v1/auth/login 200
2026-06-23 21:56:57 - POST /api/v1/auth/login 200
2026-06-23 21:56:57 - POST /api/v1/auth/complete-profile 200
2026-06-23 21:56:58 - POST /api/v1/auth/login 200
2026-06-23 21:56:58 - POST /api/v1/auth/refresh 200
2026-06-23 21:56:58 - POST /api/v1/auth/logout 200
2026-06-23 21:56:58 - POST /api/v1/auth/refresh 401
2026-06-23 21:57:01 - POST /api/v1/auth/signup 201
2026-06-23 21:57:01 - POST /api/v1/auth/signup 400
2026-06-23 21:57:02 - POST /api/v1/auth/login 400
2026-06-23 21:57:02 - POST /api/v1/auth/forgot-password 400
2026-06-23 21:57:02 - POST /api/v1/auth/verify-reset-otp 400
2026-06-23 21:57:02 - POST /api/v1/auth/reset-password 400
2026-06-23 21:57:02 - POST /api/v1/auth/signup 400
2026-06-23 21:57:05 - POST /api/v1/auth/signup 201
2026-06-23 21:57:11 - POST /api/v1/auth/signup 201
2026-06-23 21:57:11 - POST /api/v1/auth/login 200
2026-06-23 21:57:12 - POST /api/v1/auth/login 200
2026-06-23 21:57:12 - POST /api/v1/teams/ 201
2026-06-23 21:57:12 - GET /api/v1/teams/ 200
2026-06-23 21:57:12 - PUT /api/v1/teams/a8cf5137-e2a0-45e7-bdc8-14b186f3016f 403
2026-06-23 21:57:12 - DELETE /api/v1/teams/a8cf5137-e2a0-45e7-bdc8-14b186f3016f 403
2026-06-23 21:57:12 - POST /api/v1/players/ 201
2026-06-23 21:57:12 - GET /api/v1/players/ 200
2026-06-23 21:57:12 - PUT /api/v1/players/65a1194a-dd5c-466f-9c48-21a1e612ea9a 403
2026-06-23 21:57:12 - DELETE /api/v1/players/65a1194a-dd5c-466f-9c48-21a1e612ea9a 403
2026-06-23 21:57:15 - POST /api/v1/auth/signup 201
2026-06-23 21:57:15 - POST /api/v1/auth/login 200
2026-06-23 21:57:15 - POST /api/v1/teams/ 201
2026-06-23 21:57:15 - POST /api/v1/teams/ 201
2026-06-23 21:57:15 - POST /api/v1/players/ 201
2026-06-23 21:57:15 - POST /api/v1/players/ 201
2026-06-23 21:57:15 - POST /api/v1/players/ 201
2026-06-23 21:57:15 - POST /api/v1/teams/f6ce5cdb-5a66-4ef0-ba34-d6bc54e2a91c/players/bulk 200
2026-06-23 21:57:15 - POST /api/v1/teams/0116fb18-7be8-4575-8f7d-75e61aac4dbd/players/bulk 400
2026-06-23 21:57:19 - POST /api/v1/auth/signup 201
2026-06-23 21:57:22 - POST /api/v1/auth/signup 201
2026-06-23 21:57:22 - POST /api/v1/auth/login 200
2026-06-23 21:57:22 - POST /api/v1/auth/login 200
2026-06-23 21:57:22 - POST /api/v1/teams/ 201
2026-06-23 21:57:22 - POST /api/v1/teams/ 201
2026-06-23 21:57:22 - POST /api/v1/matches/ 201
2026-06-23 21:57:22 - POST /api/v1/matches/7154fbf2-9687-4d5b-8fc3-eed8c2af7723/toss 403
2026-06-23 21:57:22 - POST /api/v1/matches/7154fbf2-9687-4d5b-8fc3-eed8c2af7723/toss 200
2026-06-23 21:57:25 - GET /api/v1/debug-env 200
2026-06-23 21:57:25 - GET /api/v1/debug-env 404
2026-06-23 21:57:26 - POST /api/v1/auth/login 200
2026-06-23 21:57:26 - POST /api/v1/players/ 201
2026-06-23 21:57:26 - POST /api/v1/players/ 201
2026-06-23 21:57:26 - POST /api/v1/players/ 201
2026-06-23 21:57:26 - POST /api/v1/players/ 201
2026-06-23 21:57:26 - POST /api/v1/teams/ 201
2026-06-23 21:57:26 - POST /api/v1/teams/ 201
2026-06-23 21:57:26 - POST /api/v1/teams/3f5207d6-7534-4533-b708-c706eab1a92b/players 200
2026-06-23 21:57:26 - POST /api/v1/teams/3f5207d6-7534-4533-b708-c706eab1a92b/players 200
2026-06-23 21:57:26 - POST /api/v1/teams/bcb9baf8-ac57-4015-b633-62803f283d02/players 200
2026-06-23 21:57:26 - POST /api/v1/teams/bcb9baf8-ac57-4015-b633-62803f283d02/players 200
2026-06-23 21:57:26 - POST /api/v1/matches/ 201
2026-06-23 21:57:26 - POST /api/v1/matches/96ff36ee-8c46-497e-a552-49c3bee63271/toss 200
2026-06-23 21:57:26 - POST /api/v1/matches/96ff36ee-8c46-497e-a552-49c3bee63271/squads 400
2026-06-23 21:57:26 - POST /api/v1/matches/96ff36ee-8c46-497e-a552-49c3bee63271/squads 200
2026-06-23 21:57:26 - POST /api/v1/matches/96ff36ee-8c46-497e-a552-49c3bee63271/squads 400
2026-06-23 21:57:26 - POST /api/v1/matches/96ff36ee-8c46-497e-a552-49c3bee63271/squads 200
2026-06-23 21:57:26 - POST /api/v1/auth/google 200
2026-06-23 21:57:26 - POST /api/v1/auth/google 400
2026-06-23 21:57:26 - POST /api/v1/auth/google 400
2026-06-23 21:57:26 - POST /api/v1/auth/google 400
2026-06-23 21:57:26 - POST /api/v1/auth/google 400
2026-06-23 21:57:27 - POST /api/v1/auth/login 200
2026-06-23 21:57:27 - POST /api/v1/players/ 201
2026-06-23 21:57:27 - POST /api/v1/players/ 201
2026-06-23 21:57:27 - POST /api/v1/teams/ 201
2026-06-23 21:57:27 - POST /api/v1/teams/ 201
2026-06-23 21:57:27 - POST /api/v1/matches/ 201
2026-06-23 21:57:27 - GET /api/v1/matches/ 200
2026-06-23 21:57:27 - POST /api/v1/auth/login 200
2026-06-23 21:57:27 - POST /api/v1/auth/login 200
2026-06-23 21:57:28 - POST /api/v1/auth/login 200
2026-06-23 21:57:28 - POST /api/v1/matches/ 201
2026-06-23 21:57:28 - POST /api/v1/matches/7f012478-f8c4-4357-83cf-ede24c1d0fc1/toss 200
2026-06-23 21:57:28 - POST /api/v1/matches/7f012478-f8c4-4357-83cf-ede24c1d0fc1/toss 403
2026-06-23 21:57:28 - POST /api/v1/matches/ 201
2026-06-23 21:57:28 - POST /api/v1/matches/b2520453-d799-47e6-95cc-bb253a2ae404/toss 200
2026-06-23 21:57:28 - POST /api/v1/matches/ 201
2026-06-23 21:57:28 - POST /api/v1/matches/708c2183-5850-4e60-95f3-db7754b8148b/toss 200
2026-06-23 21:57:28 - POST /api/v1/matches/708c2183-5850-4e60-95f3-db7754b8148b/toss 403
2026-06-23 21:57:28 - POST /api/v1/auth/login 200
2026-06-23 21:57:28 - POST /api/v1/players/ 201
2026-06-23 21:57:28 - POST /api/v1/players/ 201
2026-06-23 21:57:28 - POST /api/v1/players/ 422
2026-06-23 21:57:28 - POST /api/v1/players/ 422
2026-06-23 21:57:28 - GET /api/v1/players/7c3aa8da-41ea-473a-ae0e-6035365a6f0b 200
2026-06-23 21:57:28 - PUT /api/v1/players/7c3aa8da-41ea-473a-ae0e-6035365a6f0b 200
2026-06-23 21:57:28 - DELETE /api/v1/players/7c3aa8da-41ea-473a-ae0e-6035365a6f0b 204
2026-06-23 21:57:28 - GET /api/v1/players/7c3aa8da-41ea-473a-ae0e-6035365a6f0b 404
2026-06-23 21:57:29 - POST /api/v1/auth/login 200
2026-06-23 21:57:29 - POST /api/v1/players/ 201
2026-06-23 21:57:29 - POST /api/v1/players/ 201
2026-06-23 21:57:29 - POST /api/v1/teams/ 201
2026-06-23 21:57:29 - POST /api/v1/teams/2996c59d-486b-43d2-bb9a-55de9014244e/players 200
2026-06-23 21:57:29 - PUT /api/v1/teams/2996c59d-486b-43d2-bb9a-55de9014244e 200
2026-06-23 21:57:29 - PUT /api/v1/teams/2996c59d-486b-43d2-bb9a-55de9014244e 400
2026-06-23 21:57:29 - POST /api/v1/teams/ 201
2026-06-23 21:57:29 - POST /api/v1/teams/cf1d82d8-e959-414d-9dba-31b8ba344dac/players 400
2026-06-23 21:57:29 - DELETE /api/v1/teams/2996c59d-486b-43d2-bb9a-55de9014244e/players/911650c7-e647-4695-a893-ca0e237200ad 200
2026-06-23 21:57:29 - DELETE /api/v1/teams/2996c59d-486b-43d2-bb9a-55de9014244e 204
2026-06-23 21:57:29 - POST /api/v1/auth/login 200
2026-06-23 21:57:29 - POST /api/v1/players/ 201
2026-06-23 21:57:29 - POST /api/v1/players/ 201
2026-06-23 21:57:29 - POST /api/v1/teams/ 201
2026-06-23 21:57:29 - POST /api/v1/teams/ 201
2026-06-23 21:57:29 - POST /api/v1/teams/e2993f78-cc81-4ef9-8919-7954dbaca843/players 200
2026-06-23 21:57:29 - POST /api/v1/teams/15b96b5d-e81d-460c-9448-bbc0fe0911fa/players 200
2026-06-23 21:57:29 - POST /api/v1/matches/ 201
2026-06-23 21:57:29 - POST /api/v1/matches/3df7933d-929d-40eb-96a2-1b9ca417c6b0/squads 200
2026-06-23 21:57:29 - POST /api/v1/matches/3df7933d-929d-40eb-96a2-1b9ca417c6b0/toss 200
2026-06-23 21:57:29 - DELETE /api/v1/players/076ed7f9-b25e-4763-b9da-0b82dd4d29c5 400
2026-06-23 21:57:29 - DELETE /api/v1/teams/e2993f78-cc81-4ef9-8919-7954dbaca843/players/076ed7f9-b25e-4763-b9da-0b82dd4d29c5 400
2026-06-23 21:57:29 - DELETE /api/v1/teams/e2993f78-cc81-4ef9-8919-7954dbaca843 400
2026-06-23 21:57:30 - POST /api/v1/auth/login 200
2026-06-23 21:57:30 - GET /api/v1/profile/ 200
2026-06-23 21:57:30 - POST /api/v1/auth/login 200
2026-06-23 21:57:30 - PUT /api/v1/profile/ 200
2026-06-23 21:57:30 - PUT /api/v1/profile/ 400
2026-06-23 21:57:31 - POST /api/v1/auth/login 200
2026-06-23 21:57:31 - GET /api/v1/profile/stats 200
2026-06-23 21:57:31 - POST /api/v1/auth/login 200
2026-06-23 21:57:31 - GET /api/v1/profile/activity 200
2026-06-23 21:57:31 - GET /api/v1/profile/achievements 200
2026-06-23 21:57:32 - POST /api/v1/auth/login 200
2026-06-23 21:57:32 - POST /api/v1/profile/upload-photo 200
2026-06-23 21:57:32 - GET /api/v1/profile/ 200
2026-06-23 21:57:32 - POST /api/v1/auth/login 200
2026-06-23 21:57:32 - POST /api/v1/players/ 201
2026-06-23 21:57:32 - POST /api/v1/players/ 201
2026-06-23 21:57:32 - POST /api/v1/players/ 201
2026-06-23 21:57:32 - POST /api/v1/players/ 201
2026-06-23 21:57:32 - POST /api/v1/players/ 201
2026-06-23 21:57:32 - POST /api/v1/teams/ 201
2026-06-23 21:57:32 - POST /api/v1/teams/ 201
2026-06-23 21:57:32 - POST /api/v1/teams/958dfd31-0242-4874-b7d1-12100f006fac/players 200
2026-06-23 21:57:32 - POST /api/v1/teams/958dfd31-0242-4874-b7d1-12100f006fac/players 200
2026-06-23 21:57:32 - POST /api/v1/teams/958dfd31-0242-4874-b7d1-12100f006fac/players 200
2026-06-23 21:57:32 - POST /api/v1/teams/91ec7221-706d-4721-85d4-17c2d5772dcf/players 200
2026-06-23 21:57:32 - POST /api/v1/teams/91ec7221-706d-4721-85d4-17c2d5772dcf/players 200
2026-06-23 21:57:32 - POST /api/v1/matches/ 201
2026-06-23 21:57:32 - POST /api/v1/matches/f5e2f184-ead7-4b95-b982-aa48b039d315/toss 200
2026-06-23 21:57:32 - POST /api/v1/matches/f5e2f184-ead7-4b95-b982-aa48b039d315/squads 200
2026-06-23 21:57:32 - POST /api/v1/matches/f5e2f184-ead7-4b95-b982-aa48b039d315/squads 200
2026-06-23 21:57:32 - POST /api/v1/matches/f5e2f184-ead7-4b95-b982-aa48b039d315/balls 201
2026-06-23 21:57:32 - POST /api/v1/matches/f5e2f184-ead7-4b95-b982-aa48b039d315/balls 201
2026-06-23 21:57:33 - POST /api/v1/matches/f5e2f184-ead7-4b95-b982-aa48b039d315/balls 201
2026-06-23 21:57:33 - POST /api/v1/matches/f5e2f184-ead7-4b95-b982-aa48b039d315/balls 201
2026-06-23 21:57:33 - POST /api/v1/matches/f5e2f184-ead7-4b95-b982-aa48b039d315/balls 201
2026-06-23 21:57:33 - POST /api/v1/matches/f5e2f184-ead7-4b95-b982-aa48b039d315/balls 201
2026-06-23 21:57:33 - POST /api/v1/matches/f5e2f184-ead7-4b95-b982-aa48b039d315/balls 201
2026-06-23 21:57:33 - POST /api/v1/matches/f5e2f184-ead7-4b95-b982-aa48b039d315/balls 201
2026-06-23 21:57:33 - POST /api/v1/matches/f5e2f184-ead7-4b95-b982-aa48b039d315/balls 201
2026-06-23 21:57:33 - POST /api/v1/matches/f5e2f184-ead7-4b95-b982-aa48b039d315/balls 201
2026-06-23 21:57:33 - POST /api/v1/matches/f5e2f184-ead7-4b95-b982-aa48b039d315/balls 201
2026-06-23 21:57:33 - POST /api/v1/matches/f5e2f184-ead7-4b95-b982-aa48b039d315/balls 201
2026-06-23 21:57:33 - GET /api/v1/matches/f5e2f184-ead7-4b95-b982-aa48b039d315/scorecard 200
2026-06-23 21:57:33 - GET /api/v1/players/7c5bc5a0-2ac2-4cdb-9909-d066b1abde89 200
2026-06-23 21:57:33 - POST /api/v1/auth/login 200
2026-06-23 21:57:33 - POST /api/v1/players/ 201
2026-06-23 21:57:33 - POST /api/v1/players/ 201
2026-06-23 21:57:33 - POST /api/v1/players/ 201
2026-06-23 21:57:33 - POST /api/v1/players/ 201
2026-06-23 21:57:33 - POST /api/v1/players/ 201
2026-06-23 21:57:33 - POST /api/v1/teams/ 201
2026-06-23 21:57:33 - POST /api/v1/teams/ 201
2026-06-23 21:57:33 - POST /api/v1/teams/f64a1ad4-02d0-4c6b-ba42-3ec92c1f0d7f/players 200
2026-06-23 21:57:33 - POST /api/v1/teams/f64a1ad4-02d0-4c6b-ba42-3ec92c1f0d7f/players 200
2026-06-23 21:57:33 - POST /api/v1/teams/f64a1ad4-02d0-4c6b-ba42-3ec92c1f0d7f/players 200
2026-06-23 21:57:33 - POST /api/v1/teams/f03e9937-67c2-4d43-bf75-7817a0b0617f/players 200
2026-06-23 21:57:33 - POST /api/v1/teams/f03e9937-67c2-4d43-bf75-7817a0b0617f/players 200
2026-06-23 21:57:33 - POST /api/v1/matches/ 201
2026-06-23 21:57:33 - POST /api/v1/matches/d29f2684-bc86-4d2f-ba31-312db17a37b6/toss 200
2026-06-23 21:57:33 - POST /api/v1/matches/d29f2684-bc86-4d2f-ba31-312db17a37b6/squads 200
2026-06-23 21:57:33 - POST /api/v1/matches/d29f2684-bc86-4d2f-ba31-312db17a37b6/squads 200
2026-06-23 21:57:33 - POST /api/v1/matches/d29f2684-bc86-4d2f-ba31-312db17a37b6/balls 201
2026-06-23 21:57:33 - POST /api/v1/matches/d29f2684-bc86-4d2f-ba31-312db17a37b6/balls 201
2026-06-23 21:57:33 - POST /api/v1/matches/d29f2684-bc86-4d2f-ba31-312db17a37b6/balls 201
2026-06-23 21:57:33 - POST /api/v1/matches/d29f2684-bc86-4d2f-ba31-312db17a37b6/balls 201
2026-06-23 21:57:33 - POST /api/v1/matches/d29f2684-bc86-4d2f-ba31-312db17a37b6/balls 201
2026-06-23 21:57:33 - GET /api/v1/matches/d29f2684-bc86-4d2f-ba31-312db17a37b6/scorecard 200
2026-06-23 21:57:34 - POST /api/v1/auth/login 200
2026-06-23 21:57:34 - POST /api/v1/players/ 201
2026-06-23 21:57:34 - POST /api/v1/players/ 201
2026-06-23 21:57:34 - POST /api/v1/players/ 201
2026-06-23 21:57:34 - POST /api/v1/players/ 201
2026-06-23 21:57:34 - POST /api/v1/teams/ 201
2026-06-23 21:57:34 - POST /api/v1/teams/ 201
2026-06-23 21:57:34 - POST /api/v1/teams/e7a3e714-9fab-490b-afcb-a6b102087486/players 200
2026-06-23 21:57:34 - POST /api/v1/teams/e7a3e714-9fab-490b-afcb-a6b102087486/players 200
2026-06-23 21:57:34 - POST /api/v1/teams/04c223c8-31c1-400b-b4a9-5e0edbdd9084/players 200
2026-06-23 21:57:34 - POST /api/v1/teams/04c223c8-31c1-400b-b4a9-5e0edbdd9084/players 200
2026-06-23 21:57:34 - POST /api/v1/matches/ 201
2026-06-23 21:57:34 - POST /api/v1/matches/d979d964-330a-4ca0-b3b7-e908949ef9ce/toss 200
2026-06-23 21:57:34 - POST /api/v1/matches/d979d964-330a-4ca0-b3b7-e908949ef9ce/squads 200
2026-06-23 21:57:34 - POST /api/v1/matches/d979d964-330a-4ca0-b3b7-e908949ef9ce/squads 200
2026-06-23 21:57:34 - POST /api/v1/matches/d979d964-330a-4ca0-b3b7-e908949ef9ce/balls 201
2026-06-23 21:57:34 - POST /api/v1/matches/d979d964-330a-4ca0-b3b7-e908949ef9ce/balls 201
2026-06-23 21:57:34 - POST /api/v1/matches/d979d964-330a-4ca0-b3b7-e908949ef9ce/balls 201
2026-06-23 21:57:34 - POST /api/v1/matches/d979d964-330a-4ca0-b3b7-e908949ef9ce/balls 201
2026-06-23 21:57:34 - POST /api/v1/matches/d979d964-330a-4ca0-b3b7-e908949ef9ce/balls 201
2026-06-23 21:57:34 - POST /api/v1/matches/d979d964-330a-4ca0-b3b7-e908949ef9ce/balls 201
2026-06-23 21:57:34 - POST /api/v1/matches/d979d964-330a-4ca0-b3b7-e908949ef9ce/balls 201
2026-06-23 21:57:34 - GET /api/v1/matches/d979d964-330a-4ca0-b3b7-e908949ef9ce/scorecard 200
2026-06-23 21:57:37 - POST /api/v1/auth/signup 201
2026-06-23 21:57:37 - POST /api/v1/auth/login 200
2026-06-23 21:57:37 - POST /api/v1/auth/login 200
2026-06-23 21:57:37 - POST /api/v1/players/ 201
2026-06-23 21:57:37 - POST /api/v1/players/ 201
2026-06-23 21:57:37 - POST /api/v1/players/ 201
2026-06-23 21:57:37 - POST /api/v1/players/ 201
2026-06-23 21:57:37 - POST /api/v1/players/ 201
2026-06-23 21:57:37 - POST /api/v1/teams/ 201
2026-06-23 21:57:37 - POST /api/v1/teams/ 201
2026-06-23 21:57:37 - POST /api/v1/teams/9b740f98-de02-4136-bf09-a37c73449130/players 200
2026-06-23 21:57:37 - POST /api/v1/teams/9b740f98-de02-4136-bf09-a37c73449130/players 200
2026-06-23 21:57:37 - POST /api/v1/teams/9b740f98-de02-4136-bf09-a37c73449130/players 200
2026-06-23 21:57:37 - POST /api/v1/teams/69eeb83c-035f-4631-ad37-2ee96b8818e0/players 200
2026-06-23 21:57:37 - POST /api/v1/teams/69eeb83c-035f-4631-ad37-2ee96b8818e0/players 200
2026-06-23 21:57:37 - POST /api/v1/matches/ 201
2026-06-23 21:57:37 - POST /api/v1/matches/0e306a6e-b28a-48bb-bde3-5b87c625d8f8/toss 200
2026-06-23 21:57:37 - POST /api/v1/matches/0e306a6e-b28a-48bb-bde3-5b87c625d8f8/squads 200
2026-06-23 21:57:37 - POST /api/v1/matches/0e306a6e-b28a-48bb-bde3-5b87c625d8f8/squads 200
2026-06-23 21:57:38 - POST /api/v1/matches/0e306a6e-b28a-48bb-bde3-5b87c625d8f8/balls 201
2026-06-23 21:57:38 - GET /api/v1/matches/0e306a6e-b28a-48bb-bde3-5b87c625d8f8/live 200
2026-06-23 21:57:38 - POST /api/v1/matches/0e306a6e-b28a-48bb-bde3-5b87c625d8f8/balls 201
2026-06-23 21:57:38 - GET /api/v1/matches/0e306a6e-b28a-48bb-bde3-5b87c625d8f8/live 200
2026-06-23 21:57:38 - POST /api/v1/matches/0e306a6e-b28a-48bb-bde3-5b87c625d8f8/balls 201
2026-06-23 21:57:38 - GET /api/v1/matches/0e306a6e-b28a-48bb-bde3-5b87c625d8f8/live 200
2026-06-23 21:57:38 - POST /api/v1/matches/0e306a6e-b28a-48bb-bde3-5b87c625d8f8/balls 201
2026-06-23 21:57:38 - GET /api/v1/matches/0e306a6e-b28a-48bb-bde3-5b87c625d8f8/live 200
2026-06-23 21:57:38 - POST /api/v1/matches/0e306a6e-b28a-48bb-bde3-5b87c625d8f8/undo 200
2026-06-23 21:57:38 - GET /api/v1/matches/0e306a6e-b28a-48bb-bde3-5b87c625d8f8/live 200
2026-06-23 21:57:38 - GET /api/v1/auth/me 401
2026-06-23 21:57:38 - GET /api/v1/auth/me 401
2026-06-23 21:57:38 - POST /api/v1/auth/login 200
2026-06-23 21:57:38 - POST /api/v1/players/ 201
2026-06-23 21:57:38 - POST /api/v1/players/ 201
2026-06-23 21:57:38 - POST /api/v1/players/ 201
2026-06-23 21:57:38 - POST /api/v1/players/ 201
2026-06-23 21:57:38 - POST /api/v1/players/ 201
2026-06-23 21:57:38 - POST /api/v1/teams/ 201
2026-06-23 21:57:38 - POST /api/v1/teams/ 201
2026-06-23 21:57:38 - POST /api/v1/teams/80da0260-8274-4f6a-8667-5766bb1bbec7/players 200
2026-06-23 21:57:38 - POST /api/v1/teams/80da0260-8274-4f6a-8667-5766bb1bbec7/players 200
2026-06-23 21:57:38 - POST /api/v1/teams/80da0260-8274-4f6a-8667-5766bb1bbec7/players 200
2026-06-23 21:57:38 - POST /api/v1/teams/119a8c2a-e5e2-4241-8582-fa61ee6fe290/players 200
2026-06-23 21:57:38 - POST /api/v1/teams/119a8c2a-e5e2-4241-8582-fa61ee6fe290/players 200
2026-06-23 21:57:38 - POST /api/v1/matches/ 201
2026-06-23 21:57:38 - POST /api/v1/matches/ac260759-ecd9-4ff8-924e-5638e3eb457b/toss 200
2026-06-23 21:57:38 - POST /api/v1/matches/ac260759-ecd9-4ff8-924e-5638e3eb457b/squads 200
2026-06-23 21:57:38 - POST /api/v1/matches/ac260759-ecd9-4ff8-924e-5638e3eb457b/squads 200
2026-06-23 21:57:38 - POST /api/v1/matches/ac260759-ecd9-4ff8-924e-5638e3eb457b/balls 201
2026-06-23 21:57:38 - GET /api/v1/matches/ac260759-ecd9-4ff8-924e-5638e3eb457b/live 200
2026-06-23 21:57:38 - POST /api/v1/matches/ac260759-ecd9-4ff8-924e-5638e3eb457b/balls 201
2026-06-23 21:57:38 - GET /api/v1/matches/ac260759-ecd9-4ff8-924e-5638e3eb457b/live 200
2026-06-23 21:57:38 - POST /api/v1/matches/ac260759-ecd9-4ff8-924e-5638e3eb457b/balls 201
2026-06-23 21:57:38 - GET /api/v1/matches/ac260759-ecd9-4ff8-924e-5638e3eb457b/live 200
2026-06-23 21:57:38 - POST /api/v1/matches/ac260759-ecd9-4ff8-924e-5638e3eb457b/balls 201
2026-06-23 21:57:38 - GET /api/v1/matches/ac260759-ecd9-4ff8-924e-5638e3eb457b/live 200
2026-06-23 21:57:38 - POST /api/v1/matches/ac260759-ecd9-4ff8-924e-5638e3eb457b/balls 201
2026-06-23 21:57:38 - GET /api/v1/matches/ac260759-ecd9-4ff8-924e-5638e3eb457b/live 200
2026-06-23 21:57:38 - POST /api/v1/matches/ac260759-ecd9-4ff8-924e-5638e3eb457b/balls 201
2026-06-23 21:57:38 - GET /api/v1/matches/ac260759-ecd9-4ff8-924e-5638e3eb457b/live 200
2026-06-23 21:57:38 - POST /api/v1/matches/ac260759-ecd9-4ff8-924e-5638e3eb457b/balls 201
2026-06-23 21:57:38 - GET /api/v1/matches/ac260759-ecd9-4ff8-924e-5638e3eb457b/live 200
2026-06-23 21:57:38 - GET /api/v1/matches/ac260759-ecd9-4ff8-924e-5638e3eb457b/scorecard 200
2026-06-23 21:57:42 - POST /api/v1/auth/signup 201
2026-06-23 21:57:43 - POST /api/v1/auth/signup 201
2026-06-23 21:57:44 - POST /api/v1/auth/signup 201
2026-06-23 21:57:44 - POST /api/v1/auth/login 200
2026-06-23 21:57:44 - POST /api/v1/auth/login 200
2026-06-23 21:57:45 - POST /api/v1/auth/login 200
2026-06-23 21:57:45 - POST /api/v1/teams/ 201
2026-06-23 21:57:45 - GET /api/v1/teams/my-teams 200
2026-06-23 21:57:45 - POST /api/v1/teams/11d9b288-5ffc-476f-9d62-74c313c3b049/join-request 200
2026-06-23 21:57:45 - GET /api/v1/teams/my-teams 200
2026-06-23 21:57:45 - POST /api/v1/teams/11d9b288-5ffc-476f-9d62-74c313c3b049/approve-request 403
2026-06-23 21:57:45 - POST /api/v1/teams/11d9b288-5ffc-476f-9d62-74c313c3b049/approve-request 200
2026-06-23 21:57:45 - POST /api/v1/teams/11d9b288-5ffc-476f-9d62-74c313c3b049/members 200
2026-06-23 21:57:45 - POST /api/v1/teams/11d9b288-5ffc-476f-9d62-74c313c3b049/invitations/accept 200
2026-06-23 21:57:45 - GET /api/v1/teams/11d9b288-5ffc-476f-9d62-74c313c3b049/members 200
2026-06-23 21:57:45 - DELETE /api/v1/teams/11d9b288-5ffc-476f-9d62-74c313c3b049/members/35d9191b-b997-4f52-8cd6-1325e4279e20 204
2026-06-23 21:57:45 - GET /api/v1/teams/11d9b288-5ffc-476f-9d62-74c313c3b049/members 200
2026-06-23 21:57:45 - POST /api/v1/auth/login 200
2026-06-23 21:57:45 - POST /api/v1/teams/ 201
2026-06-23 21:57:46 - POST /api/v1/auth/login 200
2026-06-23 21:57:46 - POST /api/v1/teams/4c40ff20-35a0-4041-9dde-88644dbfd4db/members 200
2026-06-23 21:57:46 - GET /api/v1/notifications/ 200
2026-06-23 21:57:46 - GET /api/v1/teams/my-invitations 200
2026-06-23 21:57:46 - POST /api/v1/notifications/e2751c11-ae8f-43a1-a013-0c7415307c7d/read 200
2026-06-23 21:57:46 - POST /api/v1/teams/4c40ff20-35a0-4041-9dde-88644dbfd4db/invitations/accept 200
2026-06-23 21:57:46 - GET /api/v1/notifications/ 200
2026-06-23 21:57:46 - POST /api/v1/auth/login 200
2026-06-23 21:57:46 - POST /api/v1/teams/ 201
2026-06-23 21:57:47 - POST /api/v1/auth/login 200
2026-06-23 21:57:47 - POST /api/v1/teams/43851b27-d951-4492-a98c-0ff5d8498a40/members 200
2026-06-23 21:57:47 - POST /api/v1/teams/43851b27-d951-4492-a98c-0ff5d8498a40/invitations/reject 204
2026-06-23 21:57:47 - GET /api/v1/notifications/ 200
2026-06-23 21:57:47 - POST /api/v1/auth/login 200
2026-06-23 21:57:47 - POST /api/v1/teams/ 201
2026-06-23 21:57:48 - POST /api/v1/auth/login 200
2026-06-23 21:57:48 - POST /api/v1/teams/9caa8677-e5e6-4c3c-9589-85d96e573fc8/join-request 200
2026-06-23 21:57:48 - POST /api/v1/teams/9caa8677-e5e6-4c3c-9589-85d96e573fc8/reject-request 204
2026-06-23 21:57:48 - GET /api/v1/notifications/ 200
2026-06-23 21:57:48 - POST /api/v1/auth/login 200
2026-06-23 21:57:48 - POST /api/v1/teams/ 201
2026-06-23 21:57:49 - POST /api/v1/auth/login 200
2026-06-23 21:57:49 - PUT /api/v1/teams/821778ec-7160-48ae-826d-99f6a4ca09b7 403
2026-06-23 21:57:49 - DELETE /api/v1/teams/821778ec-7160-48ae-826d-99f6a4ca09b7 403
2026-06-23 21:57:49 - PUT /api/v1/teams/821778ec-7160-48ae-826d-99f6a4ca09b7 200
2026-06-23 21:57:49 - DELETE /api/v1/teams/821778ec-7160-48ae-826d-99f6a4ca09b7 204
2026-06-23 21:57:49 - GET /api/v1/teams/821778ec-7160-48ae-826d-99f6a4ca09b7 404
2026-06-23 21:57:50 - POST /api/v1/auth/login 200
2026-06-23 21:57:50 - GET /api/v1/notifications/ 200
2026-06-23 21:57:50 - POST /api/v1/notifications/read-all 204
2026-06-23 21:57:50 - GET /api/v1/notifications/ 200
2026-06-23 21:57:50 - POST /api/v1/auth/login 200
2026-06-23 21:57:50 - POST /api/v1/tournaments/ 201
2026-06-23 21:57:50 - POST /api/v1/players/ 201
2026-06-23 21:57:50 - POST /api/v1/players/ 201
2026-06-23 21:57:50 - POST /api/v1/players/ 201
2026-06-23 21:57:50 - POST /api/v1/players/ 201
2026-06-23 21:57:50 - POST /api/v1/teams/ 201
2026-06-23 21:57:50 - POST /api/v1/teams/552f079a-712a-4dd4-9116-051c846a95fa/players 200
2026-06-23 21:57:50 - POST /api/v1/teams/552f079a-712a-4dd4-9116-051c846a95fa/players 200
2026-06-23 21:57:50 - POST /api/v1/teams/552f079a-712a-4dd4-9116-051c846a95fa/players 200
2026-06-23 21:57:50 - POST /api/v1/teams/552f079a-712a-4dd4-9116-051c846a95fa/players 200
2026-06-23 21:57:50 - POST /api/v1/tournaments/7a3795f3-5767-4e4c-b85f-6024fb4cf1ef/teams 400
2026-06-23 21:57:50 - POST /api/v1/players/ 201
2026-06-23 21:57:50 - POST /api/v1/teams/552f079a-712a-4dd4-9116-051c846a95fa/players 200
2026-06-23 21:57:50 - POST /api/v1/tournaments/7a3795f3-5767-4e4c-b85f-6024fb4cf1ef/teams 200
2026-06-23 21:57:50 - DELETE /api/v1/tournaments/7a3795f3-5767-4e4c-b85f-6024fb4cf1ef/teams/552f079a-712a-4dd4-9116-051c846a95fa 200
2026-06-23 21:57:51 - POST /api/v1/auth/login 200
2026-06-23 21:57:51 - POST /api/v1/teams/ 201
2026-06-23 21:57:51 - POST /api/v1/players/ 201
2026-06-23 21:57:51 - POST /api/v1/teams/38fdef8e-1a7a-460b-a528-3d7704f109e0/players 200
2026-06-23 21:57:51 - POST /api/v1/players/ 201
2026-06-23 21:57:51 - POST /api/v1/teams/38fdef8e-1a7a-460b-a528-3d7704f109e0/players 200
2026-06-23 21:57:51 - POST /api/v1/players/ 201
2026-06-23 21:57:51 - POST /api/v1/teams/38fdef8e-1a7a-460b-a528-3d7704f109e0/players 200
2026-06-23 21:57:51 - POST /api/v1/players/ 201
2026-06-23 21:57:51 - POST /api/v1/teams/38fdef8e-1a7a-460b-a528-3d7704f109e0/players 200
2026-06-23 21:57:51 - POST /api/v1/players/ 201
2026-06-23 21:57:51 - POST /api/v1/teams/38fdef8e-1a7a-460b-a528-3d7704f109e0/players 200
2026-06-23 21:57:51 - POST /api/v1/teams/ 201
2026-06-23 21:57:51 - POST /api/v1/players/ 201
2026-06-23 21:57:51 - POST /api/v1/teams/77de2f2a-294d-4ba2-a279-5dc119ac0452/players 200
2026-06-23 21:57:51 - POST /api/v1/players/ 201
2026-06-23 21:57:51 - POST /api/v1/teams/77de2f2a-294d-4ba2-a279-5dc119ac0452/players 200
2026-06-23 21:57:51 - POST /api/v1/players/ 201
2026-06-23 21:57:51 - POST /api/v1/teams/77de2f2a-294d-4ba2-a279-5dc119ac0452/players 200
2026-06-23 21:57:51 - POST /api/v1/players/ 201
2026-06-23 21:57:51 - POST /api/v1/teams/77de2f2a-294d-4ba2-a279-5dc119ac0452/players 200
2026-06-23 21:57:51 - POST /api/v1/players/ 201
2026-06-23 21:57:51 - POST /api/v1/teams/77de2f2a-294d-4ba2-a279-5dc119ac0452/players 200
2026-06-23 21:57:51 - POST /api/v1/tournaments/ 201
2026-06-23 21:57:51 - POST /api/v1/tournaments/d545535d-dd96-4c97-9b7f-673e378106f2/teams 200
2026-06-23 21:57:51 - POST /api/v1/tournaments/d545535d-dd96-4c97-9b7f-673e378106f2/teams 200
2026-06-23 21:57:51 - POST /api/v1/tournaments/d545535d-dd96-4c97-9b7f-673e378106f2/fixtures/generate 201
2026-06-23 21:57:51 - GET /api/v1/tournaments/d545535d-dd96-4c97-9b7f-673e378106f2/dashboard 200
2026-06-23 21:57:51 - POST /api/v1/matches/bbea35c7-f8a7-4385-91f1-b0c05e0f60e8/toss 200
2026-06-23 21:57:51 - GET /api/v1/teams/38fdef8e-1a7a-460b-a528-3d7704f109e0 200
2026-06-23 21:57:51 - GET /api/v1/teams/77de2f2a-294d-4ba2-a279-5dc119ac0452 200
2026-06-23 21:57:51 - POST /api/v1/matches/bbea35c7-f8a7-4385-91f1-b0c05e0f60e8/squads 200
2026-06-23 21:57:51 - POST /api/v1/matches/bbea35c7-f8a7-4385-91f1-b0c05e0f60e8/squads 200
2026-06-23 21:57:51 - POST /api/v1/matches/bbea35c7-f8a7-4385-91f1-b0c05e0f60e8/balls 201
2026-06-23 21:57:51 - POST /api/v1/matches/bbea35c7-f8a7-4385-91f1-b0c05e0f60e8/balls 201
2026-06-23 21:57:51 - POST /api/v1/matches/bbea35c7-f8a7-4385-91f1-b0c05e0f60e8/balls 201
2026-06-23 21:57:51 - POST /api/v1/matches/bbea35c7-f8a7-4385-91f1-b0c05e0f60e8/balls 201
2026-06-23 21:57:51 - POST /api/v1/matches/bbea35c7-f8a7-4385-91f1-b0c05e0f60e8/balls 201
2026-06-23 21:57:51 - POST /api/v1/matches/bbea35c7-f8a7-4385-91f1-b0c05e0f60e8/balls 201
2026-06-23 21:57:51 - POST /api/v1/matches/bbea35c7-f8a7-4385-91f1-b0c05e0f60e8/balls 201
2026-06-23 21:57:51 - POST /api/v1/matches/bbea35c7-f8a7-4385-91f1-b0c05e0f60e8/balls 201
2026-06-23 21:57:51 - POST /api/v1/matches/bbea35c7-f8a7-4385-91f1-b0c05e0f60e8/balls 201
2026-06-23 21:57:51 - GET /api/v1/tournaments/d545535d-dd96-4c97-9b7f-673e378106f2/points-table 200
2026-06-23 21:57:51 - GET /api/v1/tournaments/d545535d-dd96-4c97-9b7f-673e378106f2/leaderboards 200
2026-06-23 21:57:51 - POST /api/v1/auth/login 200
2026-06-23 21:57:51 - POST /api/v1/teams/ 201
2026-06-23 21:57:51 - POST /api/v1/players/ 201
2026-06-23 21:57:51 - POST /api/v1/teams/a3085b37-86c9-44cc-b627-7836166bfb0f/players 200
2026-06-23 21:57:51 - POST /api/v1/players/ 201
2026-06-23 21:57:51 - POST /api/v1/teams/a3085b37-86c9-44cc-b627-7836166bfb0f/players 200
2026-06-23 21:57:51 - POST /api/v1/players/ 201
2026-06-23 21:57:51 - POST /api/v1/teams/a3085b37-86c9-44cc-b627-7836166bfb0f/players 200
2026-06-23 21:57:51 - POST /api/v1/players/ 201
2026-06-23 21:57:51 - POST /api/v1/teams/a3085b37-86c9-44cc-b627-7836166bfb0f/players 200
2026-06-23 21:57:51 - POST /api/v1/players/ 201
2026-06-23 21:57:51 - POST /api/v1/teams/a3085b37-86c9-44cc-b627-7836166bfb0f/players 200
2026-06-23 21:57:51 - POST /api/v1/teams/ 201
2026-06-23 21:57:51 - POST /api/v1/players/ 201
2026-06-23 21:57:51 - POST /api/v1/teams/26eed129-de65-48f2-96d3-a05b88d4ede1/players 200
2026-06-23 21:57:51 - POST /api/v1/players/ 201
2026-06-23 21:57:52 - POST /api/v1/teams/26eed129-de65-48f2-96d3-a05b88d4ede1/players 200
2026-06-23 21:57:52 - POST /api/v1/players/ 201
2026-06-23 21:57:52 - POST /api/v1/teams/26eed129-de65-48f2-96d3-a05b88d4ede1/players 200
2026-06-23 21:57:52 - POST /api/v1/players/ 201
2026-06-23 21:57:52 - POST /api/v1/teams/26eed129-de65-48f2-96d3-a05b88d4ede1/players 200
2026-06-23 21:57:52 - POST /api/v1/players/ 201
2026-06-23 21:57:52 - POST /api/v1/teams/26eed129-de65-48f2-96d3-a05b88d4ede1/players 200
2026-06-23 21:57:52 - POST /api/v1/teams/ 201
2026-06-23 21:57:52 - POST /api/v1/players/ 201
2026-06-23 21:57:52 - POST /api/v1/teams/4deabc3d-b64a-4444-a248-6ba34f03ef96/players 200
2026-06-23 21:57:52 - POST /api/v1/players/ 201
2026-06-23 21:57:52 - POST /api/v1/teams/4deabc3d-b64a-4444-a248-6ba34f03ef96/players 200
2026-06-23 21:57:52 - POST /api/v1/players/ 201
2026-06-23 21:57:52 - POST /api/v1/teams/4deabc3d-b64a-4444-a248-6ba34f03ef96/players 200
2026-06-23 21:57:52 - POST /api/v1/players/ 201
2026-06-23 21:57:52 - POST /api/v1/teams/4deabc3d-b64a-4444-a248-6ba34f03ef96/players 200
2026-06-23 21:57:52 - POST /api/v1/players/ 201
2026-06-23 21:57:52 - POST /api/v1/teams/4deabc3d-b64a-4444-a248-6ba34f03ef96/players 200
2026-06-23 21:57:52 - POST /api/v1/teams/ 201
2026-06-23 21:57:52 - POST /api/v1/players/ 201
2026-06-23 21:57:52 - POST /api/v1/teams/374a57ff-1ac3-4f66-a3f5-41599c309b77/players 200
2026-06-23 21:57:52 - POST /api/v1/players/ 201
2026-06-23 21:57:52 - POST /api/v1/teams/374a57ff-1ac3-4f66-a3f5-41599c309b77/players 200
2026-06-23 21:57:52 - POST /api/v1/players/ 201
2026-06-23 21:57:52 - POST /api/v1/teams/374a57ff-1ac3-4f66-a3f5-41599c309b77/players 200
2026-06-23 21:57:52 - POST /api/v1/players/ 201
2026-06-23 21:57:52 - POST /api/v1/teams/374a57ff-1ac3-4f66-a3f5-41599c309b77/players 200
2026-06-23 21:57:52 - POST /api/v1/players/ 201
2026-06-23 21:57:52 - POST /api/v1/teams/374a57ff-1ac3-4f66-a3f5-41599c309b77/players 200
2026-06-23 21:57:52 - POST /api/v1/tournaments/ 201
2026-06-23 21:57:52 - POST /api/v1/tournaments/8b0598ec-cb64-4c3c-a5fe-c71895fb53aa/teams 200
2026-06-23 21:57:52 - POST /api/v1/tournaments/8b0598ec-cb64-4c3c-a5fe-c71895fb53aa/teams 200
2026-06-23 21:57:52 - POST /api/v1/tournaments/8b0598ec-cb64-4c3c-a5fe-c71895fb53aa/teams 200
2026-06-23 21:57:52 - POST /api/v1/tournaments/8b0598ec-cb64-4c3c-a5fe-c71895fb53aa/teams 200
2026-06-23 21:57:52 - POST /api/v1/tournaments/8b0598ec-cb64-4c3c-a5fe-c71895fb53aa/fixtures/generate 201
2026-06-23 21:57:52 - GET /api/v1/tournaments/8b0598ec-cb64-4c3c-a5fe-c71895fb53aa/dashboard 200
2026-06-23 21:57:52 - GET /api/v1/tournaments/8b0598ec-cb64-4c3c-a5fe-c71895fb53aa/dashboard 200
2026-06-23 21:57:52 - POST /api/v1/matches/3b9d8952-dbb0-4718-a6ee-4dec8b13986c/toss 200
2026-06-23 21:57:52 - GET /api/v1/teams/26eed129-de65-48f2-96d3-a05b88d4ede1 200
2026-06-23 21:57:52 - GET /api/v1/teams/374a57ff-1ac3-4f66-a3f5-41599c309b77 200
2026-06-23 21:57:52 - POST /api/v1/matches/3b9d8952-dbb0-4718-a6ee-4dec8b13986c/squads 200
2026-06-23 21:57:52 - POST /api/v1/matches/3b9d8952-dbb0-4718-a6ee-4dec8b13986c/squads 200
2026-06-23 21:57:52 - POST /api/v1/matches/3b9d8952-dbb0-4718-a6ee-4dec8b13986c/balls 201
2026-06-23 21:57:52 - POST /api/v1/matches/3b9d8952-dbb0-4718-a6ee-4dec8b13986c/balls 201
2026-06-23 21:57:52 - POST /api/v1/matches/3b9d8952-dbb0-4718-a6ee-4dec8b13986c/balls 201
2026-06-23 21:57:52 - POST /api/v1/matches/3b9d8952-dbb0-4718-a6ee-4dec8b13986c/balls 201
2026-06-23 21:57:52 - POST /api/v1/matches/3b9d8952-dbb0-4718-a6ee-4dec8b13986c/balls 201
2026-06-23 21:57:52 - POST /api/v1/matches/3b9d8952-dbb0-4718-a6ee-4dec8b13986c/balls 201
2026-06-23 21:57:52 - POST /api/v1/matches/3b9d8952-dbb0-4718-a6ee-4dec8b13986c/balls 201
2026-06-23 21:57:52 - POST /api/v1/matches/3b9d8952-dbb0-4718-a6ee-4dec8b13986c/balls 201
2026-06-23 21:57:52 - POST /api/v1/matches/3b9d8952-dbb0-4718-a6ee-4dec8b13986c/balls 201
2026-06-23 21:57:52 - POST /api/v1/matches/3b9d8952-dbb0-4718-a6ee-4dec8b13986c/balls 201
2026-06-23 21:57:52 - POST /api/v1/matches/3b9d8952-dbb0-4718-a6ee-4dec8b13986c/balls 201
2026-06-23 21:57:52 - POST /api/v1/matches/3b9d8952-dbb0-4718-a6ee-4dec8b13986c/balls 201
2026-06-23 21:57:52 - POST /api/v1/matches/fc3e836f-685d-40ae-90d9-da9570f0b373/toss 200
2026-06-23 21:57:52 - GET /api/v1/teams/26eed129-de65-48f2-96d3-a05b88d4ede1 200
2026-06-23 21:57:52 - GET /api/v1/teams/4deabc3d-b64a-4444-a248-6ba34f03ef96 200
2026-06-23 21:57:52 - POST /api/v1/matches/fc3e836f-685d-40ae-90d9-da9570f0b373/squads 200
2026-06-23 21:57:52 - POST /api/v1/matches/fc3e836f-685d-40ae-90d9-da9570f0b373/squads 200
2026-06-23 21:57:52 - POST /api/v1/matches/fc3e836f-685d-40ae-90d9-da9570f0b373/balls 201
2026-06-23 21:57:52 - POST /api/v1/matches/fc3e836f-685d-40ae-90d9-da9570f0b373/balls 201
2026-06-23 21:57:52 - POST /api/v1/matches/fc3e836f-685d-40ae-90d9-da9570f0b373/balls 201
2026-06-23 21:57:52 - POST /api/v1/matches/fc3e836f-685d-40ae-90d9-da9570f0b373/balls 201
2026-06-23 21:57:52 - POST /api/v1/matches/fc3e836f-685d-40ae-90d9-da9570f0b373/balls 201
2026-06-23 21:57:52 - POST /api/v1/matches/fc3e836f-685d-40ae-90d9-da9570f0b373/balls 201
2026-06-23 21:57:52 - POST /api/v1/matches/fc3e836f-685d-40ae-90d9-da9570f0b373/balls 201
2026-06-23 21:57:52 - POST /api/v1/matches/fc3e836f-685d-40ae-90d9-da9570f0b373/balls 201
2026-06-23 21:57:52 - POST /api/v1/matches/fc3e836f-685d-40ae-90d9-da9570f0b373/balls 201
2026-06-23 21:57:52 - POST /api/v1/matches/fc3e836f-685d-40ae-90d9-da9570f0b373/balls 201
2026-06-23 21:57:52 - POST /api/v1/matches/fc3e836f-685d-40ae-90d9-da9570f0b373/balls 201
2026-06-23 21:57:52 - POST /api/v1/matches/fc3e836f-685d-40ae-90d9-da9570f0b373/balls 201
2026-06-23 21:57:52 - POST /api/v1/matches/974b9a1b-e0f6-4947-b194-d92eb960b6e1/toss 200
2026-06-23 21:57:52 - GET /api/v1/teams/a3085b37-86c9-44cc-b627-7836166bfb0f 200
2026-06-23 21:57:52 - GET /api/v1/teams/26eed129-de65-48f2-96d3-a05b88d4ede1 200
2026-06-23 21:57:52 - POST /api/v1/matches/974b9a1b-e0f6-4947-b194-d92eb960b6e1/squads 200
2026-06-23 21:57:52 - POST /api/v1/matches/974b9a1b-e0f6-4947-b194-d92eb960b6e1/squads 200
2026-06-23 21:57:52 - POST /api/v1/matches/974b9a1b-e0f6-4947-b194-d92eb960b6e1/balls 201
2026-06-23 21:57:52 - POST /api/v1/matches/974b9a1b-e0f6-4947-b194-d92eb960b6e1/balls 201
2026-06-23 21:57:52 - POST /api/v1/matches/974b9a1b-e0f6-4947-b194-d92eb960b6e1/balls 201
2026-06-23 21:57:52 - POST /api/v1/matches/974b9a1b-e0f6-4947-b194-d92eb960b6e1/balls 201
2026-06-23 21:57:52 - POST /api/v1/matches/974b9a1b-e0f6-4947-b194-d92eb960b6e1/balls 201
2026-06-23 21:57:52 - POST /api/v1/matches/974b9a1b-e0f6-4947-b194-d92eb960b6e1/balls 201
2026-06-23 21:57:52 - POST /api/v1/matches/974b9a1b-e0f6-4947-b194-d92eb960b6e1/balls 201
2026-06-23 21:57:52 - POST /api/v1/matches/974b9a1b-e0f6-4947-b194-d92eb960b6e1/balls 201
2026-06-23 21:57:52 - POST /api/v1/matches/974b9a1b-e0f6-4947-b194-d92eb960b6e1/balls 201
2026-06-23 21:57:52 - POST /api/v1/matches/974b9a1b-e0f6-4947-b194-d92eb960b6e1/balls 201
2026-06-23 21:57:52 - POST /api/v1/matches/974b9a1b-e0f6-4947-b194-d92eb960b6e1/balls 201
2026-06-23 21:57:52 - POST /api/v1/matches/974b9a1b-e0f6-4947-b194-d92eb960b6e1/balls 201
2026-06-23 21:57:52 - POST /api/v1/matches/dfc4e90f-9956-4ad1-b125-4ec9a8e6d020/toss 200
2026-06-23 21:57:52 - GET /api/v1/teams/4deabc3d-b64a-4444-a248-6ba34f03ef96 200
2026-06-23 21:57:52 - GET /api/v1/teams/374a57ff-1ac3-4f66-a3f5-41599c309b77 200
2026-06-23 21:57:52 - POST /api/v1/matches/dfc4e90f-9956-4ad1-b125-4ec9a8e6d020/squads 200
2026-06-23 21:57:52 - POST /api/v1/matches/dfc4e90f-9956-4ad1-b125-4ec9a8e6d020/squads 200
2026-06-23 21:57:52 - POST /api/v1/matches/dfc4e90f-9956-4ad1-b125-4ec9a8e6d020/balls 201
2026-06-23 21:57:52 - POST /api/v1/matches/dfc4e90f-9956-4ad1-b125-4ec9a8e6d020/balls 201
2026-06-23 21:57:52 - POST /api/v1/matches/dfc4e90f-9956-4ad1-b125-4ec9a8e6d020/balls 201
2026-06-23 21:57:52 - POST /api/v1/matches/dfc4e90f-9956-4ad1-b125-4ec9a8e6d020/balls 201
2026-06-23 21:57:52 - POST /api/v1/matches/dfc4e90f-9956-4ad1-b125-4ec9a8e6d020/balls 201
2026-06-23 21:57:52 - POST /api/v1/matches/dfc4e90f-9956-4ad1-b125-4ec9a8e6d020/balls 201
2026-06-23 21:57:52 - POST /api/v1/matches/dfc4e90f-9956-4ad1-b125-4ec9a8e6d020/balls 201
2026-06-23 21:57:52 - POST /api/v1/matches/dfc4e90f-9956-4ad1-b125-4ec9a8e6d020/balls 201
2026-06-23 21:57:52 - POST /api/v1/matches/dfc4e90f-9956-4ad1-b125-4ec9a8e6d020/balls 201
2026-06-23 21:57:52 - POST /api/v1/matches/dfc4e90f-9956-4ad1-b125-4ec9a8e6d020/balls 201
2026-06-23 21:57:52 - POST /api/v1/matches/dfc4e90f-9956-4ad1-b125-4ec9a8e6d020/balls 201
2026-06-23 21:57:52 - POST /api/v1/matches/dfc4e90f-9956-4ad1-b125-4ec9a8e6d020/balls 201
2026-06-23 21:57:52 - POST /api/v1/matches/4be4b75b-95fb-4887-832d-6809b021ed8e/toss 200
2026-06-23 21:57:52 - GET /api/v1/teams/a3085b37-86c9-44cc-b627-7836166bfb0f 200
2026-06-23 21:57:52 - GET /api/v1/teams/374a57ff-1ac3-4f66-a3f5-41599c309b77 200
2026-06-23 21:57:52 - POST /api/v1/matches/4be4b75b-95fb-4887-832d-6809b021ed8e/squads 200
2026-06-23 21:57:52 - POST /api/v1/matches/4be4b75b-95fb-4887-832d-6809b021ed8e/squads 200
2026-06-23 21:57:52 - POST /api/v1/matches/4be4b75b-95fb-4887-832d-6809b021ed8e/balls 201
2026-06-23 21:57:52 - POST /api/v1/matches/4be4b75b-95fb-4887-832d-6809b021ed8e/balls 201
2026-06-23 21:57:52 - POST /api/v1/matches/4be4b75b-95fb-4887-832d-6809b021ed8e/balls 201
2026-06-23 21:57:52 - POST /api/v1/matches/4be4b75b-95fb-4887-832d-6809b021ed8e/balls 201
2026-06-23 21:57:52 - POST /api/v1/matches/4be4b75b-95fb-4887-832d-6809b021ed8e/balls 201
2026-06-23 21:57:52 - POST /api/v1/matches/4be4b75b-95fb-4887-832d-6809b021ed8e/balls 201
2026-06-23 21:57:52 - POST /api/v1/matches/4be4b75b-95fb-4887-832d-6809b021ed8e/balls 201
2026-06-23 21:57:52 - POST /api/v1/matches/4be4b75b-95fb-4887-832d-6809b021ed8e/balls 201
2026-06-23 21:57:52 - POST /api/v1/matches/4be4b75b-95fb-4887-832d-6809b021ed8e/balls 201
2026-06-23 21:57:52 - POST /api/v1/matches/4be4b75b-95fb-4887-832d-6809b021ed8e/balls 201
2026-06-23 21:57:53 - POST /api/v1/matches/4be4b75b-95fb-4887-832d-6809b021ed8e/balls 201
2026-06-23 21:57:53 - POST /api/v1/matches/4be4b75b-95fb-4887-832d-6809b021ed8e/balls 201
2026-06-23 21:57:53 - POST /api/v1/matches/2c700a70-b448-42fc-80ea-c0562cbed348/toss 200
2026-06-23 21:57:53 - GET /api/v1/teams/a3085b37-86c9-44cc-b627-7836166bfb0f 200
2026-06-23 21:57:53 - GET /api/v1/teams/4deabc3d-b64a-4444-a248-6ba34f03ef96 200
2026-06-23 21:57:53 - POST /api/v1/matches/2c700a70-b448-42fc-80ea-c0562cbed348/squads 200
2026-06-23 21:57:53 - POST /api/v1/matches/2c700a70-b448-42fc-80ea-c0562cbed348/squads 200
2026-06-23 21:57:53 - POST /api/v1/matches/2c700a70-b448-42fc-80ea-c0562cbed348/balls 201
2026-06-23 21:57:53 - POST /api/v1/matches/2c700a70-b448-42fc-80ea-c0562cbed348/balls 201
2026-06-23 21:57:53 - POST /api/v1/matches/2c700a70-b448-42fc-80ea-c0562cbed348/balls 201
2026-06-23 21:57:53 - POST /api/v1/matches/2c700a70-b448-42fc-80ea-c0562cbed348/balls 201
2026-06-23 21:57:53 - POST /api/v1/matches/2c700a70-b448-42fc-80ea-c0562cbed348/balls 201
2026-06-23 21:57:53 - POST /api/v1/matches/2c700a70-b448-42fc-80ea-c0562cbed348/balls 201
2026-06-23 21:57:53 - POST /api/v1/matches/2c700a70-b448-42fc-80ea-c0562cbed348/balls 201
2026-06-23 21:57:53 - POST /api/v1/matches/2c700a70-b448-42fc-80ea-c0562cbed348/balls 201
2026-06-23 21:57:53 - POST /api/v1/matches/2c700a70-b448-42fc-80ea-c0562cbed348/balls 201
2026-06-23 21:57:53 - POST /api/v1/matches/2c700a70-b448-42fc-80ea-c0562cbed348/balls 201
2026-06-23 21:57:53 - POST /api/v1/matches/2c700a70-b448-42fc-80ea-c0562cbed348/balls 201
2026-06-23 21:57:53 - POST /api/v1/matches/2c700a70-b448-42fc-80ea-c0562cbed348/balls 201
2026-06-23 21:57:53 - GET /api/v1/tournaments/8b0598ec-cb64-4c3c-a5fe-c71895fb53aa/dashboard 200
2026-06-23 21:57:53 - POST /api/v1/matches/a36b8742-fb5a-478b-90e4-f31ec425b504/toss 200
2026-06-23 21:57:53 - GET /api/v1/teams/a3085b37-86c9-44cc-b627-7836166bfb0f 200
2026-06-23 21:57:53 - GET /api/v1/teams/374a57ff-1ac3-4f66-a3f5-41599c309b77 200
2026-06-23 21:57:53 - POST /api/v1/matches/a36b8742-fb5a-478b-90e4-f31ec425b504/squads 200
2026-06-23 21:57:53 - POST /api/v1/matches/a36b8742-fb5a-478b-90e4-f31ec425b504/squads 200
2026-06-23 21:57:53 - POST /api/v1/matches/a36b8742-fb5a-478b-90e4-f31ec425b504/balls 201
2026-06-23 21:57:53 - POST /api/v1/matches/a36b8742-fb5a-478b-90e4-f31ec425b504/balls 201
2026-06-23 21:57:53 - POST /api/v1/matches/a36b8742-fb5a-478b-90e4-f31ec425b504/balls 201
2026-06-23 21:57:53 - POST /api/v1/matches/a36b8742-fb5a-478b-90e4-f31ec425b504/balls 201
2026-06-23 21:57:53 - POST /api/v1/matches/a36b8742-fb5a-478b-90e4-f31ec425b504/balls 201
2026-06-23 21:57:53 - POST /api/v1/matches/a36b8742-fb5a-478b-90e4-f31ec425b504/balls 201
2026-06-23 21:57:53 - POST /api/v1/matches/a36b8742-fb5a-478b-90e4-f31ec425b504/balls 201
2026-06-23 21:57:53 - POST /api/v1/matches/a36b8742-fb5a-478b-90e4-f31ec425b504/balls 201
2026-06-23 21:57:53 - POST /api/v1/matches/a36b8742-fb5a-478b-90e4-f31ec425b504/balls 201
2026-06-23 21:57:53 - POST /api/v1/matches/a36b8742-fb5a-478b-90e4-f31ec425b504/balls 201
2026-06-23 21:57:53 - POST /api/v1/matches/a36b8742-fb5a-478b-90e4-f31ec425b504/balls 201
2026-06-23 21:57:53 - POST /api/v1/matches/a36b8742-fb5a-478b-90e4-f31ec425b504/balls 201
2026-06-23 21:57:53 - POST /api/v1/matches/fd62fe02-638d-4bee-8e86-5a92f64ce7bc/toss 200
2026-06-23 21:57:53 - GET /api/v1/teams/26eed129-de65-48f2-96d3-a05b88d4ede1 200
2026-06-23 21:57:53 - GET /api/v1/teams/4deabc3d-b64a-4444-a248-6ba34f03ef96 200
2026-06-23 21:57:53 - POST /api/v1/matches/fd62fe02-638d-4bee-8e86-5a92f64ce7bc/squads 200
2026-06-23 21:57:53 - POST /api/v1/matches/fd62fe02-638d-4bee-8e86-5a92f64ce7bc/squads 200
2026-06-23 21:57:53 - POST /api/v1/matches/fd62fe02-638d-4bee-8e86-5a92f64ce7bc/balls 201
2026-06-23 21:57:53 - POST /api/v1/matches/fd62fe02-638d-4bee-8e86-5a92f64ce7bc/balls 201
2026-06-23 21:57:53 - POST /api/v1/matches/fd62fe02-638d-4bee-8e86-5a92f64ce7bc/balls 201
2026-06-23 21:57:53 - POST /api/v1/matches/fd62fe02-638d-4bee-8e86-5a92f64ce7bc/balls 201
2026-06-23 21:57:53 - POST /api/v1/matches/fd62fe02-638d-4bee-8e86-5a92f64ce7bc/balls 201
2026-06-23 21:57:53 - POST /api/v1/matches/fd62fe02-638d-4bee-8e86-5a92f64ce7bc/balls 201
2026-06-23 21:57:53 - POST /api/v1/matches/fd62fe02-638d-4bee-8e86-5a92f64ce7bc/balls 201
2026-06-23 21:57:53 - POST /api/v1/matches/fd62fe02-638d-4bee-8e86-5a92f64ce7bc/balls 201
2026-06-23 21:57:53 - POST /api/v1/matches/fd62fe02-638d-4bee-8e86-5a92f64ce7bc/balls 201
2026-06-23 21:57:53 - POST /api/v1/matches/fd62fe02-638d-4bee-8e86-5a92f64ce7bc/balls 201
2026-06-23 21:57:53 - POST /api/v1/matches/fd62fe02-638d-4bee-8e86-5a92f64ce7bc/balls 201
2026-06-23 21:57:53 - POST /api/v1/matches/fd62fe02-638d-4bee-8e86-5a92f64ce7bc/balls 201
2026-06-23 21:57:53 - GET /api/v1/tournaments/8b0598ec-cb64-4c3c-a5fe-c71895fb53aa/dashboard 200
2026-06-23 21:57:53 - POST /api/v1/matches/a86722e6-a099-4097-a285-cf231ebc8313/toss 200
2026-06-23 21:57:53 - GET /api/v1/teams/a3085b37-86c9-44cc-b627-7836166bfb0f 200
2026-06-23 21:57:53 - GET /api/v1/teams/26eed129-de65-48f2-96d3-a05b88d4ede1 200
2026-06-23 21:57:53 - POST /api/v1/matches/a86722e6-a099-4097-a285-cf231ebc8313/squads 200
2026-06-23 21:57:53 - POST /api/v1/matches/a86722e6-a099-4097-a285-cf231ebc8313/squads 200
2026-06-23 21:57:53 - POST /api/v1/matches/a86722e6-a099-4097-a285-cf231ebc8313/balls 201
2026-06-23 21:57:53 - POST /api/v1/matches/a86722e6-a099-4097-a285-cf231ebc8313/balls 201
2026-06-23 21:57:53 - POST /api/v1/matches/a86722e6-a099-4097-a285-cf231ebc8313/balls 201
2026-06-23 21:57:53 - POST /api/v1/matches/a86722e6-a099-4097-a285-cf231ebc8313/balls 201
2026-06-23 21:57:53 - POST /api/v1/matches/a86722e6-a099-4097-a285-cf231ebc8313/balls 201
2026-06-23 21:57:53 - POST /api/v1/matches/a86722e6-a099-4097-a285-cf231ebc8313/balls 201
2026-06-23 21:57:53 - POST /api/v1/matches/a86722e6-a099-4097-a285-cf231ebc8313/balls 201
2026-06-23 21:57:53 - POST /api/v1/matches/a86722e6-a099-4097-a285-cf231ebc8313/balls 201
2026-06-23 21:57:53 - POST /api/v1/matches/a86722e6-a099-4097-a285-cf231ebc8313/balls 201
2026-06-23 21:57:53 - POST /api/v1/matches/a86722e6-a099-4097-a285-cf231ebc8313/balls 201
2026-06-23 21:57:53 - POST /api/v1/matches/a86722e6-a099-4097-a285-cf231ebc8313/balls 201
2026-06-23 21:57:53 - POST /api/v1/matches/a86722e6-a099-4097-a285-cf231ebc8313/balls 201
2026-06-23 21:57:53 - GET /api/v1/tournaments/8b0598ec-cb64-4c3c-a5fe-c71895fb53aa/dashboard 200
2026-06-23 22:02:29 - POST /api/v1/auth/google 200
2026-06-23 22:02:29 - GET /api/v1/auth/me 200
2026-06-23 22:03:48 - GET /api/v1/debug-logs 404
2026-06-23 22:04:38 - GET /api/v1/auth/me 401
2026-06-23 22:04:38 - POST /api/v1/auth/refresh 200
2026-06-23 22:04:38 - GET /api/v1/auth/me 200
2026-06-23 22:05:17 - GET /api/v1/debug-logs 200
2026-06-23 22:05:27 - GET /api/v1/debug-logs 200
2026-06-23 22:15:25 - POST /api/v1/auth/signup 422
2026-06-23 22:15:25 - POST /api/v1/auth/signup 422
2026-06-23 22:15:25 - POST /api/v1/auth/signup 422
2026-06-23 22:15:25 - POST /api/v1/auth/signup 422
2026-06-23 22:15:28 - POST /api/v1/auth/signup 201
2026-06-23 22:15:28 - POST /api/v1/auth/login 400
2026-06-23 22:15:28 - POST /api/v1/auth/verify-otp 200
2026-06-23 22:15:33 - POST /api/v1/auth/signup 201
2026-06-23 22:15:33 - POST /api/v1/auth/resend-otp 429
2026-06-23 22:15:37 - POST /api/v1/auth/resend-otp 200
2026-06-23 22:15:38 - POST /api/v1/auth/login 400
2026-06-23 22:15:39 - POST /api/v1/auth/login 400
2026-06-23 22:15:39 - POST /api/v1/auth/login 400
2026-06-23 22:15:40 - POST /api/v1/auth/login 400
2026-06-23 22:15:40 - POST /api/v1/auth/login 400
2026-06-23 22:15:40 - POST /api/v1/auth/login 403
2026-06-23 22:15:41 - POST /api/v1/auth/login 200
2026-06-23 22:15:41 - POST /api/v1/auth/forgot-password 404
2026-06-23 22:15:47 - POST /api/v1/auth/forgot-password 200
2026-06-23 22:15:47 - POST /api/v1/auth/verify-reset-otp 400
2026-06-23 22:15:47 - POST /api/v1/auth/verify-reset-otp 200
2026-06-23 22:15:47 - POST /api/v1/auth/reset-password 422
2026-06-23 22:15:48 - POST /api/v1/auth/reset-password 200
2026-06-23 22:15:49 - POST /api/v1/auth/login 200
2026-06-23 22:15:50 - POST /api/v1/auth/login 200
2026-06-23 22:15:50 - POST /api/v1/auth/complete-profile 200
2026-06-23 22:15:51 - POST /api/v1/auth/login 200
2026-06-23 22:15:51 - POST /api/v1/auth/refresh 200
2026-06-23 22:15:51 - POST /api/v1/auth/logout 200
2026-06-23 22:15:51 - POST /api/v1/auth/refresh 401
2026-06-23 22:15:56 - POST /api/v1/auth/signup 201
2026-06-23 22:15:56 - POST /api/v1/auth/signup 400
2026-06-23 22:15:56 - POST /api/v1/auth/login 400
2026-06-23 22:15:56 - POST /api/v1/auth/forgot-password 400
2026-06-23 22:15:56 - POST /api/v1/auth/verify-reset-otp 400
2026-06-23 22:15:56 - POST /api/v1/auth/reset-password 400
2026-06-23 22:15:57 - POST /api/v1/auth/signup 400
2026-06-23 22:16:01 - POST /api/v1/auth/signup 201
2026-06-23 22:16:10 - POST /api/v1/auth/signup 201
2026-06-23 22:16:10 - POST /api/v1/auth/login 200
2026-06-23 22:16:11 - POST /api/v1/auth/login 200
2026-06-23 22:16:11 - POST /api/v1/teams/ 201
2026-06-23 22:16:11 - GET /api/v1/teams/ 200
2026-06-23 22:16:11 - PUT /api/v1/teams/734f33de-b910-4141-a619-b667e21a9185 403
2026-06-23 22:16:11 - DELETE /api/v1/teams/734f33de-b910-4141-a619-b667e21a9185 403
2026-06-23 22:16:11 - POST /api/v1/players/ 201
2026-06-23 22:16:11 - GET /api/v1/players/ 200
2026-06-23 22:16:11 - PUT /api/v1/players/ce647f7a-bd32-4efc-97dc-2f2e6258b45f 403
2026-06-23 22:16:11 - DELETE /api/v1/players/ce647f7a-bd32-4efc-97dc-2f2e6258b45f 403
2026-06-23 22:16:16 - POST /api/v1/auth/signup 201
2026-06-23 22:16:17 - POST /api/v1/auth/login 200
2026-06-23 22:16:17 - POST /api/v1/teams/ 201
2026-06-23 22:16:17 - POST /api/v1/teams/ 201
2026-06-23 22:16:17 - POST /api/v1/players/ 201
2026-06-23 22:16:17 - POST /api/v1/players/ 201
2026-06-23 22:16:17 - POST /api/v1/players/ 201
2026-06-23 22:16:17 - POST /api/v1/teams/8d8312fe-74e0-4a92-949c-121ddf419ce3/players/bulk 200
2026-06-23 22:16:17 - POST /api/v1/teams/40ad7fff-b6ae-4e81-800e-a6674bde68b3/players/bulk 400
2026-06-23 22:16:21 - POST /api/v1/auth/signup 201
2026-06-23 22:16:25 - POST /api/v1/auth/signup 201
2026-06-23 22:16:26 - POST /api/v1/auth/login 200
2026-06-23 22:16:26 - POST /api/v1/auth/login 200
2026-06-23 22:16:26 - POST /api/v1/teams/ 201
2026-06-23 22:16:26 - POST /api/v1/teams/ 201
2026-06-23 22:16:26 - POST /api/v1/matches/ 201
2026-06-23 22:16:26 - POST /api/v1/matches/787e0a89-5dfd-4f54-b8da-c60b326d37df/toss 403
2026-06-23 22:16:26 - POST /api/v1/matches/787e0a89-5dfd-4f54-b8da-c60b326d37df/toss 200
2026-06-23 22:16:29 - GET /api/v1/debug-env 200
2026-06-23 22:16:30 - GET /api/v1/debug-env 404
2026-06-23 22:16:31 - POST /api/v1/auth/login 200
2026-06-23 22:16:31 - POST /api/v1/players/ 201
2026-06-23 22:16:31 - POST /api/v1/players/ 201
2026-06-23 22:16:31 - POST /api/v1/players/ 201
2026-06-23 22:16:31 - POST /api/v1/players/ 201
2026-06-23 22:16:31 - POST /api/v1/teams/ 201
2026-06-23 22:16:31 - POST /api/v1/teams/ 201
2026-06-23 22:16:31 - POST /api/v1/teams/32d34064-6f74-46d3-a7bb-6da6367248cf/players 200
2026-06-23 22:16:31 - POST /api/v1/teams/32d34064-6f74-46d3-a7bb-6da6367248cf/players 200
2026-06-23 22:16:31 - POST /api/v1/teams/d21d6ebf-deb6-4991-9a67-07f737f3c257/players 200
2026-06-23 22:16:31 - POST /api/v1/teams/d21d6ebf-deb6-4991-9a67-07f737f3c257/players 200
2026-06-23 22:16:31 - POST /api/v1/matches/ 201
2026-06-23 22:16:31 - POST /api/v1/matches/465629b3-005d-493d-b89d-60820e6060ce/toss 200
2026-06-23 22:16:31 - POST /api/v1/matches/465629b3-005d-493d-b89d-60820e6060ce/squads 400
2026-06-23 22:16:31 - POST /api/v1/matches/465629b3-005d-493d-b89d-60820e6060ce/squads 200
2026-06-23 22:16:31 - POST /api/v1/matches/465629b3-005d-493d-b89d-60820e6060ce/squads 400
2026-06-23 22:16:31 - POST /api/v1/matches/465629b3-005d-493d-b89d-60820e6060ce/squads 200
2026-06-23 22:16:31 - POST /api/v1/auth/google 200
2026-06-23 22:16:31 - POST /api/v1/auth/google 400
2026-06-23 22:16:32 - POST /api/v1/auth/google 400
2026-06-23 22:16:32 - POST /api/v1/auth/google 400
2026-06-23 22:16:32 - POST /api/v1/auth/google 400
2026-06-23 22:16:33 - POST /api/v1/auth/login 200
2026-06-23 22:16:33 - POST /api/v1/players/ 201
2026-06-23 22:16:33 - POST /api/v1/players/ 201
2026-06-23 22:16:33 - POST /api/v1/teams/ 201
2026-06-23 22:16:33 - POST /api/v1/teams/ 201
2026-06-23 22:16:33 - POST /api/v1/matches/ 201
2026-06-23 22:16:33 - GET /api/v1/matches/ 200
2026-06-23 22:16:35 - POST /api/v1/auth/login 200
2026-06-23 22:16:35 - POST /api/v1/auth/login 200
2026-06-23 22:16:36 - POST /api/v1/auth/login 200
2026-06-23 22:16:36 - POST /api/v1/matches/ 201
2026-06-23 22:16:36 - POST /api/v1/matches/2596dc09-704d-4f9b-a7b7-04eddc64f802/toss 200
2026-06-23 22:16:36 - POST /api/v1/matches/2596dc09-704d-4f9b-a7b7-04eddc64f802/toss 403
2026-06-23 22:16:36 - POST /api/v1/matches/ 201
2026-06-23 22:16:36 - POST /api/v1/matches/d2c77439-cc7a-413b-a22d-dbe0bc0fc87c/toss 200
2026-06-23 22:16:36 - POST /api/v1/matches/ 201
2026-06-23 22:16:36 - POST /api/v1/matches/338ee05b-5621-4dc2-bb75-232bcd7fcb74/toss 200
2026-06-23 22:16:36 - POST /api/v1/matches/338ee05b-5621-4dc2-bb75-232bcd7fcb74/toss 403
2026-06-23 22:16:37 - POST /api/v1/auth/login 200
2026-06-23 22:16:37 - POST /api/v1/players/ 201
2026-06-23 22:16:37 - POST /api/v1/players/ 201
2026-06-23 22:16:37 - POST /api/v1/players/ 422
2026-06-23 22:16:37 - POST /api/v1/players/ 422
2026-06-23 22:16:37 - GET /api/v1/players/024e0362-3a90-4934-9aec-e6f99ce12181 200
2026-06-23 22:16:37 - PUT /api/v1/players/024e0362-3a90-4934-9aec-e6f99ce12181 200
2026-06-23 22:16:37 - DELETE /api/v1/players/024e0362-3a90-4934-9aec-e6f99ce12181 204
2026-06-23 22:16:37 - GET /api/v1/players/024e0362-3a90-4934-9aec-e6f99ce12181 404
2026-06-23 22:16:39 - POST /api/v1/auth/login 200
2026-06-23 22:16:39 - POST /api/v1/players/ 201
2026-06-23 22:16:39 - POST /api/v1/players/ 201
2026-06-23 22:16:39 - POST /api/v1/teams/ 201
2026-06-23 22:16:39 - POST /api/v1/teams/addddff1-0781-4c92-a57d-dd80daee73c5/players 200
2026-06-23 22:16:39 - PUT /api/v1/teams/addddff1-0781-4c92-a57d-dd80daee73c5 200
2026-06-23 22:16:39 - PUT /api/v1/teams/addddff1-0781-4c92-a57d-dd80daee73c5 400
2026-06-23 22:16:39 - POST /api/v1/teams/ 201
2026-06-23 22:16:39 - POST /api/v1/teams/d4bb8a25-5acf-4d57-a11c-2f2336dd8042/players 400
2026-06-23 22:16:39 - DELETE /api/v1/teams/addddff1-0781-4c92-a57d-dd80daee73c5/players/2aa28e48-5012-4cc9-bd64-4cfa01d7bb8f 200
2026-06-23 22:16:39 - DELETE /api/v1/teams/addddff1-0781-4c92-a57d-dd80daee73c5 204
2026-06-23 22:16:40 - POST /api/v1/auth/login 200
2026-06-23 22:16:40 - POST /api/v1/players/ 201
2026-06-23 22:16:40 - POST /api/v1/players/ 201
2026-06-23 22:16:40 - POST /api/v1/teams/ 201
2026-06-23 22:16:40 - POST /api/v1/teams/ 201
2026-06-23 22:16:40 - POST /api/v1/teams/328d50e7-947f-41f5-abb1-62aa61eeee27/players 200
2026-06-23 22:16:40 - POST /api/v1/teams/cac78581-8867-4046-bedd-9bfde5f40d3b/players 200
2026-06-23 22:16:40 - POST /api/v1/matches/ 201
2026-06-23 22:16:40 - POST /api/v1/matches/67ff0008-6051-453f-aa29-781ac584cf12/squads 200
2026-06-23 22:16:40 - POST /api/v1/matches/67ff0008-6051-453f-aa29-781ac584cf12/toss 200
2026-06-23 22:16:40 - DELETE /api/v1/players/f832cf16-4f34-4458-9a55-84d820f36279 400
2026-06-23 22:16:40 - DELETE /api/v1/teams/328d50e7-947f-41f5-abb1-62aa61eeee27/players/f832cf16-4f34-4458-9a55-84d820f36279 400
2026-06-23 22:16:40 - DELETE /api/v1/teams/328d50e7-947f-41f5-abb1-62aa61eeee27 400
2026-06-23 22:16:41 - POST /api/v1/auth/login 200
2026-06-23 22:16:41 - GET /api/v1/profile/ 200
2026-06-23 22:16:43 - POST /api/v1/auth/login 200
2026-06-23 22:16:43 - PUT /api/v1/profile/ 200
2026-06-23 22:16:43 - PUT /api/v1/profile/ 400
2026-06-23 22:16:44 - POST /api/v1/auth/login 200
2026-06-23 22:16:44 - GET /api/v1/profile/stats 200
2026-06-23 22:16:45 - POST /api/v1/auth/login 200
2026-06-23 22:16:45 - GET /api/v1/profile/activity 200
2026-06-23 22:16:45 - GET /api/v1/profile/achievements 200
2026-06-23 22:16:45 - POST /api/v1/auth/login 200
2026-06-23 22:16:45 - POST /api/v1/profile/upload-photo 200
2026-06-23 22:16:45 - GET /api/v1/profile/ 200
2026-06-23 22:16:46 - POST /api/v1/auth/login 200
2026-06-23 22:16:46 - POST /api/v1/players/ 201
2026-06-23 22:16:46 - POST /api/v1/players/ 201
2026-06-23 22:16:46 - POST /api/v1/players/ 201
2026-06-23 22:16:46 - POST /api/v1/players/ 201
2026-06-23 22:16:46 - POST /api/v1/players/ 201
2026-06-23 22:16:46 - POST /api/v1/teams/ 201
2026-06-23 22:16:46 - POST /api/v1/teams/ 201
2026-06-23 22:16:46 - POST /api/v1/teams/3a55899b-dd88-4e05-8e9c-022e09bd7ac7/players 200
2026-06-23 22:16:46 - POST /api/v1/teams/3a55899b-dd88-4e05-8e9c-022e09bd7ac7/players 200
2026-06-23 22:16:46 - POST /api/v1/teams/3a55899b-dd88-4e05-8e9c-022e09bd7ac7/players 200
2026-06-23 22:16:46 - POST /api/v1/teams/5d80a7c1-6350-49aa-a106-60956736f546/players 200
2026-06-23 22:16:46 - POST /api/v1/teams/5d80a7c1-6350-49aa-a106-60956736f546/players 200
2026-06-23 22:16:46 - POST /api/v1/matches/ 201
2026-06-23 22:16:46 - POST /api/v1/matches/04abe0cd-e013-461c-9a9f-1755da26b0b3/toss 200
2026-06-23 22:16:46 - POST /api/v1/matches/04abe0cd-e013-461c-9a9f-1755da26b0b3/squads 200
2026-06-23 22:16:46 - POST /api/v1/matches/04abe0cd-e013-461c-9a9f-1755da26b0b3/squads 200
2026-06-23 22:16:46 - POST /api/v1/matches/04abe0cd-e013-461c-9a9f-1755da26b0b3/balls 201
2026-06-23 22:16:46 - POST /api/v1/matches/04abe0cd-e013-461c-9a9f-1755da26b0b3/balls 201
2026-06-23 22:16:46 - POST /api/v1/matches/04abe0cd-e013-461c-9a9f-1755da26b0b3/balls 201
2026-06-23 22:16:46 - POST /api/v1/matches/04abe0cd-e013-461c-9a9f-1755da26b0b3/balls 201
2026-06-23 22:16:46 - POST /api/v1/matches/04abe0cd-e013-461c-9a9f-1755da26b0b3/balls 201
2026-06-23 22:16:46 - POST /api/v1/matches/04abe0cd-e013-461c-9a9f-1755da26b0b3/balls 201
2026-06-23 22:16:46 - POST /api/v1/matches/04abe0cd-e013-461c-9a9f-1755da26b0b3/balls 201
2026-06-23 22:16:46 - POST /api/v1/matches/04abe0cd-e013-461c-9a9f-1755da26b0b3/balls 201
2026-06-23 22:16:46 - POST /api/v1/matches/04abe0cd-e013-461c-9a9f-1755da26b0b3/balls 201
2026-06-23 22:16:46 - POST /api/v1/matches/04abe0cd-e013-461c-9a9f-1755da26b0b3/balls 201
2026-06-23 22:16:46 - POST /api/v1/matches/04abe0cd-e013-461c-9a9f-1755da26b0b3/balls 201
2026-06-23 22:16:46 - POST /api/v1/matches/04abe0cd-e013-461c-9a9f-1755da26b0b3/balls 201
2026-06-23 22:16:46 - GET /api/v1/matches/04abe0cd-e013-461c-9a9f-1755da26b0b3/scorecard 200
2026-06-23 22:16:46 - GET /api/v1/players/22abc645-8312-4eff-a2ca-94ff6c114180 200
2026-06-23 22:16:47 - POST /api/v1/auth/login 200
2026-06-23 22:16:47 - POST /api/v1/players/ 201
2026-06-23 22:16:47 - POST /api/v1/players/ 201
2026-06-23 22:16:47 - POST /api/v1/players/ 201
2026-06-23 22:16:47 - POST /api/v1/players/ 201
2026-06-23 22:16:47 - POST /api/v1/players/ 201
2026-06-23 22:16:47 - POST /api/v1/teams/ 201
2026-06-23 22:16:47 - POST /api/v1/teams/ 201
2026-06-23 22:16:48 - POST /api/v1/teams/9ac53c60-bff0-4ea9-bb53-fe3992551bf9/players 200
2026-06-23 22:16:48 - POST /api/v1/teams/9ac53c60-bff0-4ea9-bb53-fe3992551bf9/players 200
2026-06-23 22:16:48 - POST /api/v1/teams/9ac53c60-bff0-4ea9-bb53-fe3992551bf9/players 200
2026-06-23 22:16:48 - POST /api/v1/teams/c2a44a11-1633-4c6d-8beb-6821f6a38d56/players 200
2026-06-23 22:16:48 - POST /api/v1/teams/c2a44a11-1633-4c6d-8beb-6821f6a38d56/players 200
2026-06-23 22:16:48 - POST /api/v1/matches/ 201
2026-06-23 22:16:48 - POST /api/v1/matches/2772b75d-4145-4787-879c-0513621624b4/toss 200
2026-06-23 22:16:48 - POST /api/v1/matches/2772b75d-4145-4787-879c-0513621624b4/squads 200
2026-06-23 22:16:48 - POST /api/v1/matches/2772b75d-4145-4787-879c-0513621624b4/squads 200
2026-06-23 22:16:48 - POST /api/v1/matches/2772b75d-4145-4787-879c-0513621624b4/balls 201
2026-06-23 22:16:48 - POST /api/v1/matches/2772b75d-4145-4787-879c-0513621624b4/balls 201
2026-06-23 22:16:48 - POST /api/v1/matches/2772b75d-4145-4787-879c-0513621624b4/balls 201
2026-06-23 22:16:48 - POST /api/v1/matches/2772b75d-4145-4787-879c-0513621624b4/balls 201
2026-06-23 22:16:48 - POST /api/v1/matches/2772b75d-4145-4787-879c-0513621624b4/balls 201
2026-06-23 22:16:48 - GET /api/v1/matches/2772b75d-4145-4787-879c-0513621624b4/scorecard 200
2026-06-23 22:16:49 - POST /api/v1/auth/login 200
2026-06-23 22:16:49 - POST /api/v1/players/ 201
2026-06-23 22:16:49 - POST /api/v1/players/ 201
2026-06-23 22:16:49 - POST /api/v1/players/ 201
2026-06-23 22:16:49 - POST /api/v1/players/ 201
2026-06-23 22:16:49 - POST /api/v1/teams/ 201
2026-06-23 22:16:49 - POST /api/v1/teams/ 201
2026-06-23 22:16:49 - POST /api/v1/teams/e60fcc78-95dd-4b53-9c24-f1ab58b82212/players 200
2026-06-23 22:16:49 - POST /api/v1/teams/e60fcc78-95dd-4b53-9c24-f1ab58b82212/players 200
2026-06-23 22:16:49 - POST /api/v1/teams/34fe1277-2cb4-4fdc-8c93-6b45ce69608a/players 200
2026-06-23 22:16:49 - POST /api/v1/teams/34fe1277-2cb4-4fdc-8c93-6b45ce69608a/players 200
2026-06-23 22:16:49 - POST /api/v1/matches/ 201
2026-06-23 22:16:49 - POST /api/v1/matches/ed52389d-4a79-4245-b0c5-8de94928bdd3/toss 200
2026-06-23 22:16:49 - POST /api/v1/matches/ed52389d-4a79-4245-b0c5-8de94928bdd3/squads 200
2026-06-23 22:16:49 - POST /api/v1/matches/ed52389d-4a79-4245-b0c5-8de94928bdd3/squads 200
2026-06-23 22:16:49 - POST /api/v1/matches/ed52389d-4a79-4245-b0c5-8de94928bdd3/balls 201
2026-06-23 22:16:49 - POST /api/v1/matches/ed52389d-4a79-4245-b0c5-8de94928bdd3/balls 201
2026-06-23 22:16:49 - POST /api/v1/matches/ed52389d-4a79-4245-b0c5-8de94928bdd3/balls 201
2026-06-23 22:16:49 - POST /api/v1/matches/ed52389d-4a79-4245-b0c5-8de94928bdd3/balls 201
2026-06-23 22:16:49 - POST /api/v1/matches/ed52389d-4a79-4245-b0c5-8de94928bdd3/balls 201
2026-06-23 22:16:49 - POST /api/v1/matches/ed52389d-4a79-4245-b0c5-8de94928bdd3/balls 201
2026-06-23 22:16:49 - POST /api/v1/matches/ed52389d-4a79-4245-b0c5-8de94928bdd3/balls 201
2026-06-23 22:16:49 - GET /api/v1/matches/ed52389d-4a79-4245-b0c5-8de94928bdd3/scorecard 200
2026-06-23 22:16:55 - POST /api/v1/auth/signup 201
2026-06-23 22:16:56 - POST /api/v1/auth/login 200
2026-06-23 22:16:57 - POST /api/v1/auth/login 200
2026-06-23 22:16:57 - POST /api/v1/players/ 201
2026-06-23 22:16:57 - POST /api/v1/players/ 201
2026-06-23 22:16:57 - POST /api/v1/players/ 201
2026-06-23 22:16:57 - POST /api/v1/players/ 201
2026-06-23 22:16:57 - POST /api/v1/players/ 201
2026-06-23 22:16:57 - POST /api/v1/teams/ 201
2026-06-23 22:16:57 - POST /api/v1/teams/ 201
2026-06-23 22:16:57 - POST /api/v1/teams/f4cd2d86-1b36-4059-a884-3e5ee14d9225/players 200
2026-06-23 22:16:57 - POST /api/v1/teams/f4cd2d86-1b36-4059-a884-3e5ee14d9225/players 200
2026-06-23 22:16:57 - POST /api/v1/teams/f4cd2d86-1b36-4059-a884-3e5ee14d9225/players 200
2026-06-23 22:16:57 - POST /api/v1/teams/5ab92cfc-6d39-4aae-af51-498a4d31eb15/players 200
2026-06-23 22:16:57 - POST /api/v1/teams/5ab92cfc-6d39-4aae-af51-498a4d31eb15/players 200
2026-06-23 22:16:57 - POST /api/v1/matches/ 201
2026-06-23 22:16:57 - POST /api/v1/matches/5449e15b-39b1-4393-a52c-6c25b5085dac/toss 200
2026-06-23 22:16:57 - POST /api/v1/matches/5449e15b-39b1-4393-a52c-6c25b5085dac/squads 200
2026-06-23 22:16:57 - POST /api/v1/matches/5449e15b-39b1-4393-a52c-6c25b5085dac/squads 200
2026-06-23 22:16:57 - POST /api/v1/matches/5449e15b-39b1-4393-a52c-6c25b5085dac/balls 201
2026-06-23 22:16:57 - GET /api/v1/matches/5449e15b-39b1-4393-a52c-6c25b5085dac/live 200
2026-06-23 22:16:57 - POST /api/v1/matches/5449e15b-39b1-4393-a52c-6c25b5085dac/balls 201
2026-06-23 22:16:57 - GET /api/v1/matches/5449e15b-39b1-4393-a52c-6c25b5085dac/live 200
2026-06-23 22:16:57 - POST /api/v1/matches/5449e15b-39b1-4393-a52c-6c25b5085dac/balls 201
2026-06-23 22:16:57 - GET /api/v1/matches/5449e15b-39b1-4393-a52c-6c25b5085dac/live 200
2026-06-23 22:16:57 - POST /api/v1/matches/5449e15b-39b1-4393-a52c-6c25b5085dac/balls 201
2026-06-23 22:16:57 - GET /api/v1/matches/5449e15b-39b1-4393-a52c-6c25b5085dac/live 200
2026-06-23 22:16:57 - POST /api/v1/matches/5449e15b-39b1-4393-a52c-6c25b5085dac/undo 200
2026-06-23 22:16:57 - GET /api/v1/matches/5449e15b-39b1-4393-a52c-6c25b5085dac/live 200
2026-06-23 22:16:57 - GET /api/v1/auth/me 401
2026-06-23 22:16:57 - GET /api/v1/auth/me 401
2026-06-23 22:16:58 - POST /api/v1/auth/login 200
2026-06-23 22:16:59 - POST /api/v1/players/ 201
2026-06-23 22:16:59 - POST /api/v1/players/ 201
2026-06-23 22:16:59 - POST /api/v1/players/ 201
2026-06-23 22:16:59 - POST /api/v1/players/ 201
2026-06-23 22:16:59 - POST /api/v1/players/ 201
2026-06-23 22:16:59 - POST /api/v1/teams/ 201
2026-06-23 22:16:59 - POST /api/v1/teams/ 201
2026-06-23 22:16:59 - POST /api/v1/teams/e4a3a64b-ed7f-4bec-bdbf-af311f7e2542/players 200
2026-06-23 22:16:59 - POST /api/v1/teams/e4a3a64b-ed7f-4bec-bdbf-af311f7e2542/players 200
2026-06-23 22:16:59 - POST /api/v1/teams/e4a3a64b-ed7f-4bec-bdbf-af311f7e2542/players 200
2026-06-23 22:16:59 - POST /api/v1/teams/ce46ed96-1d3c-48f4-9636-06c25dc489e7/players 200
2026-06-23 22:16:59 - POST /api/v1/teams/ce46ed96-1d3c-48f4-9636-06c25dc489e7/players 200
2026-06-23 22:16:59 - POST /api/v1/matches/ 201
2026-06-23 22:16:59 - POST /api/v1/matches/2971543c-085a-4dbb-a8d6-7ee9f9e69cc9/toss 200
2026-06-23 22:16:59 - POST /api/v1/matches/2971543c-085a-4dbb-a8d6-7ee9f9e69cc9/squads 200
2026-06-23 22:16:59 - POST /api/v1/matches/2971543c-085a-4dbb-a8d6-7ee9f9e69cc9/squads 200
2026-06-23 22:16:59 - POST /api/v1/matches/2971543c-085a-4dbb-a8d6-7ee9f9e69cc9/balls 201
2026-06-23 22:16:59 - GET /api/v1/matches/2971543c-085a-4dbb-a8d6-7ee9f9e69cc9/live 200
2026-06-23 22:16:59 - POST /api/v1/matches/2971543c-085a-4dbb-a8d6-7ee9f9e69cc9/balls 201
2026-06-23 22:16:59 - GET /api/v1/matches/2971543c-085a-4dbb-a8d6-7ee9f9e69cc9/live 200
2026-06-23 22:16:59 - POST /api/v1/matches/2971543c-085a-4dbb-a8d6-7ee9f9e69cc9/balls 201
2026-06-23 22:16:59 - GET /api/v1/matches/2971543c-085a-4dbb-a8d6-7ee9f9e69cc9/live 200
2026-06-23 22:16:59 - POST /api/v1/matches/2971543c-085a-4dbb-a8d6-7ee9f9e69cc9/balls 201
2026-06-23 22:16:59 - GET /api/v1/matches/2971543c-085a-4dbb-a8d6-7ee9f9e69cc9/live 200
2026-06-23 22:16:59 - POST /api/v1/matches/2971543c-085a-4dbb-a8d6-7ee9f9e69cc9/balls 201
2026-06-23 22:16:59 - GET /api/v1/matches/2971543c-085a-4dbb-a8d6-7ee9f9e69cc9/live 200
2026-06-23 22:16:59 - POST /api/v1/matches/2971543c-085a-4dbb-a8d6-7ee9f9e69cc9/balls 201
2026-06-23 22:16:59 - GET /api/v1/matches/2971543c-085a-4dbb-a8d6-7ee9f9e69cc9/live 200
2026-06-23 22:16:59 - POST /api/v1/matches/2971543c-085a-4dbb-a8d6-7ee9f9e69cc9/balls 201
2026-06-23 22:16:59 - GET /api/v1/matches/2971543c-085a-4dbb-a8d6-7ee9f9e69cc9/live 200
2026-06-23 22:16:59 - GET /api/v1/matches/2971543c-085a-4dbb-a8d6-7ee9f9e69cc9/scorecard 200
2026-06-23 22:17:05 - POST /api/v1/auth/signup 201
2026-06-23 22:17:11 - POST /api/v1/auth/signup 201
2026-06-23 22:17:14 - POST /api/v1/auth/signup 201
2026-06-23 22:17:15 - POST /api/v1/auth/login 200
2026-06-23 22:17:15 - POST /api/v1/auth/login 200
2026-06-23 22:17:15 - POST /api/v1/auth/login 200
2026-06-23 22:17:15 - POST /api/v1/teams/ 201
2026-06-23 22:17:15 - GET /api/v1/teams/my-teams 200
2026-06-23 22:17:15 - POST /api/v1/teams/a003575f-55fd-44b5-bf30-abe4529e922b/join-request 200
2026-06-23 22:17:15 - GET /api/v1/teams/my-teams 200
2026-06-23 22:17:15 - POST /api/v1/teams/a003575f-55fd-44b5-bf30-abe4529e922b/approve-request 403
2026-06-23 22:17:15 - POST /api/v1/teams/a003575f-55fd-44b5-bf30-abe4529e922b/approve-request 200
2026-06-23 22:17:15 - POST /api/v1/teams/a003575f-55fd-44b5-bf30-abe4529e922b/members 200
2026-06-23 22:17:15 - POST /api/v1/teams/a003575f-55fd-44b5-bf30-abe4529e922b/invitations/accept 200
2026-06-23 22:17:15 - GET /api/v1/teams/a003575f-55fd-44b5-bf30-abe4529e922b/members 200
2026-06-23 22:17:15 - DELETE /api/v1/teams/a003575f-55fd-44b5-bf30-abe4529e922b/members/259c4da1-387d-47a5-9a41-9211fcbecb04 204
2026-06-23 22:17:15 - GET /api/v1/teams/a003575f-55fd-44b5-bf30-abe4529e922b/members 200
2026-06-23 22:17:16 - POST /api/v1/auth/login 200
2026-06-23 22:17:16 - POST /api/v1/teams/ 201
2026-06-23 22:17:17 - POST /api/v1/auth/login 200
2026-06-23 22:17:17 - POST /api/v1/teams/ae059ecf-f29c-4bdb-bee0-061cd2991377/members 200
2026-06-23 22:17:17 - GET /api/v1/notifications/ 200
2026-06-23 22:17:17 - GET /api/v1/teams/my-invitations 200
2026-06-23 22:17:17 - POST /api/v1/notifications/aa80ba06-f16c-485c-bf54-5ead6e876e7b/read 200
2026-06-23 22:17:17 - POST /api/v1/teams/ae059ecf-f29c-4bdb-bee0-061cd2991377/invitations/accept 200
2026-06-23 22:17:17 - GET /api/v1/notifications/ 200
2026-06-23 22:17:18 - POST /api/v1/auth/login 200
2026-06-23 22:17:18 - POST /api/v1/teams/ 201
2026-06-23 22:17:19 - POST /api/v1/auth/login 200
2026-06-23 22:17:19 - POST /api/v1/teams/453ac790-1f40-4702-99c0-934b2dfdfc53/members 200
2026-06-23 22:17:19 - POST /api/v1/teams/453ac790-1f40-4702-99c0-934b2dfdfc53/invitations/reject 204
2026-06-23 22:17:19 - GET /api/v1/notifications/ 200
2026-06-23 22:17:20 - POST /api/v1/auth/login 200
2026-06-23 22:17:20 - POST /api/v1/teams/ 201
2026-06-23 22:17:20 - POST /api/v1/auth/login 200
2026-06-23 22:17:21 - POST /api/v1/teams/0ae538be-89c0-4dec-975b-c17fda2ffa15/join-request 200
2026-06-23 22:17:21 - POST /api/v1/teams/0ae538be-89c0-4dec-975b-c17fda2ffa15/reject-request 204
2026-06-23 22:17:21 - GET /api/v1/notifications/ 200
2026-06-23 22:17:21 - POST /api/v1/auth/login 200
2026-06-23 22:17:21 - POST /api/v1/teams/ 201
2026-06-23 22:17:22 - POST /api/v1/auth/login 200
2026-06-23 22:17:22 - PUT /api/v1/teams/9a0e3e82-41b6-4b0c-8687-794189717bdc 403
2026-06-23 22:17:22 - DELETE /api/v1/teams/9a0e3e82-41b6-4b0c-8687-794189717bdc 403
2026-06-23 22:17:22 - PUT /api/v1/teams/9a0e3e82-41b6-4b0c-8687-794189717bdc 200
2026-06-23 22:17:22 - DELETE /api/v1/teams/9a0e3e82-41b6-4b0c-8687-794189717bdc 204
2026-06-23 22:17:22 - GET /api/v1/teams/9a0e3e82-41b6-4b0c-8687-794189717bdc 404
2026-06-23 22:17:23 - POST /api/v1/auth/login 200
2026-06-23 22:17:23 - GET /api/v1/notifications/ 200
2026-06-23 22:17:23 - POST /api/v1/notifications/read-all 204
2026-06-23 22:17:23 - GET /api/v1/notifications/ 200
2026-06-23 22:17:24 - POST /api/v1/auth/login 200
2026-06-23 22:17:24 - POST /api/v1/tournaments/ 201
2026-06-23 22:17:24 - POST /api/v1/players/ 201
2026-06-23 22:17:24 - POST /api/v1/players/ 201
2026-06-23 22:17:24 - POST /api/v1/players/ 201
2026-06-23 22:17:24 - POST /api/v1/players/ 201
2026-06-23 22:17:24 - POST /api/v1/teams/ 201
2026-06-23 22:17:24 - POST /api/v1/teams/0b511238-6e4a-47a0-9ec6-b1b7191ad88a/players 200
2026-06-23 22:17:24 - POST /api/v1/teams/0b511238-6e4a-47a0-9ec6-b1b7191ad88a/players 200
2026-06-23 22:17:24 - POST /api/v1/teams/0b511238-6e4a-47a0-9ec6-b1b7191ad88a/players 200
2026-06-23 22:17:24 - POST /api/v1/teams/0b511238-6e4a-47a0-9ec6-b1b7191ad88a/players 200
2026-06-23 22:17:24 - POST /api/v1/tournaments/77584d2c-33ab-40b3-8a88-8e27ae8f20dc/teams 400
2026-06-23 22:17:24 - POST /api/v1/players/ 201
2026-06-23 22:17:24 - POST /api/v1/teams/0b511238-6e4a-47a0-9ec6-b1b7191ad88a/players 200
2026-06-23 22:17:24 - POST /api/v1/tournaments/77584d2c-33ab-40b3-8a88-8e27ae8f20dc/teams 200
2026-06-23 22:17:24 - DELETE /api/v1/tournaments/77584d2c-33ab-40b3-8a88-8e27ae8f20dc/teams/0b511238-6e4a-47a0-9ec6-b1b7191ad88a 200
2026-06-23 22:17:25 - POST /api/v1/auth/login 200
2026-06-23 22:17:25 - POST /api/v1/teams/ 201
2026-06-23 22:17:25 - POST /api/v1/players/ 201
2026-06-23 22:17:25 - POST /api/v1/teams/c0032fc8-2d3c-438f-90e0-6e14a686c18b/players 200
2026-06-23 22:17:25 - POST /api/v1/players/ 201
2026-06-23 22:17:25 - POST /api/v1/teams/c0032fc8-2d3c-438f-90e0-6e14a686c18b/players 200
2026-06-23 22:17:25 - POST /api/v1/players/ 201
2026-06-23 22:17:25 - POST /api/v1/teams/c0032fc8-2d3c-438f-90e0-6e14a686c18b/players 200
2026-06-23 22:17:25 - POST /api/v1/players/ 201
2026-06-23 22:17:25 - POST /api/v1/teams/c0032fc8-2d3c-438f-90e0-6e14a686c18b/players 200
2026-06-23 22:17:25 - POST /api/v1/players/ 201
2026-06-23 22:17:25 - POST /api/v1/teams/c0032fc8-2d3c-438f-90e0-6e14a686c18b/players 200
2026-06-23 22:17:25 - POST /api/v1/teams/ 201
2026-06-23 22:17:25 - POST /api/v1/players/ 201
2026-06-23 22:17:25 - POST /api/v1/teams/f37e36b4-cb8e-43af-aaf2-cc75c474414d/players 200
2026-06-23 22:17:25 - POST /api/v1/players/ 201
2026-06-23 22:17:25 - POST /api/v1/teams/f37e36b4-cb8e-43af-aaf2-cc75c474414d/players 200
2026-06-23 22:17:25 - POST /api/v1/players/ 201
2026-06-23 22:17:25 - POST /api/v1/teams/f37e36b4-cb8e-43af-aaf2-cc75c474414d/players 200
2026-06-23 22:17:25 - POST /api/v1/players/ 201
2026-06-23 22:17:25 - POST /api/v1/teams/f37e36b4-cb8e-43af-aaf2-cc75c474414d/players 200
2026-06-23 22:17:25 - POST /api/v1/players/ 201
2026-06-23 22:17:25 - POST /api/v1/teams/f37e36b4-cb8e-43af-aaf2-cc75c474414d/players 200
2026-06-23 22:17:25 - POST /api/v1/tournaments/ 201
2026-06-23 22:17:25 - POST /api/v1/tournaments/872ac8f4-51f0-43f1-ab82-1f1d548fd844/teams 200
2026-06-23 22:17:25 - POST /api/v1/tournaments/872ac8f4-51f0-43f1-ab82-1f1d548fd844/teams 200
2026-06-23 22:17:25 - POST /api/v1/tournaments/872ac8f4-51f0-43f1-ab82-1f1d548fd844/fixtures/generate 201
2026-06-23 22:17:25 - GET /api/v1/tournaments/872ac8f4-51f0-43f1-ab82-1f1d548fd844/dashboard 200
2026-06-23 22:17:25 - POST /api/v1/matches/ec3ce091-7fa8-44c7-9c23-938656dfdce3/toss 200
2026-06-23 22:17:25 - GET /api/v1/teams/c0032fc8-2d3c-438f-90e0-6e14a686c18b 200
2026-06-23 22:17:25 - GET /api/v1/teams/f37e36b4-cb8e-43af-aaf2-cc75c474414d 200
2026-06-23 22:17:25 - POST /api/v1/matches/ec3ce091-7fa8-44c7-9c23-938656dfdce3/squads 200
2026-06-23 22:17:25 - POST /api/v1/matches/ec3ce091-7fa8-44c7-9c23-938656dfdce3/squads 200
2026-06-23 22:17:25 - POST /api/v1/matches/ec3ce091-7fa8-44c7-9c23-938656dfdce3/balls 201
2026-06-23 22:17:25 - POST /api/v1/matches/ec3ce091-7fa8-44c7-9c23-938656dfdce3/balls 201
2026-06-23 22:17:25 - POST /api/v1/matches/ec3ce091-7fa8-44c7-9c23-938656dfdce3/balls 201
2026-06-23 22:17:25 - POST /api/v1/matches/ec3ce091-7fa8-44c7-9c23-938656dfdce3/balls 201
2026-06-23 22:17:25 - POST /api/v1/matches/ec3ce091-7fa8-44c7-9c23-938656dfdce3/balls 201
2026-06-23 22:17:25 - POST /api/v1/matches/ec3ce091-7fa8-44c7-9c23-938656dfdce3/balls 201
2026-06-23 22:17:25 - POST /api/v1/matches/ec3ce091-7fa8-44c7-9c23-938656dfdce3/balls 201
2026-06-23 22:17:25 - POST /api/v1/matches/ec3ce091-7fa8-44c7-9c23-938656dfdce3/balls 201
2026-06-23 22:17:26 - POST /api/v1/matches/ec3ce091-7fa8-44c7-9c23-938656dfdce3/balls 201
2026-06-23 22:17:26 - GET /api/v1/tournaments/872ac8f4-51f0-43f1-ab82-1f1d548fd844/points-table 200
2026-06-23 22:17:26 - GET /api/v1/tournaments/872ac8f4-51f0-43f1-ab82-1f1d548fd844/leaderboards 200
2026-06-23 22:17:26 - POST /api/v1/auth/login 200
2026-06-23 22:17:26 - POST /api/v1/teams/ 201
2026-06-23 22:17:27 - POST /api/v1/players/ 201
2026-06-23 22:17:27 - POST /api/v1/teams/0ba6a1e5-bd7a-405b-9456-49515da7f19c/players 200
2026-06-23 22:17:27 - POST /api/v1/players/ 201
2026-06-23 22:17:27 - POST /api/v1/teams/0ba6a1e5-bd7a-405b-9456-49515da7f19c/players 200
2026-06-23 22:17:27 - POST /api/v1/players/ 201
2026-06-23 22:17:27 - POST /api/v1/teams/0ba6a1e5-bd7a-405b-9456-49515da7f19c/players 200
2026-06-23 22:17:27 - POST /api/v1/players/ 201
2026-06-23 22:17:27 - POST /api/v1/teams/0ba6a1e5-bd7a-405b-9456-49515da7f19c/players 200
2026-06-23 22:17:27 - POST /api/v1/players/ 201
2026-06-23 22:17:27 - POST /api/v1/teams/0ba6a1e5-bd7a-405b-9456-49515da7f19c/players 200
2026-06-23 22:17:27 - POST /api/v1/teams/ 201
2026-06-23 22:17:27 - POST /api/v1/players/ 201
2026-06-23 22:17:27 - POST /api/v1/teams/263da58e-2703-42cf-9c1f-67ab4e8174d2/players 200
2026-06-23 22:17:27 - POST /api/v1/players/ 201
2026-06-23 22:17:27 - POST /api/v1/teams/263da58e-2703-42cf-9c1f-67ab4e8174d2/players 200
2026-06-23 22:17:27 - POST /api/v1/players/ 201
2026-06-23 22:17:27 - POST /api/v1/teams/263da58e-2703-42cf-9c1f-67ab4e8174d2/players 200
2026-06-23 22:17:27 - POST /api/v1/players/ 201
2026-06-23 22:17:27 - POST /api/v1/teams/263da58e-2703-42cf-9c1f-67ab4e8174d2/players 200
2026-06-23 22:17:27 - POST /api/v1/players/ 201
2026-06-23 22:17:27 - POST /api/v1/teams/263da58e-2703-42cf-9c1f-67ab4e8174d2/players 200
2026-06-23 22:17:27 - POST /api/v1/teams/ 201
2026-06-23 22:17:27 - POST /api/v1/players/ 201
2026-06-23 22:17:27 - POST /api/v1/teams/24c953a5-c50a-43cc-a80c-f5845c5c17a6/players 200
2026-06-23 22:17:27 - POST /api/v1/players/ 201
2026-06-23 22:17:27 - POST /api/v1/teams/24c953a5-c50a-43cc-a80c-f5845c5c17a6/players 200
2026-06-23 22:17:27 - POST /api/v1/players/ 201
2026-06-23 22:17:27 - POST /api/v1/teams/24c953a5-c50a-43cc-a80c-f5845c5c17a6/players 200
2026-06-23 22:17:27 - POST /api/v1/players/ 201
2026-06-23 22:17:27 - POST /api/v1/teams/24c953a5-c50a-43cc-a80c-f5845c5c17a6/players 200
2026-06-23 22:17:27 - POST /api/v1/players/ 201
2026-06-23 22:17:27 - POST /api/v1/teams/24c953a5-c50a-43cc-a80c-f5845c5c17a6/players 200
2026-06-23 22:17:27 - POST /api/v1/teams/ 201
2026-06-23 22:17:27 - POST /api/v1/players/ 201
2026-06-23 22:17:27 - POST /api/v1/teams/1685a233-fe8e-4725-9727-91a8940270c2/players 200
2026-06-23 22:17:27 - POST /api/v1/players/ 201
2026-06-23 22:17:27 - POST /api/v1/teams/1685a233-fe8e-4725-9727-91a8940270c2/players 200
2026-06-23 22:17:27 - POST /api/v1/players/ 201
2026-06-23 22:17:27 - POST /api/v1/teams/1685a233-fe8e-4725-9727-91a8940270c2/players 200
2026-06-23 22:17:27 - POST /api/v1/players/ 201
2026-06-23 22:17:27 - POST /api/v1/teams/1685a233-fe8e-4725-9727-91a8940270c2/players 200
2026-06-23 22:17:27 - POST /api/v1/players/ 201
2026-06-23 22:17:27 - POST /api/v1/teams/1685a233-fe8e-4725-9727-91a8940270c2/players 200
2026-06-23 22:17:27 - POST /api/v1/tournaments/ 201
2026-06-23 22:17:27 - POST /api/v1/tournaments/75b9aee7-ca75-4bb9-ae56-b4688b44d825/teams 200
2026-06-23 22:17:27 - POST /api/v1/tournaments/75b9aee7-ca75-4bb9-ae56-b4688b44d825/teams 200
2026-06-23 22:17:27 - POST /api/v1/tournaments/75b9aee7-ca75-4bb9-ae56-b4688b44d825/teams 200
2026-06-23 22:17:27 - POST /api/v1/tournaments/75b9aee7-ca75-4bb9-ae56-b4688b44d825/teams 200
2026-06-23 22:17:27 - POST /api/v1/tournaments/75b9aee7-ca75-4bb9-ae56-b4688b44d825/fixtures/generate 201
2026-06-23 22:17:27 - GET /api/v1/tournaments/75b9aee7-ca75-4bb9-ae56-b4688b44d825/dashboard 200
2026-06-23 22:17:27 - GET /api/v1/tournaments/75b9aee7-ca75-4bb9-ae56-b4688b44d825/dashboard 200
2026-06-23 22:17:27 - POST /api/v1/matches/5af640db-6ee8-4cde-8160-72fb87fce242/toss 200
2026-06-23 22:17:27 - GET /api/v1/teams/0ba6a1e5-bd7a-405b-9456-49515da7f19c 200
2026-06-23 22:17:27 - GET /api/v1/teams/1685a233-fe8e-4725-9727-91a8940270c2 200
2026-06-23 22:17:27 - POST /api/v1/matches/5af640db-6ee8-4cde-8160-72fb87fce242/squads 200
2026-06-23 22:17:27 - POST /api/v1/matches/5af640db-6ee8-4cde-8160-72fb87fce242/squads 200
2026-06-23 22:17:27 - POST /api/v1/matches/5af640db-6ee8-4cde-8160-72fb87fce242/balls 201
2026-06-23 22:17:27 - POST /api/v1/matches/5af640db-6ee8-4cde-8160-72fb87fce242/balls 201
2026-06-23 22:17:27 - POST /api/v1/matches/5af640db-6ee8-4cde-8160-72fb87fce242/balls 201
2026-06-23 22:17:27 - POST /api/v1/matches/5af640db-6ee8-4cde-8160-72fb87fce242/balls 201
2026-06-23 22:17:27 - POST /api/v1/matches/5af640db-6ee8-4cde-8160-72fb87fce242/balls 201
2026-06-23 22:17:27 - POST /api/v1/matches/5af640db-6ee8-4cde-8160-72fb87fce242/balls 201
2026-06-23 22:17:27 - POST /api/v1/matches/5af640db-6ee8-4cde-8160-72fb87fce242/balls 201
2026-06-23 22:17:27 - POST /api/v1/matches/5af640db-6ee8-4cde-8160-72fb87fce242/balls 201
2026-06-23 22:17:27 - POST /api/v1/matches/5af640db-6ee8-4cde-8160-72fb87fce242/balls 201
2026-06-23 22:17:27 - POST /api/v1/matches/5af640db-6ee8-4cde-8160-72fb87fce242/balls 201
2026-06-23 22:17:27 - POST /api/v1/matches/5af640db-6ee8-4cde-8160-72fb87fce242/balls 201
2026-06-23 22:17:27 - POST /api/v1/matches/5af640db-6ee8-4cde-8160-72fb87fce242/balls 201
2026-06-23 22:17:28 - POST /api/v1/matches/5328a3c9-f995-4481-adee-da062c4fcfd5/toss 200
2026-06-23 22:17:28 - GET /api/v1/teams/0ba6a1e5-bd7a-405b-9456-49515da7f19c 200
2026-06-23 22:17:28 - GET /api/v1/teams/24c953a5-c50a-43cc-a80c-f5845c5c17a6 200
2026-06-23 22:17:28 - POST /api/v1/matches/5328a3c9-f995-4481-adee-da062c4fcfd5/squads 200
2026-06-23 22:17:28 - POST /api/v1/matches/5328a3c9-f995-4481-adee-da062c4fcfd5/squads 200
2026-06-23 22:17:28 - POST /api/v1/matches/5328a3c9-f995-4481-adee-da062c4fcfd5/balls 201
2026-06-23 22:17:28 - POST /api/v1/matches/5328a3c9-f995-4481-adee-da062c4fcfd5/balls 201
2026-06-23 22:17:28 - POST /api/v1/matches/5328a3c9-f995-4481-adee-da062c4fcfd5/balls 201
2026-06-23 22:17:28 - POST /api/v1/matches/5328a3c9-f995-4481-adee-da062c4fcfd5/balls 201
2026-06-23 22:17:28 - POST /api/v1/matches/5328a3c9-f995-4481-adee-da062c4fcfd5/balls 201
2026-06-23 22:17:28 - POST /api/v1/matches/5328a3c9-f995-4481-adee-da062c4fcfd5/balls 201
2026-06-23 22:17:28 - POST /api/v1/matches/5328a3c9-f995-4481-adee-da062c4fcfd5/balls 201
2026-06-23 22:17:28 - POST /api/v1/matches/5328a3c9-f995-4481-adee-da062c4fcfd5/balls 201
2026-06-23 22:17:28 - POST /api/v1/matches/5328a3c9-f995-4481-adee-da062c4fcfd5/balls 201
2026-06-23 22:17:28 - POST /api/v1/matches/5328a3c9-f995-4481-adee-da062c4fcfd5/balls 201
2026-06-23 22:17:28 - POST /api/v1/matches/5328a3c9-f995-4481-adee-da062c4fcfd5/balls 201
2026-06-23 22:17:28 - POST /api/v1/matches/5328a3c9-f995-4481-adee-da062c4fcfd5/balls 201
2026-06-23 22:17:28 - POST /api/v1/matches/c511ac9e-801b-416f-9d85-d123d52f8231/toss 200
2026-06-23 22:17:28 - GET /api/v1/teams/0ba6a1e5-bd7a-405b-9456-49515da7f19c 200
2026-06-23 22:17:28 - GET /api/v1/teams/263da58e-2703-42cf-9c1f-67ab4e8174d2 200
2026-06-23 22:17:28 - POST /api/v1/matches/c511ac9e-801b-416f-9d85-d123d52f8231/squads 200
2026-06-23 22:17:28 - POST /api/v1/matches/c511ac9e-801b-416f-9d85-d123d52f8231/squads 200
2026-06-23 22:17:28 - POST /api/v1/matches/c511ac9e-801b-416f-9d85-d123d52f8231/balls 201
2026-06-23 22:17:28 - POST /api/v1/matches/c511ac9e-801b-416f-9d85-d123d52f8231/balls 201
2026-06-23 22:17:28 - POST /api/v1/matches/c511ac9e-801b-416f-9d85-d123d52f8231/balls 201
2026-06-23 22:17:28 - POST /api/v1/matches/c511ac9e-801b-416f-9d85-d123d52f8231/balls 201
2026-06-23 22:17:28 - POST /api/v1/matches/c511ac9e-801b-416f-9d85-d123d52f8231/balls 201
2026-06-23 22:17:28 - POST /api/v1/matches/c511ac9e-801b-416f-9d85-d123d52f8231/balls 201
2026-06-23 22:17:28 - POST /api/v1/matches/c511ac9e-801b-416f-9d85-d123d52f8231/balls 201
2026-06-23 22:17:28 - POST /api/v1/matches/c511ac9e-801b-416f-9d85-d123d52f8231/balls 201
2026-06-23 22:17:28 - POST /api/v1/matches/c511ac9e-801b-416f-9d85-d123d52f8231/balls 201
2026-06-23 22:17:28 - POST /api/v1/matches/c511ac9e-801b-416f-9d85-d123d52f8231/balls 201
2026-06-23 22:17:28 - POST /api/v1/matches/c511ac9e-801b-416f-9d85-d123d52f8231/balls 201
2026-06-23 22:17:28 - POST /api/v1/matches/c511ac9e-801b-416f-9d85-d123d52f8231/balls 201
2026-06-23 22:17:28 - POST /api/v1/matches/d76ef490-5f14-41ee-a1d6-309b1f3b0f16/toss 200
2026-06-23 22:17:28 - GET /api/v1/teams/24c953a5-c50a-43cc-a80c-f5845c5c17a6 200
2026-06-23 22:17:28 - GET /api/v1/teams/1685a233-fe8e-4725-9727-91a8940270c2 200
2026-06-23 22:17:28 - POST /api/v1/matches/d76ef490-5f14-41ee-a1d6-309b1f3b0f16/squads 200
2026-06-23 22:17:28 - POST /api/v1/matches/d76ef490-5f14-41ee-a1d6-309b1f3b0f16/squads 200
2026-06-23 22:17:28 - POST /api/v1/matches/d76ef490-5f14-41ee-a1d6-309b1f3b0f16/balls 201
2026-06-23 22:17:28 - POST /api/v1/matches/d76ef490-5f14-41ee-a1d6-309b1f3b0f16/balls 201
2026-06-23 22:17:28 - POST /api/v1/matches/d76ef490-5f14-41ee-a1d6-309b1f3b0f16/balls 201
2026-06-23 22:17:28 - POST /api/v1/matches/d76ef490-5f14-41ee-a1d6-309b1f3b0f16/balls 201
2026-06-23 22:17:28 - POST /api/v1/matches/d76ef490-5f14-41ee-a1d6-309b1f3b0f16/balls 201
2026-06-23 22:17:28 - POST /api/v1/matches/d76ef490-5f14-41ee-a1d6-309b1f3b0f16/balls 201
2026-06-23 22:17:28 - POST /api/v1/matches/d76ef490-5f14-41ee-a1d6-309b1f3b0f16/balls 201
2026-06-23 22:17:28 - POST /api/v1/matches/d76ef490-5f14-41ee-a1d6-309b1f3b0f16/balls 201
2026-06-23 22:17:28 - POST /api/v1/matches/d76ef490-5f14-41ee-a1d6-309b1f3b0f16/balls 201
2026-06-23 22:17:28 - POST /api/v1/matches/d76ef490-5f14-41ee-a1d6-309b1f3b0f16/balls 201
2026-06-23 22:17:28 - POST /api/v1/matches/d76ef490-5f14-41ee-a1d6-309b1f3b0f16/balls 201
2026-06-23 22:17:28 - POST /api/v1/matches/d76ef490-5f14-41ee-a1d6-309b1f3b0f16/balls 201
2026-06-23 22:17:28 - POST /api/v1/matches/7128eca8-3727-493b-a469-2959d443f06b/toss 200
2026-06-23 22:17:28 - GET /api/v1/teams/263da58e-2703-42cf-9c1f-67ab4e8174d2 200
2026-06-23 22:17:28 - GET /api/v1/teams/1685a233-fe8e-4725-9727-91a8940270c2 200
2026-06-23 22:17:28 - POST /api/v1/matches/7128eca8-3727-493b-a469-2959d443f06b/squads 200
2026-06-23 22:17:28 - POST /api/v1/matches/7128eca8-3727-493b-a469-2959d443f06b/squads 200
2026-06-23 22:17:28 - POST /api/v1/matches/7128eca8-3727-493b-a469-2959d443f06b/balls 201
2026-06-23 22:17:28 - POST /api/v1/matches/7128eca8-3727-493b-a469-2959d443f06b/balls 201
2026-06-23 22:17:28 - POST /api/v1/matches/7128eca8-3727-493b-a469-2959d443f06b/balls 201
2026-06-23 22:17:28 - POST /api/v1/matches/7128eca8-3727-493b-a469-2959d443f06b/balls 201
2026-06-23 22:17:29 - POST /api/v1/matches/7128eca8-3727-493b-a469-2959d443f06b/balls 201
2026-06-23 22:17:29 - POST /api/v1/matches/7128eca8-3727-493b-a469-2959d443f06b/balls 201
2026-06-23 22:17:29 - POST /api/v1/matches/7128eca8-3727-493b-a469-2959d443f06b/balls 201
2026-06-23 22:17:29 - POST /api/v1/matches/7128eca8-3727-493b-a469-2959d443f06b/balls 201
2026-06-23 22:17:29 - POST /api/v1/matches/7128eca8-3727-493b-a469-2959d443f06b/balls 201
2026-06-23 22:17:29 - POST /api/v1/matches/7128eca8-3727-493b-a469-2959d443f06b/balls 201
2026-06-23 22:17:29 - POST /api/v1/matches/7128eca8-3727-493b-a469-2959d443f06b/balls 201
2026-06-23 22:17:29 - POST /api/v1/matches/7128eca8-3727-493b-a469-2959d443f06b/balls 201
2026-06-23 22:17:29 - POST /api/v1/matches/0b2a8609-b6b8-4d43-9395-fad38023f9df/toss 200
2026-06-23 22:17:29 - GET /api/v1/teams/263da58e-2703-42cf-9c1f-67ab4e8174d2 200
2026-06-23 22:17:29 - GET /api/v1/teams/24c953a5-c50a-43cc-a80c-f5845c5c17a6 200
2026-06-23 22:17:29 - POST /api/v1/matches/0b2a8609-b6b8-4d43-9395-fad38023f9df/squads 200
2026-06-23 22:17:29 - POST /api/v1/matches/0b2a8609-b6b8-4d43-9395-fad38023f9df/squads 200
2026-06-23 22:17:29 - POST /api/v1/matches/0b2a8609-b6b8-4d43-9395-fad38023f9df/balls 201
2026-06-23 22:17:29 - POST /api/v1/matches/0b2a8609-b6b8-4d43-9395-fad38023f9df/balls 201
2026-06-23 22:17:29 - POST /api/v1/matches/0b2a8609-b6b8-4d43-9395-fad38023f9df/balls 201
2026-06-23 22:17:29 - POST /api/v1/matches/0b2a8609-b6b8-4d43-9395-fad38023f9df/balls 201
2026-06-23 22:17:29 - POST /api/v1/matches/0b2a8609-b6b8-4d43-9395-fad38023f9df/balls 201
2026-06-23 22:17:29 - POST /api/v1/matches/0b2a8609-b6b8-4d43-9395-fad38023f9df/balls 201
2026-06-23 22:17:29 - POST /api/v1/matches/0b2a8609-b6b8-4d43-9395-fad38023f9df/balls 201
2026-06-23 22:17:29 - POST /api/v1/matches/0b2a8609-b6b8-4d43-9395-fad38023f9df/balls 201
2026-06-23 22:17:29 - POST /api/v1/matches/0b2a8609-b6b8-4d43-9395-fad38023f9df/balls 201
2026-06-23 22:17:29 - POST /api/v1/matches/0b2a8609-b6b8-4d43-9395-fad38023f9df/balls 201
2026-06-23 22:17:29 - POST /api/v1/matches/0b2a8609-b6b8-4d43-9395-fad38023f9df/balls 201
2026-06-23 22:17:29 - POST /api/v1/matches/0b2a8609-b6b8-4d43-9395-fad38023f9df/balls 201
2026-06-23 22:17:29 - GET /api/v1/tournaments/75b9aee7-ca75-4bb9-ae56-b4688b44d825/dashboard 200
2026-06-23 22:17:29 - POST /api/v1/matches/83d1983f-24fc-4e49-a31b-a05e903cb677/toss 200
2026-06-23 22:17:29 - GET /api/v1/teams/0ba6a1e5-bd7a-405b-9456-49515da7f19c 200
2026-06-23 22:17:29 - GET /api/v1/teams/1685a233-fe8e-4725-9727-91a8940270c2 200
2026-06-23 22:17:29 - POST /api/v1/matches/83d1983f-24fc-4e49-a31b-a05e903cb677/squads 200
2026-06-23 22:17:29 - POST /api/v1/matches/83d1983f-24fc-4e49-a31b-a05e903cb677/squads 200
2026-06-23 22:17:29 - POST /api/v1/matches/83d1983f-24fc-4e49-a31b-a05e903cb677/balls 201
2026-06-23 22:17:29 - POST /api/v1/matches/83d1983f-24fc-4e49-a31b-a05e903cb677/balls 201
2026-06-23 22:17:29 - POST /api/v1/matches/83d1983f-24fc-4e49-a31b-a05e903cb677/balls 201
2026-06-23 22:17:29 - POST /api/v1/matches/83d1983f-24fc-4e49-a31b-a05e903cb677/balls 201
2026-06-23 22:17:29 - POST /api/v1/matches/83d1983f-24fc-4e49-a31b-a05e903cb677/balls 201
2026-06-23 22:17:29 - POST /api/v1/matches/83d1983f-24fc-4e49-a31b-a05e903cb677/balls 201
2026-06-23 22:17:29 - POST /api/v1/matches/83d1983f-24fc-4e49-a31b-a05e903cb677/balls 201
2026-06-23 22:17:29 - POST /api/v1/matches/83d1983f-24fc-4e49-a31b-a05e903cb677/balls 201
2026-06-23 22:17:29 - POST /api/v1/matches/83d1983f-24fc-4e49-a31b-a05e903cb677/balls 201
2026-06-23 22:17:29 - POST /api/v1/matches/83d1983f-24fc-4e49-a31b-a05e903cb677/balls 201
2026-06-23 22:17:29 - POST /api/v1/matches/83d1983f-24fc-4e49-a31b-a05e903cb677/balls 201
2026-06-23 22:17:29 - POST /api/v1/matches/83d1983f-24fc-4e49-a31b-a05e903cb677/balls 201
2026-06-23 22:17:29 - POST /api/v1/matches/faba0be3-bbd0-4c50-93c9-5c2478265096/toss 200
2026-06-23 22:17:29 - GET /api/v1/teams/263da58e-2703-42cf-9c1f-67ab4e8174d2 200
2026-06-23 22:17:29 - GET /api/v1/teams/24c953a5-c50a-43cc-a80c-f5845c5c17a6 200
2026-06-23 22:17:29 - POST /api/v1/matches/faba0be3-bbd0-4c50-93c9-5c2478265096/squads 200
2026-06-23 22:17:29 - POST /api/v1/matches/faba0be3-bbd0-4c50-93c9-5c2478265096/squads 200
2026-06-23 22:17:29 - POST /api/v1/matches/faba0be3-bbd0-4c50-93c9-5c2478265096/balls 201
2026-06-23 22:17:30 - POST /api/v1/matches/faba0be3-bbd0-4c50-93c9-5c2478265096/balls 201
2026-06-23 22:17:30 - POST /api/v1/matches/faba0be3-bbd0-4c50-93c9-5c2478265096/balls 201
2026-06-23 22:17:30 - POST /api/v1/matches/faba0be3-bbd0-4c50-93c9-5c2478265096/balls 201
2026-06-23 22:17:30 - POST /api/v1/matches/faba0be3-bbd0-4c50-93c9-5c2478265096/balls 201
2026-06-23 22:17:30 - POST /api/v1/matches/faba0be3-bbd0-4c50-93c9-5c2478265096/balls 201
2026-06-23 22:17:30 - POST /api/v1/matches/faba0be3-bbd0-4c50-93c9-5c2478265096/balls 201
2026-06-23 22:17:30 - POST /api/v1/matches/faba0be3-bbd0-4c50-93c9-5c2478265096/balls 201
2026-06-23 22:17:30 - POST /api/v1/matches/faba0be3-bbd0-4c50-93c9-5c2478265096/balls 201
2026-06-23 22:17:30 - POST /api/v1/matches/faba0be3-bbd0-4c50-93c9-5c2478265096/balls 201
2026-06-23 22:17:30 - POST /api/v1/matches/faba0be3-bbd0-4c50-93c9-5c2478265096/balls 201
2026-06-23 22:17:30 - POST /api/v1/matches/faba0be3-bbd0-4c50-93c9-5c2478265096/balls 201
2026-06-23 22:17:30 - GET /api/v1/tournaments/75b9aee7-ca75-4bb9-ae56-b4688b44d825/dashboard 200
2026-06-23 22:17:30 - POST /api/v1/matches/4f9f5218-7b01-4b81-8306-c76d0bb22c88/toss 200
2026-06-23 22:17:30 - GET /api/v1/teams/0ba6a1e5-bd7a-405b-9456-49515da7f19c 200
2026-06-23 22:17:30 - GET /api/v1/teams/263da58e-2703-42cf-9c1f-67ab4e8174d2 200
2026-06-23 22:17:30 - POST /api/v1/matches/4f9f5218-7b01-4b81-8306-c76d0bb22c88/squads 200
2026-06-23 22:17:30 - POST /api/v1/matches/4f9f5218-7b01-4b81-8306-c76d0bb22c88/squads 200
2026-06-23 22:17:30 - POST /api/v1/matches/4f9f5218-7b01-4b81-8306-c76d0bb22c88/balls 201
2026-06-23 22:17:30 - POST /api/v1/matches/4f9f5218-7b01-4b81-8306-c76d0bb22c88/balls 201
2026-06-23 22:17:30 - POST /api/v1/matches/4f9f5218-7b01-4b81-8306-c76d0bb22c88/balls 201
2026-06-23 22:17:30 - POST /api/v1/matches/4f9f5218-7b01-4b81-8306-c76d0bb22c88/balls 201
2026-06-23 22:17:30 - POST /api/v1/matches/4f9f5218-7b01-4b81-8306-c76d0bb22c88/balls 201
2026-06-23 22:17:30 - POST /api/v1/matches/4f9f5218-7b01-4b81-8306-c76d0bb22c88/balls 201
2026-06-23 22:17:30 - POST /api/v1/matches/4f9f5218-7b01-4b81-8306-c76d0bb22c88/balls 201
2026-06-23 22:17:30 - POST /api/v1/matches/4f9f5218-7b01-4b81-8306-c76d0bb22c88/balls 201
2026-06-23 22:17:30 - POST /api/v1/matches/4f9f5218-7b01-4b81-8306-c76d0bb22c88/balls 201
2026-06-23 22:17:30 - POST /api/v1/matches/4f9f5218-7b01-4b81-8306-c76d0bb22c88/balls 201
2026-06-23 22:17:30 - POST /api/v1/matches/4f9f5218-7b01-4b81-8306-c76d0bb22c88/balls 201
2026-06-23 22:17:30 - POST /api/v1/matches/4f9f5218-7b01-4b81-8306-c76d0bb22c88/balls 201
2026-06-23 22:17:30 - GET /api/v1/tournaments/75b9aee7-ca75-4bb9-ae56-b4688b44d825/dashboard 200
2026-06-24 08:32:04 - POST /api/v1/auth/login 200
2026-06-24 08:32:04 - GET /api/v1/auth/me 200
2026-06-24 08:32:04 - GET /api/v1/matches/ 200
2026-06-24 08:32:04 - GET /api/v1/notifications/ 200
2026-06-24 08:32:04 - GET /api/v1/profile/ 200
2026-06-24 08:32:21 - POST /api/v1/auth/logout 200
2026-06-24 08:33:52 - POST /api/v1/auth/login 200
2026-06-24 08:33:52 - GET /api/v1/auth/me 200
2026-06-24 08:33:52 - GET /api/v1/matches/ 200
2026-06-24 08:33:52 - GET /api/v1/profile/ 200
2026-06-24 08:33:52 - GET /api/v1/notifications/ 200
2026-06-24 08:34:09 - POST /api/v1/auth/logout 200
2026-06-24 08:35:39 - POST /api/v1/auth/login 200
2026-06-24 08:35:40 - GET /api/v1/auth/me 200
2026-06-24 08:35:40 - GET /api/v1/matches/ 200
2026-06-24 08:35:40 - GET /api/v1/profile/ 200
2026-06-24 08:35:40 - GET /api/v1/notifications/ 200
2026-06-24 08:35:57 - POST /api/v1/auth/logout 200
2026-06-24 08:37:27 - POST /api/v1/auth/login 200
2026-06-24 08:37:27 - GET /api/v1/auth/me 200
2026-06-24 08:37:28 - GET /api/v1/matches/ 200
2026-06-24 08:37:28 - GET /api/v1/profile/ 200
2026-06-24 08:37:28 - GET /api/v1/notifications/ 200
2026-06-24 08:37:45 - POST /api/v1/auth/logout 200
2026-06-24 08:39:16 - POST /api/v1/auth/login 200
2026-06-24 08:39:16 - GET /api/v1/auth/me 200
2026-06-24 08:39:16 - GET /api/v1/matches/ 200
2026-06-24 08:39:16 - GET /api/v1/profile/ 200
2026-06-24 08:39:16 - GET /api/v1/notifications/ 200
2026-06-24 08:39:33 - POST /api/v1/auth/logout 200
2026-06-24 08:44:01 - POST /api/v1/auth/google 200
2026-06-24 08:44:02 - GET /api/v1/auth/me 200
2026-06-24 08:44:06 - POST /api/v1/auth/complete-profile 200
2026-06-24 08:44:06 - GET /api/v1/auth/me 200
2026-06-24 08:44:06 - GET /api/v1/profile/ 200
2026-06-24 08:44:06 - GET /api/v1/matches/ 200
2026-06-24 08:44:06 - GET /api/v1/notifications/ 200
2026-06-24 08:44:13 - GET /api/v1/profile/ 200
2026-06-24 08:44:13 - GET /api/v1/profile/stats 200
2026-06-24 08:44:13 - GET /api/v1/profile/activity 200
2026-06-24 08:44:13 - GET /api/v1/profile/achievements 200
2026-06-24 08:44:15 - GET /api/v1/admin/reports 200
2026-06-24 08:44:15 - GET /api/v1/admin/users 200
2026-06-24 08:44:15 - GET /api/v1/admin/activity-logs 200
2026-06-24 08:44:15 - GET /api/v1/admin/teams 200
2026-06-24 08:44:15 - GET /api/v1/admin/analytics 200
2026-06-24 08:44:15 - GET /api/v1/admin/tournaments 200
2026-06-24 08:44:15 - GET /api/v1/admin/matches 200
2026-06-24 08:44:15 - GET /api/v1/admin/players 200
2026-06-24 08:44:21 - GET /api/v1/profile/ 200
2026-06-24 08:44:24 - POST /api/v1/auth/logout 200
2026-06-24 08:45:58 - POST /api/v1/auth/login 200
2026-06-24 08:45:58 - GET /api/v1/auth/me 200
2026-06-24 08:45:58 - GET /api/v1/profile/ 200
2026-06-24 08:45:58 - GET /api/v1/matches/ 200
2026-06-24 08:45:58 - GET /api/v1/notifications/ 200
2026-06-24 08:46:15 - POST /api/v1/auth/logout 200
2026-06-24 08:48:01 - POST /api/v1/auth/login 200
2026-06-24 08:48:02 - GET /api/v1/auth/me 200
2026-06-24 08:48:02 - GET /api/v1/matches/ 200
2026-06-24 08:48:02 - GET /api/v1/profile/ 200
2026-06-24 08:48:02 - GET /api/v1/notifications/ 200
2026-06-24 08:48:18 - POST /api/v1/auth/logout 200
2026-06-24 08:49:54 - POST /api/v1/auth/login 200
2026-06-24 08:49:54 - GET /api/v1/auth/me 200
2026-06-24 08:49:54 - GET /api/v1/matches/ 200
2026-06-24 08:49:54 - GET /api/v1/profile/ 200
2026-06-24 08:49:54 - GET /api/v1/notifications/ 200
2026-06-24 08:50:11 - POST /api/v1/auth/logout 200
2026-06-24 08:51:42 - POST /api/v1/auth/login 200
2026-06-24 08:51:42 - GET /api/v1/auth/me 200
2026-06-24 08:51:42 - GET /api/v1/matches/ 200
2026-06-24 08:51:42 - GET /api/v1/profile/ 200
2026-06-24 08:51:42 - GET /api/v1/notifications/ 200
2026-06-24 08:51:59 - POST /api/v1/auth/logout 200
2026-06-24 08:53:30 - POST /api/v1/auth/login 200
2026-06-24 08:53:30 - GET /api/v1/auth/me 200
2026-06-24 08:53:30 - GET /api/v1/matches/ 200
2026-06-24 08:53:30 - GET /api/v1/profile/ 200
2026-06-24 08:53:30 - GET /api/v1/notifications/ 200
2026-06-24 08:53:47 - POST /api/v1/auth/logout 200
2026-06-24 08:55:18 - POST /api/v1/auth/login 200
2026-06-24 08:55:19 - GET /api/v1/auth/me 200
2026-06-24 08:55:19 - GET /api/v1/matches/ 200
2026-06-24 08:55:19 - GET /api/v1/profile/ 200
2026-06-24 08:55:19 - GET /api/v1/notifications/ 200
2026-06-24 08:55:35 - POST /api/v1/auth/logout 200
2026-06-24 08:57:06 - POST /api/v1/auth/login 200
2026-06-24 08:57:06 - GET /api/v1/auth/me 200
2026-06-24 08:57:07 - GET /api/v1/matches/ 200
2026-06-24 08:57:07 - GET /api/v1/profile/ 200
2026-06-24 08:57:07 - GET /api/v1/notifications/ 200
2026-06-24 08:57:23 - POST /api/v1/auth/logout 200
2026-06-24 08:58:54 - POST /api/v1/auth/login 200
2026-06-24 08:58:54 - GET /api/v1/auth/me 200
2026-06-24 08:58:55 - GET /api/v1/profile/ 200
2026-06-24 08:58:55 - GET /api/v1/matches/ 200
2026-06-24 08:58:55 - GET /api/v1/notifications/ 200
2026-06-24 08:59:11 - POST /api/v1/auth/logout 200
2026-06-24 09:00:42 - POST /api/v1/auth/login 200
2026-06-24 09:00:42 - GET /api/v1/auth/me 200
2026-06-24 09:00:43 - GET /api/v1/matches/ 200
2026-06-24 09:00:43 - GET /api/v1/notifications/ 200
2026-06-24 09:00:43 - GET /api/v1/profile/ 200
2026-06-24 09:00:59 - POST /api/v1/auth/logout 200
2026-06-24 09:02:32 - POST /api/v1/auth/login 200
2026-06-24 09:02:32 - GET /api/v1/auth/me 200
2026-06-24 09:02:33 - GET /api/v1/matches/ 200
2026-06-24 09:02:33 - GET /api/v1/profile/ 200
2026-06-24 09:02:33 - GET /api/v1/notifications/ 200
2026-06-24 09:02:49 - POST /api/v1/auth/logout 200
2026-06-24 09:04:24 - POST /api/v1/auth/login 200
2026-06-24 09:04:24 - GET /api/v1/auth/me 200
2026-06-24 09:04:24 - GET /api/v1/matches/ 200
2026-06-24 09:04:24 - GET /api/v1/profile/ 200
2026-06-24 09:04:24 - GET /api/v1/notifications/ 200
2026-06-24 09:04:40 - POST /api/v1/auth/logout 200
2026-06-24 09:06:14 - POST /api/v1/auth/login 200
2026-06-24 09:06:14 - GET /api/v1/auth/me 200
2026-06-24 09:06:15 - GET /api/v1/matches/ 200
2026-06-24 09:06:15 - GET /api/v1/profile/ 200
2026-06-24 09:06:15 - GET /api/v1/notifications/ 200
2026-06-24 09:06:31 - POST /api/v1/auth/logout 200
2026-06-24 09:08:00 - POST /api/v1/auth/login 200
2026-06-24 09:08:00 - GET /api/v1/auth/me 200
2026-06-24 09:08:00 - GET /api/v1/matches/ 200
2026-06-24 09:08:00 - GET /api/v1/profile/ 200
2026-06-24 09:08:00 - GET /api/v1/notifications/ 200
2026-06-24 09:08:17 - POST /api/v1/auth/logout 200
2026-06-24 09:09:51 - POST /api/v1/auth/login 200
2026-06-24 09:09:51 - GET /api/v1/auth/me 200
2026-06-24 09:09:51 - GET /api/v1/matches/ 200
2026-06-24 09:09:51 - GET /api/v1/notifications/ 200
2026-06-24 09:09:51 - GET /api/v1/profile/ 200
2026-06-24 09:10:08 - POST /api/v1/auth/logout 200
2026-06-24 21:37:37 - POST /api/v1/auth/signup 201
2026-06-24 21:37:39 - POST /api/v1/auth/signup 201
2026-06-24 21:37:40 - POST /api/v1/auth/signup 201
2026-06-24 21:37:41 - POST /api/v1/auth/login 200
2026-06-24 21:37:41 - POST /api/v1/auth/login 200
2026-06-24 21:37:41 - POST /api/v1/auth/login 200
2026-06-24 21:37:41 - POST /api/v1/teams/ 201
2026-06-24 21:37:41 - GET /api/v1/teams/my-teams 200
2026-06-24 21:37:41 - POST /api/v1/teams/3de695fb-f6c2-4aa9-a987-30491f11ee0f/join-request 200
2026-06-24 21:37:41 - GET /api/v1/teams/my-teams 200
2026-06-24 21:37:41 - POST /api/v1/teams/3de695fb-f6c2-4aa9-a987-30491f11ee0f/approve-request 403
2026-06-24 21:37:41 - POST /api/v1/teams/3de695fb-f6c2-4aa9-a987-30491f11ee0f/approve-request 200
2026-06-24 21:37:41 - POST /api/v1/teams/3de695fb-f6c2-4aa9-a987-30491f11ee0f/members 200
2026-06-24 21:37:41 - POST /api/v1/teams/3de695fb-f6c2-4aa9-a987-30491f11ee0f/invitations/accept 200
2026-06-24 21:37:41 - GET /api/v1/teams/3de695fb-f6c2-4aa9-a987-30491f11ee0f/members 200
2026-06-24 21:37:41 - DELETE /api/v1/teams/3de695fb-f6c2-4aa9-a987-30491f11ee0f/members/c9e6dbd1-11d3-4bb0-abbf-4a488979ff50 204
2026-06-24 21:37:41 - GET /api/v1/teams/3de695fb-f6c2-4aa9-a987-30491f11ee0f/members 200
2026-06-24 21:37:51 - POST /api/v1/auth/login 200
2026-06-24 21:37:51 - POST /api/v1/teams/ 201
2026-06-24 21:37:51 - POST /api/v1/auth/login 200
2026-06-24 21:37:51 - POST /api/v1/teams/d4513a55-3574-4611-b448-92157938f7f2/members 200
2026-06-24 21:37:51 - GET /api/v1/notifications/ 200
2026-06-24 21:37:51 - GET /api/v1/teams/my-invitations 200
2026-06-24 21:37:51 - POST /api/v1/notifications/2986ab69-ee1f-4233-aaf9-ce4d22cfb791/read 200
2026-06-24 21:37:51 - POST /api/v1/teams/d4513a55-3574-4611-b448-92157938f7f2/invitations/accept 200
2026-06-24 21:37:51 - GET /api/v1/notifications/ 200
2026-06-24 21:37:52 - POST /api/v1/auth/login 200
2026-06-24 21:37:52 - POST /api/v1/teams/ 201
2026-06-24 21:37:52 - POST /api/v1/auth/login 200
2026-06-24 21:37:52 - POST /api/v1/teams/f60aa430-f446-4232-9ba7-df3e0f0ae85b/members 200
2026-06-24 21:37:52 - POST /api/v1/teams/f60aa430-f446-4232-9ba7-df3e0f0ae85b/invitations/reject 204
2026-06-24 21:37:52 - GET /api/v1/notifications/ 200
2026-06-24 21:37:53 - POST /api/v1/auth/login 200
2026-06-24 21:37:53 - POST /api/v1/teams/ 201
2026-06-24 21:37:53 - POST /api/v1/auth/login 200
2026-06-24 21:37:53 - POST /api/v1/teams/93d6ebd1-19a0-40fc-9982-217b0e0a71b1/join-request 200
2026-06-24 21:37:53 - POST /api/v1/teams/93d6ebd1-19a0-40fc-9982-217b0e0a71b1/reject-request 204
2026-06-24 21:37:53 - GET /api/v1/notifications/ 200
2026-06-24 21:37:54 - POST /api/v1/auth/login 200
2026-06-24 21:37:54 - POST /api/v1/teams/ 201
2026-06-24 21:37:54 - POST /api/v1/auth/login 200
2026-06-24 21:37:54 - PUT /api/v1/teams/e13a7ca6-b558-4eee-bb22-edef69f047dc 403
2026-06-24 21:37:54 - DELETE /api/v1/teams/e13a7ca6-b558-4eee-bb22-edef69f047dc 403
2026-06-24 21:37:54 - PUT /api/v1/teams/e13a7ca6-b558-4eee-bb22-edef69f047dc 200
2026-06-24 21:37:54 - DELETE /api/v1/teams/e13a7ca6-b558-4eee-bb22-edef69f047dc 204
2026-06-24 21:37:54 - GET /api/v1/teams/e13a7ca6-b558-4eee-bb22-edef69f047dc 404
2026-06-24 21:37:55 - POST /api/v1/auth/login 200
2026-06-24 21:37:55 - GET /api/v1/notifications/ 200
2026-06-24 21:37:55 - POST /api/v1/notifications/read-all 204
2026-06-24 21:37:55 - GET /api/v1/notifications/ 200
2026-06-24 21:41:06 - POST /api/v1/auth/login 200
2026-06-24 21:41:06 - GET /api/v1/auth/me 200
2026-06-24 21:41:06 - GET /api/v1/matches/ 200
2026-06-24 21:41:06 - GET /api/v1/profile/ 200
2026-06-24 21:41:06 - GET /api/v1/notifications/ 200
2026-06-24 21:41:21 - GET /api/v1/teams/my-teams 200
2026-06-24 21:41:21 - GET /api/v1/teams/ 200
2026-06-24 21:42:46 - POST /api/v1/auth/logout 200
2026-06-24 21:43:31 - POST /api/v1/auth/login 200
2026-06-24 21:43:31 - GET /api/v1/auth/me 200
2026-06-24 21:43:31 - GET /api/v1/profile/ 200
2026-06-24 21:43:31 - GET /api/v1/notifications/ 200
2026-06-24 21:43:31 - GET /api/v1/matches/ 200
2026-06-24 21:43:47 - GET /api/v1/teams/my-teams 200
2026-06-24 21:43:47 - GET /api/v1/teams/ 200
2026-06-25 07:55:33 - HEAD /docs 404
2026-06-25 07:55:47 - HEAD / 405
2026-06-25 08:25:21 - GET /api/v1/debug-logs 200
2026-06-25 08:27:39 - GET /api/v1/debug-logs 200
2026-06-25 16:32:25 - GET /api/v1/debug-logs 200
2026-06-25 16:33:18 - GET /api/v1/debug-logs 200
2026-06-25 16:38:55 - POST /api/v1/auth/login 200
2026-06-25 16:38:56 - GET /api/v1/auth/me 200
2026-06-25 16:38:56 - GET /api/v1/matches/ 200
2026-06-25 16:38:56 - GET /api/v1/profile/ 200
2026-06-25 16:38:56 - GET /api/v1/notifications/ 200
2026-06-25 16:39:12 - GET /api/v1/teams/my-teams 200
2026-06-25 16:39:12 - GET /api/v1/teams/ 200
2026-06-25 16:39:49 - POST /api/v1/teams/ 201
2026-06-25 16:39:50 - GET /api/v1/teams/my-teams 200
2026-06-25 16:39:50 - GET /api/v1/teams/ 200
2026-06-25 16:40:04 - POST /api/v1/auth/logout 200
2026-06-25 16:40:53 - POST /api/v1/auth/login 200
2026-06-25 16:40:53 - GET /api/v1/auth/me 200
2026-06-25 16:40:54 - GET /api/v1/profile/ 200
2026-06-25 16:40:54 - GET /api/v1/matches/ 200
2026-06-25 16:40:54 - GET /api/v1/notifications/ 200
2026-06-25 16:41:10 - GET /api/v1/teams/my-teams 200
2026-06-25 16:41:10 - GET /api/v1/teams/ 200
2026-06-25 16:41:48 - GET /api/v1/debug-logs 200
2026-06-25 16:42:08 - GET /api/v1/debug-logs 200
2026-06-25 16:48:22 - POST /api/v1/auth/login 200
2026-06-25 16:48:22 - GET /api/v1/auth/me 200
2026-06-25 16:48:22 - GET /api/v1/matches/ 200
2026-06-25 16:48:22 - GET /api/v1/profile/ 200
2026-06-25 16:48:22 - GET /api/v1/notifications/ 200
2026-06-25 16:48:39 - GET /api/v1/teams/my-teams 200
2026-06-25 16:48:39 - GET /api/v1/teams/ 200
2026-06-25 16:49:15 - POST /api/v1/teams/ 201
2026-06-25 16:49:16 - GET /api/v1/teams/my-teams 200
2026-06-25 16:49:16 - GET /api/v1/teams/ 200
2026-06-25 16:49:29 - GET /api/v1/debug-logs 200
2026-06-25 16:49:29 - POST /api/v1/auth/logout 200
2026-06-25 16:50:18 - POST /api/v1/auth/login 200
2026-06-25 16:50:18 - GET /api/v1/auth/me 200
2026-06-25 16:50:18 - GET /api/v1/matches/ 200
2026-06-25 16:50:18 - GET /api/v1/notifications/ 200
2026-06-25 16:50:18 - GET /api/v1/profile/ 200
2026-06-25 16:50:35 - GET /api/v1/teams/my-teams 200
2026-06-25 16:50:35 - GET /api/v1/teams/ 200
2026-06-25 16:53:40 - POST /api/v1/auth/login 200
2026-06-25 16:53:40 - GET /api/v1/auth/me 200
2026-06-25 16:53:41 - GET /api/v1/matches/ 200
2026-06-25 16:53:41 - GET /api/v1/profile/ 200
2026-06-25 16:53:41 - GET /api/v1/notifications/ 200
2026-06-25 16:53:57 - GET /api/v1/teams/my-teams 200
2026-06-25 16:53:57 - GET /api/v1/teams/ 200
2026-06-25 16:54:14 - GET /api/v1/debug-logs 200
2026-06-25 16:54:34 - POST /api/v1/teams/ 201
2026-06-25 16:54:34 - GET /api/v1/teams/my-teams 200
2026-06-25 16:54:34 - GET /api/v1/teams/ 200
2026-06-25 16:54:48 - POST /api/v1/auth/logout 200
2026-06-25 16:55:36 - POST /api/v1/auth/login 200
2026-06-25 16:55:36 - GET /api/v1/auth/me 200
2026-06-25 16:55:36 - GET /api/v1/matches/ 200
2026-06-25 16:55:36 - GET /api/v1/profile/ 200
2026-06-25 16:55:36 - GET /api/v1/notifications/ 200
2026-06-25 16:55:52 - GET /api/v1/debug-logs 200
2026-06-25 16:55:53 - GET /api/v1/teams/my-teams 200
2026-06-25 16:55:54 - GET /api/v1/teams/ 200
2026-06-25 16:56:52 - GET /api/v1/debug-logs 200
2026-06-25 17:03:14 - POST /api/v1/auth/login 200
2026-06-25 17:03:14 - GET /api/v1/auth/me 200
2026-06-25 17:03:15 - GET /api/v1/matches/ 200
2026-06-25 17:03:15 - GET /api/v1/profile/ 200
2026-06-25 17:03:15 - GET /api/v1/notifications/ 200
2026-06-25 17:03:31 - GET /api/v1/teams/my-teams 200
2026-06-25 17:03:31 - GET /api/v1/teams/ 200
2026-06-25 17:04:08 - POST /api/v1/teams/ 201
2026-06-25 17:04:09 - GET /api/v1/teams/my-teams 200
2026-06-25 17:04:09 - GET /api/v1/teams/ 200
2026-06-25 17:04:22 - POST /api/v1/auth/logout 200
2026-06-25 17:05:11 - POST /api/v1/auth/login 200
2026-06-25 17:05:11 - GET /api/v1/auth/me 200
2026-06-25 17:05:12 - GET /api/v1/matches/ 200
2026-06-25 17:05:12 - GET /api/v1/notifications/ 200
2026-06-25 17:05:12 - GET /api/v1/profile/ 200
2026-06-25 17:05:28 - GET /api/v1/debug-logs 200
2026-06-25 17:05:29 - GET /api/v1/teams/my-teams 200
2026-06-25 17:05:29 - GET /api/v1/teams/ 200
2026-06-25 17:05:51 - POST /api/v1/teams/93134e8c-8ac3-4512-80a2-fe0c2f1ffc51/join-request 200
2026-06-25 17:05:51 - GET /api/v1/teams/my-teams 200
2026-06-25 17:05:51 - GET /api/v1/teams/ 200
2026-06-25 17:14:21 - POST /api/v1/auth/login 200
2026-06-25 17:14:21 - GET /api/v1/auth/me 200
2026-06-25 17:14:22 - GET /api/v1/matches/ 200
2026-06-25 17:14:22 - GET /api/v1/profile/ 200
2026-06-25 17:14:22 - GET /api/v1/notifications/ 200
2026-06-25 17:14:38 - GET /api/v1/teams/my-teams 200
2026-06-25 17:14:38 - GET /api/v1/teams/ 200
2026-06-25 17:15:14 - POST /api/v1/teams/ 201
2026-06-25 17:15:14 - GET /api/v1/teams/my-teams 200
2026-06-25 17:15:14 - GET /api/v1/teams/ 200
2026-06-25 17:15:28 - POST /api/v1/auth/logout 200
2026-06-25 17:16:17 - POST /api/v1/auth/login 200
2026-06-25 17:16:17 - GET /api/v1/auth/me 200
2026-06-25 17:16:17 - GET /api/v1/matches/ 200
2026-06-25 17:16:17 - GET /api/v1/profile/ 200
2026-06-25 17:16:17 - GET /api/v1/notifications/ 200
2026-06-25 17:16:34 - GET /api/v1/teams/my-teams 200
2026-06-25 17:16:34 - GET /api/v1/teams/ 200
2026-06-25 17:16:56 - POST /api/v1/teams/5a6739b2-a01b-4131-942e-1196ed026635/join-request 200
2026-06-25 17:16:56 - GET /api/v1/teams/my-teams 200
2026-06-25 17:16:56 - GET /api/v1/teams/ 200
2026-06-25 17:18:04 - GET /api/v1/teams/my-teams 200
2026-06-25 17:18:04 - GET /api/v1/teams/ 200
2026-06-25 17:41:11 - POST /api/v1/auth/login 200
2026-06-25 17:41:12 - GET /api/v1/auth/me 200
2026-06-25 17:41:12 - GET /api/v1/matches/ 200
2026-06-25 17:41:12 - GET /api/v1/profile/ 200
2026-06-25 17:41:12 - GET /api/v1/notifications/ 200
2026-06-25 17:41:29 - GET /api/v1/teams/my-teams 200
2026-06-25 17:41:29 - GET /api/v1/teams/ 200
2026-06-25 17:42:05 - POST /api/v1/teams/ 201
2026-06-25 17:42:06 - GET /api/v1/teams/my-teams 200
2026-06-25 17:42:06 - GET /api/v1/teams/ 200
2026-06-25 17:43:10 - POST /api/v1/auth/logout 200
2026-06-25 17:43:58 - POST /api/v1/auth/login 200
2026-06-25 17:43:58 - GET /api/v1/auth/me 200
2026-06-25 17:43:58 - GET /api/v1/matches/ 200
2026-06-25 17:43:58 - GET /api/v1/profile/ 200
2026-06-25 17:43:58 - GET /api/v1/notifications/ 200
2026-06-25 17:44:15 - GET /api/v1/teams/my-teams 200
2026-06-25 17:44:15 - GET /api/v1/teams/ 200
2026-06-25 17:44:37 - POST /api/v1/teams/26138c29-a7ad-4d4f-8db4-098a8c6ebf53/join-request 200
2026-06-25 17:44:37 - GET /api/v1/teams/my-teams 200
2026-06-25 17:44:37 - GET /api/v1/teams/ 200
2026-06-25 17:46:20 - POST /api/v1/auth/logout 200
2026-06-25 17:47:08 - POST /api/v1/auth/login 200
2026-06-25 17:47:08 - GET /api/v1/auth/me 200
2026-06-25 17:47:09 - GET /api/v1/profile/ 200
2026-06-25 17:47:09 - GET /api/v1/notifications/ 200
2026-06-25 17:47:09 - GET /api/v1/matches/ 200
2026-06-25 17:47:26 - GET /api/v1/teams/my-teams 200
2026-06-25 17:47:26 - GET /api/v1/teams/ 200
2026-06-25 17:47:37 - GET /api/v1/teams/26138c29-a7ad-4d4f-8db4-098a8c6ebf53 200
2026-06-25 17:47:37 - GET /api/v1/teams/26138c29-a7ad-4d4f-8db4-098a8c6ebf53/members 200
2026-06-25 17:47:37 - GET /api/v1/matches/ 200
2026-06-25 17:47:51 - POST /api/v1/teams/26138c29-a7ad-4d4f-8db4-098a8c6ebf53/approve-request 200
2026-06-25 17:47:51 - GET /api/v1/teams/26138c29-a7ad-4d4f-8db4-098a8c6ebf53 200
2026-06-25 17:47:52 - GET /api/v1/teams/26138c29-a7ad-4d4f-8db4-098a8c6ebf53/members 200
2026-06-25 17:47:52 - GET /api/v1/matches/ 200
2026-06-25 17:48:27 - POST /api/v1/teams/26138c29-a7ad-4d4f-8db4-098a8c6ebf53/members 200
2026-06-25 17:48:28 - GET /api/v1/teams/26138c29-a7ad-4d4f-8db4-098a8c6ebf53 200
2026-06-25 17:48:28 - GET /api/v1/teams/26138c29-a7ad-4d4f-8db4-098a8c6ebf53/members 200
2026-06-25 17:48:28 - GET /api/v1/matches/ 200
2026-06-25 17:48:43 - DELETE /api/v1/teams/26138c29-a7ad-4d4f-8db4-098a8c6ebf53/members/d7be2291-1ca8-4ccc-93fb-2d6330d7cc78 204
2026-06-25 17:48:43 - GET /api/v1/teams/26138c29-a7ad-4d4f-8db4-098a8c6ebf53 200
2026-06-25 17:48:43 - GET /api/v1/teams/26138c29-a7ad-4d4f-8db4-098a8c6ebf53/members 200
2026-06-25 17:48:43 - GET /api/v1/matches/ 200
2026-06-25 17:49:36 - GET /api/v1/teams/my-teams 200
2026-06-25 17:49:36 - GET /api/v1/teams/ 200
2026-06-25 18:11:11 - POST /api/v1/auth/login 200
2026-06-25 18:11:11 - GET /api/v1/auth/me 200
2026-06-25 18:11:11 - GET /api/v1/matches/ 200
2026-06-25 18:11:11 - GET /api/v1/profile/ 200
2026-06-25 18:11:11 - GET /api/v1/notifications/ 200
2026-06-25 18:11:28 - GET /api/v1/teams/my-teams 200
2026-06-25 18:11:28 - GET /api/v1/teams/ 200
2026-06-25 18:12:02 - POST /api/v1/teams/ 201
2026-06-25 18:12:02 - GET /api/v1/teams/my-teams 200
2026-06-25 18:12:02 - GET /api/v1/teams/ 200
2026-06-25 18:13:04 - POST /api/v1/auth/logout 200
2026-06-25 18:13:49 - POST /api/v1/auth/login 200
2026-06-25 18:13:49 - GET /api/v1/auth/me 200
2026-06-25 18:13:50 - GET /api/v1/matches/ 200
2026-06-25 18:13:50 - GET /api/v1/profile/ 200
2026-06-25 18:13:50 - GET /api/v1/notifications/ 200
2026-06-25 18:14:06 - GET /api/v1/teams/my-teams 200
2026-06-25 18:14:06 - GET /api/v1/teams/ 200
2026-06-25 18:14:28 - POST /api/v1/teams/a7c44cc2-c8c0-4461-bbee-8e7f91daae97/join-request 200
2026-06-25 18:14:28 - GET /api/v1/teams/my-teams 200
2026-06-25 18:14:28 - GET /api/v1/teams/ 200
2026-06-25 18:16:08 - POST /api/v1/auth/logout 200
2026-06-25 18:16:52 - POST /api/v1/auth/login 200
2026-06-25 18:16:53 - GET /api/v1/auth/me 200
2026-06-25 18:16:53 - GET /api/v1/matches/ 200
2026-06-25 18:16:53 - GET /api/v1/profile/ 200
2026-06-25 18:16:53 - GET /api/v1/notifications/ 200
2026-06-25 18:17:09 - GET /api/v1/teams/my-teams 200
2026-06-25 18:17:09 - GET /api/v1/teams/ 200
2026-06-25 18:17:20 - GET /api/v1/teams/a7c44cc2-c8c0-4461-bbee-8e7f91daae97 200
2026-06-25 18:17:20 - GET /api/v1/teams/a7c44cc2-c8c0-4461-bbee-8e7f91daae97/members 200
2026-06-25 18:17:20 - GET /api/v1/matches/ 200
2026-06-25 18:17:34 - POST /api/v1/teams/a7c44cc2-c8c0-4461-bbee-8e7f91daae97/approve-request 200
2026-06-25 18:17:34 - GET /api/v1/teams/a7c44cc2-c8c0-4461-bbee-8e7f91daae97 200
2026-06-25 18:17:34 - GET /api/v1/teams/a7c44cc2-c8c0-4461-bbee-8e7f91daae97/members 200
2026-06-25 18:17:34 - GET /api/v1/matches/ 200
2026-06-25 18:18:08 - POST /api/v1/teams/a7c44cc2-c8c0-4461-bbee-8e7f91daae97/members 200
2026-06-25 18:18:08 - GET /api/v1/teams/a7c44cc2-c8c0-4461-bbee-8e7f91daae97 200
2026-06-25 18:18:08 - GET /api/v1/teams/a7c44cc2-c8c0-4461-bbee-8e7f91daae97/members 200
2026-06-25 18:18:08 - GET /api/v1/matches/ 200
2026-06-25 18:18:23 - DELETE /api/v1/teams/a7c44cc2-c8c0-4461-bbee-8e7f91daae97/members/d7be2291-1ca8-4ccc-93fb-2d6330d7cc78 204
2026-06-25 18:18:23 - GET /api/v1/teams/a7c44cc2-c8c0-4461-bbee-8e7f91daae97 200
2026-06-25 18:18:23 - GET /api/v1/teams/a7c44cc2-c8c0-4461-bbee-8e7f91daae97/members 200
2026-06-25 18:18:24 - GET /api/v1/matches/ 200
2026-06-25 18:19:15 - GET /api/v1/teams/my-teams 200
2026-06-25 18:19:15 - GET /api/v1/teams/ 200
2026-06-25 18:19:42 - POST /api/v1/auth/logout 200
2026-06-25 18:20:27 - POST /api/v1/auth/login 200
2026-06-25 18:20:27 - GET /api/v1/auth/me 200
2026-06-25 18:20:27 - GET /api/v1/profile/ 200
2026-06-25 18:20:27 - GET /api/v1/matches/ 200
2026-06-25 18:20:27 - GET /api/v1/notifications/ 200
2026-06-25 18:20:44 - GET /api/v1/teams/my-teams 200
2026-06-25 18:20:44 - GET /api/v1/teams/ 200
2026-06-25 18:20:58 - GET /api/v1/teams/a7c44cc2-c8c0-4461-bbee-8e7f91daae97 200
2026-06-25 18:20:58 - GET /api/v1/teams/a7c44cc2-c8c0-4461-bbee-8e7f91daae97/members 200
2026-06-25 18:20:58 - GET /api/v1/matches/ 200
2026-06-25 18:21:57 - GET /api/v1/teams/my-teams 200
2026-06-25 18:21:57 - GET /api/v1/teams/ 200
2026-06-25 18:22:24 - POST /api/v1/auth/logout 200
2026-06-26 13:07:51 - POST /api/v1/auth/signup 422
2026-06-26 13:07:51 - POST /api/v1/auth/signup 422
2026-06-26 13:07:51 - POST /api/v1/auth/signup 422
2026-06-26 13:07:51 - POST /api/v1/auth/signup 422
2026-06-26 13:07:53 - POST /api/v1/auth/signup 201
2026-06-26 13:07:54 - POST /api/v1/auth/login 400
2026-06-26 13:07:54 - POST /api/v1/auth/verify-otp 200
2026-06-26 13:07:57 - POST /api/v1/auth/signup 201
2026-06-26 13:07:57 - POST /api/v1/auth/resend-otp 429
2026-06-26 13:07:58 - POST /api/v1/auth/resend-otp 200
2026-06-26 13:07:59 - POST /api/v1/auth/login 400
2026-06-26 13:07:59 - POST /api/v1/auth/login 400
2026-06-26 13:07:59 - POST /api/v1/auth/login 400
2026-06-26 13:07:59 - POST /api/v1/auth/login 400
2026-06-26 13:08:00 - POST /api/v1/auth/login 400
2026-06-26 13:08:00 - POST /api/v1/auth/login 403
2026-06-26 13:08:00 - POST /api/v1/auth/login 200
2026-06-26 13:08:00 - POST /api/v1/auth/forgot-password 404
2026-06-26 13:08:03 - POST /api/v1/auth/forgot-password 200
2026-06-26 13:08:03 - POST /api/v1/auth/verify-reset-otp 400
2026-06-26 13:08:03 - POST /api/v1/auth/verify-reset-otp 200
2026-06-26 13:08:03 - POST /api/v1/auth/reset-password 422
2026-06-26 13:08:04 - POST /api/v1/auth/reset-password 200
2026-06-26 13:08:04 - POST /api/v1/auth/login 200
2026-06-26 13:08:04 - POST /api/v1/auth/login 200
2026-06-26 13:08:04 - POST /api/v1/auth/complete-profile 200
2026-06-26 13:08:05 - POST /api/v1/auth/login 200
2026-06-26 13:08:05 - POST /api/v1/auth/refresh 200
2026-06-26 13:08:05 - POST /api/v1/auth/logout 200
2026-06-26 13:08:05 - POST /api/v1/auth/refresh 401
2026-06-26 13:08:07 - POST /api/v1/auth/signup 201
2026-06-26 13:08:07 - POST /api/v1/auth/signup 400
2026-06-26 13:08:07 - POST /api/v1/auth/login 400
2026-06-26 13:08:07 - POST /api/v1/auth/forgot-password 400
2026-06-26 13:08:07 - POST /api/v1/auth/verify-reset-otp 400
2026-06-26 13:08:07 - POST /api/v1/auth/reset-password 400
2026-06-26 13:08:07 - POST /api/v1/auth/signup 400
2026-06-26 13:08:09 - POST /api/v1/auth/signup 201
2026-06-26 13:08:11 - POST /api/v1/auth/signup 201
2026-06-26 13:08:11 - POST /api/v1/auth/login 200
2026-06-26 13:08:11 - POST /api/v1/auth/login 200
2026-06-26 13:08:11 - POST /api/v1/teams/ 201
2026-06-26 13:08:11 - GET /api/v1/teams/ 200
2026-06-26 13:08:13 - POST /api/v1/auth/signup 201
2026-06-26 13:08:14 - POST /api/v1/auth/login 200
2026-06-26 13:08:14 - POST /api/v1/teams/ 201
2026-06-26 13:08:14 - POST /api/v1/teams/ 201
2026-06-26 13:08:14 - POST /api/v1/players/ 201
2026-06-26 13:08:14 - POST /api/v1/players/ 201
2026-06-26 13:08:14 - POST /api/v1/players/ 201
2026-06-26 13:08:14 - POST /api/v1/teams/e9f7854d-eeda-49e0-993f-5a672ece18cf/players/bulk 200
2026-06-26 13:08:14 - POST /api/v1/teams/ff2ad382-e1df-4247-9f98-248a189d9410/players/bulk 400
2026-06-26 13:08:15 - POST /api/v1/auth/signup 201
2026-06-26 13:08:17 - POST /api/v1/auth/signup 201
2026-06-26 13:08:17 - POST /api/v1/auth/login 200
2026-06-26 13:08:18 - POST /api/v1/auth/login 200
2026-06-26 13:08:18 - POST /api/v1/teams/ 201
2026-06-26 13:08:18 - POST /api/v1/teams/ 201
2026-06-26 13:08:18 - POST /api/v1/matches/ 201
2026-06-26 13:08:18 - POST /api/v1/matches/0fa9de3b-b96a-462b-88b8-66c01956b344/toss 403
2026-06-26 13:08:18 - POST /api/v1/matches/0fa9de3b-b96a-462b-88b8-66c01956b344/toss 200
2026-06-26 13:08:19 - GET /api/v1/debug-env 200
2026-06-26 13:08:19 - GET /api/v1/debug-env 404
2026-06-26 13:08:19 - POST /api/v1/auth/login 200
2026-06-26 13:08:19 - POST /api/v1/players/ 201
2026-06-26 13:08:19 - POST /api/v1/players/ 201
2026-06-26 13:08:19 - POST /api/v1/players/ 201
2026-06-26 13:08:19 - POST /api/v1/players/ 201
2026-06-26 13:08:19 - POST /api/v1/teams/ 201
2026-06-26 13:08:19 - POST /api/v1/teams/ 201
2026-06-26 13:08:19 - POST /api/v1/teams/7a65214d-50a3-4ef2-b226-6610e0eb686d/players 200
2026-06-26 13:08:19 - POST /api/v1/teams/7a65214d-50a3-4ef2-b226-6610e0eb686d/players 200
2026-06-26 13:08:19 - POST /api/v1/teams/46b0d632-75ee-4d76-9241-f40a5d1b8f36/players 200
2026-06-26 13:08:19 - POST /api/v1/teams/46b0d632-75ee-4d76-9241-f40a5d1b8f36/players 200
2026-06-26 13:08:19 - POST /api/v1/matches/ 201
2026-06-26 13:08:19 - POST /api/v1/matches/82dd52f6-01cf-42b2-ad44-e319f6f41ba3/toss 200
2026-06-26 13:08:19 - POST /api/v1/matches/82dd52f6-01cf-42b2-ad44-e319f6f41ba3/squads 400
2026-06-26 13:08:19 - POST /api/v1/matches/82dd52f6-01cf-42b2-ad44-e319f6f41ba3/squads 200
2026-06-26 13:08:19 - POST /api/v1/matches/82dd52f6-01cf-42b2-ad44-e319f6f41ba3/squads 400
2026-06-26 13:08:19 - POST /api/v1/matches/82dd52f6-01cf-42b2-ad44-e319f6f41ba3/squads 200
2026-06-26 13:08:19 - POST /api/v1/auth/google 200
2026-06-26 13:08:19 - POST /api/v1/auth/google 400
2026-06-26 13:08:20 - POST /api/v1/auth/google 400
2026-06-26 13:08:20 - POST /api/v1/auth/google 400
2026-06-26 13:08:20 - POST /api/v1/auth/google 400
2026-06-26 13:08:20 - POST /api/v1/auth/login 200
2026-06-26 13:08:20 - POST /api/v1/players/ 201
2026-06-26 13:08:20 - POST /api/v1/players/ 201
2026-06-26 13:08:20 - POST /api/v1/teams/ 201
2026-06-26 13:08:20 - POST /api/v1/teams/ 201
2026-06-26 13:08:20 - POST /api/v1/matches/ 201
2026-06-26 13:08:20 - GET /api/v1/matches/ 200
2026-06-26 13:08:21 - POST /api/v1/auth/login 200
2026-06-26 13:08:21 - POST /api/v1/auth/login 200
2026-06-26 13:08:22 - POST /api/v1/auth/login 200
2026-06-26 13:08:22 - POST /api/v1/matches/ 201
2026-06-26 13:08:22 - POST /api/v1/matches/7ad70e2c-1867-4d34-b185-aa2b8e2bc295/toss 200
2026-06-26 13:08:22 - POST /api/v1/matches/7ad70e2c-1867-4d34-b185-aa2b8e2bc295/toss 403
2026-06-26 13:08:22 - POST /api/v1/matches/ 201
2026-06-26 13:08:22 - POST /api/v1/matches/7f4c9bf5-8ca2-4bfb-bbe4-928db1d20a08/toss 200
2026-06-26 13:08:22 - POST /api/v1/matches/ 201
2026-06-26 13:08:22 - POST /api/v1/matches/7f6d61a6-6297-407e-b6ee-9f8ba3712c40/toss 200
2026-06-26 13:08:22 - POST /api/v1/matches/7f6d61a6-6297-407e-b6ee-9f8ba3712c40/toss 403
2026-06-26 13:08:22 - POST /api/v1/auth/login 200
2026-06-26 13:08:22 - POST /api/v1/players/ 201
2026-06-26 13:08:22 - POST /api/v1/players/ 201
2026-06-26 13:08:22 - POST /api/v1/players/ 422
2026-06-26 13:08:22 - POST /api/v1/players/ 422
2026-06-26 13:08:22 - GET /api/v1/players/6dad2be9-d317-47f6-91af-b32a0c85e170 200
2026-06-26 13:08:22 - PUT /api/v1/players/6dad2be9-d317-47f6-91af-b32a0c85e170 200
2026-06-26 13:08:22 - DELETE /api/v1/players/6dad2be9-d317-47f6-91af-b32a0c85e170 204
2026-06-26 13:08:22 - GET /api/v1/players/6dad2be9-d317-47f6-91af-b32a0c85e170 404
2026-06-26 13:08:23 - POST /api/v1/auth/login 200
2026-06-26 13:08:23 - POST /api/v1/players/ 201
2026-06-26 13:08:23 - POST /api/v1/players/ 201
2026-06-26 13:08:23 - POST /api/v1/teams/ 201
2026-06-26 13:08:23 - POST /api/v1/teams/31e9f171-6fd1-41cb-a594-5f55faf36d6a/players 200
2026-06-26 13:08:23 - PUT /api/v1/teams/31e9f171-6fd1-41cb-a594-5f55faf36d6a 200
2026-06-26 13:08:23 - PUT /api/v1/teams/31e9f171-6fd1-41cb-a594-5f55faf36d6a 400
2026-06-26 13:08:23 - POST /api/v1/teams/ 201
2026-06-26 13:08:23 - POST /api/v1/teams/8cf4e51e-d3b7-4419-887c-edbe7aaf2bf2/players 400
2026-06-26 13:08:23 - DELETE /api/v1/teams/31e9f171-6fd1-41cb-a594-5f55faf36d6a/players/b1929cc9-3160-481e-a26b-f3fa1b9e7fef 200
2026-06-26 13:08:23 - DELETE /api/v1/teams/31e9f171-6fd1-41cb-a594-5f55faf36d6a 204
2026-06-26 13:08:23 - POST /api/v1/auth/login 200
2026-06-26 13:08:23 - POST /api/v1/players/ 201
2026-06-26 13:08:23 - POST /api/v1/players/ 201
2026-06-26 13:08:23 - POST /api/v1/teams/ 201
2026-06-26 13:08:23 - POST /api/v1/teams/ 201
2026-06-26 13:08:23 - POST /api/v1/teams/a0ff6b55-e5f0-4e1f-849a-0098bc7efc8f/players 200
2026-06-26 13:08:23 - POST /api/v1/teams/8c48c5d8-0681-46b3-b02e-20b5edcd0296/players 200
2026-06-26 13:08:23 - POST /api/v1/matches/ 201
2026-06-26 13:08:23 - POST /api/v1/matches/720682fe-684b-4861-be66-dcdf495d00e1/squads 200
2026-06-26 13:08:23 - POST /api/v1/matches/720682fe-684b-4861-be66-dcdf495d00e1/toss 200
2026-06-26 13:08:23 - DELETE /api/v1/players/19c754ab-a70b-499e-9524-3245ab3909e7 400
2026-06-26 13:08:23 - DELETE /api/v1/teams/a0ff6b55-e5f0-4e1f-849a-0098bc7efc8f/players/19c754ab-a70b-499e-9524-3245ab3909e7 400
2026-06-26 13:08:23 - DELETE /api/v1/teams/a0ff6b55-e5f0-4e1f-849a-0098bc7efc8f 400
2026-06-26 13:08:24 - POST /api/v1/auth/login 200
2026-06-26 13:08:24 - GET /api/v1/profile/ 200
2026-06-26 13:08:24 - POST /api/v1/auth/login 200
2026-06-26 13:08:24 - PUT /api/v1/profile/ 200
2026-06-26 13:08:24 - PUT /api/v1/profile/ 400
2026-06-26 13:08:25 - POST /api/v1/auth/login 200
2026-06-26 13:08:25 - GET /api/v1/profile/stats 200
2026-06-26 13:08:25 - POST /api/v1/auth/login 200
2026-06-26 13:08:25 - GET /api/v1/profile/activity 200
2026-06-26 13:08:25 - GET /api/v1/profile/achievements 200
2026-06-26 13:08:25 - POST /api/v1/auth/login 200
2026-06-26 13:08:25 - POST /api/v1/profile/upload-photo 200
2026-06-26 13:08:25 - GET /api/v1/profile/ 200
2026-06-26 13:08:26 - POST /api/v1/auth/login 200
2026-06-26 13:08:26 - POST /api/v1/players/ 201
2026-06-26 13:08:26 - POST /api/v1/players/ 201
2026-06-26 13:08:26 - POST /api/v1/players/ 201
2026-06-26 13:08:26 - POST /api/v1/players/ 201
2026-06-26 13:08:26 - POST /api/v1/players/ 201
2026-06-26 13:08:26 - POST /api/v1/teams/ 201
2026-06-26 13:08:26 - POST /api/v1/teams/ 201
2026-06-26 13:08:26 - POST /api/v1/teams/9500ead4-8c10-4451-a33c-0c024aff497a/players 200
2026-06-26 13:08:26 - POST /api/v1/teams/9500ead4-8c10-4451-a33c-0c024aff497a/players 200
2026-06-26 13:08:26 - POST /api/v1/teams/9500ead4-8c10-4451-a33c-0c024aff497a/players 200
2026-06-26 13:08:26 - POST /api/v1/teams/094cd394-7080-434b-8528-9822bcd5f700/players 200
2026-06-26 13:08:26 - POST /api/v1/teams/094cd394-7080-434b-8528-9822bcd5f700/players 200
2026-06-26 13:08:26 - POST /api/v1/matches/ 201
2026-06-26 13:08:26 - POST /api/v1/matches/6e3f6a89-8e36-4522-b0d5-426e6f5d1ee4/toss 200
2026-06-26 13:08:26 - POST /api/v1/matches/6e3f6a89-8e36-4522-b0d5-426e6f5d1ee4/squads 200
2026-06-26 13:08:26 - POST /api/v1/matches/6e3f6a89-8e36-4522-b0d5-426e6f5d1ee4/squads 200
2026-06-26 13:08:26 - POST /api/v1/matches/6e3f6a89-8e36-4522-b0d5-426e6f5d1ee4/balls 201
2026-06-26 13:08:26 - POST /api/v1/matches/6e3f6a89-8e36-4522-b0d5-426e6f5d1ee4/balls 201
2026-06-26 13:08:26 - POST /api/v1/matches/6e3f6a89-8e36-4522-b0d5-426e6f5d1ee4/balls 201
2026-06-26 13:08:26 - POST /api/v1/matches/6e3f6a89-8e36-4522-b0d5-426e6f5d1ee4/balls 201
2026-06-26 13:08:26 - POST /api/v1/matches/6e3f6a89-8e36-4522-b0d5-426e6f5d1ee4/balls 201
2026-06-26 13:08:26 - POST /api/v1/matches/6e3f6a89-8e36-4522-b0d5-426e6f5d1ee4/balls 201
2026-06-26 13:08:26 - POST /api/v1/matches/6e3f6a89-8e36-4522-b0d5-426e6f5d1ee4/balls 201
2026-06-26 13:08:26 - POST /api/v1/matches/6e3f6a89-8e36-4522-b0d5-426e6f5d1ee4/balls 201
2026-06-26 13:08:26 - POST /api/v1/matches/6e3f6a89-8e36-4522-b0d5-426e6f5d1ee4/balls 201
2026-06-26 13:08:26 - POST /api/v1/matches/6e3f6a89-8e36-4522-b0d5-426e6f5d1ee4/balls 201
2026-06-26 13:08:26 - POST /api/v1/matches/6e3f6a89-8e36-4522-b0d5-426e6f5d1ee4/balls 201
2026-06-26 13:08:26 - POST /api/v1/matches/6e3f6a89-8e36-4522-b0d5-426e6f5d1ee4/balls 201
2026-06-26 13:08:26 - GET /api/v1/matches/6e3f6a89-8e36-4522-b0d5-426e6f5d1ee4/scorecard 200
2026-06-26 13:08:26 - GET /api/v1/players/94146219-02e1-4e22-b0c6-ba2e3c5c75a9 200
2026-06-26 13:08:27 - POST /api/v1/auth/login 200
2026-06-26 13:08:27 - POST /api/v1/players/ 201
2026-06-26 13:08:27 - POST /api/v1/players/ 201
2026-06-26 13:08:27 - POST /api/v1/players/ 201
2026-06-26 13:08:27 - POST /api/v1/players/ 201
2026-06-26 13:08:27 - POST /api/v1/players/ 201
2026-06-26 13:08:27 - POST /api/v1/teams/ 201
2026-06-26 13:08:27 - POST /api/v1/teams/ 201
2026-06-26 13:08:27 - POST /api/v1/teams/88deddf8-fdd8-477a-bcb5-c4b49be39ed7/players 200
2026-06-26 13:08:27 - POST /api/v1/teams/88deddf8-fdd8-477a-bcb5-c4b49be39ed7/players 200
2026-06-26 13:08:27 - POST /api/v1/teams/88deddf8-fdd8-477a-bcb5-c4b49be39ed7/players 200
2026-06-26 13:08:27 - POST /api/v1/teams/704c656a-1dd3-41ba-9460-5b8c4f656666/players 200
2026-06-26 13:08:27 - POST /api/v1/teams/704c656a-1dd3-41ba-9460-5b8c4f656666/players 200
2026-06-26 13:08:27 - POST /api/v1/matches/ 201
2026-06-26 13:08:27 - POST /api/v1/matches/e21fd1c3-15f4-4bd2-a964-a7bf0b1b2748/toss 200
2026-06-26 13:08:27 - POST /api/v1/matches/e21fd1c3-15f4-4bd2-a964-a7bf0b1b2748/squads 200
2026-06-26 13:08:27 - POST /api/v1/matches/e21fd1c3-15f4-4bd2-a964-a7bf0b1b2748/squads 200
2026-06-26 13:08:27 - POST /api/v1/matches/e21fd1c3-15f4-4bd2-a964-a7bf0b1b2748/balls 201
2026-06-26 13:08:27 - POST /api/v1/matches/e21fd1c3-15f4-4bd2-a964-a7bf0b1b2748/balls 201
2026-06-26 13:08:27 - POST /api/v1/matches/e21fd1c3-15f4-4bd2-a964-a7bf0b1b2748/balls 201
2026-06-26 13:08:27 - POST /api/v1/matches/e21fd1c3-15f4-4bd2-a964-a7bf0b1b2748/balls 201
2026-06-26 13:08:27 - POST /api/v1/matches/e21fd1c3-15f4-4bd2-a964-a7bf0b1b2748/balls 201
2026-06-26 13:08:27 - GET /api/v1/matches/e21fd1c3-15f4-4bd2-a964-a7bf0b1b2748/scorecard 200
2026-06-26 13:08:27 - POST /api/v1/auth/login 200
2026-06-26 13:08:27 - POST /api/v1/players/ 201
2026-06-26 13:08:27 - POST /api/v1/players/ 201
2026-06-26 13:08:27 - POST /api/v1/players/ 201
2026-06-26 13:08:27 - POST /api/v1/players/ 201
2026-06-26 13:08:27 - POST /api/v1/teams/ 201
2026-06-26 13:08:27 - POST /api/v1/teams/ 201
2026-06-26 13:08:27 - POST /api/v1/teams/44f9a265-1a53-4f60-947a-0ccf1cca768d/players 200
2026-06-26 13:08:27 - POST /api/v1/teams/44f9a265-1a53-4f60-947a-0ccf1cca768d/players 200
2026-06-26 13:08:27 - POST /api/v1/teams/2fb5c2b4-7230-41b4-b258-754b053e34e4/players 200
2026-06-26 13:08:27 - POST /api/v1/teams/2fb5c2b4-7230-41b4-b258-754b053e34e4/players 200
2026-06-26 13:08:27 - POST /api/v1/matches/ 201
2026-06-26 13:08:27 - POST /api/v1/matches/8493e4d0-f9cd-4fd2-ad70-b9c4b0ca758a/toss 200
2026-06-26 13:08:27 - POST /api/v1/matches/8493e4d0-f9cd-4fd2-ad70-b9c4b0ca758a/squads 200
2026-06-26 13:08:27 - POST /api/v1/matches/8493e4d0-f9cd-4fd2-ad70-b9c4b0ca758a/squads 200
2026-06-26 13:08:27 - POST /api/v1/matches/8493e4d0-f9cd-4fd2-ad70-b9c4b0ca758a/balls 201
2026-06-26 13:08:27 - POST /api/v1/matches/8493e4d0-f9cd-4fd2-ad70-b9c4b0ca758a/balls 201
2026-06-26 13:08:27 - POST /api/v1/matches/8493e4d0-f9cd-4fd2-ad70-b9c4b0ca758a/balls 201
2026-06-26 13:08:27 - POST /api/v1/matches/8493e4d0-f9cd-4fd2-ad70-b9c4b0ca758a/balls 201
2026-06-26 13:08:27 - POST /api/v1/matches/8493e4d0-f9cd-4fd2-ad70-b9c4b0ca758a/balls 201
2026-06-26 13:08:27 - POST /api/v1/matches/8493e4d0-f9cd-4fd2-ad70-b9c4b0ca758a/balls 201
2026-06-26 13:08:27 - POST /api/v1/matches/8493e4d0-f9cd-4fd2-ad70-b9c4b0ca758a/balls 201
2026-06-26 13:08:27 - GET /api/v1/matches/8493e4d0-f9cd-4fd2-ad70-b9c4b0ca758a/scorecard 200
2026-06-26 13:08:29 - POST /api/v1/auth/signup 201
2026-06-26 13:08:29 - POST /api/v1/auth/login 200
2026-06-26 13:08:30 - POST /api/v1/auth/login 200
2026-06-26 13:08:30 - POST /api/v1/players/ 201
2026-06-26 13:08:30 - POST /api/v1/players/ 201
2026-06-26 13:08:30 - POST /api/v1/players/ 201
2026-06-26 13:08:30 - POST /api/v1/players/ 201
2026-06-26 13:08:30 - POST /api/v1/players/ 201
2026-06-26 13:08:30 - POST /api/v1/teams/ 201
2026-06-26 13:08:30 - POST /api/v1/teams/ 201
2026-06-26 13:08:30 - POST /api/v1/teams/39417b7d-52c4-4a27-b0aa-27c3d2c1f92a/players 200
2026-06-26 13:08:30 - POST /api/v1/teams/39417b7d-52c4-4a27-b0aa-27c3d2c1f92a/players 200
2026-06-26 13:08:30 - POST /api/v1/teams/39417b7d-52c4-4a27-b0aa-27c3d2c1f92a/players 200
2026-06-26 13:08:30 - POST /api/v1/teams/b63dd677-bc99-4227-af65-b67304ad9914/players 200
2026-06-26 13:08:30 - POST /api/v1/teams/b63dd677-bc99-4227-af65-b67304ad9914/players 200
2026-06-26 13:08:30 - POST /api/v1/matches/ 201
2026-06-26 13:08:30 - POST /api/v1/matches/8b576ea5-338d-429a-ae63-093297ab38f9/toss 200
2026-06-26 13:08:30 - POST /api/v1/matches/8b576ea5-338d-429a-ae63-093297ab38f9/squads 200
2026-06-26 13:08:30 - POST /api/v1/matches/8b576ea5-338d-429a-ae63-093297ab38f9/squads 200
2026-06-26 13:08:30 - POST /api/v1/matches/8b576ea5-338d-429a-ae63-093297ab38f9/balls 201
2026-06-26 13:08:30 - GET /api/v1/matches/8b576ea5-338d-429a-ae63-093297ab38f9/live 200
2026-06-26 13:08:30 - POST /api/v1/matches/8b576ea5-338d-429a-ae63-093297ab38f9/balls 201
2026-06-26 13:08:30 - GET /api/v1/matches/8b576ea5-338d-429a-ae63-093297ab38f9/live 200
2026-06-26 13:08:30 - POST /api/v1/matches/8b576ea5-338d-429a-ae63-093297ab38f9/balls 201
2026-06-26 13:08:30 - GET /api/v1/matches/8b576ea5-338d-429a-ae63-093297ab38f9/live 200
2026-06-26 13:08:30 - POST /api/v1/matches/8b576ea5-338d-429a-ae63-093297ab38f9/balls 201
2026-06-26 13:08:30 - GET /api/v1/matches/8b576ea5-338d-429a-ae63-093297ab38f9/live 200
2026-06-26 13:08:30 - POST /api/v1/matches/8b576ea5-338d-429a-ae63-093297ab38f9/undo 200
2026-06-26 13:08:30 - GET /api/v1/matches/8b576ea5-338d-429a-ae63-093297ab38f9/live 200
2026-06-26 13:08:30 - GET /api/v1/auth/me 401
2026-06-26 13:08:30 - GET /api/v1/auth/me 401
2026-06-26 13:08:30 - POST /api/v1/auth/login 200
2026-06-26 13:08:30 - POST /api/v1/players/ 201
2026-06-26 13:08:30 - POST /api/v1/players/ 201
2026-06-26 13:08:30 - POST /api/v1/players/ 201
2026-06-26 13:08:30 - POST /api/v1/players/ 201
2026-06-26 13:08:30 - POST /api/v1/players/ 201
2026-06-26 13:08:30 - POST /api/v1/teams/ 201
2026-06-26 13:08:30 - POST /api/v1/teams/ 201
2026-06-26 13:08:30 - POST /api/v1/teams/d5d20550-85d1-40b8-bf5e-6ac6e9bec40b/players 200
2026-06-26 13:08:30 - POST /api/v1/teams/d5d20550-85d1-40b8-bf5e-6ac6e9bec40b/players 200
2026-06-26 13:08:30 - POST /api/v1/teams/d5d20550-85d1-40b8-bf5e-6ac6e9bec40b/players 200
2026-06-26 13:08:30 - POST /api/v1/teams/44b0380a-8bda-401f-817c-e21bb7118cd8/players 200
2026-06-26 13:08:30 - POST /api/v1/teams/44b0380a-8bda-401f-817c-e21bb7118cd8/players 200
2026-06-26 13:08:30 - POST /api/v1/matches/ 201
2026-06-26 13:08:30 - POST /api/v1/matches/493538d2-2bce-4777-a1cd-0f7589062df1/toss 200
2026-06-26 13:08:30 - POST /api/v1/matches/493538d2-2bce-4777-a1cd-0f7589062df1/squads 200
2026-06-26 13:08:30 - POST /api/v1/matches/493538d2-2bce-4777-a1cd-0f7589062df1/squads 200
2026-06-26 13:08:30 - POST /api/v1/matches/493538d2-2bce-4777-a1cd-0f7589062df1/balls 201
2026-06-26 13:08:30 - GET /api/v1/matches/493538d2-2bce-4777-a1cd-0f7589062df1/live 200
2026-06-26 13:08:30 - POST /api/v1/matches/493538d2-2bce-4777-a1cd-0f7589062df1/balls 201
2026-06-26 13:08:30 - GET /api/v1/matches/493538d2-2bce-4777-a1cd-0f7589062df1/live 200
2026-06-26 13:08:30 - POST /api/v1/matches/493538d2-2bce-4777-a1cd-0f7589062df1/balls 201
2026-06-26 13:08:30 - GET /api/v1/matches/493538d2-2bce-4777-a1cd-0f7589062df1/live 200
2026-06-26 13:08:30 - POST /api/v1/matches/493538d2-2bce-4777-a1cd-0f7589062df1/balls 201
2026-06-26 13:08:30 - GET /api/v1/matches/493538d2-2bce-4777-a1cd-0f7589062df1/live 200
2026-06-26 13:08:30 - POST /api/v1/matches/493538d2-2bce-4777-a1cd-0f7589062df1/balls 201
2026-06-26 13:08:30 - GET /api/v1/matches/493538d2-2bce-4777-a1cd-0f7589062df1/live 200
2026-06-26 13:08:30 - POST /api/v1/matches/493538d2-2bce-4777-a1cd-0f7589062df1/balls 201
2026-06-26 13:08:30 - GET /api/v1/matches/493538d2-2bce-4777-a1cd-0f7589062df1/live 200
2026-06-26 13:08:30 - POST /api/v1/matches/493538d2-2bce-4777-a1cd-0f7589062df1/balls 201
2026-06-26 13:08:31 - GET /api/v1/matches/493538d2-2bce-4777-a1cd-0f7589062df1/live 200
2026-06-26 13:08:31 - GET /api/v1/matches/493538d2-2bce-4777-a1cd-0f7589062df1/scorecard 200
2026-06-26 13:08:33 - POST /api/v1/auth/signup 201
2026-06-26 13:08:34 - POST /api/v1/auth/signup 201
2026-06-26 13:08:37 - POST /api/v1/auth/signup 201
2026-06-26 13:08:37 - POST /api/v1/auth/login 200
2026-06-26 13:08:38 - POST /api/v1/auth/login 200
2026-06-26 13:08:38 - POST /api/v1/auth/login 200
2026-06-26 13:08:38 - POST /api/v1/teams/ 201
2026-06-26 13:08:38 - GET /api/v1/teams/my-teams 200
2026-06-26 13:08:38 - POST /api/v1/teams/84a0a7aa-26b1-4674-bfcb-d2f0e404eaed/join-request 200
2026-06-26 13:08:38 - GET /api/v1/teams/my-teams 200
2026-06-26 13:08:38 - POST /api/v1/teams/84a0a7aa-26b1-4674-bfcb-d2f0e404eaed/approve-request 403
2026-06-26 13:08:38 - POST /api/v1/teams/84a0a7aa-26b1-4674-bfcb-d2f0e404eaed/approve-request 200
2026-06-26 13:08:38 - POST /api/v1/teams/84a0a7aa-26b1-4674-bfcb-d2f0e404eaed/members 200
2026-06-26 13:08:38 - POST /api/v1/teams/84a0a7aa-26b1-4674-bfcb-d2f0e404eaed/invitations/accept 200
2026-06-26 13:08:38 - GET /api/v1/teams/84a0a7aa-26b1-4674-bfcb-d2f0e404eaed/members 200
2026-06-26 13:08:38 - DELETE /api/v1/teams/84a0a7aa-26b1-4674-bfcb-d2f0e404eaed/members/e27dad82-5a34-4286-8972-338e6c22baa8 204
2026-06-26 13:08:38 - GET /api/v1/teams/84a0a7aa-26b1-4674-bfcb-d2f0e404eaed/members 200
2026-06-26 13:08:39 - POST /api/v1/auth/login 200
2026-06-26 13:08:39 - POST /api/v1/teams/ 201
2026-06-26 13:08:40 - POST /api/v1/auth/login 200
2026-06-26 13:08:40 - POST /api/v1/teams/ef637fa2-48ce-406e-bf9a-9704d6d76e98/members 200
2026-06-26 13:08:40 - GET /api/v1/notifications/ 200
2026-06-26 13:08:40 - GET /api/v1/teams/my-invitations 200
2026-06-26 13:08:40 - POST /api/v1/notifications/51d87a49-854f-40f6-b35f-b5d6aa28de4a/read 200
2026-06-26 13:08:40 - POST /api/v1/teams/ef637fa2-48ce-406e-bf9a-9704d6d76e98/invitations/accept 200
2026-06-26 13:08:40 - GET /api/v1/notifications/ 200
2026-06-26 13:08:41 - POST /api/v1/auth/login 200
2026-06-26 13:08:41 - POST /api/v1/teams/ 201
2026-06-26 13:08:42 - POST /api/v1/auth/login 200
2026-06-26 13:08:42 - POST /api/v1/teams/57aa0694-473a-48ba-8694-ec5307dfa50a/members 200
2026-06-26 13:08:42 - POST /api/v1/teams/57aa0694-473a-48ba-8694-ec5307dfa50a/invitations/reject 204
2026-06-26 13:08:42 - GET /api/v1/notifications/ 200
2026-06-26 13:08:43 - POST /api/v1/auth/login 200
2026-06-26 13:08:43 - POST /api/v1/teams/ 201
2026-06-26 13:08:44 - POST /api/v1/auth/login 200
2026-06-26 13:08:44 - POST /api/v1/teams/f7baf29f-cd03-4939-a4a6-3847ea66b0f2/join-request 200
2026-06-26 13:08:44 - POST /api/v1/teams/f7baf29f-cd03-4939-a4a6-3847ea66b0f2/reject-request 204
2026-06-26 13:08:44 - GET /api/v1/notifications/ 200
2026-06-26 13:08:45 - POST /api/v1/auth/login 200
2026-06-26 13:08:45 - POST /api/v1/teams/ 201
2026-06-26 13:08:45 - POST /api/v1/auth/login 200
2026-06-26 13:08:45 - PUT /api/v1/teams/227bc6d7-f9b1-4369-84cb-1a721c9ee9c3 403
2026-06-26 13:08:45 - DELETE /api/v1/teams/227bc6d7-f9b1-4369-84cb-1a721c9ee9c3 403
2026-06-26 13:08:45 - PUT /api/v1/teams/227bc6d7-f9b1-4369-84cb-1a721c9ee9c3 200
2026-06-26 13:08:45 - DELETE /api/v1/teams/227bc6d7-f9b1-4369-84cb-1a721c9ee9c3 204
2026-06-26 13:08:45 - GET /api/v1/teams/227bc6d7-f9b1-4369-84cb-1a721c9ee9c3 404
2026-06-26 13:08:46 - POST /api/v1/auth/login 200
2026-06-26 13:08:46 - GET /api/v1/notifications/ 200
2026-06-26 13:08:46 - POST /api/v1/notifications/read-all 204
2026-06-26 13:08:46 - GET /api/v1/notifications/ 200
2026-06-26 13:08:47 - POST /api/v1/auth/login 200
2026-06-26 13:08:47 - POST /api/v1/tournaments/ 201
2026-06-26 13:08:47 - POST /api/v1/players/ 201
2026-06-26 13:08:47 - POST /api/v1/players/ 201
2026-06-26 13:08:47 - POST /api/v1/players/ 201
2026-06-26 13:08:47 - POST /api/v1/players/ 201
2026-06-26 13:08:47 - POST /api/v1/teams/ 201
2026-06-26 13:08:47 - POST /api/v1/teams/0204d34a-dc1b-43ef-b43e-bab032479b59/players 200
2026-06-26 13:08:47 - POST /api/v1/teams/0204d34a-dc1b-43ef-b43e-bab032479b59/players 200
2026-06-26 13:08:47 - POST /api/v1/teams/0204d34a-dc1b-43ef-b43e-bab032479b59/players 200
2026-06-26 13:08:47 - POST /api/v1/teams/0204d34a-dc1b-43ef-b43e-bab032479b59/players 200
2026-06-26 13:08:47 - POST /api/v1/tournaments/c146263f-eae0-42a8-af6e-33a3f1a09485/teams 400
2026-06-26 13:08:47 - POST /api/v1/players/ 201
2026-06-26 13:08:47 - POST /api/v1/teams/0204d34a-dc1b-43ef-b43e-bab032479b59/players 200
2026-06-26 13:08:47 - POST /api/v1/tournaments/c146263f-eae0-42a8-af6e-33a3f1a09485/teams 200
2026-06-26 13:08:47 - DELETE /api/v1/tournaments/c146263f-eae0-42a8-af6e-33a3f1a09485/teams/0204d34a-dc1b-43ef-b43e-bab032479b59 200
2026-06-26 13:08:48 - POST /api/v1/auth/login 200
2026-06-26 13:08:48 - POST /api/v1/teams/ 201
2026-06-26 13:08:48 - POST /api/v1/players/ 201
2026-06-26 13:08:48 - POST /api/v1/teams/15f26c95-972a-4653-a67b-ab373dd7274c/players 200
2026-06-26 13:08:48 - POST /api/v1/players/ 201
2026-06-26 13:08:48 - POST /api/v1/teams/15f26c95-972a-4653-a67b-ab373dd7274c/players 200
2026-06-26 13:08:48 - POST /api/v1/players/ 201
2026-06-26 13:08:48 - POST /api/v1/teams/15f26c95-972a-4653-a67b-ab373dd7274c/players 200
2026-06-26 13:08:48 - POST /api/v1/players/ 201
2026-06-26 13:08:48 - POST /api/v1/teams/15f26c95-972a-4653-a67b-ab373dd7274c/players 200
2026-06-26 13:08:48 - POST /api/v1/players/ 201
2026-06-26 13:08:48 - POST /api/v1/teams/15f26c95-972a-4653-a67b-ab373dd7274c/players 200
2026-06-26 13:08:48 - POST /api/v1/teams/ 201
2026-06-26 13:08:48 - POST /api/v1/players/ 201
2026-06-26 13:08:48 - POST /api/v1/teams/22ce74e1-4158-4863-a606-b8475aad0cc4/players 200
2026-06-26 13:08:48 - POST /api/v1/players/ 201
2026-06-26 13:08:48 - POST /api/v1/teams/22ce74e1-4158-4863-a606-b8475aad0cc4/players 200
2026-06-26 13:08:48 - POST /api/v1/players/ 201
2026-06-26 13:08:48 - POST /api/v1/teams/22ce74e1-4158-4863-a606-b8475aad0cc4/players 200
2026-06-26 13:08:48 - POST /api/v1/players/ 201
2026-06-26 13:08:48 - POST /api/v1/teams/22ce74e1-4158-4863-a606-b8475aad0cc4/players 200
2026-06-26 13:08:49 - POST /api/v1/players/ 201
2026-06-26 13:08:49 - POST /api/v1/teams/22ce74e1-4158-4863-a606-b8475aad0cc4/players 200
2026-06-26 13:08:49 - POST /api/v1/tournaments/ 201
2026-06-26 13:08:49 - POST /api/v1/tournaments/fa6d6866-4cc6-48a5-a0d4-3b2a5268c0a1/teams 200
2026-06-26 13:08:49 - POST /api/v1/tournaments/fa6d6866-4cc6-48a5-a0d4-3b2a5268c0a1/teams 200
2026-06-26 13:08:49 - POST /api/v1/tournaments/fa6d6866-4cc6-48a5-a0d4-3b2a5268c0a1/fixtures/generate 201
2026-06-26 13:08:49 - GET /api/v1/tournaments/fa6d6866-4cc6-48a5-a0d4-3b2a5268c0a1/dashboard 200
2026-06-26 13:08:49 - POST /api/v1/matches/fd089353-4f8b-46da-86df-549a9cae8ac9/toss 200
2026-06-26 13:08:49 - GET /api/v1/teams/15f26c95-972a-4653-a67b-ab373dd7274c 200
2026-06-26 13:08:49 - GET /api/v1/teams/22ce74e1-4158-4863-a606-b8475aad0cc4 200
2026-06-26 13:08:49 - POST /api/v1/matches/fd089353-4f8b-46da-86df-549a9cae8ac9/squads 200
2026-06-26 13:08:49 - POST /api/v1/matches/fd089353-4f8b-46da-86df-549a9cae8ac9/squads 200
2026-06-26 13:08:49 - POST /api/v1/matches/fd089353-4f8b-46da-86df-549a9cae8ac9/balls 201
2026-06-26 13:08:49 - POST /api/v1/matches/fd089353-4f8b-46da-86df-549a9cae8ac9/balls 201
2026-06-26 13:08:49 - POST /api/v1/matches/fd089353-4f8b-46da-86df-549a9cae8ac9/balls 201
2026-06-26 13:08:49 - POST /api/v1/matches/fd089353-4f8b-46da-86df-549a9cae8ac9/balls 201
2026-06-26 13:08:49 - POST /api/v1/matches/fd089353-4f8b-46da-86df-549a9cae8ac9/balls 201
2026-06-26 13:08:49 - POST /api/v1/matches/fd089353-4f8b-46da-86df-549a9cae8ac9/balls 201
2026-06-26 13:08:49 - POST /api/v1/matches/fd089353-4f8b-46da-86df-549a9cae8ac9/balls 201
2026-06-26 13:08:49 - POST /api/v1/matches/fd089353-4f8b-46da-86df-549a9cae8ac9/balls 201
2026-06-26 13:08:49 - POST /api/v1/matches/fd089353-4f8b-46da-86df-549a9cae8ac9/balls 201
2026-06-26 13:08:49 - GET /api/v1/tournaments/fa6d6866-4cc6-48a5-a0d4-3b2a5268c0a1/points-table 200
2026-06-26 13:08:49 - GET /api/v1/tournaments/fa6d6866-4cc6-48a5-a0d4-3b2a5268c0a1/leaderboards 200
2026-06-26 13:08:50 - POST /api/v1/auth/login 200
2026-06-26 13:08:50 - POST /api/v1/teams/ 201
2026-06-26 13:08:50 - POST /api/v1/players/ 201
2026-06-26 13:08:50 - POST /api/v1/teams/1f301660-eae8-4b97-9495-c130617018f9/players 200
2026-06-26 13:08:50 - POST /api/v1/players/ 201
2026-06-26 13:08:50 - POST /api/v1/teams/1f301660-eae8-4b97-9495-c130617018f9/players 200
2026-06-26 13:08:50 - POST /api/v1/players/ 201
2026-06-26 13:08:50 - POST /api/v1/teams/1f301660-eae8-4b97-9495-c130617018f9/players 200
2026-06-26 13:08:50 - POST /api/v1/players/ 201
2026-06-26 13:08:50 - POST /api/v1/teams/1f301660-eae8-4b97-9495-c130617018f9/players 200
2026-06-26 13:08:50 - POST /api/v1/players/ 201
2026-06-26 13:08:50 - POST /api/v1/teams/1f301660-eae8-4b97-9495-c130617018f9/players 200
2026-06-26 13:08:50 - POST /api/v1/teams/ 201
2026-06-26 13:08:50 - POST /api/v1/players/ 201
2026-06-26 13:08:50 - POST /api/v1/teams/fcd7bcf4-5a59-410c-a230-5806952707e4/players 200
2026-06-26 13:08:50 - POST /api/v1/players/ 201
2026-06-26 13:08:50 - POST /api/v1/teams/fcd7bcf4-5a59-410c-a230-5806952707e4/players 200
2026-06-26 13:08:50 - POST /api/v1/players/ 201
2026-06-26 13:08:50 - POST /api/v1/teams/fcd7bcf4-5a59-410c-a230-5806952707e4/players 200
2026-06-26 13:08:50 - POST /api/v1/players/ 201
2026-06-26 13:08:50 - POST /api/v1/teams/fcd7bcf4-5a59-410c-a230-5806952707e4/players 200
2026-06-26 13:08:50 - POST /api/v1/players/ 201
2026-06-26 13:08:50 - POST /api/v1/teams/fcd7bcf4-5a59-410c-a230-5806952707e4/players 200
2026-06-26 13:08:50 - POST /api/v1/teams/ 201
2026-06-26 13:08:50 - POST /api/v1/players/ 201
2026-06-26 13:08:50 - POST /api/v1/teams/841e76bf-d596-4b67-8dc6-e80799e83244/players 200
2026-06-26 13:08:50 - POST /api/v1/players/ 201
2026-06-26 13:08:50 - POST /api/v1/teams/841e76bf-d596-4b67-8dc6-e80799e83244/players 200
2026-06-26 13:08:50 - POST /api/v1/players/ 201
2026-06-26 13:08:50 - POST /api/v1/teams/841e76bf-d596-4b67-8dc6-e80799e83244/players 200
2026-06-26 13:08:50 - POST /api/v1/players/ 201
2026-06-26 13:08:50 - POST /api/v1/teams/841e76bf-d596-4b67-8dc6-e80799e83244/players 200
2026-06-26 13:08:50 - POST /api/v1/players/ 201
2026-06-26 13:08:50 - POST /api/v1/teams/841e76bf-d596-4b67-8dc6-e80799e83244/players 200
2026-06-26 13:08:50 - POST /api/v1/teams/ 201
2026-06-26 13:08:50 - POST /api/v1/players/ 201
2026-06-26 13:08:50 - POST /api/v1/teams/19ad4b18-ec7c-4457-9be2-1d88dd16f0e3/players 200
2026-06-26 13:08:50 - POST /api/v1/players/ 201
2026-06-26 13:08:50 - POST /api/v1/teams/19ad4b18-ec7c-4457-9be2-1d88dd16f0e3/players 200
2026-06-26 13:08:50 - POST /api/v1/players/ 201
2026-06-26 13:08:50 - POST /api/v1/teams/19ad4b18-ec7c-4457-9be2-1d88dd16f0e3/players 200
2026-06-26 13:08:50 - POST /api/v1/players/ 201
2026-06-26 13:08:50 - POST /api/v1/teams/19ad4b18-ec7c-4457-9be2-1d88dd16f0e3/players 200
2026-06-26 13:08:50 - POST /api/v1/players/ 201
2026-06-26 13:08:50 - POST /api/v1/teams/19ad4b18-ec7c-4457-9be2-1d88dd16f0e3/players 200
2026-06-26 13:08:50 - POST /api/v1/tournaments/ 201
2026-06-26 13:08:50 - POST /api/v1/tournaments/4f104649-832f-453d-a4f2-04080cfc1969/teams 200
2026-06-26 13:08:50 - POST /api/v1/tournaments/4f104649-832f-453d-a4f2-04080cfc1969/teams 200
2026-06-26 13:08:50 - POST /api/v1/tournaments/4f104649-832f-453d-a4f2-04080cfc1969/teams 200
2026-06-26 13:08:50 - POST /api/v1/tournaments/4f104649-832f-453d-a4f2-04080cfc1969/teams 200
2026-06-26 13:08:50 - POST /api/v1/tournaments/4f104649-832f-453d-a4f2-04080cfc1969/fixtures/generate 201
2026-06-26 13:08:50 - GET /api/v1/tournaments/4f104649-832f-453d-a4f2-04080cfc1969/dashboard 200
2026-06-26 13:08:50 - GET /api/v1/tournaments/4f104649-832f-453d-a4f2-04080cfc1969/dashboard 200
2026-06-26 13:08:50 - POST /api/v1/matches/721936f5-a0b5-4a61-ab84-5d92a3516189/toss 200
2026-06-26 13:08:50 - GET /api/v1/teams/1f301660-eae8-4b97-9495-c130617018f9 200
2026-06-26 13:08:50 - GET /api/v1/teams/19ad4b18-ec7c-4457-9be2-1d88dd16f0e3 200
2026-06-26 13:08:50 - POST /api/v1/matches/721936f5-a0b5-4a61-ab84-5d92a3516189/squads 200
2026-06-26 13:08:50 - POST /api/v1/matches/721936f5-a0b5-4a61-ab84-5d92a3516189/squads 200
2026-06-26 13:08:50 - POST /api/v1/matches/721936f5-a0b5-4a61-ab84-5d92a3516189/balls 201
2026-06-26 13:08:50 - POST /api/v1/matches/721936f5-a0b5-4a61-ab84-5d92a3516189/balls 201
2026-06-26 13:08:50 - POST /api/v1/matches/721936f5-a0b5-4a61-ab84-5d92a3516189/balls 201
2026-06-26 13:08:50 - POST /api/v1/matches/721936f5-a0b5-4a61-ab84-5d92a3516189/balls 201
2026-06-26 13:08:51 - POST /api/v1/matches/721936f5-a0b5-4a61-ab84-5d92a3516189/balls 201
2026-06-26 13:08:51 - POST /api/v1/matches/721936f5-a0b5-4a61-ab84-5d92a3516189/balls 201
2026-06-26 13:08:51 - POST /api/v1/matches/721936f5-a0b5-4a61-ab84-5d92a3516189/balls 201
2026-06-26 13:08:51 - POST /api/v1/matches/721936f5-a0b5-4a61-ab84-5d92a3516189/balls 201
2026-06-26 13:08:51 - POST /api/v1/matches/721936f5-a0b5-4a61-ab84-5d92a3516189/balls 201
2026-06-26 13:08:51 - POST /api/v1/matches/721936f5-a0b5-4a61-ab84-5d92a3516189/balls 201
2026-06-26 13:08:51 - POST /api/v1/matches/721936f5-a0b5-4a61-ab84-5d92a3516189/balls 201
2026-06-26 13:08:51 - POST /api/v1/matches/721936f5-a0b5-4a61-ab84-5d92a3516189/balls 201
2026-06-26 13:08:51 - POST /api/v1/matches/7d5bc796-ffca-4da3-85ad-29de88bf836f/toss 200
2026-06-26 13:08:51 - GET /api/v1/teams/841e76bf-d596-4b67-8dc6-e80799e83244 200
2026-06-26 13:08:51 - GET /api/v1/teams/19ad4b18-ec7c-4457-9be2-1d88dd16f0e3 200
2026-06-26 13:08:51 - POST /api/v1/matches/7d5bc796-ffca-4da3-85ad-29de88bf836f/squads 200
2026-06-26 13:08:51 - POST /api/v1/matches/7d5bc796-ffca-4da3-85ad-29de88bf836f/squads 200
2026-06-26 13:08:51 - POST /api/v1/matches/7d5bc796-ffca-4da3-85ad-29de88bf836f/balls 201
2026-06-26 13:08:51 - POST /api/v1/matches/7d5bc796-ffca-4da3-85ad-29de88bf836f/balls 201
2026-06-26 13:08:51 - POST /api/v1/matches/7d5bc796-ffca-4da3-85ad-29de88bf836f/balls 201
2026-06-26 13:08:51 - POST /api/v1/matches/7d5bc796-ffca-4da3-85ad-29de88bf836f/balls 201
2026-06-26 13:08:51 - POST /api/v1/matches/7d5bc796-ffca-4da3-85ad-29de88bf836f/balls 201
2026-06-26 13:08:51 - POST /api/v1/matches/7d5bc796-ffca-4da3-85ad-29de88bf836f/balls 201
2026-06-26 13:08:51 - POST /api/v1/matches/7d5bc796-ffca-4da3-85ad-29de88bf836f/balls 201
2026-06-26 13:08:51 - POST /api/v1/matches/7d5bc796-ffca-4da3-85ad-29de88bf836f/balls 201
2026-06-26 13:08:51 - POST /api/v1/matches/7d5bc796-ffca-4da3-85ad-29de88bf836f/balls 201
2026-06-26 13:08:51 - POST /api/v1/matches/7d5bc796-ffca-4da3-85ad-29de88bf836f/balls 201
2026-06-26 13:08:51 - POST /api/v1/matches/7d5bc796-ffca-4da3-85ad-29de88bf836f/balls 201
2026-06-26 13:08:51 - POST /api/v1/matches/7d5bc796-ffca-4da3-85ad-29de88bf836f/balls 201
2026-06-26 13:08:51 - POST /api/v1/matches/3add2926-c8c7-4c7d-a05f-63ba73ce6d65/toss 200
2026-06-26 13:08:51 - GET /api/v1/teams/fcd7bcf4-5a59-410c-a230-5806952707e4 200
2026-06-26 13:08:51 - GET /api/v1/teams/19ad4b18-ec7c-4457-9be2-1d88dd16f0e3 200
2026-06-26 13:08:51 - POST /api/v1/matches/3add2926-c8c7-4c7d-a05f-63ba73ce6d65/squads 200
2026-06-26 13:08:51 - POST /api/v1/matches/3add2926-c8c7-4c7d-a05f-63ba73ce6d65/squads 200
2026-06-26 13:08:51 - POST /api/v1/matches/3add2926-c8c7-4c7d-a05f-63ba73ce6d65/balls 201
2026-06-26 13:08:51 - POST /api/v1/matches/3add2926-c8c7-4c7d-a05f-63ba73ce6d65/balls 201
2026-06-26 13:08:51 - POST /api/v1/matches/3add2926-c8c7-4c7d-a05f-63ba73ce6d65/balls 201
2026-06-26 13:08:51 - POST /api/v1/matches/3add2926-c8c7-4c7d-a05f-63ba73ce6d65/balls 201
2026-06-26 13:08:51 - POST /api/v1/matches/3add2926-c8c7-4c7d-a05f-63ba73ce6d65/balls 201
2026-06-26 13:08:51 - POST /api/v1/matches/3add2926-c8c7-4c7d-a05f-63ba73ce6d65/balls 201
2026-06-26 13:08:51 - POST /api/v1/matches/3add2926-c8c7-4c7d-a05f-63ba73ce6d65/balls 201
2026-06-26 13:08:51 - POST /api/v1/matches/3add2926-c8c7-4c7d-a05f-63ba73ce6d65/balls 201
2026-06-26 13:08:51 - POST /api/v1/matches/3add2926-c8c7-4c7d-a05f-63ba73ce6d65/balls 201
2026-06-26 13:08:51 - POST /api/v1/matches/3add2926-c8c7-4c7d-a05f-63ba73ce6d65/balls 201
2026-06-26 13:08:51 - POST /api/v1/matches/3add2926-c8c7-4c7d-a05f-63ba73ce6d65/balls 201
2026-06-26 13:08:51 - POST /api/v1/matches/3add2926-c8c7-4c7d-a05f-63ba73ce6d65/balls 201
2026-06-26 13:08:51 - POST /api/v1/matches/f801add2-7d16-442e-9ad8-99988a48cd29/toss 200
2026-06-26 13:08:51 - GET /api/v1/teams/1f301660-eae8-4b97-9495-c130617018f9 200
2026-06-26 13:08:51 - GET /api/v1/teams/841e76bf-d596-4b67-8dc6-e80799e83244 200
2026-06-26 13:08:51 - POST /api/v1/matches/f801add2-7d16-442e-9ad8-99988a48cd29/squads 200
2026-06-26 13:08:51 - POST /api/v1/matches/f801add2-7d16-442e-9ad8-99988a48cd29/squads 200
2026-06-26 13:08:51 - POST /api/v1/matches/f801add2-7d16-442e-9ad8-99988a48cd29/balls 201
2026-06-26 13:08:51 - POST /api/v1/matches/f801add2-7d16-442e-9ad8-99988a48cd29/balls 201
2026-06-26 13:08:51 - POST /api/v1/matches/f801add2-7d16-442e-9ad8-99988a48cd29/balls 201
2026-06-26 13:08:51 - POST /api/v1/matches/f801add2-7d16-442e-9ad8-99988a48cd29/balls 201
2026-06-26 13:08:52 - POST /api/v1/matches/f801add2-7d16-442e-9ad8-99988a48cd29/balls 201
2026-06-26 13:08:52 - POST /api/v1/matches/f801add2-7d16-442e-9ad8-99988a48cd29/balls 201
2026-06-26 13:08:52 - POST /api/v1/matches/f801add2-7d16-442e-9ad8-99988a48cd29/balls 201
2026-06-26 13:08:52 - POST /api/v1/matches/f801add2-7d16-442e-9ad8-99988a48cd29/balls 201
2026-06-26 13:08:52 - POST /api/v1/matches/f801add2-7d16-442e-9ad8-99988a48cd29/balls 201
2026-06-26 13:08:52 - POST /api/v1/matches/f801add2-7d16-442e-9ad8-99988a48cd29/balls 201
2026-06-26 13:08:52 - POST /api/v1/matches/f801add2-7d16-442e-9ad8-99988a48cd29/balls 201
2026-06-26 13:08:52 - POST /api/v1/matches/f801add2-7d16-442e-9ad8-99988a48cd29/balls 201
2026-06-26 13:08:52 - POST /api/v1/matches/e57f6f80-9005-4b7e-a97c-409042e316b0/toss 200
2026-06-26 13:08:52 - GET /api/v1/teams/1f301660-eae8-4b97-9495-c130617018f9 200
2026-06-26 13:08:52 - GET /api/v1/teams/fcd7bcf4-5a59-410c-a230-5806952707e4 200
2026-06-26 13:08:52 - POST /api/v1/matches/e57f6f80-9005-4b7e-a97c-409042e316b0/squads 200
2026-06-26 13:08:52 - POST /api/v1/matches/e57f6f80-9005-4b7e-a97c-409042e316b0/squads 200
2026-06-26 13:08:52 - POST /api/v1/matches/e57f6f80-9005-4b7e-a97c-409042e316b0/balls 201
2026-06-26 13:08:52 - POST /api/v1/matches/e57f6f80-9005-4b7e-a97c-409042e316b0/balls 201
2026-06-26 13:08:52 - POST /api/v1/matches/e57f6f80-9005-4b7e-a97c-409042e316b0/balls 201
2026-06-26 13:08:52 - POST /api/v1/matches/e57f6f80-9005-4b7e-a97c-409042e316b0/balls 201
2026-06-26 13:08:52 - POST /api/v1/matches/e57f6f80-9005-4b7e-a97c-409042e316b0/balls 201
2026-06-26 13:08:52 - POST /api/v1/matches/e57f6f80-9005-4b7e-a97c-409042e316b0/balls 201
2026-06-26 13:08:52 - POST /api/v1/matches/e57f6f80-9005-4b7e-a97c-409042e316b0/balls 201
2026-06-26 13:08:52 - POST /api/v1/matches/e57f6f80-9005-4b7e-a97c-409042e316b0/balls 201
2026-06-26 13:08:52 - POST /api/v1/matches/e57f6f80-9005-4b7e-a97c-409042e316b0/balls 201
2026-06-26 13:08:52 - POST /api/v1/matches/e57f6f80-9005-4b7e-a97c-409042e316b0/balls 201
2026-06-26 13:08:52 - POST /api/v1/matches/e57f6f80-9005-4b7e-a97c-409042e316b0/balls 201
2026-06-26 13:08:52 - POST /api/v1/matches/e57f6f80-9005-4b7e-a97c-409042e316b0/balls 201
2026-06-26 13:08:52 - POST /api/v1/matches/56e92636-360a-4808-91a9-ac162b82408d/toss 200
2026-06-26 13:08:52 - GET /api/v1/teams/fcd7bcf4-5a59-410c-a230-5806952707e4 200
2026-06-26 13:08:52 - GET /api/v1/teams/841e76bf-d596-4b67-8dc6-e80799e83244 200
2026-06-26 13:08:52 - POST /api/v1/matches/56e92636-360a-4808-91a9-ac162b82408d/squads 200
2026-06-26 13:08:52 - POST /api/v1/matches/56e92636-360a-4808-91a9-ac162b82408d/squads 200
2026-06-26 13:08:52 - POST /api/v1/matches/56e92636-360a-4808-91a9-ac162b82408d/balls 201
2026-06-26 13:08:52 - POST /api/v1/matches/56e92636-360a-4808-91a9-ac162b82408d/balls 201
2026-06-26 13:08:52 - POST /api/v1/matches/56e92636-360a-4808-91a9-ac162b82408d/balls 201
2026-06-26 13:08:52 - POST /api/v1/matches/56e92636-360a-4808-91a9-ac162b82408d/balls 201
2026-06-26 13:08:52 - POST /api/v1/matches/56e92636-360a-4808-91a9-ac162b82408d/balls 201
2026-06-26 13:08:52 - POST /api/v1/matches/56e92636-360a-4808-91a9-ac162b82408d/balls 201
2026-06-26 13:08:52 - POST /api/v1/matches/56e92636-360a-4808-91a9-ac162b82408d/balls 201
2026-06-26 13:08:52 - POST /api/v1/matches/56e92636-360a-4808-91a9-ac162b82408d/balls 201
2026-06-26 13:08:52 - POST /api/v1/matches/56e92636-360a-4808-91a9-ac162b82408d/balls 201
2026-06-26 13:08:52 - POST /api/v1/matches/56e92636-360a-4808-91a9-ac162b82408d/balls 201
2026-06-26 13:08:52 - POST /api/v1/matches/56e92636-360a-4808-91a9-ac162b82408d/balls 201
2026-06-26 13:08:52 - POST /api/v1/matches/56e92636-360a-4808-91a9-ac162b82408d/balls 201
2026-06-26 13:08:52 - GET /api/v1/tournaments/4f104649-832f-453d-a4f2-04080cfc1969/dashboard 200
2026-06-26 13:08:52 - POST /api/v1/matches/51aefa0f-7f6f-4913-986d-53195fe7da0c/toss 200
2026-06-26 13:08:52 - GET /api/v1/teams/1f301660-eae8-4b97-9495-c130617018f9 200
2026-06-26 13:08:52 - GET /api/v1/teams/19ad4b18-ec7c-4457-9be2-1d88dd16f0e3 200
2026-06-26 13:08:52 - POST /api/v1/matches/51aefa0f-7f6f-4913-986d-53195fe7da0c/squads 200
2026-06-26 13:08:52 - POST /api/v1/matches/51aefa0f-7f6f-4913-986d-53195fe7da0c/squads 200
2026-06-26 13:08:52 - POST /api/v1/matches/51aefa0f-7f6f-4913-986d-53195fe7da0c/balls 201
2026-06-26 13:08:52 - POST /api/v1/matches/51aefa0f-7f6f-4913-986d-53195fe7da0c/balls 201
2026-06-26 13:08:52 - POST /api/v1/matches/51aefa0f-7f6f-4913-986d-53195fe7da0c/balls 201
2026-06-26 13:08:52 - POST /api/v1/matches/51aefa0f-7f6f-4913-986d-53195fe7da0c/balls 201
2026-06-26 13:08:52 - POST /api/v1/matches/51aefa0f-7f6f-4913-986d-53195fe7da0c/balls 201
2026-06-26 13:08:52 - POST /api/v1/matches/51aefa0f-7f6f-4913-986d-53195fe7da0c/balls 201
2026-06-26 13:08:52 - POST /api/v1/matches/51aefa0f-7f6f-4913-986d-53195fe7da0c/balls 201
2026-06-26 13:08:53 - POST /api/v1/matches/51aefa0f-7f6f-4913-986d-53195fe7da0c/balls 201
2026-06-26 13:08:53 - POST /api/v1/matches/51aefa0f-7f6f-4913-986d-53195fe7da0c/balls 201
2026-06-26 13:08:53 - POST /api/v1/matches/51aefa0f-7f6f-4913-986d-53195fe7da0c/balls 201
2026-06-26 13:08:53 - POST /api/v1/matches/51aefa0f-7f6f-4913-986d-53195fe7da0c/balls 201
2026-06-26 13:08:53 - POST /api/v1/matches/51aefa0f-7f6f-4913-986d-53195fe7da0c/balls 201
2026-06-26 13:08:53 - POST /api/v1/matches/f592d845-5ae4-4e2b-96e2-9040c075f2a0/toss 200
2026-06-26 13:08:53 - GET /api/v1/teams/fcd7bcf4-5a59-410c-a230-5806952707e4 200
2026-06-26 13:08:53 - GET /api/v1/teams/841e76bf-d596-4b67-8dc6-e80799e83244 200
2026-06-26 13:08:53 - POST /api/v1/matches/f592d845-5ae4-4e2b-96e2-9040c075f2a0/squads 200
2026-06-26 13:08:53 - POST /api/v1/matches/f592d845-5ae4-4e2b-96e2-9040c075f2a0/squads 200
2026-06-26 13:08:53 - POST /api/v1/matches/f592d845-5ae4-4e2b-96e2-9040c075f2a0/balls 201
2026-06-26 13:08:53 - POST /api/v1/matches/f592d845-5ae4-4e2b-96e2-9040c075f2a0/balls 201
2026-06-26 13:08:53 - POST /api/v1/matches/f592d845-5ae4-4e2b-96e2-9040c075f2a0/balls 201
2026-06-26 13:08:53 - POST /api/v1/matches/f592d845-5ae4-4e2b-96e2-9040c075f2a0/balls 201
2026-06-26 13:08:53 - POST /api/v1/matches/f592d845-5ae4-4e2b-96e2-9040c075f2a0/balls 201
2026-06-26 13:08:53 - POST /api/v1/matches/f592d845-5ae4-4e2b-96e2-9040c075f2a0/balls 201
2026-06-26 13:08:53 - POST /api/v1/matches/f592d845-5ae4-4e2b-96e2-9040c075f2a0/balls 201
2026-06-26 13:08:53 - POST /api/v1/matches/f592d845-5ae4-4e2b-96e2-9040c075f2a0/balls 201
2026-06-26 13:08:53 - POST /api/v1/matches/f592d845-5ae4-4e2b-96e2-9040c075f2a0/balls 201
2026-06-26 13:08:53 - POST /api/v1/matches/f592d845-5ae4-4e2b-96e2-9040c075f2a0/balls 201
2026-06-26 13:08:53 - POST /api/v1/matches/f592d845-5ae4-4e2b-96e2-9040c075f2a0/balls 201
2026-06-26 13:08:53 - POST /api/v1/matches/f592d845-5ae4-4e2b-96e2-9040c075f2a0/balls 201
2026-06-26 13:08:53 - GET /api/v1/tournaments/4f104649-832f-453d-a4f2-04080cfc1969/dashboard 200
2026-06-26 13:08:53 - POST /api/v1/matches/acab8c72-8f4c-495f-8abf-50923a06a316/toss 200
2026-06-26 13:08:53 - GET /api/v1/teams/1f301660-eae8-4b97-9495-c130617018f9 200
2026-06-26 13:08:53 - GET /api/v1/teams/fcd7bcf4-5a59-410c-a230-5806952707e4 200
2026-06-26 13:08:53 - POST /api/v1/matches/acab8c72-8f4c-495f-8abf-50923a06a316/squads 200
2026-06-26 13:08:53 - POST /api/v1/matches/acab8c72-8f4c-495f-8abf-50923a06a316/squads 200
2026-06-26 13:08:53 - POST /api/v1/matches/acab8c72-8f4c-495f-8abf-50923a06a316/balls 201
2026-06-26 13:08:53 - POST /api/v1/matches/acab8c72-8f4c-495f-8abf-50923a06a316/balls 201
2026-06-26 13:08:53 - POST /api/v1/matches/acab8c72-8f4c-495f-8abf-50923a06a316/balls 201
2026-06-26 13:08:53 - POST /api/v1/matches/acab8c72-8f4c-495f-8abf-50923a06a316/balls 201
2026-06-26 13:08:53 - POST /api/v1/matches/acab8c72-8f4c-495f-8abf-50923a06a316/balls 201
2026-06-26 13:08:53 - POST /api/v1/matches/acab8c72-8f4c-495f-8abf-50923a06a316/balls 201
2026-06-26 13:08:53 - POST /api/v1/matches/acab8c72-8f4c-495f-8abf-50923a06a316/balls 201
2026-06-26 13:08:53 - POST /api/v1/matches/acab8c72-8f4c-495f-8abf-50923a06a316/balls 201
2026-06-26 13:08:53 - POST /api/v1/matches/acab8c72-8f4c-495f-8abf-50923a06a316/balls 201
2026-06-26 13:08:53 - POST /api/v1/matches/acab8c72-8f4c-495f-8abf-50923a06a316/balls 201
2026-06-26 13:08:53 - POST /api/v1/matches/acab8c72-8f4c-495f-8abf-50923a06a316/balls 201
2026-06-26 13:08:53 - POST /api/v1/matches/acab8c72-8f4c-495f-8abf-50923a06a316/balls 201
2026-06-26 13:08:53 - GET /api/v1/tournaments/4f104649-832f-453d-a4f2-04080cfc1969/dashboard 200
2026-06-26 13:09:54 - POST /api/v1/auth/signup 422
2026-06-26 13:09:54 - POST /api/v1/auth/signup 422
2026-06-26 13:09:54 - POST /api/v1/auth/signup 422
2026-06-26 13:09:54 - POST /api/v1/auth/signup 422
2026-06-26 13:09:55 - POST /api/v1/auth/signup 201
2026-06-26 13:09:56 - POST /api/v1/auth/login 400
2026-06-26 13:09:56 - POST /api/v1/auth/verify-otp 200
2026-06-26 13:09:58 - POST /api/v1/auth/signup 201
2026-06-26 13:09:58 - POST /api/v1/auth/resend-otp 429
2026-06-26 13:10:00 - POST /api/v1/auth/resend-otp 200
2026-06-26 13:10:01 - POST /api/v1/auth/login 400
2026-06-26 13:10:01 - POST /api/v1/auth/login 400
2026-06-26 13:10:02 - POST /api/v1/auth/login 400
2026-06-26 13:10:02 - POST /api/v1/auth/login 400
2026-06-26 13:10:02 - POST /api/v1/auth/login 400
2026-06-26 13:10:02 - POST /api/v1/auth/login 403
2026-06-26 13:10:03 - POST /api/v1/auth/login 200
2026-06-26 13:10:03 - POST /api/v1/auth/forgot-password 404
2026-06-26 13:10:05 - POST /api/v1/auth/forgot-password 200
2026-06-26 13:10:05 - POST /api/v1/auth/verify-reset-otp 400
2026-06-26 13:10:05 - POST /api/v1/auth/verify-reset-otp 200
2026-06-26 13:10:05 - POST /api/v1/auth/reset-password 422
2026-06-26 13:10:06 - POST /api/v1/auth/reset-password 200
2026-06-26 13:10:06 - POST /api/v1/auth/login 200
2026-06-26 13:10:07 - POST /api/v1/auth/login 200
2026-06-26 13:10:07 - POST /api/v1/auth/complete-profile 200
2026-06-26 13:10:08 - POST /api/v1/auth/login 200
2026-06-26 13:10:08 - POST /api/v1/auth/refresh 200
2026-06-26 13:10:08 - POST /api/v1/auth/logout 200
2026-06-26 13:10:08 - POST /api/v1/auth/refresh 401
2026-06-26 13:10:10 - POST /api/v1/auth/signup 201
2026-06-26 13:10:10 - POST /api/v1/auth/signup 400
2026-06-26 13:10:10 - POST /api/v1/auth/login 400
2026-06-26 13:10:10 - POST /api/v1/auth/forgot-password 400
2026-06-26 13:10:10 - POST /api/v1/auth/verify-reset-otp 400
2026-06-26 13:10:10 - POST /api/v1/auth/reset-password 400
2026-06-26 13:10:11 - POST /api/v1/auth/signup 400
2026-06-26 13:10:12 - POST /api/v1/auth/signup 201
2026-06-26 13:10:13 - POST /api/v1/auth/signup 201
2026-06-26 13:10:14 - POST /api/v1/auth/login 200
2026-06-26 13:10:14 - POST /api/v1/auth/login 200
2026-06-26 13:10:14 - POST /api/v1/teams/ 201
2026-06-26 13:10:14 - GET /api/v1/teams/ 200
2026-06-26 13:10:14 - PUT /api/v1/teams/10972741-bcf0-4465-95d2-be89820211eb 403
2026-06-26 13:10:14 - DELETE /api/v1/teams/10972741-bcf0-4465-95d2-be89820211eb 403
2026-06-26 13:10:14 - POST /api/v1/players/ 201
2026-06-26 13:10:14 - GET /api/v1/players/ 200
2026-06-26 13:10:14 - PUT /api/v1/players/37cb6df6-1afe-4385-9878-16fea6f1d24a 403
2026-06-26 13:10:14 - DELETE /api/v1/players/37cb6df6-1afe-4385-9878-16fea6f1d24a 403
2026-06-26 13:10:21 - POST /api/v1/auth/signup 201
2026-06-26 13:10:22 - POST /api/v1/auth/login 200
2026-06-26 13:10:22 - POST /api/v1/teams/ 201
2026-06-26 13:10:22 - POST /api/v1/teams/ 201
2026-06-26 13:10:22 - POST /api/v1/players/ 201
2026-06-26 13:10:22 - POST /api/v1/players/ 201
2026-06-26 13:10:22 - POST /api/v1/players/ 201
2026-06-26 13:10:22 - POST /api/v1/teams/4092b09e-31b6-4040-a4fd-efb83a40b818/players/bulk 200
2026-06-26 13:10:22 - POST /api/v1/teams/4d710322-2ee2-4b73-a5eb-28be021c42f7/players/bulk 400
2026-06-26 13:10:23 - POST /api/v1/auth/signup 201
2026-06-26 13:10:26 - POST /api/v1/auth/signup 201
2026-06-26 13:10:27 - POST /api/v1/auth/login 200
2026-06-26 13:10:27 - POST /api/v1/auth/login 200
2026-06-26 13:10:27 - POST /api/v1/teams/ 201
2026-06-26 13:10:27 - POST /api/v1/teams/ 201
2026-06-26 13:10:27 - POST /api/v1/matches/ 201
2026-06-26 13:10:27 - POST /api/v1/matches/54d3cc38-dfb2-45d7-9d2e-851a71668897/toss 403
2026-06-26 13:10:27 - POST /api/v1/matches/54d3cc38-dfb2-45d7-9d2e-851a71668897/toss 200
2026-06-26 13:10:31 - GET /api/v1/debug-env 200
2026-06-26 13:10:31 - GET /api/v1/debug-env 404
2026-06-26 13:10:32 - POST /api/v1/auth/login 200
2026-06-26 13:10:32 - POST /api/v1/players/ 201
2026-06-26 13:10:32 - POST /api/v1/players/ 201
2026-06-26 13:10:32 - POST /api/v1/players/ 201
2026-06-26 13:10:32 - POST /api/v1/players/ 201
2026-06-26 13:10:32 - POST /api/v1/teams/ 201
2026-06-26 13:10:32 - POST /api/v1/teams/ 201
2026-06-26 13:10:32 - POST /api/v1/teams/38751f5e-2593-4c6b-a1c7-ce8da6a823d9/players 200
2026-06-26 13:10:32 - POST /api/v1/teams/38751f5e-2593-4c6b-a1c7-ce8da6a823d9/players 200
2026-06-26 13:10:32 - POST /api/v1/teams/f923bbeb-03c8-4aa1-a0b2-68583e71a9cf/players 200
2026-06-26 13:10:32 - POST /api/v1/teams/f923bbeb-03c8-4aa1-a0b2-68583e71a9cf/players 200
2026-06-26 13:10:32 - POST /api/v1/matches/ 201
2026-06-26 13:10:32 - POST /api/v1/matches/7c7dee04-7cb9-4f4d-bc42-74b09bd3a084/toss 200
2026-06-26 13:10:32 - POST /api/v1/matches/7c7dee04-7cb9-4f4d-bc42-74b09bd3a084/squads 400
2026-06-26 13:10:32 - POST /api/v1/matches/7c7dee04-7cb9-4f4d-bc42-74b09bd3a084/squads 200
2026-06-26 13:10:32 - POST /api/v1/matches/7c7dee04-7cb9-4f4d-bc42-74b09bd3a084/squads 400
2026-06-26 13:10:32 - POST /api/v1/matches/7c7dee04-7cb9-4f4d-bc42-74b09bd3a084/squads 200
2026-06-26 13:10:33 - POST /api/v1/auth/google 200
2026-06-26 13:10:33 - POST /api/v1/auth/google 400
2026-06-26 13:10:33 - POST /api/v1/auth/google 400
2026-06-26 13:10:33 - POST /api/v1/auth/google 400
2026-06-26 13:10:33 - POST /api/v1/auth/google 400
2026-06-26 13:10:34 - POST /api/v1/auth/login 200
2026-06-26 13:10:34 - POST /api/v1/players/ 201
2026-06-26 13:10:34 - POST /api/v1/players/ 201
2026-06-26 13:10:34 - POST /api/v1/teams/ 201
2026-06-26 13:10:34 - POST /api/v1/teams/ 201
2026-06-26 13:10:34 - POST /api/v1/matches/ 201
2026-06-26 13:10:34 - GET /api/v1/matches/ 200
2026-06-26 13:10:35 - POST /api/v1/auth/login 200
2026-06-26 13:10:36 - POST /api/v1/auth/login 200
2026-06-26 13:10:37 - POST /api/v1/auth/login 200
2026-06-26 13:10:37 - POST /api/v1/matches/ 201
2026-06-26 13:10:37 - POST /api/v1/matches/15cbf8e5-bf7c-45b5-b6d5-d5146531fe32/toss 200
2026-06-26 13:10:37 - POST /api/v1/matches/15cbf8e5-bf7c-45b5-b6d5-d5146531fe32/toss 403
2026-06-26 13:10:37 - POST /api/v1/matches/ 201
2026-06-26 13:10:37 - POST /api/v1/matches/533d1ebd-0f2d-4182-bd5a-fce28e5d9126/toss 200
2026-06-26 13:10:37 - POST /api/v1/matches/ 201
2026-06-26 13:10:37 - POST /api/v1/matches/5ac0ac0f-4f8a-4072-9a0d-6eb7e440b318/toss 200
2026-06-26 13:10:37 - POST /api/v1/matches/5ac0ac0f-4f8a-4072-9a0d-6eb7e440b318/toss 403
2026-06-26 13:10:38 - POST /api/v1/auth/login 200
2026-06-26 13:10:38 - POST /api/v1/players/ 201
2026-06-26 13:10:38 - POST /api/v1/players/ 201
2026-06-26 13:10:38 - POST /api/v1/players/ 422
2026-06-26 13:10:38 - POST /api/v1/players/ 422
2026-06-26 13:10:38 - GET /api/v1/players/4b9c0bbc-bca6-4bca-8986-c4ae96c1b6e6 200
2026-06-26 13:10:38 - PUT /api/v1/players/4b9c0bbc-bca6-4bca-8986-c4ae96c1b6e6 200
2026-06-26 13:10:38 - DELETE /api/v1/players/4b9c0bbc-bca6-4bca-8986-c4ae96c1b6e6 204
2026-06-26 13:10:38 - GET /api/v1/players/4b9c0bbc-bca6-4bca-8986-c4ae96c1b6e6 404
2026-06-26 13:10:39 - POST /api/v1/auth/login 200
2026-06-26 13:10:39 - POST /api/v1/players/ 201
2026-06-26 13:10:39 - POST /api/v1/players/ 201
2026-06-26 13:10:39 - POST /api/v1/teams/ 201
2026-06-26 13:10:39 - POST /api/v1/teams/5314d2fb-26c3-4ad6-a8a1-87dfc2e0039b/players 200
2026-06-26 13:10:39 - PUT /api/v1/teams/5314d2fb-26c3-4ad6-a8a1-87dfc2e0039b 200
2026-06-26 13:10:39 - PUT /api/v1/teams/5314d2fb-26c3-4ad6-a8a1-87dfc2e0039b 400
2026-06-26 13:10:39 - POST /api/v1/teams/ 201
2026-06-26 13:10:39 - POST /api/v1/teams/9bdabdaf-b9f8-444a-87fa-2156888474a1/players 400
2026-06-26 13:10:39 - DELETE /api/v1/teams/5314d2fb-26c3-4ad6-a8a1-87dfc2e0039b/players/2462b0e8-e18f-4077-b240-aced6bbf46c7 200
2026-06-26 13:10:39 - DELETE /api/v1/teams/5314d2fb-26c3-4ad6-a8a1-87dfc2e0039b 204
2026-06-26 13:10:40 - POST /api/v1/auth/login 200
2026-06-26 13:10:40 - POST /api/v1/players/ 201
2026-06-26 13:10:40 - POST /api/v1/players/ 201
2026-06-26 13:10:40 - POST /api/v1/teams/ 201
2026-06-26 13:10:40 - POST /api/v1/teams/ 201
2026-06-26 13:10:40 - POST /api/v1/teams/75c19530-bebb-412e-9dd0-08f7cdace9b4/players 200
2026-06-26 13:10:40 - POST /api/v1/teams/381f2c15-3f84-42f2-9f40-3ad266c67077/players 200
2026-06-26 13:10:40 - POST /api/v1/matches/ 201
2026-06-26 13:10:40 - POST /api/v1/matches/d2773dbd-c973-49db-876e-7be80e8328f3/squads 200
2026-06-26 13:10:40 - POST /api/v1/matches/d2773dbd-c973-49db-876e-7be80e8328f3/toss 200
2026-06-26 13:10:40 - DELETE /api/v1/players/96691a84-e965-4f47-9467-071dc4fcd94e 400
2026-06-26 13:10:40 - DELETE /api/v1/teams/75c19530-bebb-412e-9dd0-08f7cdace9b4/players/96691a84-e965-4f47-9467-071dc4fcd94e 400
2026-06-26 13:10:40 - DELETE /api/v1/teams/75c19530-bebb-412e-9dd0-08f7cdace9b4 400
2026-06-26 13:10:41 - POST /api/v1/auth/login 200
2026-06-26 13:10:41 - GET /api/v1/profile/ 200
2026-06-26 13:10:42 - POST /api/v1/auth/login 200
2026-06-26 13:10:42 - PUT /api/v1/profile/ 200
2026-06-26 13:10:42 - PUT /api/v1/profile/ 400
2026-06-26 13:10:43 - POST /api/v1/auth/login 200
2026-06-26 13:10:43 - GET /api/v1/profile/stats 200
2026-06-26 13:10:44 - POST /api/v1/auth/login 200
2026-06-26 13:10:44 - GET /api/v1/profile/activity 200
2026-06-26 13:10:44 - GET /api/v1/profile/achievements 200
2026-06-26 13:10:45 - POST /api/v1/auth/login 200
2026-06-26 13:10:45 - POST /api/v1/profile/upload-photo 200
2026-06-26 13:10:45 - GET /api/v1/profile/ 200
2026-06-26 13:10:46 - POST /api/v1/auth/login 200
2026-06-26 13:10:46 - POST /api/v1/players/ 201
2026-06-26 13:10:46 - POST /api/v1/players/ 201
2026-06-26 13:10:46 - POST /api/v1/players/ 201
2026-06-26 13:10:46 - POST /api/v1/players/ 201
2026-06-26 13:10:46 - POST /api/v1/players/ 201
2026-06-26 13:10:46 - POST /api/v1/teams/ 201
2026-06-26 13:10:46 - POST /api/v1/teams/ 201
2026-06-26 13:10:46 - POST /api/v1/teams/d431b4ac-ee57-44f0-8cfd-e77e1dda4d14/players 200
2026-06-26 13:10:46 - POST /api/v1/teams/d431b4ac-ee57-44f0-8cfd-e77e1dda4d14/players 200
2026-06-26 13:10:46 - POST /api/v1/teams/d431b4ac-ee57-44f0-8cfd-e77e1dda4d14/players 200
2026-06-26 13:10:46 - POST /api/v1/teams/469e3fb7-0155-482f-8a0f-1d8aef0f5bd1/players 200
2026-06-26 13:10:46 - POST /api/v1/teams/469e3fb7-0155-482f-8a0f-1d8aef0f5bd1/players 200
2026-06-26 13:10:46 - POST /api/v1/matches/ 201
2026-06-26 13:10:46 - POST /api/v1/matches/26eec079-ff26-489b-bc4a-f873a2f069af/toss 200
2026-06-26 13:10:46 - POST /api/v1/matches/26eec079-ff26-489b-bc4a-f873a2f069af/squads 200
2026-06-26 13:10:46 - POST /api/v1/matches/26eec079-ff26-489b-bc4a-f873a2f069af/squads 200
2026-06-26 13:10:46 - POST /api/v1/matches/26eec079-ff26-489b-bc4a-f873a2f069af/balls 201
2026-06-26 13:10:46 - POST /api/v1/matches/26eec079-ff26-489b-bc4a-f873a2f069af/balls 201
2026-06-26 13:10:46 - POST /api/v1/matches/26eec079-ff26-489b-bc4a-f873a2f069af/balls 201
2026-06-26 13:10:46 - POST /api/v1/matches/26eec079-ff26-489b-bc4a-f873a2f069af/balls 201
2026-06-26 13:10:46 - POST /api/v1/matches/26eec079-ff26-489b-bc4a-f873a2f069af/balls 201
2026-06-26 13:10:46 - POST /api/v1/matches/26eec079-ff26-489b-bc4a-f873a2f069af/balls 201
2026-06-26 13:10:46 - POST /api/v1/matches/26eec079-ff26-489b-bc4a-f873a2f069af/balls 201
2026-06-26 13:10:46 - POST /api/v1/matches/26eec079-ff26-489b-bc4a-f873a2f069af/balls 201
2026-06-26 13:10:47 - POST /api/v1/matches/26eec079-ff26-489b-bc4a-f873a2f069af/balls 201
2026-06-26 13:10:47 - POST /api/v1/matches/26eec079-ff26-489b-bc4a-f873a2f069af/balls 201
2026-06-26 13:10:47 - POST /api/v1/matches/26eec079-ff26-489b-bc4a-f873a2f069af/balls 201
2026-06-26 13:10:47 - POST /api/v1/matches/26eec079-ff26-489b-bc4a-f873a2f069af/balls 201
2026-06-26 13:10:47 - GET /api/v1/matches/26eec079-ff26-489b-bc4a-f873a2f069af/scorecard 200
2026-06-26 13:10:47 - GET /api/v1/players/e88ed66b-9e39-4a71-b761-50d35481d27a 200
2026-06-26 13:10:48 - POST /api/v1/auth/login 200
2026-06-26 13:10:48 - POST /api/v1/players/ 201
2026-06-26 13:10:48 - POST /api/v1/players/ 201
2026-06-26 13:10:48 - POST /api/v1/players/ 201
2026-06-26 13:10:48 - POST /api/v1/players/ 201
2026-06-26 13:10:48 - POST /api/v1/players/ 201
2026-06-26 13:10:48 - POST /api/v1/teams/ 201
2026-06-26 13:10:48 - POST /api/v1/teams/ 201
2026-06-26 13:10:48 - POST /api/v1/teams/976564e8-2ca0-4ef4-9186-800a764ef4f9/players 200
2026-06-26 13:10:48 - POST /api/v1/teams/976564e8-2ca0-4ef4-9186-800a764ef4f9/players 200
2026-06-26 13:10:48 - POST /api/v1/teams/976564e8-2ca0-4ef4-9186-800a764ef4f9/players 200
2026-06-26 13:10:48 - POST /api/v1/teams/70693721-b95a-464b-a94a-a6674e295ed6/players 200
2026-06-26 13:10:48 - POST /api/v1/teams/70693721-b95a-464b-a94a-a6674e295ed6/players 200
2026-06-26 13:10:48 - POST /api/v1/matches/ 201
2026-06-26 13:10:48 - POST /api/v1/matches/e0a12e89-629c-40d3-9ef7-64b468370ed3/toss 200
2026-06-26 13:10:48 - POST /api/v1/matches/e0a12e89-629c-40d3-9ef7-64b468370ed3/squads 200
2026-06-26 13:10:48 - POST /api/v1/matches/e0a12e89-629c-40d3-9ef7-64b468370ed3/squads 200
2026-06-26 13:10:48 - POST /api/v1/matches/e0a12e89-629c-40d3-9ef7-64b468370ed3/balls 201
2026-06-26 13:10:48 - POST /api/v1/matches/e0a12e89-629c-40d3-9ef7-64b468370ed3/balls 201
2026-06-26 13:10:48 - POST /api/v1/matches/e0a12e89-629c-40d3-9ef7-64b468370ed3/balls 201
2026-06-26 13:10:48 - POST /api/v1/matches/e0a12e89-629c-40d3-9ef7-64b468370ed3/balls 201
2026-06-26 13:10:48 - POST /api/v1/matches/e0a12e89-629c-40d3-9ef7-64b468370ed3/balls 201
2026-06-26 13:10:48 - GET /api/v1/matches/e0a12e89-629c-40d3-9ef7-64b468370ed3/scorecard 200
2026-06-26 13:10:49 - POST /api/v1/auth/login 200
2026-06-26 13:10:49 - POST /api/v1/players/ 201
2026-06-26 13:10:49 - POST /api/v1/players/ 201
2026-06-26 13:10:49 - POST /api/v1/players/ 201
2026-06-26 13:10:49 - POST /api/v1/players/ 201
2026-06-26 13:10:49 - POST /api/v1/teams/ 201
2026-06-26 13:10:49 - POST /api/v1/teams/ 201
2026-06-26 13:10:49 - POST /api/v1/teams/3d351724-c9f8-4379-9069-444a6447d248/players 200
2026-06-26 13:10:49 - POST /api/v1/teams/3d351724-c9f8-4379-9069-444a6447d248/players 200
2026-06-26 13:10:49 - POST /api/v1/teams/ecd74057-8354-406e-8ebd-d49a712289fb/players 200
2026-06-26 13:10:49 - POST /api/v1/teams/ecd74057-8354-406e-8ebd-d49a712289fb/players 200
2026-06-26 13:10:49 - POST /api/v1/matches/ 201
2026-06-26 13:10:49 - POST /api/v1/matches/f2f8b28b-f92d-465b-9726-f42d28f7e91d/toss 200
2026-06-26 13:10:49 - POST /api/v1/matches/f2f8b28b-f92d-465b-9726-f42d28f7e91d/squads 200
2026-06-26 13:10:49 - POST /api/v1/matches/f2f8b28b-f92d-465b-9726-f42d28f7e91d/squads 200
2026-06-26 13:10:49 - POST /api/v1/matches/f2f8b28b-f92d-465b-9726-f42d28f7e91d/balls 201
2026-06-26 13:10:49 - POST /api/v1/matches/f2f8b28b-f92d-465b-9726-f42d28f7e91d/balls 201
2026-06-26 13:10:49 - POST /api/v1/matches/f2f8b28b-f92d-465b-9726-f42d28f7e91d/balls 201
2026-06-26 13:10:49 - POST /api/v1/matches/f2f8b28b-f92d-465b-9726-f42d28f7e91d/balls 201
2026-06-26 13:10:49 - POST /api/v1/matches/f2f8b28b-f92d-465b-9726-f42d28f7e91d/balls 201
2026-06-26 13:10:49 - POST /api/v1/matches/f2f8b28b-f92d-465b-9726-f42d28f7e91d/balls 201
2026-06-26 13:10:49 - POST /api/v1/matches/f2f8b28b-f92d-465b-9726-f42d28f7e91d/balls 201
2026-06-26 13:10:49 - GET /api/v1/matches/f2f8b28b-f92d-465b-9726-f42d28f7e91d/scorecard 200
2026-06-26 13:10:52 - POST /api/v1/auth/signup 201
2026-06-26 13:10:52 - POST /api/v1/auth/login 200
2026-06-26 13:10:53 - POST /api/v1/auth/login 200
2026-06-26 13:10:53 - POST /api/v1/players/ 201
2026-06-26 13:10:53 - POST /api/v1/players/ 201
2026-06-26 13:10:53 - POST /api/v1/players/ 201
2026-06-26 13:10:53 - POST /api/v1/players/ 201
2026-06-26 13:10:53 - POST /api/v1/players/ 201
2026-06-26 13:10:53 - POST /api/v1/teams/ 201
2026-06-26 13:10:53 - POST /api/v1/teams/ 201
2026-06-26 13:10:53 - POST /api/v1/teams/3a4b2067-2a3b-4de8-91f9-a7bcacb119dd/players 200
2026-06-26 13:10:53 - POST /api/v1/teams/3a4b2067-2a3b-4de8-91f9-a7bcacb119dd/players 200
2026-06-26 13:10:53 - POST /api/v1/teams/3a4b2067-2a3b-4de8-91f9-a7bcacb119dd/players 200
2026-06-26 13:10:53 - POST /api/v1/teams/f1330500-1866-4f54-9a7b-e1074fc9dd6f/players 200
2026-06-26 13:10:54 - POST /api/v1/teams/f1330500-1866-4f54-9a7b-e1074fc9dd6f/players 200
2026-06-26 13:10:54 - POST /api/v1/matches/ 201
2026-06-26 13:10:54 - POST /api/v1/matches/5c10bcf1-d667-4fdb-b5a0-43dfc8c56233/toss 200
2026-06-26 13:10:54 - POST /api/v1/matches/5c10bcf1-d667-4fdb-b5a0-43dfc8c56233/squads 200
2026-06-26 13:10:54 - POST /api/v1/matches/5c10bcf1-d667-4fdb-b5a0-43dfc8c56233/squads 200
2026-06-26 13:10:54 - POST /api/v1/matches/5c10bcf1-d667-4fdb-b5a0-43dfc8c56233/balls 201
2026-06-26 13:10:54 - GET /api/v1/matches/5c10bcf1-d667-4fdb-b5a0-43dfc8c56233/live 200
2026-06-26 13:10:54 - POST /api/v1/matches/5c10bcf1-d667-4fdb-b5a0-43dfc8c56233/balls 201
2026-06-26 13:10:54 - GET /api/v1/matches/5c10bcf1-d667-4fdb-b5a0-43dfc8c56233/live 200
2026-06-26 13:10:54 - POST /api/v1/matches/5c10bcf1-d667-4fdb-b5a0-43dfc8c56233/balls 201
2026-06-26 13:10:54 - GET /api/v1/matches/5c10bcf1-d667-4fdb-b5a0-43dfc8c56233/live 200
2026-06-26 13:10:54 - POST /api/v1/matches/5c10bcf1-d667-4fdb-b5a0-43dfc8c56233/balls 201
2026-06-26 13:10:54 - GET /api/v1/matches/5c10bcf1-d667-4fdb-b5a0-43dfc8c56233/live 200
2026-06-26 13:10:54 - POST /api/v1/matches/5c10bcf1-d667-4fdb-b5a0-43dfc8c56233/undo 200
2026-06-26 13:10:54 - GET /api/v1/matches/5c10bcf1-d667-4fdb-b5a0-43dfc8c56233/live 200
2026-06-26 13:10:54 - GET /api/v1/auth/me 401
2026-06-26 13:10:54 - GET /api/v1/auth/me 401
2026-06-26 13:10:55 - POST /api/v1/auth/login 200
2026-06-26 13:10:55 - POST /api/v1/players/ 201
2026-06-26 13:10:55 - POST /api/v1/players/ 201
2026-06-26 13:10:55 - POST /api/v1/players/ 201
2026-06-26 13:10:55 - POST /api/v1/players/ 201
2026-06-26 13:10:55 - POST /api/v1/players/ 201
2026-06-26 13:10:55 - POST /api/v1/teams/ 201
2026-06-26 13:10:55 - POST /api/v1/teams/ 201
2026-06-26 13:10:55 - POST /api/v1/teams/e537d774-410d-4c03-98d7-9a566fcfc067/players 200
2026-06-26 13:10:55 - POST /api/v1/teams/e537d774-410d-4c03-98d7-9a566fcfc067/players 200
2026-06-26 13:10:55 - POST /api/v1/teams/e537d774-410d-4c03-98d7-9a566fcfc067/players 200
2026-06-26 13:10:55 - POST /api/v1/teams/e07f15dd-0c72-4bab-ae7f-c92ba5d32fda/players 200
2026-06-26 13:10:55 - POST /api/v1/teams/e07f15dd-0c72-4bab-ae7f-c92ba5d32fda/players 200
2026-06-26 13:10:55 - POST /api/v1/matches/ 201
2026-06-26 13:10:55 - POST /api/v1/matches/cf2a4637-034d-492f-893d-14c1d989e3cc/toss 200
2026-06-26 13:10:55 - POST /api/v1/matches/cf2a4637-034d-492f-893d-14c1d989e3cc/squads 200
2026-06-26 13:10:55 - POST /api/v1/matches/cf2a4637-034d-492f-893d-14c1d989e3cc/squads 200
2026-06-26 13:10:55 - POST /api/v1/matches/cf2a4637-034d-492f-893d-14c1d989e3cc/balls 201
2026-06-26 13:10:55 - GET /api/v1/matches/cf2a4637-034d-492f-893d-14c1d989e3cc/live 200
2026-06-26 13:10:55 - POST /api/v1/matches/cf2a4637-034d-492f-893d-14c1d989e3cc/balls 201
2026-06-26 13:10:55 - GET /api/v1/matches/cf2a4637-034d-492f-893d-14c1d989e3cc/live 200
2026-06-26 13:10:55 - POST /api/v1/matches/cf2a4637-034d-492f-893d-14c1d989e3cc/balls 201
2026-06-26 13:10:55 - GET /api/v1/matches/cf2a4637-034d-492f-893d-14c1d989e3cc/live 200
2026-06-26 13:10:55 - POST /api/v1/matches/cf2a4637-034d-492f-893d-14c1d989e3cc/balls 201
2026-06-26 13:10:55 - GET /api/v1/matches/cf2a4637-034d-492f-893d-14c1d989e3cc/live 200
2026-06-26 13:10:55 - POST /api/v1/matches/cf2a4637-034d-492f-893d-14c1d989e3cc/balls 201
2026-06-26 13:10:55 - GET /api/v1/matches/cf2a4637-034d-492f-893d-14c1d989e3cc/live 200
2026-06-26 13:10:55 - POST /api/v1/matches/cf2a4637-034d-492f-893d-14c1d989e3cc/balls 201
2026-06-26 13:10:55 - GET /api/v1/matches/cf2a4637-034d-492f-893d-14c1d989e3cc/live 200
2026-06-26 13:10:55 - POST /api/v1/matches/cf2a4637-034d-492f-893d-14c1d989e3cc/balls 201
2026-06-26 13:10:55 - GET /api/v1/matches/cf2a4637-034d-492f-893d-14c1d989e3cc/live 200
2026-06-26 13:10:55 - GET /api/v1/matches/cf2a4637-034d-492f-893d-14c1d989e3cc/scorecard 200
2026-06-26 13:10:58 - POST /api/v1/auth/signup 201
2026-06-26 13:11:00 - POST /api/v1/auth/signup 201
2026-06-26 13:11:02 - POST /api/v1/auth/signup 201
2026-06-26 13:11:02 - POST /api/v1/auth/login 200
2026-06-26 13:11:02 - POST /api/v1/auth/login 200
2026-06-26 13:11:03 - POST /api/v1/auth/login 200
2026-06-26 13:11:03 - POST /api/v1/teams/ 201
2026-06-26 13:11:03 - GET /api/v1/teams/my-teams 200
2026-06-26 13:11:03 - POST /api/v1/teams/d8b353de-69cc-48b8-b461-382abb49c6b1/join-request 200
2026-06-26 13:11:03 - GET /api/v1/teams/my-teams 200
2026-06-26 13:11:03 - POST /api/v1/teams/d8b353de-69cc-48b8-b461-382abb49c6b1/approve-request 403
2026-06-26 13:11:03 - POST /api/v1/teams/d8b353de-69cc-48b8-b461-382abb49c6b1/approve-request 200
2026-06-26 13:11:03 - POST /api/v1/teams/d8b353de-69cc-48b8-b461-382abb49c6b1/members 200
2026-06-26 13:11:03 - POST /api/v1/teams/d8b353de-69cc-48b8-b461-382abb49c6b1/invitations/accept 200
2026-06-26 13:11:03 - GET /api/v1/teams/d8b353de-69cc-48b8-b461-382abb49c6b1/members 200
2026-06-26 13:11:03 - DELETE /api/v1/teams/d8b353de-69cc-48b8-b461-382abb49c6b1/members/e4ef7125-3a0b-4038-ac02-55e7d835b378 204
2026-06-26 13:11:03 - GET /api/v1/teams/d8b353de-69cc-48b8-b461-382abb49c6b1/members 200
2026-06-26 13:11:04 - POST /api/v1/auth/login 200
2026-06-26 13:11:04 - POST /api/v1/teams/ 201
2026-06-26 13:11:05 - POST /api/v1/auth/login 200
2026-06-26 13:11:05 - POST /api/v1/teams/87269b30-3f83-40b1-b62a-5d6369347746/members 200
2026-06-26 13:11:05 - GET /api/v1/notifications/ 200
2026-06-26 13:11:05 - GET /api/v1/teams/my-invitations 200
2026-06-26 13:11:05 - POST /api/v1/notifications/cc054205-118f-446c-989c-a40cd4decf53/read 200
2026-06-26 13:11:05 - POST /api/v1/teams/87269b30-3f83-40b1-b62a-5d6369347746/invitations/accept 200
2026-06-26 13:11:05 - GET /api/v1/notifications/ 200
2026-06-26 13:11:06 - POST /api/v1/auth/login 200
2026-06-26 13:11:06 - POST /api/v1/teams/ 201
2026-06-26 13:11:07 - POST /api/v1/auth/login 200
2026-06-26 13:11:07 - POST /api/v1/teams/2bc14233-08f4-4f2c-be1c-d8abe41be1a3/members 200
2026-06-26 13:11:07 - POST /api/v1/teams/2bc14233-08f4-4f2c-be1c-d8abe41be1a3/invitations/reject 204
2026-06-26 13:11:07 - GET /api/v1/notifications/ 200
2026-06-26 13:11:08 - POST /api/v1/auth/login 200
2026-06-26 13:11:08 - POST /api/v1/teams/ 201
2026-06-26 13:11:09 - POST /api/v1/auth/login 200
2026-06-26 13:11:09 - POST /api/v1/teams/9e7fb987-ced6-4af8-b7ed-b6ccae1181a3/join-request 200
2026-06-26 13:11:09 - POST /api/v1/teams/9e7fb987-ced6-4af8-b7ed-b6ccae1181a3/reject-request 204
2026-06-26 13:11:09 - GET /api/v1/notifications/ 200
2026-06-26 13:11:09 - POST /api/v1/auth/login 200
2026-06-26 13:11:09 - POST /api/v1/teams/ 201
2026-06-26 13:11:10 - POST /api/v1/auth/login 200
2026-06-26 13:11:10 - PUT /api/v1/teams/7713410a-550d-4799-8804-d65d3b06cfaf 403
2026-06-26 13:11:10 - DELETE /api/v1/teams/7713410a-550d-4799-8804-d65d3b06cfaf 403
2026-06-26 13:11:10 - PUT /api/v1/teams/7713410a-550d-4799-8804-d65d3b06cfaf 200
2026-06-26 13:11:10 - DELETE /api/v1/teams/7713410a-550d-4799-8804-d65d3b06cfaf 204
2026-06-26 13:11:10 - GET /api/v1/teams/7713410a-550d-4799-8804-d65d3b06cfaf 404
2026-06-26 13:11:11 - POST /api/v1/auth/login 200
2026-06-26 13:11:11 - GET /api/v1/notifications/ 200
2026-06-26 13:11:11 - POST /api/v1/notifications/read-all 204
2026-06-26 13:11:11 - GET /api/v1/notifications/ 200
2026-06-26 13:11:12 - POST /api/v1/auth/login 200
2026-06-26 13:11:12 - POST /api/v1/tournaments/ 201
2026-06-26 13:11:12 - POST /api/v1/players/ 201
2026-06-26 13:11:12 - POST /api/v1/players/ 201
2026-06-26 13:11:12 - POST /api/v1/players/ 201
2026-06-26 13:11:12 - POST /api/v1/players/ 201
2026-06-26 13:11:12 - POST /api/v1/teams/ 201
2026-06-26 13:11:12 - POST /api/v1/teams/3a58f1b2-0b14-4c1a-91ae-5ad2a25e1924/players 200
2026-06-26 13:11:12 - POST /api/v1/teams/3a58f1b2-0b14-4c1a-91ae-5ad2a25e1924/players 200
2026-06-26 13:11:12 - POST /api/v1/teams/3a58f1b2-0b14-4c1a-91ae-5ad2a25e1924/players 200
2026-06-26 13:11:12 - POST /api/v1/teams/3a58f1b2-0b14-4c1a-91ae-5ad2a25e1924/players 200
2026-06-26 13:11:12 - POST /api/v1/tournaments/f1a95381-35fe-4b0c-91de-61609e15a61b/teams 400
2026-06-26 13:11:12 - POST /api/v1/players/ 201
2026-06-26 13:11:12 - POST /api/v1/teams/3a58f1b2-0b14-4c1a-91ae-5ad2a25e1924/players 200
2026-06-26 13:11:12 - POST /api/v1/tournaments/f1a95381-35fe-4b0c-91de-61609e15a61b/teams 200
2026-06-26 13:11:12 - DELETE /api/v1/tournaments/f1a95381-35fe-4b0c-91de-61609e15a61b/teams/3a58f1b2-0b14-4c1a-91ae-5ad2a25e1924 200
2026-06-26 13:11:13 - POST /api/v1/auth/login 200
2026-06-26 13:11:13 - POST /api/v1/teams/ 201
2026-06-26 13:11:13 - POST /api/v1/players/ 201
2026-06-26 13:11:13 - POST /api/v1/teams/cf7bdb3f-f0b9-424d-8123-79292434c1e5/players 200
2026-06-26 13:11:13 - POST /api/v1/players/ 201
2026-06-26 13:11:13 - POST /api/v1/teams/cf7bdb3f-f0b9-424d-8123-79292434c1e5/players 200
2026-06-26 13:11:13 - POST /api/v1/players/ 201
2026-06-26 13:11:14 - POST /api/v1/teams/cf7bdb3f-f0b9-424d-8123-79292434c1e5/players 200
2026-06-26 13:11:14 - POST /api/v1/players/ 201
2026-06-26 13:11:14 - POST /api/v1/teams/cf7bdb3f-f0b9-424d-8123-79292434c1e5/players 200
2026-06-26 13:11:14 - POST /api/v1/players/ 201
2026-06-26 13:11:14 - POST /api/v1/teams/cf7bdb3f-f0b9-424d-8123-79292434c1e5/players 200
2026-06-26 13:11:14 - POST /api/v1/teams/ 201
2026-06-26 13:11:14 - POST /api/v1/players/ 201
2026-06-26 13:11:14 - POST /api/v1/teams/5cd1bcd2-3d72-4c8e-b371-9359d6b833d2/players 200
2026-06-26 13:11:14 - POST /api/v1/players/ 201
2026-06-26 13:11:14 - POST /api/v1/teams/5cd1bcd2-3d72-4c8e-b371-9359d6b833d2/players 200
2026-06-26 13:11:14 - POST /api/v1/players/ 201
2026-06-26 13:11:14 - POST /api/v1/teams/5cd1bcd2-3d72-4c8e-b371-9359d6b833d2/players 200
2026-06-26 13:11:14 - POST /api/v1/players/ 201
2026-06-26 13:11:14 - POST /api/v1/teams/5cd1bcd2-3d72-4c8e-b371-9359d6b833d2/players 200
2026-06-26 13:11:14 - POST /api/v1/players/ 201
2026-06-26 13:11:14 - POST /api/v1/teams/5cd1bcd2-3d72-4c8e-b371-9359d6b833d2/players 200
2026-06-26 13:11:14 - POST /api/v1/tournaments/ 201
2026-06-26 13:11:14 - POST /api/v1/tournaments/bcba98f3-c5ae-48b7-9b28-c9adb25d712e/teams 200
2026-06-26 13:11:14 - POST /api/v1/tournaments/bcba98f3-c5ae-48b7-9b28-c9adb25d712e/teams 200
2026-06-26 13:11:14 - POST /api/v1/tournaments/bcba98f3-c5ae-48b7-9b28-c9adb25d712e/fixtures/generate 201
2026-06-26 13:11:14 - GET /api/v1/tournaments/bcba98f3-c5ae-48b7-9b28-c9adb25d712e/dashboard 200
2026-06-26 13:11:14 - POST /api/v1/matches/85c716a9-ef56-4047-b6b1-5baa04b6ddf5/toss 200
2026-06-26 13:11:14 - GET /api/v1/teams/cf7bdb3f-f0b9-424d-8123-79292434c1e5 200
2026-06-26 13:11:14 - GET /api/v1/teams/5cd1bcd2-3d72-4c8e-b371-9359d6b833d2 200
2026-06-26 13:11:14 - POST /api/v1/matches/85c716a9-ef56-4047-b6b1-5baa04b6ddf5/squads 200
2026-06-26 13:11:14 - POST /api/v1/matches/85c716a9-ef56-4047-b6b1-5baa04b6ddf5/squads 200
2026-06-26 13:11:14 - POST /api/v1/matches/85c716a9-ef56-4047-b6b1-5baa04b6ddf5/balls 201
2026-06-26 13:11:14 - POST /api/v1/matches/85c716a9-ef56-4047-b6b1-5baa04b6ddf5/balls 201
2026-06-26 13:11:14 - POST /api/v1/matches/85c716a9-ef56-4047-b6b1-5baa04b6ddf5/balls 201
2026-06-26 13:11:14 - POST /api/v1/matches/85c716a9-ef56-4047-b6b1-5baa04b6ddf5/balls 201
2026-06-26 13:11:14 - POST /api/v1/matches/85c716a9-ef56-4047-b6b1-5baa04b6ddf5/balls 201
2026-06-26 13:11:14 - POST /api/v1/matches/85c716a9-ef56-4047-b6b1-5baa04b6ddf5/balls 201
2026-06-26 13:11:14 - POST /api/v1/matches/85c716a9-ef56-4047-b6b1-5baa04b6ddf5/balls 201
2026-06-26 13:11:14 - POST /api/v1/matches/85c716a9-ef56-4047-b6b1-5baa04b6ddf5/balls 201
2026-06-26 13:11:14 - POST /api/v1/matches/85c716a9-ef56-4047-b6b1-5baa04b6ddf5/balls 201
2026-06-26 13:11:14 - GET /api/v1/tournaments/bcba98f3-c5ae-48b7-9b28-c9adb25d712e/points-table 200
2026-06-26 13:11:14 - GET /api/v1/tournaments/bcba98f3-c5ae-48b7-9b28-c9adb25d712e/leaderboards 200
2026-06-26 13:11:15 - POST /api/v1/auth/login 200
2026-06-26 13:11:15 - POST /api/v1/teams/ 201
2026-06-26 13:11:15 - POST /api/v1/players/ 201
2026-06-26 13:11:15 - POST /api/v1/teams/75a2b162-d272-44f8-960a-61a1849c70bd/players 200
2026-06-26 13:11:15 - POST /api/v1/players/ 201
2026-06-26 13:11:15 - POST /api/v1/teams/75a2b162-d272-44f8-960a-61a1849c70bd/players 200
2026-06-26 13:11:15 - POST /api/v1/players/ 201
2026-06-26 13:11:15 - POST /api/v1/teams/75a2b162-d272-44f8-960a-61a1849c70bd/players 200
2026-06-26 13:11:15 - POST /api/v1/players/ 201
2026-06-26 13:11:15 - POST /api/v1/teams/75a2b162-d272-44f8-960a-61a1849c70bd/players 200
2026-06-26 13:11:15 - POST /api/v1/players/ 201
2026-06-26 13:11:15 - POST /api/v1/teams/75a2b162-d272-44f8-960a-61a1849c70bd/players 200
2026-06-26 13:11:15 - POST /api/v1/teams/ 201
2026-06-26 13:11:15 - POST /api/v1/players/ 201
2026-06-26 13:11:15 - POST /api/v1/teams/16f847a9-a89f-4a33-a3d1-7c52dd9e6d96/players 200
2026-06-26 13:11:15 - POST /api/v1/players/ 201
2026-06-26 13:11:15 - POST /api/v1/teams/16f847a9-a89f-4a33-a3d1-7c52dd9e6d96/players 200
2026-06-26 13:11:15 - POST /api/v1/players/ 201
2026-06-26 13:11:15 - POST /api/v1/teams/16f847a9-a89f-4a33-a3d1-7c52dd9e6d96/players 200
2026-06-26 13:11:15 - POST /api/v1/players/ 201
2026-06-26 13:11:15 - POST /api/v1/teams/16f847a9-a89f-4a33-a3d1-7c52dd9e6d96/players 200
2026-06-26 13:11:15 - POST /api/v1/players/ 201
2026-06-26 13:11:15 - POST /api/v1/teams/16f847a9-a89f-4a33-a3d1-7c52dd9e6d96/players 200
2026-06-26 13:11:15 - POST /api/v1/teams/ 201
2026-06-26 13:11:15 - POST /api/v1/players/ 201
2026-06-26 13:11:15 - POST /api/v1/teams/d58c2607-2faa-4cfa-b655-cc25111b5297/players 200
2026-06-26 13:11:15 - POST /api/v1/players/ 201
2026-06-26 13:11:15 - POST /api/v1/teams/d58c2607-2faa-4cfa-b655-cc25111b5297/players 200
2026-06-26 13:11:15 - POST /api/v1/players/ 201
2026-06-26 13:11:15 - POST /api/v1/teams/d58c2607-2faa-4cfa-b655-cc25111b5297/players 200
2026-06-26 13:11:15 - POST /api/v1/players/ 201
2026-06-26 13:11:15 - POST /api/v1/teams/d58c2607-2faa-4cfa-b655-cc25111b5297/players 200
2026-06-26 13:11:15 - POST /api/v1/players/ 201
2026-06-26 13:11:15 - POST /api/v1/teams/d58c2607-2faa-4cfa-b655-cc25111b5297/players 200
2026-06-26 13:11:15 - POST /api/v1/teams/ 201
2026-06-26 13:11:15 - POST /api/v1/players/ 201
2026-06-26 13:11:15 - POST /api/v1/teams/97649d9d-cd99-4c72-92ab-f9455ac3b3b3/players 200
2026-06-26 13:11:15 - POST /api/v1/players/ 201
2026-06-26 13:11:15 - POST /api/v1/teams/97649d9d-cd99-4c72-92ab-f9455ac3b3b3/players 200
2026-06-26 13:11:15 - POST /api/v1/players/ 201
2026-06-26 13:11:15 - POST /api/v1/teams/97649d9d-cd99-4c72-92ab-f9455ac3b3b3/players 200
2026-06-26 13:11:15 - POST /api/v1/players/ 201
2026-06-26 13:11:15 - POST /api/v1/teams/97649d9d-cd99-4c72-92ab-f9455ac3b3b3/players 200
2026-06-26 13:11:15 - POST /api/v1/players/ 201
2026-06-26 13:11:15 - POST /api/v1/teams/97649d9d-cd99-4c72-92ab-f9455ac3b3b3/players 200
2026-06-26 13:11:15 - POST /api/v1/tournaments/ 201
2026-06-26 13:11:16 - POST /api/v1/tournaments/cbc2836b-0454-4965-b58b-8d2a545911c6/teams 200
2026-06-26 13:11:16 - POST /api/v1/tournaments/cbc2836b-0454-4965-b58b-8d2a545911c6/teams 200
2026-06-26 13:11:16 - POST /api/v1/tournaments/cbc2836b-0454-4965-b58b-8d2a545911c6/teams 200
2026-06-26 13:11:16 - POST /api/v1/tournaments/cbc2836b-0454-4965-b58b-8d2a545911c6/teams 200
2026-06-26 13:11:16 - POST /api/v1/tournaments/cbc2836b-0454-4965-b58b-8d2a545911c6/fixtures/generate 201
2026-06-26 13:11:16 - GET /api/v1/tournaments/cbc2836b-0454-4965-b58b-8d2a545911c6/dashboard 200
2026-06-26 13:11:16 - GET /api/v1/tournaments/cbc2836b-0454-4965-b58b-8d2a545911c6/dashboard 200
2026-06-26 13:11:16 - POST /api/v1/matches/36cf32a8-f008-4480-aa8e-b27cf17ba2e5/toss 200
2026-06-26 13:11:16 - GET /api/v1/teams/75a2b162-d272-44f8-960a-61a1849c70bd 200
2026-06-26 13:11:16 - GET /api/v1/teams/16f847a9-a89f-4a33-a3d1-7c52dd9e6d96 200
2026-06-26 13:11:16 - POST /api/v1/matches/36cf32a8-f008-4480-aa8e-b27cf17ba2e5/squads 200
2026-06-26 13:11:16 - POST /api/v1/matches/36cf32a8-f008-4480-aa8e-b27cf17ba2e5/squads 200
2026-06-26 13:11:16 - POST /api/v1/matches/36cf32a8-f008-4480-aa8e-b27cf17ba2e5/balls 201
2026-06-26 13:11:16 - POST /api/v1/matches/36cf32a8-f008-4480-aa8e-b27cf17ba2e5/balls 201
2026-06-26 13:11:16 - POST /api/v1/matches/36cf32a8-f008-4480-aa8e-b27cf17ba2e5/balls 201
2026-06-26 13:11:16 - POST /api/v1/matches/36cf32a8-f008-4480-aa8e-b27cf17ba2e5/balls 201
2026-06-26 13:11:16 - POST /api/v1/matches/36cf32a8-f008-4480-aa8e-b27cf17ba2e5/balls 201
2026-06-26 13:11:16 - POST /api/v1/matches/36cf32a8-f008-4480-aa8e-b27cf17ba2e5/balls 201
2026-06-26 13:11:16 - POST /api/v1/matches/36cf32a8-f008-4480-aa8e-b27cf17ba2e5/balls 201
2026-06-26 13:11:16 - POST /api/v1/matches/36cf32a8-f008-4480-aa8e-b27cf17ba2e5/balls 201
2026-06-26 13:11:16 - POST /api/v1/matches/36cf32a8-f008-4480-aa8e-b27cf17ba2e5/balls 201
2026-06-26 13:11:16 - POST /api/v1/matches/36cf32a8-f008-4480-aa8e-b27cf17ba2e5/balls 201
2026-06-26 13:11:16 - POST /api/v1/matches/36cf32a8-f008-4480-aa8e-b27cf17ba2e5/balls 201
2026-06-26 13:11:16 - POST /api/v1/matches/36cf32a8-f008-4480-aa8e-b27cf17ba2e5/balls 201
2026-06-26 13:11:16 - POST /api/v1/matches/467634d5-ccf7-4038-972e-0c8ba1206c5c/toss 200
2026-06-26 13:11:16 - GET /api/v1/teams/16f847a9-a89f-4a33-a3d1-7c52dd9e6d96 200
2026-06-26 13:11:16 - GET /api/v1/teams/97649d9d-cd99-4c72-92ab-f9455ac3b3b3 200
2026-06-26 13:11:16 - POST /api/v1/matches/467634d5-ccf7-4038-972e-0c8ba1206c5c/squads 200
2026-06-26 13:11:16 - POST /api/v1/matches/467634d5-ccf7-4038-972e-0c8ba1206c5c/squads 200
2026-06-26 13:11:16 - POST /api/v1/matches/467634d5-ccf7-4038-972e-0c8ba1206c5c/balls 201
2026-06-26 13:11:16 - POST /api/v1/matches/467634d5-ccf7-4038-972e-0c8ba1206c5c/balls 201
2026-06-26 13:11:16 - POST /api/v1/matches/467634d5-ccf7-4038-972e-0c8ba1206c5c/balls 201
2026-06-26 13:11:16 - POST /api/v1/matches/467634d5-ccf7-4038-972e-0c8ba1206c5c/balls 201
2026-06-26 13:11:16 - POST /api/v1/matches/467634d5-ccf7-4038-972e-0c8ba1206c5c/balls 201
2026-06-26 13:11:16 - POST /api/v1/matches/467634d5-ccf7-4038-972e-0c8ba1206c5c/balls 201
2026-06-26 13:11:16 - POST /api/v1/matches/467634d5-ccf7-4038-972e-0c8ba1206c5c/balls 201
2026-06-26 13:11:16 - POST /api/v1/matches/467634d5-ccf7-4038-972e-0c8ba1206c5c/balls 201
2026-06-26 13:11:16 - POST /api/v1/matches/467634d5-ccf7-4038-972e-0c8ba1206c5c/balls 201
2026-06-26 13:11:16 - POST /api/v1/matches/467634d5-ccf7-4038-972e-0c8ba1206c5c/balls 201
2026-06-26 13:11:16 - POST /api/v1/matches/467634d5-ccf7-4038-972e-0c8ba1206c5c/balls 201
2026-06-26 13:11:16 - POST /api/v1/matches/467634d5-ccf7-4038-972e-0c8ba1206c5c/balls 201
2026-06-26 13:11:16 - POST /api/v1/matches/4cebb9b3-7fd1-42a5-95bc-8b2ff43e86d3/toss 200
2026-06-26 13:11:16 - GET /api/v1/teams/16f847a9-a89f-4a33-a3d1-7c52dd9e6d96 200
2026-06-26 13:11:16 - GET /api/v1/teams/d58c2607-2faa-4cfa-b655-cc25111b5297 200
2026-06-26 13:11:16 - POST /api/v1/matches/4cebb9b3-7fd1-42a5-95bc-8b2ff43e86d3/squads 200
2026-06-26 13:11:17 - POST /api/v1/matches/4cebb9b3-7fd1-42a5-95bc-8b2ff43e86d3/squads 200
2026-06-26 13:11:17 - POST /api/v1/matches/4cebb9b3-7fd1-42a5-95bc-8b2ff43e86d3/balls 201
2026-06-26 13:11:17 - POST /api/v1/matches/4cebb9b3-7fd1-42a5-95bc-8b2ff43e86d3/balls 201
2026-06-26 13:11:17 - POST /api/v1/matches/4cebb9b3-7fd1-42a5-95bc-8b2ff43e86d3/balls 201
2026-06-26 13:11:17 - POST /api/v1/matches/4cebb9b3-7fd1-42a5-95bc-8b2ff43e86d3/balls 201
2026-06-26 13:11:17 - POST /api/v1/matches/4cebb9b3-7fd1-42a5-95bc-8b2ff43e86d3/balls 201
2026-06-26 13:11:17 - POST /api/v1/matches/4cebb9b3-7fd1-42a5-95bc-8b2ff43e86d3/balls 201
2026-06-26 13:11:17 - POST /api/v1/matches/4cebb9b3-7fd1-42a5-95bc-8b2ff43e86d3/balls 201
2026-06-26 13:11:17 - POST /api/v1/matches/4cebb9b3-7fd1-42a5-95bc-8b2ff43e86d3/balls 201
2026-06-26 13:11:17 - POST /api/v1/matches/4cebb9b3-7fd1-42a5-95bc-8b2ff43e86d3/balls 201
2026-06-26 13:11:17 - POST /api/v1/matches/4cebb9b3-7fd1-42a5-95bc-8b2ff43e86d3/balls 201
2026-06-26 13:11:17 - POST /api/v1/matches/4cebb9b3-7fd1-42a5-95bc-8b2ff43e86d3/balls 201
2026-06-26 13:11:17 - POST /api/v1/matches/4cebb9b3-7fd1-42a5-95bc-8b2ff43e86d3/balls 201
2026-06-26 13:11:17 - POST /api/v1/matches/955892ad-89fd-446a-a257-be04842ba6a2/toss 200
2026-06-26 13:11:17 - GET /api/v1/teams/75a2b162-d272-44f8-960a-61a1849c70bd 200
2026-06-26 13:11:17 - GET /api/v1/teams/97649d9d-cd99-4c72-92ab-f9455ac3b3b3 200
2026-06-26 13:11:17 - POST /api/v1/matches/955892ad-89fd-446a-a257-be04842ba6a2/squads 200
2026-06-26 13:11:17 - POST /api/v1/matches/955892ad-89fd-446a-a257-be04842ba6a2/squads 200
2026-06-26 13:11:17 - POST /api/v1/matches/955892ad-89fd-446a-a257-be04842ba6a2/balls 201
2026-06-26 13:11:17 - POST /api/v1/matches/955892ad-89fd-446a-a257-be04842ba6a2/balls 201
2026-06-26 13:11:17 - POST /api/v1/matches/955892ad-89fd-446a-a257-be04842ba6a2/balls 201
2026-06-26 13:11:17 - POST /api/v1/matches/955892ad-89fd-446a-a257-be04842ba6a2/balls 201
2026-06-26 13:11:17 - POST /api/v1/matches/955892ad-89fd-446a-a257-be04842ba6a2/balls 201
2026-06-26 13:11:17 - POST /api/v1/matches/955892ad-89fd-446a-a257-be04842ba6a2/balls 201
2026-06-26 13:11:17 - POST /api/v1/matches/955892ad-89fd-446a-a257-be04842ba6a2/balls 201
2026-06-26 13:11:17 - POST /api/v1/matches/955892ad-89fd-446a-a257-be04842ba6a2/balls 201
2026-06-26 13:11:17 - POST /api/v1/matches/955892ad-89fd-446a-a257-be04842ba6a2/balls 201
2026-06-26 13:11:17 - POST /api/v1/matches/955892ad-89fd-446a-a257-be04842ba6a2/balls 201
2026-06-26 13:11:17 - POST /api/v1/matches/955892ad-89fd-446a-a257-be04842ba6a2/balls 201
2026-06-26 13:11:17 - POST /api/v1/matches/955892ad-89fd-446a-a257-be04842ba6a2/balls 201
2026-06-26 13:11:17 - POST /api/v1/matches/b93fda34-978c-47b1-b3c3-8dc8fc2f0d12/toss 200
2026-06-26 13:11:17 - GET /api/v1/teams/75a2b162-d272-44f8-960a-61a1849c70bd 200
2026-06-26 13:11:17 - GET /api/v1/teams/d58c2607-2faa-4cfa-b655-cc25111b5297 200
2026-06-26 13:11:17 - POST /api/v1/matches/b93fda34-978c-47b1-b3c3-8dc8fc2f0d12/squads 200
2026-06-26 13:11:17 - POST /api/v1/matches/b93fda34-978c-47b1-b3c3-8dc8fc2f0d12/squads 200
2026-06-26 13:11:17 - POST /api/v1/matches/b93fda34-978c-47b1-b3c3-8dc8fc2f0d12/balls 201
2026-06-26 13:11:17 - POST /api/v1/matches/b93fda34-978c-47b1-b3c3-8dc8fc2f0d12/balls 201
2026-06-26 13:11:17 - POST /api/v1/matches/b93fda34-978c-47b1-b3c3-8dc8fc2f0d12/balls 201
2026-06-26 13:11:17 - POST /api/v1/matches/b93fda34-978c-47b1-b3c3-8dc8fc2f0d12/balls 201
2026-06-26 13:11:17 - POST /api/v1/matches/b93fda34-978c-47b1-b3c3-8dc8fc2f0d12/balls 201
2026-06-26 13:11:17 - POST /api/v1/matches/b93fda34-978c-47b1-b3c3-8dc8fc2f0d12/balls 201
2026-06-26 13:11:17 - POST /api/v1/matches/b93fda34-978c-47b1-b3c3-8dc8fc2f0d12/balls 201
2026-06-26 13:11:17 - POST /api/v1/matches/b93fda34-978c-47b1-b3c3-8dc8fc2f0d12/balls 201
2026-06-26 13:11:17 - POST /api/v1/matches/b93fda34-978c-47b1-b3c3-8dc8fc2f0d12/balls 201
2026-06-26 13:11:17 - POST /api/v1/matches/b93fda34-978c-47b1-b3c3-8dc8fc2f0d12/balls 201
2026-06-26 13:11:17 - POST /api/v1/matches/b93fda34-978c-47b1-b3c3-8dc8fc2f0d12/balls 201
2026-06-26 13:11:18 - POST /api/v1/matches/b93fda34-978c-47b1-b3c3-8dc8fc2f0d12/balls 201
2026-06-26 13:11:18 - POST /api/v1/matches/75ce64a7-df18-4ffa-b77c-ea8e3d355b01/toss 200
2026-06-26 13:11:18 - GET /api/v1/teams/d58c2607-2faa-4cfa-b655-cc25111b5297 200
2026-06-26 13:11:18 - GET /api/v1/teams/97649d9d-cd99-4c72-92ab-f9455ac3b3b3 200
2026-06-26 13:11:18 - POST /api/v1/matches/75ce64a7-df18-4ffa-b77c-ea8e3d355b01/squads 200
2026-06-26 13:11:18 - POST /api/v1/matches/75ce64a7-df18-4ffa-b77c-ea8e3d355b01/squads 200
2026-06-26 13:11:18 - POST /api/v1/matches/75ce64a7-df18-4ffa-b77c-ea8e3d355b01/balls 201
2026-06-26 13:11:18 - POST /api/v1/matches/75ce64a7-df18-4ffa-b77c-ea8e3d355b01/balls 201
2026-06-26 13:11:18 - POST /api/v1/matches/75ce64a7-df18-4ffa-b77c-ea8e3d355b01/balls 201
2026-06-26 13:11:18 - POST /api/v1/matches/75ce64a7-df18-4ffa-b77c-ea8e3d355b01/balls 201
2026-06-26 13:11:18 - POST /api/v1/matches/75ce64a7-df18-4ffa-b77c-ea8e3d355b01/balls 201
2026-06-26 13:11:18 - POST /api/v1/matches/75ce64a7-df18-4ffa-b77c-ea8e3d355b01/balls 201
2026-06-26 13:11:18 - POST /api/v1/matches/75ce64a7-df18-4ffa-b77c-ea8e3d355b01/balls 201
2026-06-26 13:11:18 - POST /api/v1/matches/75ce64a7-df18-4ffa-b77c-ea8e3d355b01/balls 201
2026-06-26 13:11:18 - POST /api/v1/matches/75ce64a7-df18-4ffa-b77c-ea8e3d355b01/balls 201
2026-06-26 13:11:18 - POST /api/v1/matches/75ce64a7-df18-4ffa-b77c-ea8e3d355b01/balls 201
2026-06-26 13:11:18 - POST /api/v1/matches/75ce64a7-df18-4ffa-b77c-ea8e3d355b01/balls 201
2026-06-26 13:11:18 - POST /api/v1/matches/75ce64a7-df18-4ffa-b77c-ea8e3d355b01/balls 201
2026-06-26 13:11:18 - GET /api/v1/tournaments/cbc2836b-0454-4965-b58b-8d2a545911c6/dashboard 200
2026-06-26 13:11:18 - POST /api/v1/matches/096d3ac5-d7c0-4d2f-968f-b1a81937ef5e/toss 200
2026-06-26 13:11:18 - GET /api/v1/teams/75a2b162-d272-44f8-960a-61a1849c70bd 200
2026-06-26 13:11:18 - GET /api/v1/teams/97649d9d-cd99-4c72-92ab-f9455ac3b3b3 200
2026-06-26 13:11:18 - POST /api/v1/matches/096d3ac5-d7c0-4d2f-968f-b1a81937ef5e/squads 200
2026-06-26 13:11:18 - POST /api/v1/matches/096d3ac5-d7c0-4d2f-968f-b1a81937ef5e/squads 200
2026-06-26 13:11:18 - POST /api/v1/matches/096d3ac5-d7c0-4d2f-968f-b1a81937ef5e/balls 201
2026-06-26 13:11:18 - POST /api/v1/matches/096d3ac5-d7c0-4d2f-968f-b1a81937ef5e/balls 201
2026-06-26 13:11:18 - POST /api/v1/matches/096d3ac5-d7c0-4d2f-968f-b1a81937ef5e/balls 201
2026-06-26 13:11:18 - POST /api/v1/matches/096d3ac5-d7c0-4d2f-968f-b1a81937ef5e/balls 201
2026-06-26 13:11:18 - POST /api/v1/matches/096d3ac5-d7c0-4d2f-968f-b1a81937ef5e/balls 201
2026-06-26 13:11:18 - POST /api/v1/matches/096d3ac5-d7c0-4d2f-968f-b1a81937ef5e/balls 201
2026-06-26 13:11:18 - POST /api/v1/matches/096d3ac5-d7c0-4d2f-968f-b1a81937ef5e/balls 201
2026-06-26 13:11:18 - POST /api/v1/matches/096d3ac5-d7c0-4d2f-968f-b1a81937ef5e/balls 201
2026-06-26 13:11:18 - POST /api/v1/matches/096d3ac5-d7c0-4d2f-968f-b1a81937ef5e/balls 201
2026-06-26 13:11:18 - POST /api/v1/matches/096d3ac5-d7c0-4d2f-968f-b1a81937ef5e/balls 201
2026-06-26 13:11:18 - POST /api/v1/matches/096d3ac5-d7c0-4d2f-968f-b1a81937ef5e/balls 201
2026-06-26 13:11:18 - POST /api/v1/matches/096d3ac5-d7c0-4d2f-968f-b1a81937ef5e/balls 201
2026-06-26 13:11:18 - POST /api/v1/matches/20b9bb3e-9ef6-419a-8184-43c61feb3835/toss 200
2026-06-26 13:11:18 - GET /api/v1/teams/16f847a9-a89f-4a33-a3d1-7c52dd9e6d96 200
2026-06-26 13:11:18 - GET /api/v1/teams/d58c2607-2faa-4cfa-b655-cc25111b5297 200
2026-06-26 13:11:18 - POST /api/v1/matches/20b9bb3e-9ef6-419a-8184-43c61feb3835/squads 200
2026-06-26 13:11:18 - POST /api/v1/matches/20b9bb3e-9ef6-419a-8184-43c61feb3835/squads 200
2026-06-26 13:11:18 - POST /api/v1/matches/20b9bb3e-9ef6-419a-8184-43c61feb3835/balls 201
2026-06-26 13:11:18 - POST /api/v1/matches/20b9bb3e-9ef6-419a-8184-43c61feb3835/balls 201
2026-06-26 13:11:19 - POST /api/v1/matches/20b9bb3e-9ef6-419a-8184-43c61feb3835/balls 201
2026-06-26 13:11:19 - POST /api/v1/matches/20b9bb3e-9ef6-419a-8184-43c61feb3835/balls 201
2026-06-26 13:11:19 - POST /api/v1/matches/20b9bb3e-9ef6-419a-8184-43c61feb3835/balls 201
2026-06-26 13:11:19 - POST /api/v1/matches/20b9bb3e-9ef6-419a-8184-43c61feb3835/balls 201
2026-06-26 13:11:19 - POST /api/v1/matches/20b9bb3e-9ef6-419a-8184-43c61feb3835/balls 201
2026-06-26 13:11:19 - POST /api/v1/matches/20b9bb3e-9ef6-419a-8184-43c61feb3835/balls 201
2026-06-26 13:11:19 - POST /api/v1/matches/20b9bb3e-9ef6-419a-8184-43c61feb3835/balls 201
2026-06-26 13:11:19 - POST /api/v1/matches/20b9bb3e-9ef6-419a-8184-43c61feb3835/balls 201
2026-06-26 13:11:19 - POST /api/v1/matches/20b9bb3e-9ef6-419a-8184-43c61feb3835/balls 201
2026-06-26 13:11:19 - POST /api/v1/matches/20b9bb3e-9ef6-419a-8184-43c61feb3835/balls 201
2026-06-26 13:11:19 - GET /api/v1/tournaments/cbc2836b-0454-4965-b58b-8d2a545911c6/dashboard 200
2026-06-26 13:11:19 - POST /api/v1/matches/b695ec65-6c14-400e-9eef-2f01719668dd/toss 200
2026-06-26 13:11:19 - GET /api/v1/teams/75a2b162-d272-44f8-960a-61a1849c70bd 200
2026-06-26 13:11:19 - GET /api/v1/teams/16f847a9-a89f-4a33-a3d1-7c52dd9e6d96 200
2026-06-26 13:11:19 - POST /api/v1/matches/b695ec65-6c14-400e-9eef-2f01719668dd/squads 200
2026-06-26 13:11:19 - POST /api/v1/matches/b695ec65-6c14-400e-9eef-2f01719668dd/squads 200
2026-06-26 13:11:19 - POST /api/v1/matches/b695ec65-6c14-400e-9eef-2f01719668dd/balls 201
2026-06-26 13:11:19 - POST /api/v1/matches/b695ec65-6c14-400e-9eef-2f01719668dd/balls 201
2026-06-26 13:11:19 - POST /api/v1/matches/b695ec65-6c14-400e-9eef-2f01719668dd/balls 201
2026-06-26 13:11:19 - POST /api/v1/matches/b695ec65-6c14-400e-9eef-2f01719668dd/balls 201
2026-06-26 13:11:19 - POST /api/v1/matches/b695ec65-6c14-400e-9eef-2f01719668dd/balls 201
2026-06-26 13:11:19 - POST /api/v1/matches/b695ec65-6c14-400e-9eef-2f01719668dd/balls 201
2026-06-26 13:11:19 - POST /api/v1/matches/b695ec65-6c14-400e-9eef-2f01719668dd/balls 201
2026-06-26 13:11:19 - POST /api/v1/matches/b695ec65-6c14-400e-9eef-2f01719668dd/balls 201
2026-06-26 13:11:19 - POST /api/v1/matches/b695ec65-6c14-400e-9eef-2f01719668dd/balls 201
2026-06-26 13:11:19 - POST /api/v1/matches/b695ec65-6c14-400e-9eef-2f01719668dd/balls 201
2026-06-26 13:11:19 - POST /api/v1/matches/b695ec65-6c14-400e-9eef-2f01719668dd/balls 201
2026-06-26 13:11:19 - POST /api/v1/matches/b695ec65-6c14-400e-9eef-2f01719668dd/balls 201
2026-06-26 13:11:19 - GET /api/v1/tournaments/cbc2836b-0454-4965-b58b-8d2a545911c6/dashboard 200
2026-06-26 13:12:03 - POST /api/v1/auth/login 200
2026-06-26 13:12:04 - GET /api/v1/admin/analytics 200
2026-06-26 13:12:04 - GET /api/v1/admin/team-members 200
2026-06-26 13:12:04 - GET /api/v1/admin/team-members 200
2026-06-26 13:12:04 - GET /api/v1/admin/team-members 200
2026-06-26 13:12:04 - DELETE /api/v1/admin/team-members/30a50a99-cf85-4711-b487-f7e71eba1664 204
2026-06-26 13:12:05 - POST /api/v1/auth/login 200
2026-06-26 13:12:34 - POST /api/v1/auth/login 200
2026-06-26 13:12:34 - GET /api/v1/admin/analytics 200
2026-06-26 13:12:34 - GET /api/v1/admin/team-members 200
2026-06-26 13:12:34 - GET /api/v1/admin/team-members 200
2026-06-26 13:12:34 - GET /api/v1/admin/team-members 200
2026-06-26 13:12:34 - DELETE /api/v1/admin/team-members/a1c09f7f-1210-42fe-9a5c-e61c8994bb00 204
2026-06-26 13:12:35 - POST /api/v1/auth/login 200
2026-06-26 13:12:57 - POST /api/v1/auth/login 200
2026-06-26 13:12:58 - GET /api/v1/admin/analytics 200
2026-06-26 13:12:58 - GET /api/v1/admin/team-members 200
2026-06-26 13:12:58 - GET /api/v1/admin/team-members 200
2026-06-26 13:12:58 - GET /api/v1/admin/team-members 200
2026-06-26 13:12:58 - DELETE /api/v1/admin/team-members/564f1d62-380f-4291-8101-888f2b035dd0 204
2026-06-26 13:12:58 - POST /api/v1/auth/login 200
2026-06-26 13:13:21 - POST /api/v1/auth/login 200
2026-06-26 13:13:22 - GET /api/v1/admin/analytics 200
2026-06-26 13:13:22 - GET /api/v1/admin/team-members 200
2026-06-26 13:13:22 - GET /api/v1/admin/team-members 200
2026-06-26 13:13:22 - GET /api/v1/admin/team-members 200
2026-06-26 13:13:22 - DELETE /api/v1/admin/team-members/0762ed4f-f00e-4ded-af6d-3d1a3aae23e6 204
2026-06-26 13:13:22 - POST /api/v1/auth/login 200
2026-06-26 13:13:23 - POST /api/v1/admin/tournaments/bulk-delete 204
2026-06-26 13:13:23 - POST /api/v1/admin/matches/bulk-delete 204
2026-06-26 13:13:23 - POST /api/v1/admin/teams/bulk-delete 204
2026-06-26 13:13:23 - POST /api/v1/admin/users/bulk-delete 204
2026-06-26 13:13:38 - POST /api/v1/auth/signup 422
2026-06-26 13:13:38 - POST /api/v1/auth/signup 422
2026-06-26 13:13:38 - POST /api/v1/auth/signup 422
2026-06-26 13:13:38 - POST /api/v1/auth/signup 422
2026-06-26 13:13:39 - POST /api/v1/auth/signup 201
2026-06-26 13:13:40 - POST /api/v1/auth/login 400
2026-06-26 13:13:40 - POST /api/v1/auth/verify-otp 200
2026-06-26 13:13:42 - POST /api/v1/auth/signup 201
2026-06-26 13:13:42 - POST /api/v1/auth/resend-otp 429
2026-06-26 13:13:44 - POST /api/v1/auth/resend-otp 200
2026-06-26 13:13:46 - POST /api/v1/auth/login 400
2026-06-26 13:13:46 - POST /api/v1/auth/login 400
2026-06-26 13:13:47 - POST /api/v1/auth/login 400
2026-06-26 13:13:47 - POST /api/v1/auth/login 400
2026-06-26 13:13:48 - POST /api/v1/auth/login 400
2026-06-26 13:13:48 - POST /api/v1/auth/login 403
2026-06-26 13:13:48 - POST /api/v1/auth/login 200
2026-06-26 13:13:48 - POST /api/v1/auth/forgot-password 404
2026-06-26 13:13:52 - POST /api/v1/auth/forgot-password 200
2026-06-26 13:13:52 - POST /api/v1/auth/verify-reset-otp 400
2026-06-26 13:13:52 - POST /api/v1/auth/verify-reset-otp 200
2026-06-26 13:13:52 - POST /api/v1/auth/reset-password 422
2026-06-26 13:13:53 - POST /api/v1/auth/reset-password 200
2026-06-26 13:13:53 - POST /api/v1/auth/login 200
2026-06-26 13:13:54 - POST /api/v1/auth/login 200
2026-06-26 13:13:55 - POST /api/v1/auth/complete-profile 200
2026-06-26 13:13:56 - POST /api/v1/auth/login 200
2026-06-26 13:13:56 - POST /api/v1/auth/refresh 200
2026-06-26 13:13:56 - POST /api/v1/auth/logout 200
2026-06-26 13:13:56 - POST /api/v1/auth/refresh 401
2026-06-26 13:13:58 - POST /api/v1/auth/signup 201
2026-06-26 13:13:58 - POST /api/v1/auth/signup 400
2026-06-26 13:13:59 - POST /api/v1/auth/login 400
2026-06-26 13:13:59 - POST /api/v1/auth/forgot-password 400
2026-06-26 13:13:59 - POST /api/v1/auth/verify-reset-otp 400
2026-06-26 13:13:59 - POST /api/v1/auth/reset-password 400
2026-06-26 13:13:59 - POST /api/v1/auth/signup 400
2026-06-26 13:14:05 - POST /api/v1/auth/signup 201
2026-06-26 13:14:08 - POST /api/v1/auth/signup 201
2026-06-26 13:14:08 - POST /api/v1/auth/login 200
2026-06-26 13:14:09 - POST /api/v1/auth/login 200
2026-06-26 13:14:09 - POST /api/v1/teams/ 201
2026-06-26 13:14:09 - GET /api/v1/teams/ 200
2026-06-26 13:14:09 - PUT /api/v1/teams/27728f5f-f401-4019-b4c9-423734856717 403
2026-06-26 13:14:09 - DELETE /api/v1/teams/27728f5f-f401-4019-b4c9-423734856717 403
2026-06-26 13:14:09 - POST /api/v1/players/ 201
2026-06-26 13:14:09 - GET /api/v1/players/ 200
2026-06-26 13:14:09 - PUT /api/v1/players/cafc4769-c55c-4ad5-a0f0-aaaf21fde471 403
2026-06-26 13:14:09 - DELETE /api/v1/players/cafc4769-c55c-4ad5-a0f0-aaaf21fde471 403
2026-06-26 13:14:11 - POST /api/v1/auth/signup 201
2026-06-26 13:14:12 - POST /api/v1/auth/login 200
2026-06-26 13:14:12 - POST /api/v1/teams/ 201
2026-06-26 13:14:12 - POST /api/v1/teams/ 201
2026-06-26 13:14:12 - POST /api/v1/players/ 201
2026-06-26 13:14:12 - POST /api/v1/players/ 201
2026-06-26 13:14:12 - POST /api/v1/players/ 201
2026-06-26 13:14:12 - POST /api/v1/teams/045c0b50-0f75-4c36-a4bb-39bc7b64e41e/players/bulk 200
2026-06-26 13:14:12 - POST /api/v1/teams/211d4693-7fc0-48d6-8b62-f8f31bcdc5ae/players/bulk 400
2026-06-26 13:14:18 - POST /api/v1/auth/signup 201
2026-06-26 13:14:21 - POST /api/v1/auth/signup 201
2026-06-26 13:14:22 - POST /api/v1/auth/login 200
2026-06-26 13:14:23 - POST /api/v1/auth/login 200
2026-06-26 13:14:23 - POST /api/v1/teams/ 201
2026-06-26 13:14:23 - POST /api/v1/teams/ 201
2026-06-26 13:14:23 - POST /api/v1/matches/ 201
2026-06-26 13:14:23 - POST /api/v1/matches/0420d6d0-4ff2-4520-9240-9a9badd5ec79/toss 403
2026-06-26 13:14:23 - POST /api/v1/matches/0420d6d0-4ff2-4520-9240-9a9badd5ec79/toss 200
2026-06-26 13:14:24 - GET /api/v1/debug-env 200
2026-06-26 13:14:24 - GET /api/v1/debug-env 404
2026-06-26 13:14:26 - POST /api/v1/auth/login 200
2026-06-26 13:14:26 - POST /api/v1/players/ 201
2026-06-26 13:14:26 - POST /api/v1/players/ 201
2026-06-26 13:14:26 - POST /api/v1/players/ 201
2026-06-26 13:14:26 - POST /api/v1/players/ 201
2026-06-26 13:14:26 - POST /api/v1/teams/ 201
2026-06-26 13:14:26 - POST /api/v1/teams/ 201
2026-06-26 13:14:26 - POST /api/v1/teams/ca015285-4a9b-41b7-a016-7ca2314aea78/players 200
2026-06-26 13:14:26 - POST /api/v1/teams/ca015285-4a9b-41b7-a016-7ca2314aea78/players 200
2026-06-26 13:14:26 - POST /api/v1/teams/b566c2e5-718b-4105-bfc1-ecd80a8cb81a/players 200
2026-06-26 13:14:26 - POST /api/v1/teams/b566c2e5-718b-4105-bfc1-ecd80a8cb81a/players 200
2026-06-26 13:14:26 - POST /api/v1/matches/ 201
2026-06-26 13:14:26 - POST /api/v1/matches/567d4977-7ad8-4b42-abea-404cc6f9ccdb/toss 200
2026-06-26 13:14:26 - POST /api/v1/matches/567d4977-7ad8-4b42-abea-404cc6f9ccdb/squads 400
2026-06-26 13:14:26 - POST /api/v1/matches/567d4977-7ad8-4b42-abea-404cc6f9ccdb/squads 200
2026-06-26 13:14:26 - POST /api/v1/matches/567d4977-7ad8-4b42-abea-404cc6f9ccdb/squads 400
2026-06-26 13:14:26 - POST /api/v1/matches/567d4977-7ad8-4b42-abea-404cc6f9ccdb/squads 200
2026-06-26 13:14:26 - POST /api/v1/auth/google 200
2026-06-26 13:14:26 - POST /api/v1/auth/google 400
2026-06-26 13:14:27 - POST /api/v1/auth/google 400
2026-06-26 13:14:27 - POST /api/v1/auth/google 400
2026-06-26 13:14:27 - POST /api/v1/auth/google 400
2026-06-26 13:14:28 - POST /api/v1/auth/login 200
2026-06-26 13:14:28 - POST /api/v1/players/ 201
2026-06-26 13:14:28 - POST /api/v1/players/ 201
2026-06-26 13:14:28 - POST /api/v1/teams/ 201
2026-06-26 13:14:28 - POST /api/v1/teams/ 201
2026-06-26 13:14:28 - POST /api/v1/matches/ 201
2026-06-26 13:14:28 - GET /api/v1/matches/ 200
2026-06-26 13:14:30 - POST /api/v1/auth/login 200
2026-06-26 13:14:30 - POST /api/v1/auth/login 200
2026-06-26 13:14:32 - POST /api/v1/auth/login 200
2026-06-26 13:14:32 - POST /api/v1/matches/ 201
2026-06-26 13:14:32 - POST /api/v1/matches/340433fb-ffb9-4881-a998-e4032b3598d0/toss 200
2026-06-26 13:14:32 - POST /api/v1/matches/340433fb-ffb9-4881-a998-e4032b3598d0/toss 403
2026-06-26 13:14:32 - POST /api/v1/matches/ 201
2026-06-26 13:14:32 - POST /api/v1/matches/ada6bdb1-7820-48c1-aef8-e740cfc3b8e8/toss 200
2026-06-26 13:14:32 - POST /api/v1/matches/ 201
2026-06-26 13:14:32 - POST /api/v1/matches/eacf8c56-9b52-4453-9d66-1efdbc0fa578/toss 200
2026-06-26 13:14:32 - POST /api/v1/matches/eacf8c56-9b52-4453-9d66-1efdbc0fa578/toss 403
2026-06-26 13:14:33 - POST /api/v1/auth/login 200
2026-06-26 13:14:34 - GET /api/v1/admin/analytics 200
2026-06-26 13:14:34 - GET /api/v1/admin/team-members 200
2026-06-26 13:14:34 - GET /api/v1/admin/team-members 200
2026-06-26 13:14:34 - GET /api/v1/admin/team-members 200
2026-06-26 13:14:34 - DELETE /api/v1/admin/team-members/ecc5b7bb-e10a-4b76-93e6-d9364027a34c 204
2026-06-26 13:14:36 - POST /api/v1/auth/login 200
2026-06-26 13:14:37 - POST /api/v1/admin/tournaments/bulk-delete 204
2026-06-26 13:14:37 - POST /api/v1/admin/matches/bulk-delete 204
2026-06-26 13:14:37 - POST /api/v1/admin/teams/bulk-delete 204
2026-06-26 13:14:37 - POST /api/v1/admin/users/bulk-delete 204
2026-06-26 13:14:38 - POST /api/v1/auth/login 200
2026-06-26 13:14:38 - POST /api/v1/players/ 201
2026-06-26 13:14:38 - POST /api/v1/players/ 201
2026-06-26 13:14:38 - POST /api/v1/players/ 422
2026-06-26 13:14:38 - POST /api/v1/players/ 422
2026-06-26 13:14:38 - GET /api/v1/players/17c7c616-c71f-4d91-a38f-6e091448447a 200
2026-06-26 13:14:38 - PUT /api/v1/players/17c7c616-c71f-4d91-a38f-6e091448447a 200
2026-06-26 13:14:38 - DELETE /api/v1/players/17c7c616-c71f-4d91-a38f-6e091448447a 204
2026-06-26 13:14:38 - GET /api/v1/players/17c7c616-c71f-4d91-a38f-6e091448447a 404
2026-06-26 13:14:40 - POST /api/v1/auth/login 200
2026-06-26 13:14:40 - POST /api/v1/players/ 201
2026-06-26 13:14:40 - POST /api/v1/players/ 201
2026-06-26 13:14:40 - POST /api/v1/teams/ 201
2026-06-26 13:14:40 - POST /api/v1/teams/33f0d752-249d-4a8b-b5ef-7c30d4fbaa34/players 200
2026-06-26 13:14:40 - PUT /api/v1/teams/33f0d752-249d-4a8b-b5ef-7c30d4fbaa34 200
2026-06-26 13:14:40 - PUT /api/v1/teams/33f0d752-249d-4a8b-b5ef-7c30d4fbaa34 400
2026-06-26 13:14:40 - POST /api/v1/teams/ 201
2026-06-26 13:14:40 - POST /api/v1/teams/d81b0adb-fa7f-4371-84e4-68b8597ab19e/players 400
2026-06-26 13:14:40 - DELETE /api/v1/teams/33f0d752-249d-4a8b-b5ef-7c30d4fbaa34/players/a70a7032-ec76-4916-836c-97609aa4da3b 200
2026-06-26 13:14:40 - DELETE /api/v1/teams/33f0d752-249d-4a8b-b5ef-7c30d4fbaa34 204
2026-06-26 13:14:41 - POST /api/v1/auth/login 200
2026-06-26 13:14:41 - POST /api/v1/players/ 201
2026-06-26 13:14:41 - POST /api/v1/players/ 201
2026-06-26 13:14:41 - POST /api/v1/teams/ 201
2026-06-26 13:14:41 - POST /api/v1/teams/ 201
2026-06-26 13:14:41 - POST /api/v1/teams/8dd2847a-0359-4491-b566-26333492c848/players 200
2026-06-26 13:14:41 - POST /api/v1/teams/818fe206-12e8-4aa1-9f88-35effa66c9ee/players 200
2026-06-26 13:14:41 - POST /api/v1/matches/ 201
2026-06-26 13:14:41 - POST /api/v1/matches/e5fefbc9-d4b1-4503-8df4-b15845b22650/squads 200
2026-06-26 13:14:41 - POST /api/v1/matches/e5fefbc9-d4b1-4503-8df4-b15845b22650/toss 200
2026-06-26 13:14:41 - DELETE /api/v1/players/75d3f699-0968-44a3-a0aa-0550bc5bd2b9 400
2026-06-26 13:14:41 - DELETE /api/v1/teams/8dd2847a-0359-4491-b566-26333492c848/players/75d3f699-0968-44a3-a0aa-0550bc5bd2b9 400
2026-06-26 13:14:41 - DELETE /api/v1/teams/8dd2847a-0359-4491-b566-26333492c848 400
2026-06-26 13:14:42 - POST /api/v1/auth/login 200
2026-06-26 13:14:42 - GET /api/v1/profile/ 200
2026-06-26 13:14:44 - POST /api/v1/auth/login 200
2026-06-26 13:14:44 - PUT /api/v1/profile/ 200
2026-06-26 13:14:44 - PUT /api/v1/profile/ 400
2026-06-26 13:14:45 - POST /api/v1/auth/login 200
2026-06-26 13:14:45 - GET /api/v1/profile/stats 200
2026-06-26 13:14:46 - POST /api/v1/auth/login 200
2026-06-26 13:14:46 - GET /api/v1/profile/activity 200
2026-06-26 13:14:46 - GET /api/v1/profile/achievements 200
2026-06-26 13:14:47 - POST /api/v1/auth/login 200
2026-06-26 13:14:47 - POST /api/v1/profile/upload-photo 200
2026-06-26 13:14:47 - GET /api/v1/profile/ 200
2026-06-26 13:14:49 - POST /api/v1/auth/login 200
2026-06-26 13:14:49 - POST /api/v1/players/ 201
2026-06-26 13:14:49 - POST /api/v1/players/ 201
2026-06-26 13:14:49 - POST /api/v1/players/ 201
2026-06-26 13:14:49 - POST /api/v1/players/ 201
2026-06-26 13:14:49 - POST /api/v1/players/ 201
2026-06-26 13:14:49 - POST /api/v1/teams/ 201
2026-06-26 13:14:49 - POST /api/v1/teams/ 201
2026-06-26 13:14:49 - POST /api/v1/teams/d10e5c5f-063c-4002-8d97-6759c221dbad/players 200
2026-06-26 13:14:49 - POST /api/v1/teams/d10e5c5f-063c-4002-8d97-6759c221dbad/players 200
2026-06-26 13:14:49 - POST /api/v1/teams/d10e5c5f-063c-4002-8d97-6759c221dbad/players 200
2026-06-26 13:14:49 - POST /api/v1/teams/9845a134-181e-4b08-8669-ecf70376db66/players 200
2026-06-26 13:14:49 - POST /api/v1/teams/9845a134-181e-4b08-8669-ecf70376db66/players 200
2026-06-26 13:14:49 - POST /api/v1/matches/ 201
2026-06-26 13:14:49 - POST /api/v1/matches/469d1a20-e412-4180-a962-d0b95031e2a5/toss 200
2026-06-26 13:14:49 - POST /api/v1/matches/469d1a20-e412-4180-a962-d0b95031e2a5/squads 200
2026-06-26 13:14:49 - POST /api/v1/matches/469d1a20-e412-4180-a962-d0b95031e2a5/squads 200
2026-06-26 13:14:49 - POST /api/v1/matches/469d1a20-e412-4180-a962-d0b95031e2a5/balls 201
2026-06-26 13:14:49 - POST /api/v1/matches/469d1a20-e412-4180-a962-d0b95031e2a5/balls 201
2026-06-26 13:14:49 - POST /api/v1/matches/469d1a20-e412-4180-a962-d0b95031e2a5/balls 201
2026-06-26 13:14:49 - POST /api/v1/matches/469d1a20-e412-4180-a962-d0b95031e2a5/balls 201
2026-06-26 13:14:49 - POST /api/v1/matches/469d1a20-e412-4180-a962-d0b95031e2a5/balls 201
2026-06-26 13:14:49 - POST /api/v1/matches/469d1a20-e412-4180-a962-d0b95031e2a5/balls 201
2026-06-26 13:14:49 - POST /api/v1/matches/469d1a20-e412-4180-a962-d0b95031e2a5/balls 201
2026-06-26 13:14:49 - POST /api/v1/matches/469d1a20-e412-4180-a962-d0b95031e2a5/balls 201
2026-06-26 13:14:49 - POST /api/v1/matches/469d1a20-e412-4180-a962-d0b95031e2a5/balls 201
2026-06-26 13:14:49 - POST /api/v1/matches/469d1a20-e412-4180-a962-d0b95031e2a5/balls 201
2026-06-26 13:14:49 - POST /api/v1/matches/469d1a20-e412-4180-a962-d0b95031e2a5/balls 201
2026-06-26 13:14:49 - POST /api/v1/matches/469d1a20-e412-4180-a962-d0b95031e2a5/balls 201
2026-06-26 13:14:49 - GET /api/v1/matches/469d1a20-e412-4180-a962-d0b95031e2a5/scorecard 200
2026-06-26 13:14:49 - GET /api/v1/players/cccdf342-ccca-4eb1-a31c-70eece152c40 200
2026-06-26 13:14:51 - POST /api/v1/auth/login 200
2026-06-26 13:14:51 - POST /api/v1/players/ 201
2026-06-26 13:14:51 - POST /api/v1/players/ 201
2026-06-26 13:14:51 - POST /api/v1/players/ 201
2026-06-26 13:14:51 - POST /api/v1/players/ 201
2026-06-26 13:14:51 - POST /api/v1/players/ 201
2026-06-26 13:14:51 - POST /api/v1/teams/ 201
2026-06-26 13:14:51 - POST /api/v1/teams/ 201
2026-06-26 13:14:51 - POST /api/v1/teams/71e22ecf-0871-452f-b822-f0c7092369cd/players 200
2026-06-26 13:14:51 - POST /api/v1/teams/71e22ecf-0871-452f-b822-f0c7092369cd/players 200
2026-06-26 13:14:51 - POST /api/v1/teams/71e22ecf-0871-452f-b822-f0c7092369cd/players 200
2026-06-26 13:14:51 - POST /api/v1/teams/803cbccf-ef8e-4d94-914c-5c331a0c2786/players 200
2026-06-26 13:14:51 - POST /api/v1/teams/803cbccf-ef8e-4d94-914c-5c331a0c2786/players 200
2026-06-26 13:14:51 - POST /api/v1/matches/ 201
2026-06-26 13:14:51 - POST /api/v1/matches/d1ff2b00-06a0-4b57-837d-14a37e114ec9/toss 200
2026-06-26 13:14:51 - POST /api/v1/matches/d1ff2b00-06a0-4b57-837d-14a37e114ec9/squads 200
2026-06-26 13:14:51 - POST /api/v1/matches/d1ff2b00-06a0-4b57-837d-14a37e114ec9/squads 200
2026-06-26 13:14:51 - POST /api/v1/matches/d1ff2b00-06a0-4b57-837d-14a37e114ec9/balls 201
2026-06-26 13:14:51 - POST /api/v1/matches/d1ff2b00-06a0-4b57-837d-14a37e114ec9/balls 201
2026-06-26 13:14:51 - POST /api/v1/matches/d1ff2b00-06a0-4b57-837d-14a37e114ec9/balls 201
2026-06-26 13:14:51 - POST /api/v1/matches/d1ff2b00-06a0-4b57-837d-14a37e114ec9/balls 201
2026-06-26 13:14:51 - POST /api/v1/matches/d1ff2b00-06a0-4b57-837d-14a37e114ec9/balls 201
2026-06-26 13:14:51 - GET /api/v1/matches/d1ff2b00-06a0-4b57-837d-14a37e114ec9/scorecard 200
2026-06-26 13:14:52 - POST /api/v1/auth/login 200
2026-06-26 13:14:52 - POST /api/v1/players/ 201
2026-06-26 13:14:52 - POST /api/v1/players/ 201
2026-06-26 13:14:52 - POST /api/v1/players/ 201
2026-06-26 13:14:53 - POST /api/v1/players/ 201
2026-06-26 13:14:53 - POST /api/v1/teams/ 201
2026-06-26 13:14:53 - POST /api/v1/teams/ 201
2026-06-26 13:14:53 - POST /api/v1/teams/13e8ea02-12ad-4f57-a3e1-493bab81cb12/players 200
2026-06-26 13:14:53 - POST /api/v1/teams/13e8ea02-12ad-4f57-a3e1-493bab81cb12/players 200
2026-06-26 13:14:53 - POST /api/v1/teams/b476e5a1-95cf-4d09-ae75-499fb827e332/players 200
2026-06-26 13:14:53 - POST /api/v1/teams/b476e5a1-95cf-4d09-ae75-499fb827e332/players 200
2026-06-26 13:14:53 - POST /api/v1/matches/ 201
2026-06-26 13:14:53 - POST /api/v1/matches/4617247b-abec-4030-879d-fb1ee94214c8/toss 200
2026-06-26 13:14:53 - POST /api/v1/matches/4617247b-abec-4030-879d-fb1ee94214c8/squads 200
2026-06-26 13:14:53 - POST /api/v1/matches/4617247b-abec-4030-879d-fb1ee94214c8/squads 200
2026-06-26 13:14:53 - POST /api/v1/matches/4617247b-abec-4030-879d-fb1ee94214c8/balls 201
2026-06-26 13:14:53 - POST /api/v1/matches/4617247b-abec-4030-879d-fb1ee94214c8/balls 201
2026-06-26 13:14:53 - POST /api/v1/matches/4617247b-abec-4030-879d-fb1ee94214c8/balls 201
2026-06-26 13:14:53 - POST /api/v1/matches/4617247b-abec-4030-879d-fb1ee94214c8/balls 201
2026-06-26 13:14:53 - POST /api/v1/matches/4617247b-abec-4030-879d-fb1ee94214c8/balls 201
2026-06-26 13:14:53 - POST /api/v1/matches/4617247b-abec-4030-879d-fb1ee94214c8/balls 201
2026-06-26 13:14:53 - POST /api/v1/matches/4617247b-abec-4030-879d-fb1ee94214c8/balls 201
2026-06-26 13:14:53 - GET /api/v1/matches/4617247b-abec-4030-879d-fb1ee94214c8/scorecard 200
2026-06-26 13:14:55 - POST /api/v1/auth/signup 201
2026-06-26 13:14:55 - POST /api/v1/auth/login 200
2026-06-26 13:14:57 - POST /api/v1/auth/login 200
2026-06-26 13:14:57 - POST /api/v1/players/ 201
2026-06-26 13:14:57 - POST /api/v1/players/ 201
2026-06-26 13:14:57 - POST /api/v1/players/ 201
2026-06-26 13:14:57 - POST /api/v1/players/ 201
2026-06-26 13:14:57 - POST /api/v1/players/ 201
2026-06-26 13:14:57 - POST /api/v1/teams/ 201
2026-06-26 13:14:57 - POST /api/v1/teams/ 201
2026-06-26 13:14:57 - POST /api/v1/teams/1f9ab1ba-1e2a-4835-b209-172d3c475e1f/players 200
2026-06-26 13:14:57 - POST /api/v1/teams/1f9ab1ba-1e2a-4835-b209-172d3c475e1f/players 200
2026-06-26 13:14:57 - POST /api/v1/teams/1f9ab1ba-1e2a-4835-b209-172d3c475e1f/players 200
2026-06-26 13:14:57 - POST /api/v1/teams/eed30968-c6b2-4f9e-9bd1-a421539b0e64/players 200
2026-06-26 13:14:57 - POST /api/v1/teams/eed30968-c6b2-4f9e-9bd1-a421539b0e64/players 200
2026-06-26 13:14:57 - POST /api/v1/matches/ 201
2026-06-26 13:14:57 - POST /api/v1/matches/48818bd8-11df-4165-9e38-318703faa60e/toss 200
2026-06-26 13:14:57 - POST /api/v1/matches/48818bd8-11df-4165-9e38-318703faa60e/squads 200
2026-06-26 13:14:57 - POST /api/v1/matches/48818bd8-11df-4165-9e38-318703faa60e/squads 200
2026-06-26 13:14:57 - POST /api/v1/matches/48818bd8-11df-4165-9e38-318703faa60e/balls 201
2026-06-26 13:14:57 - GET /api/v1/matches/48818bd8-11df-4165-9e38-318703faa60e/live 200
2026-06-26 13:14:57 - POST /api/v1/matches/48818bd8-11df-4165-9e38-318703faa60e/balls 201
2026-06-26 13:14:57 - GET /api/v1/matches/48818bd8-11df-4165-9e38-318703faa60e/live 200
2026-06-26 13:14:57 - POST /api/v1/matches/48818bd8-11df-4165-9e38-318703faa60e/balls 201
2026-06-26 13:14:57 - GET /api/v1/matches/48818bd8-11df-4165-9e38-318703faa60e/live 200
2026-06-26 13:14:57 - POST /api/v1/matches/48818bd8-11df-4165-9e38-318703faa60e/balls 201
2026-06-26 13:14:57 - GET /api/v1/matches/48818bd8-11df-4165-9e38-318703faa60e/live 200
2026-06-26 13:14:57 - POST /api/v1/matches/48818bd8-11df-4165-9e38-318703faa60e/undo 200
2026-06-26 13:14:57 - GET /api/v1/matches/48818bd8-11df-4165-9e38-318703faa60e/live 200
2026-06-26 13:14:57 - GET /api/v1/auth/me 401
2026-06-26 13:14:57 - GET /api/v1/auth/me 401
2026-06-26 13:14:58 - POST /api/v1/auth/login 200
2026-06-26 13:14:58 - POST /api/v1/players/ 201
2026-06-26 13:14:58 - POST /api/v1/players/ 201
2026-06-26 13:14:58 - POST /api/v1/players/ 201
2026-06-26 13:14:59 - POST /api/v1/players/ 201
2026-06-26 13:14:59 - POST /api/v1/players/ 201
2026-06-26 13:14:59 - POST /api/v1/teams/ 201
2026-06-26 13:14:59 - POST /api/v1/teams/ 201
2026-06-26 13:14:59 - POST /api/v1/teams/7681f3e7-20b1-4beb-9c81-610d972baee1/players 200
2026-06-26 13:14:59 - POST /api/v1/teams/7681f3e7-20b1-4beb-9c81-610d972baee1/players 200
2026-06-26 13:14:59 - POST /api/v1/teams/7681f3e7-20b1-4beb-9c81-610d972baee1/players 200
2026-06-26 13:14:59 - POST /api/v1/teams/a5fa773f-8f9b-4cf1-94f6-f26db335570e/players 200
2026-06-26 13:14:59 - POST /api/v1/teams/a5fa773f-8f9b-4cf1-94f6-f26db335570e/players 200
2026-06-26 13:14:59 - POST /api/v1/matches/ 201
2026-06-26 13:14:59 - POST /api/v1/matches/043b1690-c74c-4e09-b7dd-daf6d240ce49/toss 200
2026-06-26 13:14:59 - POST /api/v1/matches/043b1690-c74c-4e09-b7dd-daf6d240ce49/squads 200
2026-06-26 13:14:59 - POST /api/v1/matches/043b1690-c74c-4e09-b7dd-daf6d240ce49/squads 200
2026-06-26 13:14:59 - POST /api/v1/matches/043b1690-c74c-4e09-b7dd-daf6d240ce49/balls 201
2026-06-26 13:14:59 - GET /api/v1/matches/043b1690-c74c-4e09-b7dd-daf6d240ce49/live 200
2026-06-26 13:14:59 - POST /api/v1/matches/043b1690-c74c-4e09-b7dd-daf6d240ce49/balls 201
2026-06-26 13:14:59 - GET /api/v1/matches/043b1690-c74c-4e09-b7dd-daf6d240ce49/live 200
2026-06-26 13:14:59 - POST /api/v1/matches/043b1690-c74c-4e09-b7dd-daf6d240ce49/balls 201
2026-06-26 13:14:59 - GET /api/v1/matches/043b1690-c74c-4e09-b7dd-daf6d240ce49/live 200
2026-06-26 13:14:59 - POST /api/v1/matches/043b1690-c74c-4e09-b7dd-daf6d240ce49/balls 201
2026-06-26 13:14:59 - GET /api/v1/matches/043b1690-c74c-4e09-b7dd-daf6d240ce49/live 200
2026-06-26 13:14:59 - POST /api/v1/matches/043b1690-c74c-4e09-b7dd-daf6d240ce49/balls 201
2026-06-26 13:14:59 - GET /api/v1/matches/043b1690-c74c-4e09-b7dd-daf6d240ce49/live 200
2026-06-26 13:14:59 - POST /api/v1/matches/043b1690-c74c-4e09-b7dd-daf6d240ce49/balls 201
2026-06-26 13:14:59 - GET /api/v1/matches/043b1690-c74c-4e09-b7dd-daf6d240ce49/live 200
2026-06-26 13:14:59 - POST /api/v1/matches/043b1690-c74c-4e09-b7dd-daf6d240ce49/balls 201
2026-06-26 13:14:59 - GET /api/v1/matches/043b1690-c74c-4e09-b7dd-daf6d240ce49/live 200
2026-06-26 13:14:59 - GET /api/v1/matches/043b1690-c74c-4e09-b7dd-daf6d240ce49/scorecard 200
2026-06-26 13:15:01 - POST /api/v1/auth/signup 201
2026-06-26 13:15:04 - POST /api/v1/auth/signup 201
2026-06-26 13:15:06 - POST /api/v1/auth/signup 201
2026-06-26 13:15:07 - POST /api/v1/auth/login 200
2026-06-26 13:15:07 - POST /api/v1/auth/login 200
2026-06-26 13:15:08 - POST /api/v1/auth/login 200
2026-06-26 13:15:08 - POST /api/v1/teams/ 201
2026-06-26 13:15:08 - GET /api/v1/teams/my-teams 200
2026-06-26 13:15:08 - POST /api/v1/teams/19cc3b06-ca04-4347-b709-1ca6557e1628/join-request 200
2026-06-26 13:15:08 - GET /api/v1/teams/my-teams 200
2026-06-26 13:15:08 - POST /api/v1/teams/19cc3b06-ca04-4347-b709-1ca6557e1628/approve-request 403
2026-06-26 13:15:08 - POST /api/v1/teams/19cc3b06-ca04-4347-b709-1ca6557e1628/approve-request 200
2026-06-26 13:15:08 - POST /api/v1/teams/19cc3b06-ca04-4347-b709-1ca6557e1628/members 200
2026-06-26 13:15:08 - POST /api/v1/teams/19cc3b06-ca04-4347-b709-1ca6557e1628/invitations/accept 200
2026-06-26 13:15:08 - GET /api/v1/teams/19cc3b06-ca04-4347-b709-1ca6557e1628/members 200
2026-06-26 13:15:08 - DELETE /api/v1/teams/19cc3b06-ca04-4347-b709-1ca6557e1628/members/7817e723-366e-4283-8957-f1549327b1fe 204
2026-06-26 13:15:08 - GET /api/v1/teams/19cc3b06-ca04-4347-b709-1ca6557e1628/members 200
2026-06-26 13:15:09 - POST /api/v1/auth/login 200
2026-06-26 13:15:09 - POST /api/v1/teams/ 201
2026-06-26 13:15:11 - POST /api/v1/auth/login 200
2026-06-26 13:15:11 - POST /api/v1/teams/63ff10ac-85c8-4108-84c4-bf72215fa937/members 200
2026-06-26 13:15:11 - GET /api/v1/notifications/ 200
2026-06-26 13:15:11 - GET /api/v1/teams/my-invitations 200
2026-06-26 13:15:11 - POST /api/v1/notifications/5e32cae6-9aa0-4258-b233-b580633bd54f/read 200
2026-06-26 13:15:11 - POST /api/v1/teams/63ff10ac-85c8-4108-84c4-bf72215fa937/invitations/accept 200
2026-06-26 13:15:11 - GET /api/v1/notifications/ 200
2026-06-26 13:15:12 - POST /api/v1/auth/login 200
2026-06-26 13:15:12 - POST /api/v1/teams/ 201
2026-06-26 13:15:13 - POST /api/v1/auth/login 200
2026-06-26 13:15:13 - POST /api/v1/teams/253d78f7-c4e0-43ee-9c28-8dbab03636c9/members 200
2026-06-26 13:15:13 - POST /api/v1/teams/253d78f7-c4e0-43ee-9c28-8dbab03636c9/invitations/reject 204
2026-06-26 13:15:13 - GET /api/v1/notifications/ 200
2026-06-26 13:15:14 - POST /api/v1/auth/login 200
2026-06-26 13:15:14 - POST /api/v1/teams/ 201
2026-06-26 13:15:15 - POST /api/v1/auth/login 200
2026-06-26 13:15:15 - POST /api/v1/teams/62ebb33d-a891-41d1-be22-1f1f2b68513c/join-request 200
2026-06-26 13:15:15 - POST /api/v1/teams/62ebb33d-a891-41d1-be22-1f1f2b68513c/reject-request 204
2026-06-26 13:15:15 - GET /api/v1/notifications/ 200
2026-06-26 13:15:17 - POST /api/v1/auth/login 200
2026-06-26 13:15:17 - POST /api/v1/teams/ 201
2026-06-26 13:15:18 - POST /api/v1/auth/login 200
2026-06-26 13:15:18 - PUT /api/v1/teams/66686e6e-93c2-4e57-980f-2bb086265500 403
2026-06-26 13:15:18 - DELETE /api/v1/teams/66686e6e-93c2-4e57-980f-2bb086265500 403
2026-06-26 13:15:18 - PUT /api/v1/teams/66686e6e-93c2-4e57-980f-2bb086265500 200
2026-06-26 13:15:18 - DELETE /api/v1/teams/66686e6e-93c2-4e57-980f-2bb086265500 204
2026-06-26 13:15:18 - GET /api/v1/teams/66686e6e-93c2-4e57-980f-2bb086265500 404
2026-06-26 13:15:19 - POST /api/v1/auth/login 200
2026-06-26 13:15:19 - GET /api/v1/notifications/ 200
2026-06-26 13:15:19 - POST /api/v1/notifications/read-all 204
2026-06-26 13:15:19 - GET /api/v1/notifications/ 200
2026-06-26 13:15:20 - POST /api/v1/auth/login 200
2026-06-26 13:15:20 - POST /api/v1/tournaments/ 201
2026-06-26 13:15:20 - POST /api/v1/players/ 201
2026-06-26 13:15:20 - POST /api/v1/players/ 201
2026-06-26 13:15:20 - POST /api/v1/players/ 201
2026-06-26 13:15:21 - POST /api/v1/players/ 201
2026-06-26 13:15:21 - POST /api/v1/teams/ 201
2026-06-26 13:15:21 - POST /api/v1/teams/1428ec3a-2a48-4462-a3a6-a455a430a425/players 200
2026-06-26 13:15:21 - POST /api/v1/teams/1428ec3a-2a48-4462-a3a6-a455a430a425/players 200
2026-06-26 13:15:21 - POST /api/v1/teams/1428ec3a-2a48-4462-a3a6-a455a430a425/players 200
2026-06-26 13:15:21 - POST /api/v1/teams/1428ec3a-2a48-4462-a3a6-a455a430a425/players 200
2026-06-26 13:15:21 - POST /api/v1/tournaments/315d62b4-0958-4f7a-a192-ce9f9162946c/teams 400
2026-06-26 13:15:21 - POST /api/v1/players/ 201
2026-06-26 13:15:21 - POST /api/v1/teams/1428ec3a-2a48-4462-a3a6-a455a430a425/players 200
2026-06-26 13:15:21 - POST /api/v1/tournaments/315d62b4-0958-4f7a-a192-ce9f9162946c/teams 200
2026-06-26 13:15:21 - DELETE /api/v1/tournaments/315d62b4-0958-4f7a-a192-ce9f9162946c/teams/1428ec3a-2a48-4462-a3a6-a455a430a425 200
2026-06-26 13:15:22 - POST /api/v1/auth/login 200
2026-06-26 13:15:22 - POST /api/v1/teams/ 201
2026-06-26 13:15:22 - POST /api/v1/players/ 201
2026-06-26 13:15:22 - POST /api/v1/teams/a23966ad-2250-41bb-96d5-4c39a6f615b4/players 200
2026-06-26 13:15:22 - POST /api/v1/players/ 201
2026-06-26 13:15:22 - POST /api/v1/teams/a23966ad-2250-41bb-96d5-4c39a6f615b4/players 200
2026-06-26 13:15:22 - POST /api/v1/players/ 201
2026-06-26 13:15:22 - POST /api/v1/teams/a23966ad-2250-41bb-96d5-4c39a6f615b4/players 200
2026-06-26 13:15:22 - POST /api/v1/players/ 201
2026-06-26 13:15:22 - POST /api/v1/teams/a23966ad-2250-41bb-96d5-4c39a6f615b4/players 200
2026-06-26 13:15:22 - POST /api/v1/players/ 201
2026-06-26 13:15:22 - POST /api/v1/teams/a23966ad-2250-41bb-96d5-4c39a6f615b4/players 200
2026-06-26 13:15:22 - POST /api/v1/teams/ 201
2026-06-26 13:15:22 - POST /api/v1/players/ 201
2026-06-26 13:15:22 - POST /api/v1/teams/c35a12a0-94f3-4e37-bce2-186a82c5ad37/players 200
2026-06-26 13:15:22 - POST /api/v1/players/ 201
2026-06-26 13:15:22 - POST /api/v1/teams/c35a12a0-94f3-4e37-bce2-186a82c5ad37/players 200
2026-06-26 13:15:22 - POST /api/v1/players/ 201
2026-06-26 13:15:22 - POST /api/v1/teams/c35a12a0-94f3-4e37-bce2-186a82c5ad37/players 200
2026-06-26 13:15:22 - POST /api/v1/players/ 201
2026-06-26 13:15:22 - POST /api/v1/teams/c35a12a0-94f3-4e37-bce2-186a82c5ad37/players 200
2026-06-26 13:15:22 - POST /api/v1/players/ 201
2026-06-26 13:15:22 - POST /api/v1/teams/c35a12a0-94f3-4e37-bce2-186a82c5ad37/players 200
2026-06-26 13:15:22 - POST /api/v1/tournaments/ 201
2026-06-26 13:15:22 - POST /api/v1/tournaments/1e41a945-ee52-400f-93e5-30a03689d453/teams 200
2026-06-26 13:15:22 - POST /api/v1/tournaments/1e41a945-ee52-400f-93e5-30a03689d453/teams 200
2026-06-26 13:15:22 - POST /api/v1/tournaments/1e41a945-ee52-400f-93e5-30a03689d453/fixtures/generate 201
2026-06-26 13:15:22 - GET /api/v1/tournaments/1e41a945-ee52-400f-93e5-30a03689d453/dashboard 200
2026-06-26 13:15:22 - POST /api/v1/matches/1c1dc51b-76a9-49b3-990f-331eed740da9/toss 200
2026-06-26 13:15:22 - GET /api/v1/teams/a23966ad-2250-41bb-96d5-4c39a6f615b4 200
2026-06-26 13:15:22 - GET /api/v1/teams/c35a12a0-94f3-4e37-bce2-186a82c5ad37 200
2026-06-26 13:15:22 - POST /api/v1/matches/1c1dc51b-76a9-49b3-990f-331eed740da9/squads 200
2026-06-26 13:15:22 - POST /api/v1/matches/1c1dc51b-76a9-49b3-990f-331eed740da9/squads 200
2026-06-26 13:15:22 - POST /api/v1/matches/1c1dc51b-76a9-49b3-990f-331eed740da9/balls 201
2026-06-26 13:15:22 - POST /api/v1/matches/1c1dc51b-76a9-49b3-990f-331eed740da9/balls 201
2026-06-26 13:15:22 - POST /api/v1/matches/1c1dc51b-76a9-49b3-990f-331eed740da9/balls 201
2026-06-26 13:15:22 - POST /api/v1/matches/1c1dc51b-76a9-49b3-990f-331eed740da9/balls 201
2026-06-26 13:15:22 - POST /api/v1/matches/1c1dc51b-76a9-49b3-990f-331eed740da9/balls 201
2026-06-26 13:15:22 - POST /api/v1/matches/1c1dc51b-76a9-49b3-990f-331eed740da9/balls 201
2026-06-26 13:15:22 - POST /api/v1/matches/1c1dc51b-76a9-49b3-990f-331eed740da9/balls 201
2026-06-26 13:15:23 - POST /api/v1/matches/1c1dc51b-76a9-49b3-990f-331eed740da9/balls 201
2026-06-26 13:15:23 - POST /api/v1/matches/1c1dc51b-76a9-49b3-990f-331eed740da9/balls 201
2026-06-26 13:15:23 - GET /api/v1/tournaments/1e41a945-ee52-400f-93e5-30a03689d453/points-table 200
2026-06-26 13:15:23 - GET /api/v1/tournaments/1e41a945-ee52-400f-93e5-30a03689d453/leaderboards 200
2026-06-26 13:15:24 - POST /api/v1/auth/login 200
2026-06-26 13:15:24 - POST /api/v1/teams/ 201
2026-06-26 13:15:24 - POST /api/v1/players/ 201
2026-06-26 13:15:24 - POST /api/v1/teams/03f21c9b-5f05-4aa5-9f34-9bf62a46609e/players 200
2026-06-26 13:15:24 - POST /api/v1/players/ 201
2026-06-26 13:15:24 - POST /api/v1/teams/03f21c9b-5f05-4aa5-9f34-9bf62a46609e/players 200
2026-06-26 13:15:24 - POST /api/v1/players/ 201
2026-06-26 13:15:24 - POST /api/v1/teams/03f21c9b-5f05-4aa5-9f34-9bf62a46609e/players 200
2026-06-26 13:15:24 - POST /api/v1/players/ 201
2026-06-26 13:15:24 - POST /api/v1/teams/03f21c9b-5f05-4aa5-9f34-9bf62a46609e/players 200
2026-06-26 13:15:24 - POST /api/v1/players/ 201
2026-06-26 13:15:24 - POST /api/v1/teams/03f21c9b-5f05-4aa5-9f34-9bf62a46609e/players 200
2026-06-26 13:15:24 - POST /api/v1/teams/ 201
2026-06-26 13:15:24 - POST /api/v1/players/ 201
2026-06-26 13:15:24 - POST /api/v1/teams/d5eac85d-ff58-4a2a-b448-9cf057fc0576/players 200
2026-06-26 13:15:24 - POST /api/v1/players/ 201
2026-06-26 13:15:24 - POST /api/v1/teams/d5eac85d-ff58-4a2a-b448-9cf057fc0576/players 200
2026-06-26 13:15:24 - POST /api/v1/players/ 201
2026-06-26 13:15:24 - POST /api/v1/teams/d5eac85d-ff58-4a2a-b448-9cf057fc0576/players 200
2026-06-26 13:15:24 - POST /api/v1/players/ 201
2026-06-26 13:15:24 - POST /api/v1/teams/d5eac85d-ff58-4a2a-b448-9cf057fc0576/players 200
2026-06-26 13:15:24 - POST /api/v1/players/ 201
2026-06-26 13:15:24 - POST /api/v1/teams/d5eac85d-ff58-4a2a-b448-9cf057fc0576/players 200
2026-06-26 13:15:24 - POST /api/v1/teams/ 201
2026-06-26 13:15:24 - POST /api/v1/players/ 201
2026-06-26 13:15:24 - POST /api/v1/teams/a6a757f3-dead-4ac6-a938-d655b6e12f02/players 200
2026-06-26 13:15:24 - POST /api/v1/players/ 201
2026-06-26 13:15:24 - POST /api/v1/teams/a6a757f3-dead-4ac6-a938-d655b6e12f02/players 200
2026-06-26 13:15:24 - POST /api/v1/players/ 201
2026-06-26 13:15:24 - POST /api/v1/teams/a6a757f3-dead-4ac6-a938-d655b6e12f02/players 200
2026-06-26 13:15:24 - POST /api/v1/players/ 201
2026-06-26 13:15:24 - POST /api/v1/teams/a6a757f3-dead-4ac6-a938-d655b6e12f02/players 200
2026-06-26 13:15:24 - POST /api/v1/players/ 201
2026-06-26 13:15:24 - POST /api/v1/teams/a6a757f3-dead-4ac6-a938-d655b6e12f02/players 200
2026-06-26 13:15:24 - POST /api/v1/teams/ 201
2026-06-26 13:15:24 - POST /api/v1/players/ 201
2026-06-26 13:15:24 - POST /api/v1/teams/02e185a2-e186-46de-b357-e984f04cfcbe/players 200
2026-06-26 13:15:24 - POST /api/v1/players/ 201
2026-06-26 13:15:24 - POST /api/v1/teams/02e185a2-e186-46de-b357-e984f04cfcbe/players 200
2026-06-26 13:15:24 - POST /api/v1/players/ 201
2026-06-26 13:15:24 - POST /api/v1/teams/02e185a2-e186-46de-b357-e984f04cfcbe/players 200
2026-06-26 13:15:24 - POST /api/v1/players/ 201
2026-06-26 13:15:24 - POST /api/v1/teams/02e185a2-e186-46de-b357-e984f04cfcbe/players 200
2026-06-26 13:15:24 - POST /api/v1/players/ 201
2026-06-26 13:15:25 - POST /api/v1/teams/02e185a2-e186-46de-b357-e984f04cfcbe/players 200
2026-06-26 13:15:25 - POST /api/v1/tournaments/ 201
2026-06-26 13:15:25 - POST /api/v1/tournaments/0b9baf83-f29c-43fd-937b-7149b30464c2/teams 200
2026-06-26 13:15:25 - POST /api/v1/tournaments/0b9baf83-f29c-43fd-937b-7149b30464c2/teams 200
2026-06-26 13:15:25 - POST /api/v1/tournaments/0b9baf83-f29c-43fd-937b-7149b30464c2/teams 200
2026-06-26 13:15:25 - POST /api/v1/tournaments/0b9baf83-f29c-43fd-937b-7149b30464c2/teams 200
2026-06-26 13:15:25 - POST /api/v1/tournaments/0b9baf83-f29c-43fd-937b-7149b30464c2/fixtures/generate 201
2026-06-26 13:15:25 - GET /api/v1/tournaments/0b9baf83-f29c-43fd-937b-7149b30464c2/dashboard 200
2026-06-26 13:15:25 - GET /api/v1/tournaments/0b9baf83-f29c-43fd-937b-7149b30464c2/dashboard 200
2026-06-26 13:15:25 - POST /api/v1/matches/ce37ce35-efa7-4e7a-97bd-e3325ab913b2/toss 200
2026-06-26 13:15:25 - GET /api/v1/teams/03f21c9b-5f05-4aa5-9f34-9bf62a46609e 200
2026-06-26 13:15:25 - GET /api/v1/teams/02e185a2-e186-46de-b357-e984f04cfcbe 200
2026-06-26 13:15:25 - POST /api/v1/matches/ce37ce35-efa7-4e7a-97bd-e3325ab913b2/squads 200
2026-06-26 13:15:25 - POST /api/v1/matches/ce37ce35-efa7-4e7a-97bd-e3325ab913b2/squads 200
2026-06-26 13:15:25 - POST /api/v1/matches/ce37ce35-efa7-4e7a-97bd-e3325ab913b2/balls 201
2026-06-26 13:15:25 - POST /api/v1/matches/ce37ce35-efa7-4e7a-97bd-e3325ab913b2/balls 201
2026-06-26 13:15:25 - POST /api/v1/matches/ce37ce35-efa7-4e7a-97bd-e3325ab913b2/balls 201
2026-06-26 13:15:25 - POST /api/v1/matches/ce37ce35-efa7-4e7a-97bd-e3325ab913b2/balls 201
2026-06-26 13:15:25 - POST /api/v1/matches/ce37ce35-efa7-4e7a-97bd-e3325ab913b2/balls 201
2026-06-26 13:15:25 - POST /api/v1/matches/ce37ce35-efa7-4e7a-97bd-e3325ab913b2/balls 201
2026-06-26 13:15:25 - POST /api/v1/matches/ce37ce35-efa7-4e7a-97bd-e3325ab913b2/balls 201
2026-06-26 13:15:25 - POST /api/v1/matches/ce37ce35-efa7-4e7a-97bd-e3325ab913b2/balls 201
2026-06-26 13:15:25 - POST /api/v1/matches/ce37ce35-efa7-4e7a-97bd-e3325ab913b2/balls 201
2026-06-26 13:15:25 - POST /api/v1/matches/ce37ce35-efa7-4e7a-97bd-e3325ab913b2/balls 201
2026-06-26 13:15:25 - POST /api/v1/matches/ce37ce35-efa7-4e7a-97bd-e3325ab913b2/balls 201
2026-06-26 13:15:25 - POST /api/v1/matches/ce37ce35-efa7-4e7a-97bd-e3325ab913b2/balls 201
2026-06-26 13:15:25 - POST /api/v1/matches/2879cb7a-070d-4e8a-8e6a-4b439549581d/toss 200
2026-06-26 13:15:25 - GET /api/v1/teams/a6a757f3-dead-4ac6-a938-d655b6e12f02 200
2026-06-26 13:15:25 - GET /api/v1/teams/02e185a2-e186-46de-b357-e984f04cfcbe 200
2026-06-26 13:15:25 - POST /api/v1/matches/2879cb7a-070d-4e8a-8e6a-4b439549581d/squads 200
2026-06-26 13:15:25 - POST /api/v1/matches/2879cb7a-070d-4e8a-8e6a-4b439549581d/squads 200
2026-06-26 13:15:25 - POST /api/v1/matches/2879cb7a-070d-4e8a-8e6a-4b439549581d/balls 201
2026-06-26 13:15:25 - POST /api/v1/matches/2879cb7a-070d-4e8a-8e6a-4b439549581d/balls 201
2026-06-26 13:15:25 - POST /api/v1/matches/2879cb7a-070d-4e8a-8e6a-4b439549581d/balls 201
2026-06-26 13:15:25 - POST /api/v1/matches/2879cb7a-070d-4e8a-8e6a-4b439549581d/balls 201
2026-06-26 13:15:25 - POST /api/v1/matches/2879cb7a-070d-4e8a-8e6a-4b439549581d/balls 201
2026-06-26 13:15:25 - POST /api/v1/matches/2879cb7a-070d-4e8a-8e6a-4b439549581d/balls 201
2026-06-26 13:15:25 - POST /api/v1/matches/2879cb7a-070d-4e8a-8e6a-4b439549581d/balls 201
2026-06-26 13:15:25 - POST /api/v1/matches/2879cb7a-070d-4e8a-8e6a-4b439549581d/balls 201
2026-06-26 13:15:25 - POST /api/v1/matches/2879cb7a-070d-4e8a-8e6a-4b439549581d/balls 201
2026-06-26 13:15:26 - POST /api/v1/matches/2879cb7a-070d-4e8a-8e6a-4b439549581d/balls 201
2026-06-26 13:15:26 - POST /api/v1/matches/2879cb7a-070d-4e8a-8e6a-4b439549581d/balls 201
2026-06-26 13:15:26 - POST /api/v1/matches/2879cb7a-070d-4e8a-8e6a-4b439549581d/balls 201
2026-06-26 13:15:26 - POST /api/v1/matches/1890a88d-fbc8-4aa3-95f3-f9b3936b8033/toss 200
2026-06-26 13:15:26 - GET /api/v1/teams/d5eac85d-ff58-4a2a-b448-9cf057fc0576 200
2026-06-26 13:15:26 - GET /api/v1/teams/02e185a2-e186-46de-b357-e984f04cfcbe 200
2026-06-26 13:15:26 - POST /api/v1/matches/1890a88d-fbc8-4aa3-95f3-f9b3936b8033/squads 200
2026-06-26 13:15:26 - POST /api/v1/matches/1890a88d-fbc8-4aa3-95f3-f9b3936b8033/squads 200
2026-06-26 13:15:26 - POST /api/v1/matches/1890a88d-fbc8-4aa3-95f3-f9b3936b8033/balls 201
2026-06-26 13:15:26 - POST /api/v1/matches/1890a88d-fbc8-4aa3-95f3-f9b3936b8033/balls 201
2026-06-26 13:15:26 - POST /api/v1/matches/1890a88d-fbc8-4aa3-95f3-f9b3936b8033/balls 201
2026-06-26 13:15:26 - POST /api/v1/matches/1890a88d-fbc8-4aa3-95f3-f9b3936b8033/balls 201
2026-06-26 13:15:26 - POST /api/v1/matches/1890a88d-fbc8-4aa3-95f3-f9b3936b8033/balls 201
2026-06-26 13:15:26 - POST /api/v1/matches/1890a88d-fbc8-4aa3-95f3-f9b3936b8033/balls 201
2026-06-26 13:15:26 - POST /api/v1/matches/1890a88d-fbc8-4aa3-95f3-f9b3936b8033/balls 201
2026-06-26 13:15:26 - POST /api/v1/matches/1890a88d-fbc8-4aa3-95f3-f9b3936b8033/balls 201
2026-06-26 13:15:26 - POST /api/v1/matches/1890a88d-fbc8-4aa3-95f3-f9b3936b8033/balls 201
2026-06-26 13:15:26 - POST /api/v1/matches/1890a88d-fbc8-4aa3-95f3-f9b3936b8033/balls 201
2026-06-26 13:15:26 - POST /api/v1/matches/1890a88d-fbc8-4aa3-95f3-f9b3936b8033/balls 201
2026-06-26 13:15:26 - POST /api/v1/matches/1890a88d-fbc8-4aa3-95f3-f9b3936b8033/balls 201
2026-06-26 13:15:26 - POST /api/v1/matches/85c2b9b9-5065-4bcf-b58f-2996c5904954/toss 200
2026-06-26 13:15:26 - GET /api/v1/teams/03f21c9b-5f05-4aa5-9f34-9bf62a46609e 200
2026-06-26 13:15:26 - GET /api/v1/teams/a6a757f3-dead-4ac6-a938-d655b6e12f02 200
2026-06-26 13:15:26 - POST /api/v1/matches/85c2b9b9-5065-4bcf-b58f-2996c5904954/squads 200
2026-06-26 13:15:26 - POST /api/v1/matches/85c2b9b9-5065-4bcf-b58f-2996c5904954/squads 200
2026-06-26 13:15:26 - POST /api/v1/matches/85c2b9b9-5065-4bcf-b58f-2996c5904954/balls 201
2026-06-26 13:15:26 - POST /api/v1/matches/85c2b9b9-5065-4bcf-b58f-2996c5904954/balls 201
2026-06-26 13:15:26 - POST /api/v1/matches/85c2b9b9-5065-4bcf-b58f-2996c5904954/balls 201
2026-06-26 13:15:26 - POST /api/v1/matches/85c2b9b9-5065-4bcf-b58f-2996c5904954/balls 201
2026-06-26 13:15:26 - POST /api/v1/matches/85c2b9b9-5065-4bcf-b58f-2996c5904954/balls 201
2026-06-26 13:15:26 - POST /api/v1/matches/85c2b9b9-5065-4bcf-b58f-2996c5904954/balls 201
2026-06-26 13:15:26 - POST /api/v1/matches/85c2b9b9-5065-4bcf-b58f-2996c5904954/balls 201
2026-06-26 13:15:26 - POST /api/v1/matches/85c2b9b9-5065-4bcf-b58f-2996c5904954/balls 201
2026-06-26 13:15:26 - POST /api/v1/matches/85c2b9b9-5065-4bcf-b58f-2996c5904954/balls 201
2026-06-26 13:15:26 - POST /api/v1/matches/85c2b9b9-5065-4bcf-b58f-2996c5904954/balls 201
2026-06-26 13:15:26 - POST /api/v1/matches/85c2b9b9-5065-4bcf-b58f-2996c5904954/balls 201
2026-06-26 13:15:26 - POST /api/v1/matches/85c2b9b9-5065-4bcf-b58f-2996c5904954/balls 201
2026-06-26 13:15:26 - POST /api/v1/matches/f58c3c53-5a99-455e-8b78-75e1488319d3/toss 200
2026-06-26 13:15:26 - GET /api/v1/teams/03f21c9b-5f05-4aa5-9f34-9bf62a46609e 200
2026-06-26 13:15:26 - GET /api/v1/teams/d5eac85d-ff58-4a2a-b448-9cf057fc0576 200
2026-06-26 13:15:26 - POST /api/v1/matches/f58c3c53-5a99-455e-8b78-75e1488319d3/squads 200
2026-06-26 13:15:27 - POST /api/v1/matches/f58c3c53-5a99-455e-8b78-75e1488319d3/squads 200
2026-06-26 13:15:27 - POST /api/v1/matches/f58c3c53-5a99-455e-8b78-75e1488319d3/balls 201
2026-06-26 13:15:27 - POST /api/v1/matches/f58c3c53-5a99-455e-8b78-75e1488319d3/balls 201
2026-06-26 13:15:27 - POST /api/v1/matches/f58c3c53-5a99-455e-8b78-75e1488319d3/balls 201
2026-06-26 13:15:27 - POST /api/v1/matches/f58c3c53-5a99-455e-8b78-75e1488319d3/balls 201
2026-06-26 13:15:27 - POST /api/v1/matches/f58c3c53-5a99-455e-8b78-75e1488319d3/balls 201
2026-06-26 13:15:27 - POST /api/v1/matches/f58c3c53-5a99-455e-8b78-75e1488319d3/balls 201
2026-06-26 13:15:27 - POST /api/v1/matches/f58c3c53-5a99-455e-8b78-75e1488319d3/balls 201
2026-06-26 13:15:27 - POST /api/v1/matches/f58c3c53-5a99-455e-8b78-75e1488319d3/balls 201
2026-06-26 13:15:27 - POST /api/v1/matches/f58c3c53-5a99-455e-8b78-75e1488319d3/balls 201
2026-06-26 13:15:27 - POST /api/v1/matches/f58c3c53-5a99-455e-8b78-75e1488319d3/balls 201
2026-06-26 13:15:27 - POST /api/v1/matches/f58c3c53-5a99-455e-8b78-75e1488319d3/balls 201
2026-06-26 13:15:27 - POST /api/v1/matches/f58c3c53-5a99-455e-8b78-75e1488319d3/balls 201
2026-06-26 13:15:27 - POST /api/v1/matches/aa84f358-6c11-48a4-a771-0f0de9ce0805/toss 200
2026-06-26 13:15:27 - GET /api/v1/teams/d5eac85d-ff58-4a2a-b448-9cf057fc0576 200
2026-06-26 13:15:27 - GET /api/v1/teams/a6a757f3-dead-4ac6-a938-d655b6e12f02 200
2026-06-26 13:15:27 - POST /api/v1/matches/aa84f358-6c11-48a4-a771-0f0de9ce0805/squads 200
2026-06-26 13:15:27 - POST /api/v1/matches/aa84f358-6c11-48a4-a771-0f0de9ce0805/squads 200
2026-06-26 13:15:27 - POST /api/v1/matches/aa84f358-6c11-48a4-a771-0f0de9ce0805/balls 201
2026-06-26 13:15:27 - POST /api/v1/matches/aa84f358-6c11-48a4-a771-0f0de9ce0805/balls 201
2026-06-26 13:15:27 - POST /api/v1/matches/aa84f358-6c11-48a4-a771-0f0de9ce0805/balls 201
2026-06-26 13:15:27 - POST /api/v1/matches/aa84f358-6c11-48a4-a771-0f0de9ce0805/balls 201
2026-06-26 13:15:27 - POST /api/v1/matches/aa84f358-6c11-48a4-a771-0f0de9ce0805/balls 201
2026-06-26 13:15:27 - POST /api/v1/matches/aa84f358-6c11-48a4-a771-0f0de9ce0805/balls 201
2026-06-26 13:15:27 - POST /api/v1/matches/aa84f358-6c11-48a4-a771-0f0de9ce0805/balls 201
2026-06-26 13:15:27 - POST /api/v1/matches/aa84f358-6c11-48a4-a771-0f0de9ce0805/balls 201
2026-06-26 13:15:27 - POST /api/v1/matches/aa84f358-6c11-48a4-a771-0f0de9ce0805/balls 201
2026-06-26 13:15:27 - POST /api/v1/matches/aa84f358-6c11-48a4-a771-0f0de9ce0805/balls 201
2026-06-26 13:15:27 - POST /api/v1/matches/aa84f358-6c11-48a4-a771-0f0de9ce0805/balls 201
2026-06-26 13:15:27 - POST /api/v1/matches/aa84f358-6c11-48a4-a771-0f0de9ce0805/balls 201
2026-06-26 13:15:27 - GET /api/v1/tournaments/0b9baf83-f29c-43fd-937b-7149b30464c2/dashboard 200
2026-06-26 13:15:27 - POST /api/v1/matches/4382eadf-4adb-477a-8afe-24aecbb3383f/toss 200
2026-06-26 13:15:27 - GET /api/v1/teams/03f21c9b-5f05-4aa5-9f34-9bf62a46609e 200
2026-06-26 13:15:27 - GET /api/v1/teams/02e185a2-e186-46de-b357-e984f04cfcbe 200
2026-06-26 13:15:27 - POST /api/v1/matches/4382eadf-4adb-477a-8afe-24aecbb3383f/squads 200
2026-06-26 13:15:27 - POST /api/v1/matches/4382eadf-4adb-477a-8afe-24aecbb3383f/squads 200
2026-06-26 13:15:27 - POST /api/v1/matches/4382eadf-4adb-477a-8afe-24aecbb3383f/balls 201
2026-06-26 13:15:27 - POST /api/v1/matches/4382eadf-4adb-477a-8afe-24aecbb3383f/balls 201
2026-06-26 13:15:27 - POST /api/v1/matches/4382eadf-4adb-477a-8afe-24aecbb3383f/balls 201
2026-06-26 13:15:28 - POST /api/v1/matches/4382eadf-4adb-477a-8afe-24aecbb3383f/balls 201
2026-06-26 13:15:28 - POST /api/v1/matches/4382eadf-4adb-477a-8afe-24aecbb3383f/balls 201
2026-06-26 13:15:28 - POST /api/v1/matches/4382eadf-4adb-477a-8afe-24aecbb3383f/balls 201
2026-06-26 13:15:28 - POST /api/v1/matches/4382eadf-4adb-477a-8afe-24aecbb3383f/balls 201
2026-06-26 13:15:28 - POST /api/v1/matches/4382eadf-4adb-477a-8afe-24aecbb3383f/balls 201
2026-06-26 13:15:28 - POST /api/v1/matches/4382eadf-4adb-477a-8afe-24aecbb3383f/balls 201
2026-06-26 13:15:28 - POST /api/v1/matches/4382eadf-4adb-477a-8afe-24aecbb3383f/balls 201
2026-06-26 13:15:28 - POST /api/v1/matches/4382eadf-4adb-477a-8afe-24aecbb3383f/balls 201
2026-06-26 13:15:28 - POST /api/v1/matches/4382eadf-4adb-477a-8afe-24aecbb3383f/balls 201
2026-06-26 13:15:28 - POST /api/v1/matches/39b86625-45b1-4883-884a-32e1b3677100/toss 200
2026-06-26 13:15:28 - GET /api/v1/teams/d5eac85d-ff58-4a2a-b448-9cf057fc0576 200
2026-06-26 13:15:28 - GET /api/v1/teams/a6a757f3-dead-4ac6-a938-d655b6e12f02 200
2026-06-26 13:15:28 - POST /api/v1/matches/39b86625-45b1-4883-884a-32e1b3677100/squads 200
2026-06-26 13:15:28 - POST /api/v1/matches/39b86625-45b1-4883-884a-32e1b3677100/squads 200
2026-06-26 13:15:28 - POST /api/v1/matches/39b86625-45b1-4883-884a-32e1b3677100/balls 201
2026-06-26 13:15:28 - POST /api/v1/matches/39b86625-45b1-4883-884a-32e1b3677100/balls 201
2026-06-26 13:15:28 - POST /api/v1/matches/39b86625-45b1-4883-884a-32e1b3677100/balls 201
2026-06-26 13:15:28 - POST /api/v1/matches/39b86625-45b1-4883-884a-32e1b3677100/balls 201
2026-06-26 13:15:28 - POST /api/v1/matches/39b86625-45b1-4883-884a-32e1b3677100/balls 201
2026-06-26 13:15:28 - POST /api/v1/matches/39b86625-45b1-4883-884a-32e1b3677100/balls 201
2026-06-26 13:15:28 - POST /api/v1/matches/39b86625-45b1-4883-884a-32e1b3677100/balls 201
2026-06-26 13:15:28 - POST /api/v1/matches/39b86625-45b1-4883-884a-32e1b3677100/balls 201
2026-06-26 13:15:28 - POST /api/v1/matches/39b86625-45b1-4883-884a-32e1b3677100/balls 201
2026-06-26 13:15:28 - POST /api/v1/matches/39b86625-45b1-4883-884a-32e1b3677100/balls 201
2026-06-26 13:15:28 - POST /api/v1/matches/39b86625-45b1-4883-884a-32e1b3677100/balls 201
2026-06-26 13:15:28 - POST /api/v1/matches/39b86625-45b1-4883-884a-32e1b3677100/balls 201
2026-06-26 13:15:28 - GET /api/v1/tournaments/0b9baf83-f29c-43fd-937b-7149b30464c2/dashboard 200
2026-06-26 13:15:28 - POST /api/v1/matches/d742bc00-13c4-4062-bb94-e8619e9806e7/toss 200
2026-06-26 13:15:28 - GET /api/v1/teams/03f21c9b-5f05-4aa5-9f34-9bf62a46609e 200
2026-06-26 13:15:28 - GET /api/v1/teams/d5eac85d-ff58-4a2a-b448-9cf057fc0576 200
2026-06-26 13:15:28 - POST /api/v1/matches/d742bc00-13c4-4062-bb94-e8619e9806e7/squads 200
2026-06-26 13:15:28 - POST /api/v1/matches/d742bc00-13c4-4062-bb94-e8619e9806e7/squads 200
2026-06-26 13:15:28 - POST /api/v1/matches/d742bc00-13c4-4062-bb94-e8619e9806e7/balls 201
2026-06-26 13:15:28 - POST /api/v1/matches/d742bc00-13c4-4062-bb94-e8619e9806e7/balls 201
2026-06-26 13:15:28 - POST /api/v1/matches/d742bc00-13c4-4062-bb94-e8619e9806e7/balls 201
2026-06-26 13:15:28 - POST /api/v1/matches/d742bc00-13c4-4062-bb94-e8619e9806e7/balls 201
2026-06-26 13:15:28 - POST /api/v1/matches/d742bc00-13c4-4062-bb94-e8619e9806e7/balls 201
2026-06-26 13:15:29 - POST /api/v1/matches/d742bc00-13c4-4062-bb94-e8619e9806e7/balls 201
2026-06-26 13:15:29 - POST /api/v1/matches/d742bc00-13c4-4062-bb94-e8619e9806e7/balls 201
2026-06-26 13:15:29 - POST /api/v1/matches/d742bc00-13c4-4062-bb94-e8619e9806e7/balls 201
2026-06-26 13:15:29 - POST /api/v1/matches/d742bc00-13c4-4062-bb94-e8619e9806e7/balls 201
2026-06-26 13:15:29 - POST /api/v1/matches/d742bc00-13c4-4062-bb94-e8619e9806e7/balls 201
2026-06-26 13:15:29 - POST /api/v1/matches/d742bc00-13c4-4062-bb94-e8619e9806e7/balls 201
2026-06-26 13:15:29 - POST /api/v1/matches/d742bc00-13c4-4062-bb94-e8619e9806e7/balls 201
2026-06-26 13:15:29 - GET /api/v1/tournaments/0b9baf83-f29c-43fd-937b-7149b30464c2/dashboard 200
2026-06-27 12:36:27 - POST /api/v1/auth/login 200
2026-06-27 12:36:27 - GET /api/v1/admin/analytics 200
2026-06-27 12:36:27 - GET /api/v1/admin/team-members 200
2026-06-27 12:36:27 - GET /api/v1/admin/team-members 200
2026-06-27 12:36:27 - GET /api/v1/admin/team-members 200
2026-06-27 12:36:27 - DELETE /api/v1/admin/team-members/e3ed30cb-49d0-49f7-aceb-f856a44e3ead 204
2026-06-27 12:36:28 - POST /api/v1/auth/login 200
2026-06-27 12:36:28 - POST /api/v1/admin/tournaments/bulk-delete 204
2026-06-27 12:36:28 - POST /api/v1/admin/matches/bulk-delete 204
2026-06-27 12:36:28 - POST /api/v1/admin/teams/bulk-delete 204
2026-06-27 12:36:28 - POST /api/v1/admin/users/bulk-delete 204
2026-06-27 12:36:35 - POST /api/v1/auth/signup 422
2026-06-27 12:36:35 - POST /api/v1/auth/signup 422
2026-06-27 12:36:35 - POST /api/v1/auth/signup 422
2026-06-27 12:36:35 - POST /api/v1/auth/signup 422
2026-06-27 12:36:37 - POST /api/v1/auth/signup 201
2026-06-27 12:36:37 - POST /api/v1/auth/login 400
2026-06-27 12:36:37 - POST /api/v1/auth/verify-otp 200
2026-06-27 12:36:38 - POST /api/v1/auth/signup 201
2026-06-27 12:36:38 - POST /api/v1/auth/resend-otp 429
2026-06-27 12:36:40 - POST /api/v1/auth/resend-otp 200
2026-06-27 12:36:41 - POST /api/v1/auth/login 400
2026-06-27 12:36:42 - POST /api/v1/auth/login 400
2026-06-27 12:36:42 - POST /api/v1/auth/login 400
2026-06-27 12:36:43 - POST /api/v1/auth/login 400
2026-06-27 12:36:43 - POST /api/v1/auth/login 400
2026-06-27 12:36:43 - POST /api/v1/auth/login 403
2026-06-27 12:36:44 - POST /api/v1/auth/login 200
2026-06-27 12:36:44 - POST /api/v1/auth/forgot-password 404
2026-06-27 12:36:46 - POST /api/v1/auth/forgot-password 200
2026-06-27 12:36:46 - POST /api/v1/auth/verify-reset-otp 400
2026-06-27 12:36:46 - POST /api/v1/auth/verify-reset-otp 200
2026-06-27 12:36:46 - POST /api/v1/auth/reset-password 422
2026-06-27 12:36:46 - POST /api/v1/auth/reset-password 200
2026-06-27 12:36:47 - POST /api/v1/auth/login 200
2026-06-27 12:36:48 - POST /api/v1/auth/login 200
2026-06-27 12:36:48 - POST /api/v1/auth/complete-profile 200
2026-06-27 12:36:49 - POST /api/v1/auth/login 200
2026-06-27 12:36:49 - POST /api/v1/auth/refresh 200
2026-06-27 12:36:49 - POST /api/v1/auth/logout 200
2026-06-27 12:36:49 - POST /api/v1/auth/refresh 401
2026-06-27 12:36:51 - POST /api/v1/auth/signup 201
2026-06-27 12:36:52 - POST /api/v1/auth/signup 400
2026-06-27 12:36:52 - POST /api/v1/auth/login 400
2026-06-27 12:36:52 - POST /api/v1/auth/forgot-password 400
2026-06-27 12:36:52 - POST /api/v1/auth/verify-reset-otp 400
2026-06-27 12:36:52 - POST /api/v1/auth/reset-password 400
2026-06-27 12:36:53 - POST /api/v1/auth/signup 400
2026-06-27 12:36:55 - POST /api/v1/auth/signup 201
2026-06-27 12:36:58 - POST /api/v1/auth/signup 201
2026-06-27 12:36:58 - POST /api/v1/auth/login 200
2026-06-27 12:36:59 - POST /api/v1/auth/login 200
2026-06-27 12:36:59 - POST /api/v1/teams/ 201
2026-06-27 12:36:59 - GET /api/v1/teams/ 200
2026-06-27 12:37:01 - POST /api/v1/auth/signup 201
2026-06-27 12:37:01 - POST /api/v1/auth/login 200
2026-06-27 12:37:01 - POST /api/v1/teams/ 201
2026-06-27 12:37:01 - POST /api/v1/teams/ 201
2026-06-27 12:37:01 - POST /api/v1/players/ 201
2026-06-27 12:37:01 - POST /api/v1/players/ 201
2026-06-27 12:37:01 - POST /api/v1/players/ 201
2026-06-27 12:37:01 - POST /api/v1/teams/00cf15ad-30e4-4056-a2f9-5e10ab9b293f/players/bulk 200
2026-06-27 12:37:01 - POST /api/v1/teams/151d7719-b95c-4a32-b049-f62b97fd01a0/players/bulk 400
2026-06-27 12:37:03 - POST /api/v1/auth/signup 201
2026-06-27 12:37:04 - POST /api/v1/auth/signup 201
2026-06-27 12:37:05 - POST /api/v1/auth/login 200
2026-06-27 12:37:05 - POST /api/v1/auth/login 200
2026-06-27 12:37:06 - POST /api/v1/teams/ 201
2026-06-27 12:37:06 - POST /api/v1/teams/ 201
2026-06-27 12:37:06 - POST /api/v1/matches/ 201
2026-06-27 12:37:06 - POST /api/v1/matches/9a41cc0b-b67b-4b67-84ad-7b86ab815272/toss 403
2026-06-27 12:37:06 - POST /api/v1/matches/9a41cc0b-b67b-4b67-84ad-7b86ab815272/toss 200
2026-06-27 12:37:08 - GET /api/v1/debug-env 200
2026-06-27 12:37:08 - GET /api/v1/debug-env 404
2026-06-27 12:37:09 - POST /api/v1/auth/login 200
2026-06-27 12:37:09 - POST /api/v1/players/ 201
2026-06-27 12:37:09 - POST /api/v1/players/ 201
2026-06-27 12:37:09 - POST /api/v1/players/ 201
2026-06-27 12:37:09 - POST /api/v1/players/ 201
2026-06-27 12:37:09 - POST /api/v1/teams/ 201
2026-06-27 12:37:10 - POST /api/v1/teams/ 201
2026-06-27 12:37:10 - POST /api/v1/teams/f49cbd2e-bffb-41b4-aea4-3f4ccf11414c/players 200
2026-06-27 12:37:10 - POST /api/v1/teams/f49cbd2e-bffb-41b4-aea4-3f4ccf11414c/players 200
2026-06-27 12:37:10 - POST /api/v1/teams/ab1f0c9b-943b-4527-8580-b954cd200a1c/players 200
2026-06-27 12:37:10 - POST /api/v1/teams/ab1f0c9b-943b-4527-8580-b954cd200a1c/players 200
2026-06-27 12:37:10 - POST /api/v1/matches/ 201
2026-06-27 12:37:10 - POST /api/v1/matches/b3896fdd-0a9e-4072-a2d4-16d4a3c8024e/toss 200
2026-06-27 12:37:10 - POST /api/v1/matches/b3896fdd-0a9e-4072-a2d4-16d4a3c8024e/squads 400
2026-06-27 12:37:10 - POST /api/v1/matches/b3896fdd-0a9e-4072-a2d4-16d4a3c8024e/squads 200
2026-06-27 12:37:10 - POST /api/v1/matches/b3896fdd-0a9e-4072-a2d4-16d4a3c8024e/squads 400
2026-06-27 12:37:10 - POST /api/v1/matches/b3896fdd-0a9e-4072-a2d4-16d4a3c8024e/squads 200
2026-06-27 12:37:10 - POST /api/v1/auth/google 200
2026-06-27 12:37:10 - POST /api/v1/auth/google 400
2026-06-27 12:37:11 - POST /api/v1/auth/google 400
2026-06-27 12:37:11 - POST /api/v1/auth/google 400
2026-06-27 12:37:11 - POST /api/v1/auth/google 400
2026-06-27 12:37:12 - POST /api/v1/auth/login 200
2026-06-27 12:37:12 - POST /api/v1/players/ 201
2026-06-27 12:37:13 - POST /api/v1/players/ 201
2026-06-27 12:37:13 - POST /api/v1/teams/ 201
2026-06-27 12:37:13 - POST /api/v1/teams/ 201
2026-06-27 12:37:13 - POST /api/v1/matches/ 201
2026-06-27 12:37:13 - GET /api/v1/matches/ 200
2026-06-27 12:37:14 - POST /api/v1/auth/login 200
2026-06-27 12:37:15 - POST /api/v1/auth/login 200
2026-06-27 12:37:16 - POST /api/v1/auth/login 200
2026-06-27 12:37:16 - POST /api/v1/matches/ 201
2026-06-27 12:37:16 - POST /api/v1/matches/e3c9f5f5-258f-4045-b23f-a91de9591f5a/toss 200
2026-06-27 12:37:16 - POST /api/v1/matches/e3c9f5f5-258f-4045-b23f-a91de9591f5a/toss 403
2026-06-27 12:37:16 - POST /api/v1/matches/ 201
2026-06-27 12:37:16 - POST /api/v1/matches/b2cebab1-ee02-497b-9c48-023097979369/toss 200
2026-06-27 12:37:16 - POST /api/v1/matches/ 201
2026-06-27 12:37:16 - POST /api/v1/matches/56151bc5-4c23-4833-af1e-09e6e5d3ced1/toss 200
2026-06-27 12:37:16 - POST /api/v1/matches/56151bc5-4c23-4833-af1e-09e6e5d3ced1/toss 403
2026-06-27 12:37:17 - POST /api/v1/auth/login 200
2026-06-27 12:37:18 - GET /api/v1/admin/analytics 200
2026-06-27 12:37:18 - GET /api/v1/admin/team-members 200
2026-06-27 12:37:18 - GET /api/v1/admin/team-members 200
2026-06-27 12:37:18 - GET /api/v1/admin/team-members 200
2026-06-27 12:37:18 - DELETE /api/v1/admin/team-members/fabfc58d-acb3-432f-b462-a5613d857577 204
2026-06-27 12:37:20 - POST /api/v1/auth/login 200
2026-06-27 12:37:20 - POST /api/v1/admin/tournaments/bulk-delete 204
2026-06-27 12:37:20 - POST /api/v1/admin/matches/bulk-delete 204
2026-06-27 12:37:20 - POST /api/v1/admin/teams/bulk-delete 204
2026-06-27 12:37:20 - POST /api/v1/admin/users/bulk-delete 204
2026-06-27 12:37:21 - POST /api/v1/auth/login 200
2026-06-27 12:37:21 - POST /api/v1/players/ 201
2026-06-27 12:37:21 - POST /api/v1/players/ 201
2026-06-27 12:37:21 - POST /api/v1/players/ 422
2026-06-27 12:37:21 - POST /api/v1/players/ 422
2026-06-27 12:37:21 - GET /api/v1/players/6cf4673e-c820-476b-99b2-3f1de5833daa 200
2026-06-27 12:37:21 - PUT /api/v1/players/6cf4673e-c820-476b-99b2-3f1de5833daa 200
2026-06-27 12:37:21 - DELETE /api/v1/players/6cf4673e-c820-476b-99b2-3f1de5833daa 204
2026-06-27 12:37:21 - GET /api/v1/players/6cf4673e-c820-476b-99b2-3f1de5833daa 404
2026-06-27 12:37:21 - POST /api/v1/auth/login 200
2026-06-27 12:37:21 - POST /api/v1/players/ 201
2026-06-27 12:37:21 - POST /api/v1/players/ 201
2026-06-27 12:37:21 - POST /api/v1/teams/ 201
2026-06-27 12:37:21 - POST /api/v1/teams/524a8f42-6a33-481f-961b-1edca9bbd96e/players 200
2026-06-27 12:37:21 - PUT /api/v1/teams/524a8f42-6a33-481f-961b-1edca9bbd96e 200
2026-06-27 12:37:21 - PUT /api/v1/teams/524a8f42-6a33-481f-961b-1edca9bbd96e 400
2026-06-27 12:37:21 - POST /api/v1/teams/ 201
2026-06-27 12:37:21 - POST /api/v1/teams/b9be2698-f2d2-4d0c-a48e-d1fae7c70680/players 400
2026-06-27 12:37:22 - DELETE /api/v1/teams/524a8f42-6a33-481f-961b-1edca9bbd96e/players/905e278b-c91f-4948-bb7d-d7f6a86e0777 200
2026-06-27 12:37:22 - DELETE /api/v1/teams/524a8f42-6a33-481f-961b-1edca9bbd96e 204
2026-06-27 12:37:22 - POST /api/v1/auth/login 200
2026-06-27 12:37:22 - POST /api/v1/players/ 201
2026-06-27 12:37:22 - POST /api/v1/players/ 201
2026-06-27 12:37:22 - POST /api/v1/teams/ 201
2026-06-27 12:37:22 - POST /api/v1/teams/ 201
2026-06-27 12:37:22 - POST /api/v1/teams/b9e14f8f-4ccb-48b9-bf4c-ca2574454a89/players 200
2026-06-27 12:37:22 - POST /api/v1/teams/758cac7a-bae7-4b5a-a723-60bafde34dd8/players 200
2026-06-27 12:37:22 - POST /api/v1/matches/ 201
2026-06-27 12:37:22 - POST /api/v1/matches/621a537f-9f07-4bd5-a387-f139ad9755b6/squads 200
2026-06-27 12:37:22 - POST /api/v1/matches/621a537f-9f07-4bd5-a387-f139ad9755b6/toss 200
2026-06-27 12:37:22 - DELETE /api/v1/players/cec85d55-77eb-4d65-8107-59142a6e1ca9 400
2026-06-27 12:37:22 - DELETE /api/v1/teams/b9e14f8f-4ccb-48b9-bf4c-ca2574454a89/players/cec85d55-77eb-4d65-8107-59142a6e1ca9 400
2026-06-27 12:37:22 - DELETE /api/v1/teams/b9e14f8f-4ccb-48b9-bf4c-ca2574454a89 400
2026-06-27 12:37:23 - POST /api/v1/auth/login 200
2026-06-27 12:37:23 - GET /api/v1/profile/ 200
2026-06-27 12:37:24 - POST /api/v1/auth/login 200
2026-06-27 12:37:24 - PUT /api/v1/profile/ 200
2026-06-27 12:37:24 - PUT /api/v1/profile/ 400
2026-06-27 12:37:25 - POST /api/v1/auth/login 200
2026-06-27 12:37:25 - GET /api/v1/profile/stats 200
2026-06-27 12:37:26 - POST /api/v1/auth/login 200
2026-06-27 12:37:26 - GET /api/v1/profile/activity 200
2026-06-27 12:37:26 - GET /api/v1/profile/achievements 200
2026-06-27 12:37:27 - POST /api/v1/auth/login 200
2026-06-27 12:37:27 - POST /api/v1/profile/upload-photo 200
2026-06-27 12:37:27 - GET /api/v1/profile/ 200
2026-06-27 12:37:28 - POST /api/v1/auth/login 200
2026-06-27 12:37:28 - POST /api/v1/players/ 201
2026-06-27 12:37:28 - POST /api/v1/players/ 201
2026-06-27 12:37:28 - POST /api/v1/players/ 201
2026-06-27 12:37:28 - POST /api/v1/players/ 201
2026-06-27 12:37:28 - POST /api/v1/players/ 201
2026-06-27 12:37:28 - POST /api/v1/teams/ 201
2026-06-27 12:37:28 - POST /api/v1/teams/ 201
2026-06-27 12:37:28 - POST /api/v1/teams/804eb4c7-e510-4097-aab4-0aed8130d0dd/players 200
2026-06-27 12:37:28 - POST /api/v1/teams/804eb4c7-e510-4097-aab4-0aed8130d0dd/players 200
2026-06-27 12:37:28 - POST /api/v1/teams/804eb4c7-e510-4097-aab4-0aed8130d0dd/players 200
2026-06-27 12:37:28 - POST /api/v1/teams/42e83949-c5da-4ce2-bcc1-e3720641c01f/players 200
2026-06-27 12:37:28 - POST /api/v1/teams/42e83949-c5da-4ce2-bcc1-e3720641c01f/players 200
2026-06-27 12:37:28 - POST /api/v1/matches/ 201
2026-06-27 12:37:28 - POST /api/v1/matches/24bba838-8e41-41cc-bbb2-bea7fb225b0a/toss 200
2026-06-27 12:37:28 - POST /api/v1/matches/24bba838-8e41-41cc-bbb2-bea7fb225b0a/squads 200
2026-06-27 12:37:28 - POST /api/v1/matches/24bba838-8e41-41cc-bbb2-bea7fb225b0a/squads 200
2026-06-27 12:37:28 - POST /api/v1/matches/24bba838-8e41-41cc-bbb2-bea7fb225b0a/balls 201
2026-06-27 12:37:28 - POST /api/v1/matches/24bba838-8e41-41cc-bbb2-bea7fb225b0a/balls 201
2026-06-27 12:37:28 - POST /api/v1/matches/24bba838-8e41-41cc-bbb2-bea7fb225b0a/balls 201
2026-06-27 12:37:28 - POST /api/v1/matches/24bba838-8e41-41cc-bbb2-bea7fb225b0a/balls 201
2026-06-27 12:37:28 - POST /api/v1/matches/24bba838-8e41-41cc-bbb2-bea7fb225b0a/balls 201
2026-06-27 12:37:28 - POST /api/v1/matches/24bba838-8e41-41cc-bbb2-bea7fb225b0a/balls 201
2026-06-27 12:37:28 - POST /api/v1/matches/24bba838-8e41-41cc-bbb2-bea7fb225b0a/balls 201
2026-06-27 12:37:28 - POST /api/v1/matches/24bba838-8e41-41cc-bbb2-bea7fb225b0a/balls 201
2026-06-27 12:37:28 - POST /api/v1/matches/24bba838-8e41-41cc-bbb2-bea7fb225b0a/balls 201
2026-06-27 12:37:28 - POST /api/v1/matches/24bba838-8e41-41cc-bbb2-bea7fb225b0a/balls 201
2026-06-27 12:37:28 - POST /api/v1/matches/24bba838-8e41-41cc-bbb2-bea7fb225b0a/balls 201
2026-06-27 12:37:28 - POST /api/v1/matches/24bba838-8e41-41cc-bbb2-bea7fb225b0a/balls 201
2026-06-27 12:37:28 - GET /api/v1/matches/24bba838-8e41-41cc-bbb2-bea7fb225b0a/scorecard 200
2026-06-27 12:37:28 - GET /api/v1/players/5278f9a2-7690-4e6a-bb07-4972e418b097 200
2026-06-27 12:37:29 - POST /api/v1/auth/login 200
2026-06-27 12:37:29 - POST /api/v1/players/ 201
2026-06-27 12:37:29 - POST /api/v1/players/ 201
2026-06-27 12:37:29 - POST /api/v1/players/ 201
2026-06-27 12:37:29 - POST /api/v1/players/ 201
2026-06-27 12:37:29 - POST /api/v1/players/ 201
2026-06-27 12:37:29 - POST /api/v1/teams/ 201
2026-06-27 12:37:29 - POST /api/v1/teams/ 201
2026-06-27 12:37:29 - POST /api/v1/teams/15516658-b32b-4402-bd48-59e4a19ecbf6/players 200
2026-06-27 12:37:29 - POST /api/v1/teams/15516658-b32b-4402-bd48-59e4a19ecbf6/players 200
2026-06-27 12:37:29 - POST /api/v1/teams/15516658-b32b-4402-bd48-59e4a19ecbf6/players 200
2026-06-27 12:37:29 - POST /api/v1/teams/a1d98474-7a92-4128-a1b8-36983228bd39/players 200
2026-06-27 12:37:29 - POST /api/v1/teams/a1d98474-7a92-4128-a1b8-36983228bd39/players 200
2026-06-27 12:37:29 - POST /api/v1/matches/ 201
2026-06-27 12:37:29 - POST /api/v1/matches/e0d4f7eb-2cea-48c1-8c0b-20879fcfea75/toss 200
2026-06-27 12:37:29 - POST /api/v1/matches/e0d4f7eb-2cea-48c1-8c0b-20879fcfea75/squads 200
2026-06-27 12:37:29 - POST /api/v1/matches/e0d4f7eb-2cea-48c1-8c0b-20879fcfea75/squads 200
2026-06-27 12:37:30 - POST /api/v1/matches/e0d4f7eb-2cea-48c1-8c0b-20879fcfea75/balls 201
2026-06-27 12:37:30 - POST /api/v1/matches/e0d4f7eb-2cea-48c1-8c0b-20879fcfea75/balls 201
2026-06-27 12:37:30 - POST /api/v1/matches/e0d4f7eb-2cea-48c1-8c0b-20879fcfea75/balls 201
2026-06-27 12:37:30 - POST /api/v1/matches/e0d4f7eb-2cea-48c1-8c0b-20879fcfea75/balls 201
2026-06-27 12:37:30 - POST /api/v1/matches/e0d4f7eb-2cea-48c1-8c0b-20879fcfea75/balls 201
2026-06-27 12:37:30 - GET /api/v1/matches/e0d4f7eb-2cea-48c1-8c0b-20879fcfea75/scorecard 200
2026-06-27 12:37:30 - POST /api/v1/auth/login 200
2026-06-27 12:37:30 - POST /api/v1/players/ 201
2026-06-27 12:37:30 - POST /api/v1/players/ 201
2026-06-27 12:37:30 - POST /api/v1/players/ 201
2026-06-27 12:37:30 - POST /api/v1/players/ 201
2026-06-27 12:37:31 - POST /api/v1/teams/ 201
2026-06-27 12:37:31 - POST /api/v1/teams/ 201
2026-06-27 12:37:31 - POST /api/v1/teams/2223d1dd-494d-42f1-b6c0-62416e65947e/players 200
2026-06-27 12:37:31 - POST /api/v1/teams/2223d1dd-494d-42f1-b6c0-62416e65947e/players 200
2026-06-27 12:37:31 - POST /api/v1/teams/32bad644-c2b7-4c43-b1f5-86600b01e52c/players 200
2026-06-27 12:37:31 - POST /api/v1/teams/32bad644-c2b7-4c43-b1f5-86600b01e52c/players 200
2026-06-27 12:37:31 - POST /api/v1/matches/ 201
2026-06-27 12:37:31 - POST /api/v1/matches/4d6340f0-f79c-4adb-b32d-a96f73477f31/toss 200
2026-06-27 12:37:31 - POST /api/v1/matches/4d6340f0-f79c-4adb-b32d-a96f73477f31/squads 200
2026-06-27 12:37:31 - POST /api/v1/matches/4d6340f0-f79c-4adb-b32d-a96f73477f31/squads 200
2026-06-27 12:37:31 - POST /api/v1/matches/4d6340f0-f79c-4adb-b32d-a96f73477f31/balls 201
2026-06-27 12:37:31 - POST /api/v1/matches/4d6340f0-f79c-4adb-b32d-a96f73477f31/balls 201
2026-06-27 12:37:31 - POST /api/v1/matches/4d6340f0-f79c-4adb-b32d-a96f73477f31/balls 201
2026-06-27 12:37:31 - POST /api/v1/matches/4d6340f0-f79c-4adb-b32d-a96f73477f31/balls 201
2026-06-27 12:37:31 - POST /api/v1/matches/4d6340f0-f79c-4adb-b32d-a96f73477f31/balls 201
2026-06-27 12:37:31 - POST /api/v1/matches/4d6340f0-f79c-4adb-b32d-a96f73477f31/balls 201
2026-06-27 12:37:31 - POST /api/v1/matches/4d6340f0-f79c-4adb-b32d-a96f73477f31/balls 201
2026-06-27 12:37:31 - GET /api/v1/matches/4d6340f0-f79c-4adb-b32d-a96f73477f31/scorecard 200
2026-06-27 12:37:33 - POST /api/v1/auth/signup 201
2026-06-27 12:37:33 - POST /api/v1/auth/login 200
2026-06-27 12:37:34 - POST /api/v1/auth/login 200
2026-06-27 12:37:34 - POST /api/v1/players/ 201
2026-06-27 12:37:34 - POST /api/v1/players/ 201
2026-06-27 12:37:34 - POST /api/v1/players/ 201
2026-06-27 12:37:34 - POST /api/v1/players/ 201
2026-06-27 12:37:34 - POST /api/v1/players/ 201
2026-06-27 12:37:34 - POST /api/v1/teams/ 201
2026-06-27 12:37:34 - POST /api/v1/teams/ 201
2026-06-27 12:37:34 - POST /api/v1/teams/54ea41e3-b825-43b3-8843-2b7cbd4beb74/players 200
2026-06-27 12:37:34 - POST /api/v1/teams/54ea41e3-b825-43b3-8843-2b7cbd4beb74/players 200
2026-06-27 12:37:34 - POST /api/v1/teams/54ea41e3-b825-43b3-8843-2b7cbd4beb74/players 200
2026-06-27 12:37:34 - POST /api/v1/teams/e7d544fc-f6bf-43a7-a59b-6e6831492e22/players 200
2026-06-27 12:37:34 - POST /api/v1/teams/e7d544fc-f6bf-43a7-a59b-6e6831492e22/players 200
2026-06-27 12:37:34 - POST /api/v1/matches/ 201
2026-06-27 12:37:34 - POST /api/v1/matches/f6bd9401-f949-4a43-9814-77ba0881eda7/toss 200
2026-06-27 12:37:34 - POST /api/v1/matches/f6bd9401-f949-4a43-9814-77ba0881eda7/squads 200
2026-06-27 12:37:34 - POST /api/v1/matches/f6bd9401-f949-4a43-9814-77ba0881eda7/squads 200
2026-06-27 12:37:34 - POST /api/v1/matches/f6bd9401-f949-4a43-9814-77ba0881eda7/balls 201
2026-06-27 12:37:34 - GET /api/v1/matches/f6bd9401-f949-4a43-9814-77ba0881eda7/live 200
2026-06-27 12:37:34 - POST /api/v1/matches/f6bd9401-f949-4a43-9814-77ba0881eda7/balls 201
2026-06-27 12:37:34 - GET /api/v1/matches/f6bd9401-f949-4a43-9814-77ba0881eda7/live 200
2026-06-27 12:37:34 - POST /api/v1/matches/f6bd9401-f949-4a43-9814-77ba0881eda7/balls 201
2026-06-27 12:37:34 - GET /api/v1/matches/f6bd9401-f949-4a43-9814-77ba0881eda7/live 200
2026-06-27 12:37:35 - POST /api/v1/matches/f6bd9401-f949-4a43-9814-77ba0881eda7/balls 201
2026-06-27 12:37:35 - GET /api/v1/matches/f6bd9401-f949-4a43-9814-77ba0881eda7/live 200
2026-06-27 12:37:35 - POST /api/v1/matches/f6bd9401-f949-4a43-9814-77ba0881eda7/undo 200
2026-06-27 12:37:35 - GET /api/v1/matches/f6bd9401-f949-4a43-9814-77ba0881eda7/live 200
2026-06-27 12:37:35 - GET /api/v1/auth/me 401
2026-06-27 12:37:35 - GET /api/v1/auth/me 401
2026-06-27 12:37:36 - POST /api/v1/auth/login 200
2026-06-27 12:37:36 - POST /api/v1/players/ 201
2026-06-27 12:37:36 - POST /api/v1/players/ 201
2026-06-27 12:37:36 - POST /api/v1/players/ 201
2026-06-27 12:37:36 - POST /api/v1/players/ 201
2026-06-27 12:37:36 - POST /api/v1/players/ 201
2026-06-27 12:37:36 - POST /api/v1/teams/ 201
2026-06-27 12:37:36 - POST /api/v1/teams/ 201
2026-06-27 12:37:36 - POST /api/v1/teams/b1b9c595-3507-44f2-9144-56228cfe881e/players 200
2026-06-27 12:37:36 - POST /api/v1/teams/b1b9c595-3507-44f2-9144-56228cfe881e/players 200
2026-06-27 12:37:36 - POST /api/v1/teams/b1b9c595-3507-44f2-9144-56228cfe881e/players 200
2026-06-27 12:37:36 - POST /api/v1/teams/ed6de034-93db-4597-8293-4bdf717a936e/players 200
2026-06-27 12:37:36 - POST /api/v1/teams/ed6de034-93db-4597-8293-4bdf717a936e/players 200
2026-06-27 12:37:36 - POST /api/v1/matches/ 201
2026-06-27 12:37:36 - POST /api/v1/matches/7e3c1d30-d7f6-45f3-b106-fa84472903cb/toss 200
2026-06-27 12:37:36 - POST /api/v1/matches/7e3c1d30-d7f6-45f3-b106-fa84472903cb/squads 200
2026-06-27 12:37:36 - POST /api/v1/matches/7e3c1d30-d7f6-45f3-b106-fa84472903cb/squads 200
2026-06-27 12:37:36 - POST /api/v1/matches/7e3c1d30-d7f6-45f3-b106-fa84472903cb/balls 201
2026-06-27 12:37:36 - GET /api/v1/matches/7e3c1d30-d7f6-45f3-b106-fa84472903cb/live 200
2026-06-27 12:37:36 - POST /api/v1/matches/7e3c1d30-d7f6-45f3-b106-fa84472903cb/balls 201
2026-06-27 12:37:36 - GET /api/v1/matches/7e3c1d30-d7f6-45f3-b106-fa84472903cb/live 200
2026-06-27 12:37:36 - POST /api/v1/matches/7e3c1d30-d7f6-45f3-b106-fa84472903cb/balls 201
2026-06-27 12:37:36 - GET /api/v1/matches/7e3c1d30-d7f6-45f3-b106-fa84472903cb/live 200
2026-06-27 12:37:36 - POST /api/v1/matches/7e3c1d30-d7f6-45f3-b106-fa84472903cb/balls 201
2026-06-27 12:37:36 - GET /api/v1/matches/7e3c1d30-d7f6-45f3-b106-fa84472903cb/live 200
2026-06-27 12:37:36 - POST /api/v1/matches/7e3c1d30-d7f6-45f3-b106-fa84472903cb/balls 201
2026-06-27 12:37:36 - GET /api/v1/matches/7e3c1d30-d7f6-45f3-b106-fa84472903cb/live 200
2026-06-27 12:37:36 - POST /api/v1/matches/7e3c1d30-d7f6-45f3-b106-fa84472903cb/balls 201
2026-06-27 12:37:36 - GET /api/v1/matches/7e3c1d30-d7f6-45f3-b106-fa84472903cb/live 200
2026-06-27 12:37:36 - POST /api/v1/matches/7e3c1d30-d7f6-45f3-b106-fa84472903cb/balls 201
2026-06-27 12:37:36 - GET /api/v1/matches/7e3c1d30-d7f6-45f3-b106-fa84472903cb/live 200
2026-06-27 12:37:36 - GET /api/v1/matches/7e3c1d30-d7f6-45f3-b106-fa84472903cb/scorecard 200
2026-06-27 12:37:38 - POST /api/v1/auth/signup 201
2026-06-27 12:37:40 - POST /api/v1/auth/signup 201
2026-06-27 12:37:42 - POST /api/v1/auth/signup 201
2026-06-27 12:37:43 - POST /api/v1/auth/login 200
2026-06-27 12:37:43 - POST /api/v1/auth/login 200
2026-06-27 12:37:43 - POST /api/v1/auth/login 200
2026-06-27 12:37:43 - POST /api/v1/teams/ 201
2026-06-27 12:37:43 - GET /api/v1/teams/my-teams 200
2026-06-27 12:37:43 - POST /api/v1/teams/1ef72abc-a5de-4064-a04d-c266a8b35b17/join-request 200
2026-06-27 12:37:43 - GET /api/v1/teams/my-teams 200
2026-06-27 12:37:43 - POST /api/v1/teams/1ef72abc-a5de-4064-a04d-c266a8b35b17/approve-request 403
2026-06-27 12:37:44 - POST /api/v1/teams/1ef72abc-a5de-4064-a04d-c266a8b35b17/approve-request 200
2026-06-27 12:37:44 - POST /api/v1/teams/1ef72abc-a5de-4064-a04d-c266a8b35b17/members 200
2026-06-27 12:37:44 - POST /api/v1/teams/1ef72abc-a5de-4064-a04d-c266a8b35b17/invitations/accept 200
2026-06-27 12:37:44 - GET /api/v1/teams/1ef72abc-a5de-4064-a04d-c266a8b35b17/members 200
2026-06-27 12:37:44 - DELETE /api/v1/teams/1ef72abc-a5de-4064-a04d-c266a8b35b17/members/89e90ebb-4af8-490c-8d86-f1fa3d574e4b 204
2026-06-27 12:37:44 - GET /api/v1/teams/1ef72abc-a5de-4064-a04d-c266a8b35b17/members 200
2026-06-27 12:37:45 - POST /api/v1/auth/login 200
2026-06-27 12:37:45 - POST /api/v1/teams/ 201
2026-06-27 12:37:46 - POST /api/v1/auth/login 200
2026-06-27 12:37:46 - POST /api/v1/teams/7b1baabd-3250-4917-b146-a06316b0e85c/members 200
2026-06-27 12:37:46 - GET /api/v1/notifications/ 200
2026-06-27 12:37:47 - GET /api/v1/teams/my-invitations 200
2026-06-27 12:37:47 - POST /api/v1/notifications/96968fbc-de9f-49a5-a734-a3c5648a123f/read 200
2026-06-27 12:37:47 - POST /api/v1/teams/7b1baabd-3250-4917-b146-a06316b0e85c/invitations/accept 200
2026-06-27 12:37:47 - GET /api/v1/notifications/ 200
2026-06-27 12:37:48 - POST /api/v1/auth/login 200
2026-06-27 12:37:48 - POST /api/v1/teams/ 201
2026-06-27 12:37:49 - POST /api/v1/auth/login 200
2026-06-27 12:37:49 - POST /api/v1/teams/405486db-5dc0-4e74-9870-d8cabd5f748f/members 200
2026-06-27 12:37:49 - POST /api/v1/teams/405486db-5dc0-4e74-9870-d8cabd5f748f/invitations/reject 204
2026-06-27 12:37:49 - GET /api/v1/notifications/ 200
2026-06-27 12:37:51 - POST /api/v1/auth/login 200
2026-06-27 12:37:51 - POST /api/v1/teams/ 201
2026-06-27 12:37:53 - POST /api/v1/auth/login 200
2026-06-27 12:37:53 - POST /api/v1/teams/5555c345-ad8e-4bc1-bb3e-cf03792d8fd0/join-request 200
2026-06-27 12:37:53 - POST /api/v1/teams/5555c345-ad8e-4bc1-bb3e-cf03792d8fd0/reject-request 204
2026-06-27 12:37:53 - GET /api/v1/notifications/ 200
2026-06-27 12:37:54 - POST /api/v1/auth/login 200
2026-06-27 12:37:54 - POST /api/v1/teams/ 201
2026-06-27 12:37:55 - POST /api/v1/auth/login 200
2026-06-27 12:37:55 - PUT /api/v1/teams/1c480756-bdc7-45ab-a0af-b982dfb61195 403
2026-06-27 12:37:55 - DELETE /api/v1/teams/1c480756-bdc7-45ab-a0af-b982dfb61195 403
2026-06-27 12:37:55 - PUT /api/v1/teams/1c480756-bdc7-45ab-a0af-b982dfb61195 200
2026-06-27 12:37:55 - DELETE /api/v1/teams/1c480756-bdc7-45ab-a0af-b982dfb61195 204
2026-06-27 12:37:55 - GET /api/v1/teams/1c480756-bdc7-45ab-a0af-b982dfb61195 404
2026-06-27 12:37:56 - POST /api/v1/auth/login 200
2026-06-27 12:37:56 - GET /api/v1/notifications/ 200
2026-06-27 12:37:56 - POST /api/v1/notifications/read-all 204
2026-06-27 12:37:56 - GET /api/v1/notifications/ 200
2026-06-27 12:37:57 - POST /api/v1/auth/login 200
2026-06-27 12:37:57 - POST /api/v1/tournaments/ 201
2026-06-27 12:37:57 - POST /api/v1/players/ 201
2026-06-27 12:37:57 - POST /api/v1/players/ 201
2026-06-27 12:37:57 - POST /api/v1/players/ 201
2026-06-27 12:37:57 - POST /api/v1/players/ 201
2026-06-27 12:37:57 - POST /api/v1/teams/ 201
2026-06-27 12:37:57 - POST /api/v1/teams/1712ab43-00f3-4773-ae54-7fe889e712d3/players 200
2026-06-27 12:37:57 - POST /api/v1/teams/1712ab43-00f3-4773-ae54-7fe889e712d3/players 200
2026-06-27 12:37:57 - POST /api/v1/teams/1712ab43-00f3-4773-ae54-7fe889e712d3/players 200
2026-06-27 12:37:57 - POST /api/v1/teams/1712ab43-00f3-4773-ae54-7fe889e712d3/players 200
2026-06-27 12:37:57 - POST /api/v1/tournaments/9b2ea16e-1cb4-4305-8e5c-5a7d5d15a4bb/teams 400
2026-06-27 12:37:57 - POST /api/v1/players/ 201
2026-06-27 12:37:57 - POST /api/v1/teams/1712ab43-00f3-4773-ae54-7fe889e712d3/players 200
2026-06-27 12:37:57 - POST /api/v1/tournaments/9b2ea16e-1cb4-4305-8e5c-5a7d5d15a4bb/teams 200
2026-06-27 12:37:57 - DELETE /api/v1/tournaments/9b2ea16e-1cb4-4305-8e5c-5a7d5d15a4bb/teams/1712ab43-00f3-4773-ae54-7fe889e712d3 200
2026-06-27 12:37:58 - POST /api/v1/auth/login 200
2026-06-27 12:37:58 - POST /api/v1/teams/ 201
2026-06-27 12:37:58 - POST /api/v1/players/ 201
2026-06-27 12:37:58 - POST /api/v1/teams/eb29eae6-fab8-4799-9dd5-50eac1b300a2/players 200
2026-06-27 12:37:58 - POST /api/v1/players/ 201
2026-06-27 12:37:58 - POST /api/v1/teams/eb29eae6-fab8-4799-9dd5-50eac1b300a2/players 200
2026-06-27 12:37:58 - POST /api/v1/players/ 201
2026-06-27 12:37:58 - POST /api/v1/teams/eb29eae6-fab8-4799-9dd5-50eac1b300a2/players 200
2026-06-27 12:37:58 - POST /api/v1/players/ 201
2026-06-27 12:37:58 - POST /api/v1/teams/eb29eae6-fab8-4799-9dd5-50eac1b300a2/players 200
2026-06-27 12:37:58 - POST /api/v1/players/ 201
2026-06-27 12:37:58 - POST /api/v1/teams/eb29eae6-fab8-4799-9dd5-50eac1b300a2/players 200
2026-06-27 12:37:58 - POST /api/v1/teams/ 201
2026-06-27 12:37:58 - POST /api/v1/players/ 201
2026-06-27 12:37:58 - POST /api/v1/teams/b38e4d48-c640-4201-a02a-ce1bbe474529/players 200
2026-06-27 12:37:58 - POST /api/v1/players/ 201
2026-06-27 12:37:58 - POST /api/v1/teams/b38e4d48-c640-4201-a02a-ce1bbe474529/players 200
2026-06-27 12:37:58 - POST /api/v1/players/ 201
2026-06-27 12:37:58 - POST /api/v1/teams/b38e4d48-c640-4201-a02a-ce1bbe474529/players 200
2026-06-27 12:37:58 - POST /api/v1/players/ 201
2026-06-27 12:37:58 - POST /api/v1/teams/b38e4d48-c640-4201-a02a-ce1bbe474529/players 200
2026-06-27 12:37:58 - POST /api/v1/players/ 201
2026-06-27 12:37:58 - POST /api/v1/teams/b38e4d48-c640-4201-a02a-ce1bbe474529/players 200
2026-06-27 12:37:58 - POST /api/v1/tournaments/ 201
2026-06-27 12:37:58 - POST /api/v1/tournaments/be0fc18b-ea0c-4521-9892-f4fac97fbab8/teams 200
2026-06-27 12:37:58 - POST /api/v1/tournaments/be0fc18b-ea0c-4521-9892-f4fac97fbab8/teams 200
2026-06-27 12:37:58 - POST /api/v1/tournaments/be0fc18b-ea0c-4521-9892-f4fac97fbab8/fixtures/generate 201
2026-06-27 12:37:58 - GET /api/v1/tournaments/be0fc18b-ea0c-4521-9892-f4fac97fbab8/dashboard 200
2026-06-27 12:37:58 - POST /api/v1/matches/f3f4bc49-f8a4-4254-8b0d-772cbb0546c1/toss 200
2026-06-27 12:37:58 - GET /api/v1/teams/eb29eae6-fab8-4799-9dd5-50eac1b300a2 200
2026-06-27 12:37:58 - GET /api/v1/teams/b38e4d48-c640-4201-a02a-ce1bbe474529 200
2026-06-27 12:37:58 - POST /api/v1/matches/f3f4bc49-f8a4-4254-8b0d-772cbb0546c1/squads 200
2026-06-27 12:37:58 - POST /api/v1/matches/f3f4bc49-f8a4-4254-8b0d-772cbb0546c1/squads 200
2026-06-27 12:37:58 - POST /api/v1/matches/f3f4bc49-f8a4-4254-8b0d-772cbb0546c1/balls 201
2026-06-27 12:37:58 - POST /api/v1/matches/f3f4bc49-f8a4-4254-8b0d-772cbb0546c1/balls 201
2026-06-27 12:37:58 - POST /api/v1/matches/f3f4bc49-f8a4-4254-8b0d-772cbb0546c1/balls 201
2026-06-27 12:37:58 - POST /api/v1/matches/f3f4bc49-f8a4-4254-8b0d-772cbb0546c1/balls 201
2026-06-27 12:37:58 - POST /api/v1/matches/f3f4bc49-f8a4-4254-8b0d-772cbb0546c1/balls 201
2026-06-27 12:37:59 - POST /api/v1/matches/f3f4bc49-f8a4-4254-8b0d-772cbb0546c1/balls 201
2026-06-27 12:37:59 - POST /api/v1/matches/f3f4bc49-f8a4-4254-8b0d-772cbb0546c1/balls 201
2026-06-27 12:37:59 - POST /api/v1/matches/f3f4bc49-f8a4-4254-8b0d-772cbb0546c1/balls 201
2026-06-27 12:37:59 - POST /api/v1/matches/f3f4bc49-f8a4-4254-8b0d-772cbb0546c1/balls 201
2026-06-27 12:37:59 - GET /api/v1/tournaments/be0fc18b-ea0c-4521-9892-f4fac97fbab8/points-table 200
2026-06-27 12:37:59 - GET /api/v1/tournaments/be0fc18b-ea0c-4521-9892-f4fac97fbab8/leaderboards 200
2026-06-27 12:38:00 - POST /api/v1/auth/login 200
2026-06-27 12:38:00 - POST /api/v1/teams/ 201
2026-06-27 12:38:00 - POST /api/v1/players/ 201
2026-06-27 12:38:00 - POST /api/v1/teams/6ee1b3ef-1685-4a3a-97d2-9ce17d04c706/players 200
2026-06-27 12:38:00 - POST /api/v1/players/ 201
2026-06-27 12:38:00 - POST /api/v1/teams/6ee1b3ef-1685-4a3a-97d2-9ce17d04c706/players 200
2026-06-27 12:38:00 - POST /api/v1/players/ 201
2026-06-27 12:38:00 - POST /api/v1/teams/6ee1b3ef-1685-4a3a-97d2-9ce17d04c706/players 200
2026-06-27 12:38:00 - POST /api/v1/players/ 201
2026-06-27 12:38:00 - POST /api/v1/teams/6ee1b3ef-1685-4a3a-97d2-9ce17d04c706/players 200
2026-06-27 12:38:00 - POST /api/v1/players/ 201
2026-06-27 12:38:00 - POST /api/v1/teams/6ee1b3ef-1685-4a3a-97d2-9ce17d04c706/players 200
2026-06-27 12:38:00 - POST /api/v1/teams/ 201
2026-06-27 12:38:00 - POST /api/v1/players/ 201
2026-06-27 12:38:00 - POST /api/v1/teams/b25c80fb-4c04-45d3-b085-07eba35b9d02/players 200
2026-06-27 12:38:00 - POST /api/v1/players/ 201
2026-06-27 12:38:00 - POST /api/v1/teams/b25c80fb-4c04-45d3-b085-07eba35b9d02/players 200
2026-06-27 12:38:00 - POST /api/v1/players/ 201
2026-06-27 12:38:00 - POST /api/v1/teams/b25c80fb-4c04-45d3-b085-07eba35b9d02/players 200
2026-06-27 12:38:00 - POST /api/v1/players/ 201
2026-06-27 12:38:00 - POST /api/v1/teams/b25c80fb-4c04-45d3-b085-07eba35b9d02/players 200
2026-06-27 12:38:00 - POST /api/v1/players/ 201
2026-06-27 12:38:00 - POST /api/v1/teams/b25c80fb-4c04-45d3-b085-07eba35b9d02/players 200
2026-06-27 12:38:00 - POST /api/v1/teams/ 201
2026-06-27 12:38:00 - POST /api/v1/players/ 201
2026-06-27 12:38:00 - POST /api/v1/teams/b7275d17-a105-4dc7-a3c8-f5a52faa1374/players 200
2026-06-27 12:38:00 - POST /api/v1/players/ 201
2026-06-27 12:38:00 - POST /api/v1/teams/b7275d17-a105-4dc7-a3c8-f5a52faa1374/players 200
2026-06-27 12:38:00 - POST /api/v1/players/ 201
2026-06-27 12:38:00 - POST /api/v1/teams/b7275d17-a105-4dc7-a3c8-f5a52faa1374/players 200
2026-06-27 12:38:00 - POST /api/v1/players/ 201
2026-06-27 12:38:00 - POST /api/v1/teams/b7275d17-a105-4dc7-a3c8-f5a52faa1374/players 200
2026-06-27 12:38:00 - POST /api/v1/players/ 201
2026-06-27 12:38:00 - POST /api/v1/teams/b7275d17-a105-4dc7-a3c8-f5a52faa1374/players 200
2026-06-27 12:38:00 - POST /api/v1/teams/ 201
2026-06-27 12:38:00 - POST /api/v1/players/ 201
2026-06-27 12:38:00 - POST /api/v1/teams/66c38c8d-b4f6-4867-97c6-e451144d4776/players 200
2026-06-27 12:38:00 - POST /api/v1/players/ 201
2026-06-27 12:38:00 - POST /api/v1/teams/66c38c8d-b4f6-4867-97c6-e451144d4776/players 200
2026-06-27 12:38:00 - POST /api/v1/players/ 201
2026-06-27 12:38:00 - POST /api/v1/teams/66c38c8d-b4f6-4867-97c6-e451144d4776/players 200
2026-06-27 12:38:00 - POST /api/v1/players/ 201
2026-06-27 12:38:00 - POST /api/v1/teams/66c38c8d-b4f6-4867-97c6-e451144d4776/players 200
2026-06-27 12:38:00 - POST /api/v1/players/ 201
2026-06-27 12:38:00 - POST /api/v1/teams/66c38c8d-b4f6-4867-97c6-e451144d4776/players 200
2026-06-27 12:38:01 - POST /api/v1/tournaments/ 201
2026-06-27 12:38:01 - POST /api/v1/tournaments/bf6fe458-442e-414e-b1ac-def82acaf77f/teams 200
2026-06-27 12:38:01 - POST /api/v1/tournaments/bf6fe458-442e-414e-b1ac-def82acaf77f/teams 200
2026-06-27 12:38:01 - POST /api/v1/tournaments/bf6fe458-442e-414e-b1ac-def82acaf77f/teams 200
2026-06-27 12:38:01 - POST /api/v1/tournaments/bf6fe458-442e-414e-b1ac-def82acaf77f/teams 200
2026-06-27 12:38:01 - POST /api/v1/tournaments/bf6fe458-442e-414e-b1ac-def82acaf77f/fixtures/generate 201
2026-06-27 12:38:01 - GET /api/v1/tournaments/bf6fe458-442e-414e-b1ac-def82acaf77f/dashboard 200
2026-06-27 12:38:01 - GET /api/v1/tournaments/bf6fe458-442e-414e-b1ac-def82acaf77f/dashboard 200
2026-06-27 12:38:01 - POST /api/v1/matches/07664506-feb9-41d4-8cd1-809ede3cb13e/toss 200
2026-06-27 12:38:01 - GET /api/v1/teams/6ee1b3ef-1685-4a3a-97d2-9ce17d04c706 200
2026-06-27 12:38:01 - GET /api/v1/teams/66c38c8d-b4f6-4867-97c6-e451144d4776 200
2026-06-27 12:38:01 - POST /api/v1/matches/07664506-feb9-41d4-8cd1-809ede3cb13e/squads 200
2026-06-27 12:38:01 - POST /api/v1/matches/07664506-feb9-41d4-8cd1-809ede3cb13e/squads 200
2026-06-27 12:38:01 - POST /api/v1/matches/07664506-feb9-41d4-8cd1-809ede3cb13e/balls 201
2026-06-27 12:38:01 - POST /api/v1/matches/07664506-feb9-41d4-8cd1-809ede3cb13e/balls 201
2026-06-27 12:38:01 - POST /api/v1/matches/07664506-feb9-41d4-8cd1-809ede3cb13e/balls 201
2026-06-27 12:38:01 - POST /api/v1/matches/07664506-feb9-41d4-8cd1-809ede3cb13e/balls 201
2026-06-27 12:38:01 - POST /api/v1/matches/07664506-feb9-41d4-8cd1-809ede3cb13e/balls 201
2026-06-27 12:38:01 - POST /api/v1/matches/07664506-feb9-41d4-8cd1-809ede3cb13e/balls 201
2026-06-27 12:38:01 - POST /api/v1/matches/07664506-feb9-41d4-8cd1-809ede3cb13e/balls 201
2026-06-27 12:38:01 - POST /api/v1/matches/07664506-feb9-41d4-8cd1-809ede3cb13e/balls 201
2026-06-27 12:38:01 - POST /api/v1/matches/07664506-feb9-41d4-8cd1-809ede3cb13e/balls 201
2026-06-27 12:38:01 - POST /api/v1/matches/07664506-feb9-41d4-8cd1-809ede3cb13e/balls 201
2026-06-27 12:38:01 - POST /api/v1/matches/07664506-feb9-41d4-8cd1-809ede3cb13e/balls 201
2026-06-27 12:38:01 - POST /api/v1/matches/07664506-feb9-41d4-8cd1-809ede3cb13e/balls 201
2026-06-27 12:38:01 - POST /api/v1/matches/594b8ced-5d51-4651-b661-f02ac16fa57a/toss 200
2026-06-27 12:38:01 - GET /api/v1/teams/b25c80fb-4c04-45d3-b085-07eba35b9d02 200
2026-06-27 12:38:01 - GET /api/v1/teams/66c38c8d-b4f6-4867-97c6-e451144d4776 200
2026-06-27 12:38:01 - POST /api/v1/matches/594b8ced-5d51-4651-b661-f02ac16fa57a/squads 200
2026-06-27 12:38:01 - POST /api/v1/matches/594b8ced-5d51-4651-b661-f02ac16fa57a/squads 200
2026-06-27 12:38:01 - POST /api/v1/matches/594b8ced-5d51-4651-b661-f02ac16fa57a/balls 201
2026-06-27 12:38:01 - POST /api/v1/matches/594b8ced-5d51-4651-b661-f02ac16fa57a/balls 201
2026-06-27 12:38:01 - POST /api/v1/matches/594b8ced-5d51-4651-b661-f02ac16fa57a/balls 201
2026-06-27 12:38:01 - POST /api/v1/matches/594b8ced-5d51-4651-b661-f02ac16fa57a/balls 201
2026-06-27 12:38:01 - POST /api/v1/matches/594b8ced-5d51-4651-b661-f02ac16fa57a/balls 201
2026-06-27 12:38:01 - POST /api/v1/matches/594b8ced-5d51-4651-b661-f02ac16fa57a/balls 201
2026-06-27 12:38:01 - POST /api/v1/matches/594b8ced-5d51-4651-b661-f02ac16fa57a/balls 201
2026-06-27 12:38:01 - POST /api/v1/matches/594b8ced-5d51-4651-b661-f02ac16fa57a/balls 201
2026-06-27 12:38:01 - POST /api/v1/matches/594b8ced-5d51-4651-b661-f02ac16fa57a/balls 201
2026-06-27 12:38:01 - POST /api/v1/matches/594b8ced-5d51-4651-b661-f02ac16fa57a/balls 201
2026-06-27 12:38:01 - POST /api/v1/matches/594b8ced-5d51-4651-b661-f02ac16fa57a/balls 201
2026-06-27 12:38:01 - POST /api/v1/matches/594b8ced-5d51-4651-b661-f02ac16fa57a/balls 201
2026-06-27 12:38:01 - POST /api/v1/matches/20c06b57-5173-49bd-a7db-70d79bff6e75/toss 200
2026-06-27 12:38:01 - GET /api/v1/teams/b7275d17-a105-4dc7-a3c8-f5a52faa1374 200
2026-06-27 12:38:01 - GET /api/v1/teams/66c38c8d-b4f6-4867-97c6-e451144d4776 200
2026-06-27 12:38:01 - POST /api/v1/matches/20c06b57-5173-49bd-a7db-70d79bff6e75/squads 200
2026-06-27 12:38:02 - POST /api/v1/matches/20c06b57-5173-49bd-a7db-70d79bff6e75/squads 200
2026-06-27 12:38:02 - POST /api/v1/matches/20c06b57-5173-49bd-a7db-70d79bff6e75/balls 201
2026-06-27 12:38:02 - POST /api/v1/matches/20c06b57-5173-49bd-a7db-70d79bff6e75/balls 201
2026-06-27 12:38:02 - POST /api/v1/matches/20c06b57-5173-49bd-a7db-70d79bff6e75/balls 201
2026-06-27 12:38:02 - POST /api/v1/matches/20c06b57-5173-49bd-a7db-70d79bff6e75/balls 201
2026-06-27 12:38:02 - POST /api/v1/matches/20c06b57-5173-49bd-a7db-70d79bff6e75/balls 201
2026-06-27 12:38:02 - POST /api/v1/matches/20c06b57-5173-49bd-a7db-70d79bff6e75/balls 201
2026-06-27 12:38:02 - POST /api/v1/matches/20c06b57-5173-49bd-a7db-70d79bff6e75/balls 201
2026-06-27 12:38:02 - POST /api/v1/matches/20c06b57-5173-49bd-a7db-70d79bff6e75/balls 201
2026-06-27 12:38:02 - POST /api/v1/matches/20c06b57-5173-49bd-a7db-70d79bff6e75/balls 201
2026-06-27 12:38:02 - POST /api/v1/matches/20c06b57-5173-49bd-a7db-70d79bff6e75/balls 201
2026-06-27 12:38:02 - POST /api/v1/matches/20c06b57-5173-49bd-a7db-70d79bff6e75/balls 201
2026-06-27 12:38:02 - POST /api/v1/matches/20c06b57-5173-49bd-a7db-70d79bff6e75/balls 201
2026-06-27 12:38:02 - POST /api/v1/matches/09c9ee2e-5ec9-475a-bab9-9b7cf0c7569d/toss 200
2026-06-27 12:38:02 - GET /api/v1/teams/6ee1b3ef-1685-4a3a-97d2-9ce17d04c706 200
2026-06-27 12:38:02 - GET /api/v1/teams/b25c80fb-4c04-45d3-b085-07eba35b9d02 200
2026-06-27 12:38:02 - POST /api/v1/matches/09c9ee2e-5ec9-475a-bab9-9b7cf0c7569d/squads 200
2026-06-27 12:38:02 - POST /api/v1/matches/09c9ee2e-5ec9-475a-bab9-9b7cf0c7569d/squads 200
2026-06-27 12:38:02 - POST /api/v1/matches/09c9ee2e-5ec9-475a-bab9-9b7cf0c7569d/balls 201
2026-06-27 12:38:02 - POST /api/v1/matches/09c9ee2e-5ec9-475a-bab9-9b7cf0c7569d/balls 201
2026-06-27 12:38:02 - POST /api/v1/matches/09c9ee2e-5ec9-475a-bab9-9b7cf0c7569d/balls 201
2026-06-27 12:38:02 - POST /api/v1/matches/09c9ee2e-5ec9-475a-bab9-9b7cf0c7569d/balls 201
2026-06-27 12:38:02 - POST /api/v1/matches/09c9ee2e-5ec9-475a-bab9-9b7cf0c7569d/balls 201
2026-06-27 12:38:02 - POST /api/v1/matches/09c9ee2e-5ec9-475a-bab9-9b7cf0c7569d/balls 201
2026-06-27 12:38:02 - POST /api/v1/matches/09c9ee2e-5ec9-475a-bab9-9b7cf0c7569d/balls 201
2026-06-27 12:38:02 - POST /api/v1/matches/09c9ee2e-5ec9-475a-bab9-9b7cf0c7569d/balls 201
2026-06-27 12:38:02 - POST /api/v1/matches/09c9ee2e-5ec9-475a-bab9-9b7cf0c7569d/balls 201
2026-06-27 12:38:02 - POST /api/v1/matches/09c9ee2e-5ec9-475a-bab9-9b7cf0c7569d/balls 201
2026-06-27 12:38:02 - POST /api/v1/matches/09c9ee2e-5ec9-475a-bab9-9b7cf0c7569d/balls 201
2026-06-27 12:38:02 - POST /api/v1/matches/09c9ee2e-5ec9-475a-bab9-9b7cf0c7569d/balls 201
2026-06-27 12:38:02 - POST /api/v1/matches/93d8920d-df39-4b04-92c1-2ef80e6af793/toss 200
2026-06-27 12:38:02 - GET /api/v1/teams/6ee1b3ef-1685-4a3a-97d2-9ce17d04c706 200
2026-06-27 12:38:02 - GET /api/v1/teams/b7275d17-a105-4dc7-a3c8-f5a52faa1374 200
2026-06-27 12:38:02 - POST /api/v1/matches/93d8920d-df39-4b04-92c1-2ef80e6af793/squads 200
2026-06-27 12:38:02 - POST /api/v1/matches/93d8920d-df39-4b04-92c1-2ef80e6af793/squads 200
2026-06-27 12:38:02 - POST /api/v1/matches/93d8920d-df39-4b04-92c1-2ef80e6af793/balls 201
2026-06-27 12:38:02 - POST /api/v1/matches/93d8920d-df39-4b04-92c1-2ef80e6af793/balls 201
2026-06-27 12:38:02 - POST /api/v1/matches/93d8920d-df39-4b04-92c1-2ef80e6af793/balls 201
2026-06-27 12:38:02 - POST /api/v1/matches/93d8920d-df39-4b04-92c1-2ef80e6af793/balls 201
2026-06-27 12:38:02 - POST /api/v1/matches/93d8920d-df39-4b04-92c1-2ef80e6af793/balls 201
2026-06-27 12:38:03 - POST /api/v1/matches/93d8920d-df39-4b04-92c1-2ef80e6af793/balls 201
2026-06-27 12:38:03 - POST /api/v1/matches/93d8920d-df39-4b04-92c1-2ef80e6af793/balls 201
2026-06-27 12:38:03 - POST /api/v1/matches/93d8920d-df39-4b04-92c1-2ef80e6af793/balls 201
2026-06-27 12:38:03 - POST /api/v1/matches/93d8920d-df39-4b04-92c1-2ef80e6af793/balls 201
2026-06-27 12:38:03 - POST /api/v1/matches/93d8920d-df39-4b04-92c1-2ef80e6af793/balls 201
2026-06-27 12:38:03 - POST /api/v1/matches/93d8920d-df39-4b04-92c1-2ef80e6af793/balls 201
2026-06-27 12:38:03 - POST /api/v1/matches/93d8920d-df39-4b04-92c1-2ef80e6af793/balls 201
2026-06-27 12:38:03 - POST /api/v1/matches/8b21695f-ba39-4423-85fa-685aeed299db/toss 200
2026-06-27 12:38:03 - GET /api/v1/teams/b25c80fb-4c04-45d3-b085-07eba35b9d02 200
2026-06-27 12:38:03 - GET /api/v1/teams/b7275d17-a105-4dc7-a3c8-f5a52faa1374 200
2026-06-27 12:38:03 - POST /api/v1/matches/8b21695f-ba39-4423-85fa-685aeed299db/squads 200
2026-06-27 12:38:03 - POST /api/v1/matches/8b21695f-ba39-4423-85fa-685aeed299db/squads 200
2026-06-27 12:38:03 - POST /api/v1/matches/8b21695f-ba39-4423-85fa-685aeed299db/balls 201
2026-06-27 12:38:03 - POST /api/v1/matches/8b21695f-ba39-4423-85fa-685aeed299db/balls 201
2026-06-27 12:38:03 - POST /api/v1/matches/8b21695f-ba39-4423-85fa-685aeed299db/balls 201
2026-06-27 12:38:03 - POST /api/v1/matches/8b21695f-ba39-4423-85fa-685aeed299db/balls 201
2026-06-27 12:38:03 - POST /api/v1/matches/8b21695f-ba39-4423-85fa-685aeed299db/balls 201
2026-06-27 12:38:03 - POST /api/v1/matches/8b21695f-ba39-4423-85fa-685aeed299db/balls 201
2026-06-27 12:38:03 - POST /api/v1/matches/8b21695f-ba39-4423-85fa-685aeed299db/balls 201
2026-06-27 12:38:03 - POST /api/v1/matches/8b21695f-ba39-4423-85fa-685aeed299db/balls 201
2026-06-27 12:38:03 - POST /api/v1/matches/8b21695f-ba39-4423-85fa-685aeed299db/balls 201
2026-06-27 12:38:03 - POST /api/v1/matches/8b21695f-ba39-4423-85fa-685aeed299db/balls 201
2026-06-27 12:38:03 - POST /api/v1/matches/8b21695f-ba39-4423-85fa-685aeed299db/balls 201
2026-06-27 12:38:03 - POST /api/v1/matches/8b21695f-ba39-4423-85fa-685aeed299db/balls 201
2026-06-27 12:38:03 - GET /api/v1/tournaments/bf6fe458-442e-414e-b1ac-def82acaf77f/dashboard 200
2026-06-27 12:38:03 - POST /api/v1/matches/2541e9dd-2a60-4355-ad69-b18b8ee147c7/toss 200
2026-06-27 12:38:03 - GET /api/v1/teams/6ee1b3ef-1685-4a3a-97d2-9ce17d04c706 200
2026-06-27 12:38:03 - GET /api/v1/teams/66c38c8d-b4f6-4867-97c6-e451144d4776 200
2026-06-27 12:38:03 - POST /api/v1/matches/2541e9dd-2a60-4355-ad69-b18b8ee147c7/squads 200
2026-06-27 12:38:03 - POST /api/v1/matches/2541e9dd-2a60-4355-ad69-b18b8ee147c7/squads 200
2026-06-27 12:38:03 - POST /api/v1/matches/2541e9dd-2a60-4355-ad69-b18b8ee147c7/balls 201
2026-06-27 12:38:03 - POST /api/v1/matches/2541e9dd-2a60-4355-ad69-b18b8ee147c7/balls 201
2026-06-27 12:38:03 - POST /api/v1/matches/2541e9dd-2a60-4355-ad69-b18b8ee147c7/balls 201
2026-06-27 12:38:03 - POST /api/v1/matches/2541e9dd-2a60-4355-ad69-b18b8ee147c7/balls 201
2026-06-27 12:38:03 - POST /api/v1/matches/2541e9dd-2a60-4355-ad69-b18b8ee147c7/balls 201
2026-06-27 12:38:03 - POST /api/v1/matches/2541e9dd-2a60-4355-ad69-b18b8ee147c7/balls 201
2026-06-27 12:38:03 - POST /api/v1/matches/2541e9dd-2a60-4355-ad69-b18b8ee147c7/balls 201
2026-06-27 12:38:03 - POST /api/v1/matches/2541e9dd-2a60-4355-ad69-b18b8ee147c7/balls 201
2026-06-27 12:38:04 - POST /api/v1/matches/2541e9dd-2a60-4355-ad69-b18b8ee147c7/balls 201
2026-06-27 12:38:04 - POST /api/v1/matches/2541e9dd-2a60-4355-ad69-b18b8ee147c7/balls 201
2026-06-27 12:38:04 - POST /api/v1/matches/2541e9dd-2a60-4355-ad69-b18b8ee147c7/balls 201
2026-06-27 12:38:04 - POST /api/v1/matches/2541e9dd-2a60-4355-ad69-b18b8ee147c7/balls 201
2026-06-27 12:38:04 - POST /api/v1/matches/39867025-a191-4b30-b322-ba1ccc6c9dc5/toss 200
2026-06-27 12:38:04 - GET /api/v1/teams/b25c80fb-4c04-45d3-b085-07eba35b9d02 200
2026-06-27 12:38:04 - GET /api/v1/teams/b7275d17-a105-4dc7-a3c8-f5a52faa1374 200
2026-06-27 12:38:04 - POST /api/v1/matches/39867025-a191-4b30-b322-ba1ccc6c9dc5/squads 200
2026-06-27 12:38:04 - POST /api/v1/matches/39867025-a191-4b30-b322-ba1ccc6c9dc5/squads 200
2026-06-27 12:38:04 - POST /api/v1/matches/39867025-a191-4b30-b322-ba1ccc6c9dc5/balls 201
2026-06-27 12:38:04 - POST /api/v1/matches/39867025-a191-4b30-b322-ba1ccc6c9dc5/balls 201
2026-06-27 12:38:04 - POST /api/v1/matches/39867025-a191-4b30-b322-ba1ccc6c9dc5/balls 201
2026-06-27 12:38:04 - POST /api/v1/matches/39867025-a191-4b30-b322-ba1ccc6c9dc5/balls 201
2026-06-27 12:38:04 - POST /api/v1/matches/39867025-a191-4b30-b322-ba1ccc6c9dc5/balls 201
2026-06-27 12:38:04 - POST /api/v1/matches/39867025-a191-4b30-b322-ba1ccc6c9dc5/balls 201
2026-06-27 12:38:04 - POST /api/v1/matches/39867025-a191-4b30-b322-ba1ccc6c9dc5/balls 201
2026-06-27 12:38:04 - POST /api/v1/matches/39867025-a191-4b30-b322-ba1ccc6c9dc5/balls 201
2026-06-27 12:38:04 - POST /api/v1/matches/39867025-a191-4b30-b322-ba1ccc6c9dc5/balls 201
2026-06-27 12:38:04 - POST /api/v1/matches/39867025-a191-4b30-b322-ba1ccc6c9dc5/balls 201
2026-06-27 12:38:04 - POST /api/v1/matches/39867025-a191-4b30-b322-ba1ccc6c9dc5/balls 201
2026-06-27 12:38:04 - POST /api/v1/matches/39867025-a191-4b30-b322-ba1ccc6c9dc5/balls 201
2026-06-27 12:38:04 - GET /api/v1/tournaments/bf6fe458-442e-414e-b1ac-def82acaf77f/dashboard 200
2026-06-27 12:38:04 - POST /api/v1/matches/0b6704a5-7bde-4b66-ad4c-7e0fc9e5f578/toss 200
2026-06-27 12:38:04 - GET /api/v1/teams/6ee1b3ef-1685-4a3a-97d2-9ce17d04c706 200
2026-06-27 12:38:04 - GET /api/v1/teams/b25c80fb-4c04-45d3-b085-07eba35b9d02 200
2026-06-27 12:38:04 - POST /api/v1/matches/0b6704a5-7bde-4b66-ad4c-7e0fc9e5f578/squads 200
2026-06-27 12:38:04 - POST /api/v1/matches/0b6704a5-7bde-4b66-ad4c-7e0fc9e5f578/squads 200
2026-06-27 12:38:04 - POST /api/v1/matches/0b6704a5-7bde-4b66-ad4c-7e0fc9e5f578/balls 201
2026-06-27 12:38:04 - POST /api/v1/matches/0b6704a5-7bde-4b66-ad4c-7e0fc9e5f578/balls 201
2026-06-27 12:38:04 - POST /api/v1/matches/0b6704a5-7bde-4b66-ad4c-7e0fc9e5f578/balls 201
2026-06-27 12:38:04 - POST /api/v1/matches/0b6704a5-7bde-4b66-ad4c-7e0fc9e5f578/balls 201
2026-06-27 12:38:04 - POST /api/v1/matches/0b6704a5-7bde-4b66-ad4c-7e0fc9e5f578/balls 201
2026-06-27 12:38:04 - POST /api/v1/matches/0b6704a5-7bde-4b66-ad4c-7e0fc9e5f578/balls 201
2026-06-27 12:38:04 - POST /api/v1/matches/0b6704a5-7bde-4b66-ad4c-7e0fc9e5f578/balls 201
2026-06-27 12:38:04 - POST /api/v1/matches/0b6704a5-7bde-4b66-ad4c-7e0fc9e5f578/balls 201
2026-06-27 12:38:04 - POST /api/v1/matches/0b6704a5-7bde-4b66-ad4c-7e0fc9e5f578/balls 201
2026-06-27 12:38:05 - POST /api/v1/matches/0b6704a5-7bde-4b66-ad4c-7e0fc9e5f578/balls 201
2026-06-27 12:38:05 - POST /api/v1/matches/0b6704a5-7bde-4b66-ad4c-7e0fc9e5f578/balls 201
2026-06-27 12:38:05 - POST /api/v1/matches/0b6704a5-7bde-4b66-ad4c-7e0fc9e5f578/balls 201
2026-06-27 12:38:05 - GET /api/v1/tournaments/bf6fe458-442e-414e-b1ac-def82acaf77f/dashboard 200
2026-06-27 12:39:21 - POST /api/v1/auth/signup 422
2026-06-27 12:39:21 - POST /api/v1/auth/signup 422
2026-06-27 12:39:21 - POST /api/v1/auth/signup 422
2026-06-27 12:39:21 - POST /api/v1/auth/signup 422
2026-06-27 12:39:23 - POST /api/v1/auth/signup 201
2026-06-27 12:39:23 - POST /api/v1/auth/login 400
2026-06-27 12:39:23 - POST /api/v1/auth/verify-otp 200
2026-06-27 12:39:25 - POST /api/v1/auth/signup 201
2026-06-27 12:39:25 - POST /api/v1/auth/resend-otp 429
2026-06-27 12:39:27 - POST /api/v1/auth/resend-otp 200
2026-06-27 12:39:27 - POST /api/v1/auth/login 400
2026-06-27 12:39:27 - POST /api/v1/auth/login 400
2026-06-27 12:39:28 - POST /api/v1/auth/login 400
2026-06-27 12:39:28 - POST /api/v1/auth/login 400
2026-06-27 12:39:29 - POST /api/v1/auth/login 400
2026-06-27 12:39:29 - POST /api/v1/auth/login 403
2026-06-27 12:39:29 - POST /api/v1/auth/login 200
2026-06-27 12:39:29 - POST /api/v1/auth/forgot-password 404
2026-06-27 12:39:31 - POST /api/v1/auth/forgot-password 200
2026-06-27 12:39:31 - POST /api/v1/auth/verify-reset-otp 400
2026-06-27 12:39:31 - POST /api/v1/auth/verify-reset-otp 200
2026-06-27 12:39:31 - POST /api/v1/auth/reset-password 422
2026-06-27 12:39:32 - POST /api/v1/auth/reset-password 200
2026-06-27 12:39:32 - POST /api/v1/auth/login 200
2026-06-27 12:39:34 - POST /api/v1/auth/login 200
2026-06-27 12:39:34 - POST /api/v1/auth/complete-profile 200
2026-06-27 12:39:35 - POST /api/v1/auth/login 200
2026-06-27 12:39:35 - POST /api/v1/auth/refresh 200
2026-06-27 12:39:35 - POST /api/v1/auth/logout 200
2026-06-27 12:39:35 - POST /api/v1/auth/refresh 401
2026-06-27 12:39:37 - POST /api/v1/auth/signup 201
2026-06-27 12:39:37 - POST /api/v1/auth/signup 400
2026-06-27 12:39:37 - POST /api/v1/auth/login 400
2026-06-27 12:39:37 - POST /api/v1/auth/forgot-password 400
2026-06-27 12:39:37 - POST /api/v1/auth/verify-reset-otp 400
2026-06-27 12:39:37 - POST /api/v1/auth/reset-password 400
2026-06-27 12:39:38 - POST /api/v1/auth/signup 400
2026-06-27 12:39:40 - POST /api/v1/auth/signup 201
2026-06-27 12:39:43 - POST /api/v1/auth/signup 201
2026-06-27 12:39:43 - POST /api/v1/auth/login 200
2026-06-27 12:39:44 - POST /api/v1/auth/login 200
2026-06-27 12:39:44 - POST /api/v1/teams/ 201
2026-06-27 12:39:44 - GET /api/v1/teams/ 200
2026-06-27 12:39:44 - PUT /api/v1/teams/82af1ca7-963c-457f-967c-e5c4ab06c791 403
2026-06-27 12:39:44 - DELETE /api/v1/teams/82af1ca7-963c-457f-967c-e5c4ab06c791 403
2026-06-27 12:39:44 - POST /api/v1/players/ 201
2026-06-27 12:39:44 - GET /api/v1/players/ 200
2026-06-27 12:39:44 - PUT /api/v1/players/0950bafe-d285-4932-b195-7df9973e3309 403
2026-06-27 12:39:44 - DELETE /api/v1/players/0950bafe-d285-4932-b195-7df9973e3309 403
2026-06-27 12:39:46 - POST /api/v1/auth/signup 201
2026-06-27 12:39:47 - POST /api/v1/auth/login 200
2026-06-27 12:39:47 - POST /api/v1/teams/ 201
2026-06-27 12:39:47 - POST /api/v1/teams/ 201
2026-06-27 12:39:47 - POST /api/v1/players/ 201
2026-06-27 12:39:47 - POST /api/v1/players/ 201
2026-06-27 12:39:47 - POST /api/v1/players/ 201
2026-06-27 12:39:47 - POST /api/v1/teams/10134acb-02e6-4e66-8b94-6a8920d3c4d0/players/bulk 200
2026-06-27 12:39:47 - POST /api/v1/teams/3e7d0cfc-cb6a-42f3-a253-bb8a8b8f2587/players/bulk 400
2026-06-27 12:39:49 - POST /api/v1/auth/signup 201
2026-06-27 12:39:51 - POST /api/v1/auth/signup 201
2026-06-27 12:39:52 - POST /api/v1/auth/login 200
2026-06-27 12:39:52 - POST /api/v1/auth/login 200
2026-06-27 12:39:52 - POST /api/v1/teams/ 201
2026-06-27 12:39:52 - POST /api/v1/teams/ 201
2026-06-27 12:39:52 - POST /api/v1/matches/ 201
2026-06-27 12:39:52 - POST /api/v1/matches/1fd08a13-1be9-4523-aae0-80c59f70e8d2/toss 403
2026-06-27 12:39:52 - POST /api/v1/matches/1fd08a13-1be9-4523-aae0-80c59f70e8d2/toss 200
2026-06-27 12:39:54 - GET /api/v1/debug-env 200
2026-06-27 12:39:54 - GET /api/v1/debug-env 404
2026-06-27 12:39:56 - POST /api/v1/auth/login 200
2026-06-27 12:39:56 - POST /api/v1/players/ 201
2026-06-27 12:39:56 - POST /api/v1/players/ 201
2026-06-27 12:39:56 - POST /api/v1/players/ 201
2026-06-27 12:39:56 - POST /api/v1/players/ 201
2026-06-27 12:39:56 - POST /api/v1/teams/ 201
2026-06-27 12:39:56 - POST /api/v1/teams/ 201
2026-06-27 12:39:56 - POST /api/v1/teams/0d76669a-d61e-410f-875e-6d258259605c/players 200
2026-06-27 12:39:56 - POST /api/v1/teams/0d76669a-d61e-410f-875e-6d258259605c/players 200
2026-06-27 12:39:56 - POST /api/v1/teams/2bed9817-38e9-45a8-8215-ff7c6fa47a84/players 200
2026-06-27 12:39:56 - POST /api/v1/teams/2bed9817-38e9-45a8-8215-ff7c6fa47a84/players 200
2026-06-27 12:39:56 - POST /api/v1/matches/ 201
2026-06-27 12:39:56 - POST /api/v1/matches/7066793d-1cc6-432c-9c8b-7d68026be05d/toss 200
2026-06-27 12:39:56 - POST /api/v1/matches/7066793d-1cc6-432c-9c8b-7d68026be05d/squads 400
2026-06-27 12:39:56 - POST /api/v1/matches/7066793d-1cc6-432c-9c8b-7d68026be05d/squads 200
2026-06-27 12:39:56 - POST /api/v1/matches/7066793d-1cc6-432c-9c8b-7d68026be05d/squads 400
2026-06-27 12:39:56 - POST /api/v1/matches/7066793d-1cc6-432c-9c8b-7d68026be05d/squads 200
2026-06-27 12:39:56 - POST /api/v1/auth/google 200
2026-06-27 12:39:56 - POST /api/v1/auth/google 400
2026-06-27 12:39:57 - POST /api/v1/auth/google 400
2026-06-27 12:39:57 - POST /api/v1/auth/google 400
2026-06-27 12:39:57 - POST /api/v1/auth/google 400
2026-06-27 12:39:59 - POST /api/v1/auth/login 200
2026-06-27 12:39:59 - POST /api/v1/players/ 201
2026-06-27 12:39:59 - POST /api/v1/players/ 201
2026-06-27 12:39:59 - POST /api/v1/teams/ 201
2026-06-27 12:39:59 - POST /api/v1/teams/ 201
2026-06-27 12:39:59 - POST /api/v1/matches/ 201
2026-06-27 12:39:59 - GET /api/v1/matches/ 200
2026-06-27 12:40:00 - POST /api/v1/auth/login 200
2026-06-27 12:40:01 - POST /api/v1/auth/login 200
2026-06-27 12:40:02 - POST /api/v1/auth/login 200
2026-06-27 12:40:02 - POST /api/v1/matches/ 201
2026-06-27 12:40:02 - POST /api/v1/matches/5b384799-f483-4ad4-ab19-8564ed054119/toss 200
2026-06-27 12:40:02 - POST /api/v1/matches/5b384799-f483-4ad4-ab19-8564ed054119/toss 403
2026-06-27 12:40:02 - POST /api/v1/matches/ 201
2026-06-27 12:40:02 - POST /api/v1/matches/047c484f-b160-4223-99d2-e0ea7b813159/toss 200
2026-06-27 12:40:02 - POST /api/v1/matches/ 201
2026-06-27 12:40:02 - POST /api/v1/matches/a0abdb65-e052-4a55-9a98-1f9ecee533bd/toss 200
2026-06-27 12:40:02 - POST /api/v1/matches/a0abdb65-e052-4a55-9a98-1f9ecee533bd/toss 403
2026-06-27 12:40:03 - POST /api/v1/auth/login 200
2026-06-27 12:40:04 - GET /api/v1/admin/analytics 200
2026-06-27 12:40:04 - GET /api/v1/admin/team-members 200
2026-06-27 12:40:04 - GET /api/v1/admin/team-members 200
2026-06-27 12:40:04 - GET /api/v1/admin/team-members 200
2026-06-27 12:40:04 - DELETE /api/v1/admin/team-members/007571eb-8e6c-4b94-8084-8191378d0732 204
2026-06-27 12:40:06 - POST /api/v1/auth/login 200
2026-06-27 12:40:07 - POST /api/v1/admin/tournaments/bulk-delete 204
2026-06-27 12:40:07 - POST /api/v1/admin/matches/bulk-delete 204
2026-06-27 12:40:07 - POST /api/v1/admin/teams/bulk-delete 204
2026-06-27 12:40:07 - POST /api/v1/admin/users/bulk-delete 204
2026-06-27 12:40:08 - POST /api/v1/auth/login 200
2026-06-27 12:40:08 - POST /api/v1/players/ 201
2026-06-27 12:40:08 - POST /api/v1/players/ 201
2026-06-27 12:40:08 - POST /api/v1/players/ 422
2026-06-27 12:40:08 - POST /api/v1/players/ 422
2026-06-27 12:40:08 - GET /api/v1/players/223aa633-8871-4fad-8dfa-6e7ef06f241a 200
2026-06-27 12:40:08 - PUT /api/v1/players/223aa633-8871-4fad-8dfa-6e7ef06f241a 200
2026-06-27 12:40:08 - DELETE /api/v1/players/223aa633-8871-4fad-8dfa-6e7ef06f241a 204
2026-06-27 12:40:08 - GET /api/v1/players/223aa633-8871-4fad-8dfa-6e7ef06f241a 404
2026-06-27 12:40:09 - POST /api/v1/auth/login 200
2026-06-27 12:40:09 - POST /api/v1/players/ 201
2026-06-27 12:40:09 - POST /api/v1/players/ 201
2026-06-27 12:40:09 - POST /api/v1/teams/ 201
2026-06-27 12:40:09 - POST /api/v1/teams/7c210c81-5263-4af6-987a-ea09f6fcb7c9/players 200
2026-06-27 12:40:09 - PUT /api/v1/teams/7c210c81-5263-4af6-987a-ea09f6fcb7c9 200
2026-06-27 12:40:09 - PUT /api/v1/teams/7c210c81-5263-4af6-987a-ea09f6fcb7c9 400
2026-06-27 12:40:09 - POST /api/v1/teams/ 201
2026-06-27 12:40:09 - POST /api/v1/teams/15f55ba3-993c-485d-bd4f-79635288f5a7/players 400
2026-06-27 12:40:09 - DELETE /api/v1/teams/7c210c81-5263-4af6-987a-ea09f6fcb7c9/players/cd1b3f72-d81f-432b-b536-7b36e2faffd6 200
2026-06-27 12:40:09 - DELETE /api/v1/teams/7c210c81-5263-4af6-987a-ea09f6fcb7c9 204
2026-06-27 12:40:10 - POST /api/v1/auth/login 200
2026-06-27 12:40:10 - POST /api/v1/players/ 201
2026-06-27 12:40:10 - POST /api/v1/players/ 201
2026-06-27 12:40:10 - POST /api/v1/teams/ 201
2026-06-27 12:40:10 - POST /api/v1/teams/ 201
2026-06-27 12:40:10 - POST /api/v1/teams/1e3b5a43-1497-4fb3-8348-774e22ea9df5/players 200
2026-06-27 12:40:10 - POST /api/v1/teams/6c5f2f18-9d07-441d-a09d-5858aba2dc86/players 200
2026-06-27 12:40:10 - POST /api/v1/matches/ 201
2026-06-27 12:40:10 - POST /api/v1/matches/2b714240-a9ad-4510-afde-bfd2eb43b979/squads 200
2026-06-27 12:40:10 - POST /api/v1/matches/2b714240-a9ad-4510-afde-bfd2eb43b979/toss 200
2026-06-27 12:40:10 - DELETE /api/v1/players/83b8f01e-46c4-4bdc-9f5f-bdd076fbdf88 400
2026-06-27 12:40:10 - DELETE /api/v1/teams/1e3b5a43-1497-4fb3-8348-774e22ea9df5/players/83b8f01e-46c4-4bdc-9f5f-bdd076fbdf88 400
2026-06-27 12:40:11 - DELETE /api/v1/teams/1e3b5a43-1497-4fb3-8348-774e22ea9df5 400
2026-06-27 12:40:12 - POST /api/v1/auth/login 200
2026-06-27 12:40:12 - GET /api/v1/profile/ 200
2026-06-27 12:40:13 - POST /api/v1/auth/login 200
2026-06-27 12:40:13 - PUT /api/v1/profile/ 200
2026-06-27 12:40:13 - PUT /api/v1/profile/ 400
2026-06-27 12:40:14 - POST /api/v1/auth/login 200
2026-06-27 12:40:14 - GET /api/v1/profile/stats 200
2026-06-27 12:40:15 - POST /api/v1/auth/login 200
2026-06-27 12:40:16 - GET /api/v1/profile/activity 200
2026-06-27 12:40:16 - GET /api/v1/profile/achievements 200
2026-06-27 12:40:17 - POST /api/v1/auth/login 200
2026-06-27 12:40:17 - POST /api/v1/profile/upload-photo 200
2026-06-27 12:40:17 - GET /api/v1/profile/ 200
2026-06-27 12:40:18 - POST /api/v1/auth/login 200
2026-06-27 12:40:18 - POST /api/v1/players/ 201
2026-06-27 12:40:18 - POST /api/v1/players/ 201
2026-06-27 12:40:18 - POST /api/v1/players/ 201
2026-06-27 12:40:18 - POST /api/v1/players/ 201
2026-06-27 12:40:18 - POST /api/v1/players/ 201
2026-06-27 12:40:18 - POST /api/v1/teams/ 201
2026-06-27 12:40:18 - POST /api/v1/teams/ 201
2026-06-27 12:40:18 - POST /api/v1/teams/74d83801-822f-449b-ad73-b9201588d4d6/players 200
2026-06-27 12:40:18 - POST /api/v1/teams/74d83801-822f-449b-ad73-b9201588d4d6/players 200
2026-06-27 12:40:18 - POST /api/v1/teams/74d83801-822f-449b-ad73-b9201588d4d6/players 200
2026-06-27 12:40:18 - POST /api/v1/teams/7edcc70e-a941-4dd2-8de1-f851c54ae5bd/players 200
2026-06-27 12:40:18 - POST /api/v1/teams/7edcc70e-a941-4dd2-8de1-f851c54ae5bd/players 200
2026-06-27 12:40:18 - POST /api/v1/matches/ 201
2026-06-27 12:40:18 - POST /api/v1/matches/1e6b1303-bf91-4e7d-aae8-d2c20944cc9f/toss 200
2026-06-27 12:40:18 - POST /api/v1/matches/1e6b1303-bf91-4e7d-aae8-d2c20944cc9f/squads 200
2026-06-27 12:40:18 - POST /api/v1/matches/1e6b1303-bf91-4e7d-aae8-d2c20944cc9f/squads 200
2026-06-27 12:40:18 - POST /api/v1/matches/1e6b1303-bf91-4e7d-aae8-d2c20944cc9f/balls 201
2026-06-27 12:40:18 - POST /api/v1/matches/1e6b1303-bf91-4e7d-aae8-d2c20944cc9f/balls 201
2026-06-27 12:40:18 - POST /api/v1/matches/1e6b1303-bf91-4e7d-aae8-d2c20944cc9f/balls 201
2026-06-27 12:40:18 - POST /api/v1/matches/1e6b1303-bf91-4e7d-aae8-d2c20944cc9f/balls 201
2026-06-27 12:40:18 - POST /api/v1/matches/1e6b1303-bf91-4e7d-aae8-d2c20944cc9f/balls 201
2026-06-27 12:40:18 - POST /api/v1/matches/1e6b1303-bf91-4e7d-aae8-d2c20944cc9f/balls 201
2026-06-27 12:40:18 - POST /api/v1/matches/1e6b1303-bf91-4e7d-aae8-d2c20944cc9f/balls 201
2026-06-27 12:40:19 - POST /api/v1/matches/1e6b1303-bf91-4e7d-aae8-d2c20944cc9f/balls 201
2026-06-27 12:40:19 - POST /api/v1/matches/1e6b1303-bf91-4e7d-aae8-d2c20944cc9f/balls 201
2026-06-27 12:40:19 - POST /api/v1/matches/1e6b1303-bf91-4e7d-aae8-d2c20944cc9f/balls 201
2026-06-27 12:40:19 - POST /api/v1/matches/1e6b1303-bf91-4e7d-aae8-d2c20944cc9f/balls 201
2026-06-27 12:40:19 - POST /api/v1/matches/1e6b1303-bf91-4e7d-aae8-d2c20944cc9f/balls 201
2026-06-27 12:40:19 - GET /api/v1/matches/1e6b1303-bf91-4e7d-aae8-d2c20944cc9f/scorecard 200
2026-06-27 12:40:19 - GET /api/v1/players/3ba3e9d5-3846-4a1d-8731-59ff9965ec9c 200
2026-06-27 12:40:20 - POST /api/v1/auth/login 200
2026-06-27 12:40:20 - POST /api/v1/players/ 201
2026-06-27 12:40:20 - POST /api/v1/players/ 201
2026-06-27 12:40:20 - POST /api/v1/players/ 201
2026-06-27 12:40:20 - POST /api/v1/players/ 201
2026-06-27 12:40:20 - POST /api/v1/players/ 201
2026-06-27 12:40:20 - POST /api/v1/teams/ 201
2026-06-27 12:40:20 - POST /api/v1/teams/ 201
2026-06-27 12:40:20 - POST /api/v1/teams/fa90791e-1bcc-4b9f-a8ca-a32d829aa12f/players 200
2026-06-27 12:40:20 - POST /api/v1/teams/fa90791e-1bcc-4b9f-a8ca-a32d829aa12f/players 200
2026-06-27 12:40:20 - POST /api/v1/teams/fa90791e-1bcc-4b9f-a8ca-a32d829aa12f/players 200
2026-06-27 12:40:20 - POST /api/v1/teams/2e8ae42d-c5ed-45f6-aa8b-55a9d7bf4e53/players 200
2026-06-27 12:40:20 - POST /api/v1/teams/2e8ae42d-c5ed-45f6-aa8b-55a9d7bf4e53/players 200
2026-06-27 12:40:20 - POST /api/v1/matches/ 201
2026-06-27 12:40:20 - POST /api/v1/matches/f3c56a60-58ca-48e2-b6be-f2e6c98ded74/toss 200
2026-06-27 12:40:20 - POST /api/v1/matches/f3c56a60-58ca-48e2-b6be-f2e6c98ded74/squads 200
2026-06-27 12:40:20 - POST /api/v1/matches/f3c56a60-58ca-48e2-b6be-f2e6c98ded74/squads 200
2026-06-27 12:40:20 - POST /api/v1/matches/f3c56a60-58ca-48e2-b6be-f2e6c98ded74/balls 201
2026-06-27 12:40:20 - POST /api/v1/matches/f3c56a60-58ca-48e2-b6be-f2e6c98ded74/balls 201
2026-06-27 12:40:20 - POST /api/v1/matches/f3c56a60-58ca-48e2-b6be-f2e6c98ded74/balls 201
2026-06-27 12:40:20 - POST /api/v1/matches/f3c56a60-58ca-48e2-b6be-f2e6c98ded74/balls 201
2026-06-27 12:40:20 - POST /api/v1/matches/f3c56a60-58ca-48e2-b6be-f2e6c98ded74/balls 201
2026-06-27 12:40:20 - GET /api/v1/matches/f3c56a60-58ca-48e2-b6be-f2e6c98ded74/scorecard 200
2026-06-27 12:40:22 - POST /api/v1/auth/login 200
2026-06-27 12:40:22 - POST /api/v1/players/ 201
2026-06-27 12:40:22 - POST /api/v1/players/ 201
2026-06-27 12:40:22 - POST /api/v1/players/ 201
2026-06-27 12:40:22 - POST /api/v1/players/ 201
2026-06-27 12:40:22 - POST /api/v1/teams/ 201
2026-06-27 12:40:22 - POST /api/v1/teams/ 201
2026-06-27 12:40:22 - POST /api/v1/teams/4eb58f01-8121-4a50-a9e1-9e3add066274/players 200
2026-06-27 12:40:22 - POST /api/v1/teams/4eb58f01-8121-4a50-a9e1-9e3add066274/players 200
2026-06-27 12:40:22 - POST /api/v1/teams/80284822-c3d0-49b1-bbe8-63abe044c98b/players 200
2026-06-27 12:40:22 - POST /api/v1/teams/80284822-c3d0-49b1-bbe8-63abe044c98b/players 200
2026-06-27 12:40:22 - POST /api/v1/matches/ 201
2026-06-27 12:40:22 - POST /api/v1/matches/0380a9a4-bb00-46eb-8614-c456bb50c6d5/toss 200
2026-06-27 12:40:22 - POST /api/v1/matches/0380a9a4-bb00-46eb-8614-c456bb50c6d5/squads 200
2026-06-27 12:40:22 - POST /api/v1/matches/0380a9a4-bb00-46eb-8614-c456bb50c6d5/squads 200
2026-06-27 12:40:22 - POST /api/v1/matches/0380a9a4-bb00-46eb-8614-c456bb50c6d5/balls 201
2026-06-27 12:40:22 - POST /api/v1/matches/0380a9a4-bb00-46eb-8614-c456bb50c6d5/balls 201
2026-06-27 12:40:22 - POST /api/v1/matches/0380a9a4-bb00-46eb-8614-c456bb50c6d5/balls 201
2026-06-27 12:40:22 - POST /api/v1/matches/0380a9a4-bb00-46eb-8614-c456bb50c6d5/balls 201
2026-06-27 12:40:22 - POST /api/v1/matches/0380a9a4-bb00-46eb-8614-c456bb50c6d5/balls 201
2026-06-27 12:40:22 - POST /api/v1/matches/0380a9a4-bb00-46eb-8614-c456bb50c6d5/balls 201
2026-06-27 12:40:22 - POST /api/v1/matches/0380a9a4-bb00-46eb-8614-c456bb50c6d5/balls 201
2026-06-27 12:40:22 - GET /api/v1/matches/0380a9a4-bb00-46eb-8614-c456bb50c6d5/scorecard 200
2026-06-27 12:40:24 - POST /api/v1/auth/signup 201
2026-06-27 12:40:25 - POST /api/v1/auth/login 200
2026-06-27 12:40:26 - POST /api/v1/auth/login 200
2026-06-27 12:40:26 - POST /api/v1/players/ 201
2026-06-27 12:40:26 - POST /api/v1/players/ 201
2026-06-27 12:40:26 - POST /api/v1/players/ 201
2026-06-27 12:40:26 - POST /api/v1/players/ 201
2026-06-27 12:40:26 - POST /api/v1/players/ 201
2026-06-27 12:40:26 - POST /api/v1/teams/ 201
2026-06-27 12:40:27 - POST /api/v1/teams/ 201
2026-06-27 12:40:27 - POST /api/v1/teams/e61743f4-4dbc-4624-9a2e-dc47420943a7/players 200
2026-06-27 12:40:27 - POST /api/v1/teams/e61743f4-4dbc-4624-9a2e-dc47420943a7/players 200
2026-06-27 12:40:27 - POST /api/v1/teams/e61743f4-4dbc-4624-9a2e-dc47420943a7/players 200
2026-06-27 12:40:27 - POST /api/v1/teams/1a21b31d-7aeb-4386-9974-c36ab4d47938/players 200
2026-06-27 12:40:27 - POST /api/v1/teams/1a21b31d-7aeb-4386-9974-c36ab4d47938/players 200
2026-06-27 12:40:27 - POST /api/v1/matches/ 201
2026-06-27 12:40:27 - POST /api/v1/matches/cb943797-3659-4206-8d8b-4bc2aa2e8d0c/toss 200
2026-06-27 12:40:27 - POST /api/v1/matches/cb943797-3659-4206-8d8b-4bc2aa2e8d0c/squads 200
2026-06-27 12:40:27 - POST /api/v1/matches/cb943797-3659-4206-8d8b-4bc2aa2e8d0c/squads 200
2026-06-27 12:40:27 - POST /api/v1/matches/cb943797-3659-4206-8d8b-4bc2aa2e8d0c/balls 201
2026-06-27 12:40:27 - GET /api/v1/matches/cb943797-3659-4206-8d8b-4bc2aa2e8d0c/live 200
2026-06-27 12:40:27 - POST /api/v1/matches/cb943797-3659-4206-8d8b-4bc2aa2e8d0c/balls 201
2026-06-27 12:40:27 - GET /api/v1/matches/cb943797-3659-4206-8d8b-4bc2aa2e8d0c/live 200
2026-06-27 12:40:27 - POST /api/v1/matches/cb943797-3659-4206-8d8b-4bc2aa2e8d0c/balls 201
2026-06-27 12:40:27 - GET /api/v1/matches/cb943797-3659-4206-8d8b-4bc2aa2e8d0c/live 200
2026-06-27 12:40:27 - POST /api/v1/matches/cb943797-3659-4206-8d8b-4bc2aa2e8d0c/balls 201
2026-06-27 12:40:27 - GET /api/v1/matches/cb943797-3659-4206-8d8b-4bc2aa2e8d0c/live 200
2026-06-27 12:40:27 - POST /api/v1/matches/cb943797-3659-4206-8d8b-4bc2aa2e8d0c/undo 200
2026-06-27 12:40:27 - GET /api/v1/matches/cb943797-3659-4206-8d8b-4bc2aa2e8d0c/live 200
2026-06-27 12:40:27 - GET /api/v1/auth/me 401
2026-06-27 12:40:27 - GET /api/v1/auth/me 401
2026-06-27 12:40:29 - POST /api/v1/auth/login 200
2026-06-27 12:40:29 - POST /api/v1/players/ 201
2026-06-27 12:40:29 - POST /api/v1/players/ 201
2026-06-27 12:40:29 - POST /api/v1/players/ 201
2026-06-27 12:40:29 - POST /api/v1/players/ 201
2026-06-27 12:40:29 - POST /api/v1/players/ 201
2026-06-27 12:40:29 - POST /api/v1/teams/ 201
2026-06-27 12:40:29 - POST /api/v1/teams/ 201
2026-06-27 12:40:29 - POST /api/v1/teams/fbf49832-8c18-418a-828c-738f8fee6cdc/players 200
2026-06-27 12:40:29 - POST /api/v1/teams/fbf49832-8c18-418a-828c-738f8fee6cdc/players 200
2026-06-27 12:40:29 - POST /api/v1/teams/fbf49832-8c18-418a-828c-738f8fee6cdc/players 200
2026-06-27 12:40:29 - POST /api/v1/teams/5d989892-7fd9-4f27-8cc6-28a89920c06c/players 200
2026-06-27 12:40:29 - POST /api/v1/teams/5d989892-7fd9-4f27-8cc6-28a89920c06c/players 200
2026-06-27 12:40:29 - POST /api/v1/matches/ 201
2026-06-27 12:40:29 - POST /api/v1/matches/a3aa3849-c2a3-4977-a633-15181742be89/toss 200
2026-06-27 12:40:29 - POST /api/v1/matches/a3aa3849-c2a3-4977-a633-15181742be89/squads 200
2026-06-27 12:40:29 - POST /api/v1/matches/a3aa3849-c2a3-4977-a633-15181742be89/squads 200
2026-06-27 12:40:29 - POST /api/v1/matches/a3aa3849-c2a3-4977-a633-15181742be89/balls 201
2026-06-27 12:40:29 - GET /api/v1/matches/a3aa3849-c2a3-4977-a633-15181742be89/live 200
2026-06-27 12:40:29 - POST /api/v1/matches/a3aa3849-c2a3-4977-a633-15181742be89/balls 201
2026-06-27 12:40:29 - GET /api/v1/matches/a3aa3849-c2a3-4977-a633-15181742be89/live 200
2026-06-27 12:40:29 - POST /api/v1/matches/a3aa3849-c2a3-4977-a633-15181742be89/balls 201
2026-06-27 12:40:29 - GET /api/v1/matches/a3aa3849-c2a3-4977-a633-15181742be89/live 200
2026-06-27 12:40:29 - POST /api/v1/matches/a3aa3849-c2a3-4977-a633-15181742be89/balls 201
2026-06-27 12:40:29 - GET /api/v1/matches/a3aa3849-c2a3-4977-a633-15181742be89/live 200
2026-06-27 12:40:29 - POST /api/v1/matches/a3aa3849-c2a3-4977-a633-15181742be89/balls 201
2026-06-27 12:40:29 - GET /api/v1/matches/a3aa3849-c2a3-4977-a633-15181742be89/live 200
2026-06-27 12:40:29 - POST /api/v1/matches/a3aa3849-c2a3-4977-a633-15181742be89/balls 201
2026-06-27 12:40:29 - GET /api/v1/matches/a3aa3849-c2a3-4977-a633-15181742be89/live 200
2026-06-27 12:40:29 - POST /api/v1/matches/a3aa3849-c2a3-4977-a633-15181742be89/balls 201
2026-06-27 12:40:29 - GET /api/v1/matches/a3aa3849-c2a3-4977-a633-15181742be89/live 200
2026-06-27 12:40:29 - GET /api/v1/matches/a3aa3849-c2a3-4977-a633-15181742be89/scorecard 200
2026-06-27 12:40:32 - POST /api/v1/auth/signup 201
2026-06-27 12:40:35 - POST /api/v1/auth/signup 201
2026-06-27 12:40:37 - POST /api/v1/auth/signup 201
2026-06-27 12:40:37 - POST /api/v1/auth/login 200
2026-06-27 12:40:38 - POST /api/v1/auth/login 200
2026-06-27 12:40:38 - POST /api/v1/auth/login 200
2026-06-27 12:40:38 - POST /api/v1/teams/ 201
2026-06-27 12:40:38 - GET /api/v1/teams/my-teams 200
2026-06-27 12:40:38 - POST /api/v1/teams/101ba419-0d24-4a75-98d4-f802f8a77b2b/join-request 200
2026-06-27 12:40:38 - GET /api/v1/teams/my-teams 200
2026-06-27 12:40:39 - POST /api/v1/teams/101ba419-0d24-4a75-98d4-f802f8a77b2b/approve-request 403
2026-06-27 12:40:39 - POST /api/v1/teams/101ba419-0d24-4a75-98d4-f802f8a77b2b/approve-request 200
2026-06-27 12:40:39 - POST /api/v1/teams/101ba419-0d24-4a75-98d4-f802f8a77b2b/members 200
2026-06-27 12:40:39 - POST /api/v1/teams/101ba419-0d24-4a75-98d4-f802f8a77b2b/invitations/accept 200
2026-06-27 12:40:39 - GET /api/v1/teams/101ba419-0d24-4a75-98d4-f802f8a77b2b/members 200
2026-06-27 12:40:39 - DELETE /api/v1/teams/101ba419-0d24-4a75-98d4-f802f8a77b2b/members/3d036053-ebb6-4d9e-b447-97d74000d4d8 204
2026-06-27 12:40:39 - GET /api/v1/teams/101ba419-0d24-4a75-98d4-f802f8a77b2b/members 200
2026-06-27 12:40:40 - POST /api/v1/auth/login 200
2026-06-27 12:40:40 - POST /api/v1/teams/ 201
2026-06-27 12:40:41 - POST /api/v1/auth/login 200
2026-06-27 12:40:41 - POST /api/v1/teams/0acd75cc-084f-41a4-8058-b0802bf5afa1/members 200
2026-06-27 12:40:41 - GET /api/v1/notifications/ 200
2026-06-27 12:40:41 - GET /api/v1/teams/my-invitations 200
2026-06-27 12:40:41 - POST /api/v1/notifications/5b4406cf-00d6-481c-bee1-5cb158f3fc51/read 200
2026-06-27 12:40:41 - POST /api/v1/teams/0acd75cc-084f-41a4-8058-b0802bf5afa1/invitations/accept 200
2026-06-27 12:40:41 - GET /api/v1/notifications/ 200
2026-06-27 12:40:43 - POST /api/v1/auth/login 200
2026-06-27 12:40:43 - POST /api/v1/teams/ 201
2026-06-27 12:40:44 - POST /api/v1/auth/login 200
2026-06-27 12:40:44 - POST /api/v1/teams/7e12f88b-e6de-4890-acc5-587f1316e44e/members 200
2026-06-27 12:40:44 - POST /api/v1/teams/7e12f88b-e6de-4890-acc5-587f1316e44e/invitations/reject 204
2026-06-27 12:40:44 - GET /api/v1/notifications/ 200
2026-06-27 12:40:45 - POST /api/v1/auth/login 200
2026-06-27 12:40:45 - POST /api/v1/teams/ 201
2026-06-27 12:40:46 - POST /api/v1/auth/login 200
2026-06-27 12:40:46 - POST /api/v1/teams/48d9d0ff-799d-4cb7-b39e-9f6d6b271c0b/join-request 200
2026-06-27 12:40:46 - POST /api/v1/teams/48d9d0ff-799d-4cb7-b39e-9f6d6b271c0b/reject-request 204
2026-06-27 12:40:46 - GET /api/v1/notifications/ 200
2026-06-27 12:40:47 - POST /api/v1/auth/login 200
2026-06-27 12:40:47 - POST /api/v1/teams/ 201
2026-06-27 12:40:48 - POST /api/v1/auth/login 200
2026-06-27 12:40:48 - PUT /api/v1/teams/85b7bad5-a466-493f-8069-bca4544b374b 403
2026-06-27 12:40:48 - DELETE /api/v1/teams/85b7bad5-a466-493f-8069-bca4544b374b 403
2026-06-27 12:40:49 - PUT /api/v1/teams/85b7bad5-a466-493f-8069-bca4544b374b 200
2026-06-27 12:40:49 - DELETE /api/v1/teams/85b7bad5-a466-493f-8069-bca4544b374b 204
2026-06-27 12:40:49 - GET /api/v1/teams/85b7bad5-a466-493f-8069-bca4544b374b 404
2026-06-27 12:40:50 - POST /api/v1/auth/login 200
2026-06-27 12:40:50 - GET /api/v1/notifications/ 200
2026-06-27 12:40:50 - POST /api/v1/notifications/read-all 204
2026-06-27 12:40:50 - GET /api/v1/notifications/ 200
2026-06-27 12:40:51 - POST /api/v1/auth/login 200
2026-06-27 12:40:51 - POST /api/v1/tournaments/ 201
2026-06-27 12:40:51 - POST /api/v1/players/ 201
2026-06-27 12:40:51 - POST /api/v1/players/ 201
2026-06-27 12:40:51 - POST /api/v1/players/ 201
2026-06-27 12:40:51 - POST /api/v1/players/ 201
2026-06-27 12:40:51 - POST /api/v1/teams/ 201
2026-06-27 12:40:51 - POST /api/v1/teams/325a51e5-91de-422c-9e10-118cc1d83313/players 200
2026-06-27 12:40:51 - POST /api/v1/teams/325a51e5-91de-422c-9e10-118cc1d83313/players 200
2026-06-27 12:40:51 - POST /api/v1/teams/325a51e5-91de-422c-9e10-118cc1d83313/players 200
2026-06-27 12:40:51 - POST /api/v1/teams/325a51e5-91de-422c-9e10-118cc1d83313/players 200
2026-06-27 12:40:51 - POST /api/v1/tournaments/815780d5-bbc4-425d-9855-61f3f978836d/teams 400
2026-06-27 12:40:51 - POST /api/v1/players/ 201
2026-06-27 12:40:51 - POST /api/v1/teams/325a51e5-91de-422c-9e10-118cc1d83313/players 200
2026-06-27 12:40:51 - POST /api/v1/tournaments/815780d5-bbc4-425d-9855-61f3f978836d/teams 200
2026-06-27 12:40:51 - DELETE /api/v1/tournaments/815780d5-bbc4-425d-9855-61f3f978836d/teams/325a51e5-91de-422c-9e10-118cc1d83313 200
2026-06-27 12:40:52 - POST /api/v1/auth/login 200
2026-06-27 12:40:52 - POST /api/v1/teams/ 201
2026-06-27 12:40:52 - POST /api/v1/players/ 201
2026-06-27 12:40:53 - POST /api/v1/teams/a5359830-3583-4446-93a2-b0ca687fd549/players 200
2026-06-27 12:40:53 - POST /api/v1/players/ 201
2026-06-27 12:40:53 - POST /api/v1/teams/a5359830-3583-4446-93a2-b0ca687fd549/players 200
2026-06-27 12:40:53 - POST /api/v1/players/ 201
2026-06-27 12:40:53 - POST /api/v1/teams/a5359830-3583-4446-93a2-b0ca687fd549/players 200
2026-06-27 12:40:53 - POST /api/v1/players/ 201
2026-06-27 12:40:53 - POST /api/v1/teams/a5359830-3583-4446-93a2-b0ca687fd549/players 200
2026-06-27 12:40:53 - POST /api/v1/players/ 201
2026-06-27 12:40:53 - POST /api/v1/teams/a5359830-3583-4446-93a2-b0ca687fd549/players 200
2026-06-27 12:40:53 - POST /api/v1/teams/ 201
2026-06-27 12:40:53 - POST /api/v1/players/ 201
2026-06-27 12:40:53 - POST /api/v1/teams/1d9484e2-4349-4fba-9f80-af20454c8484/players 200
2026-06-27 12:40:53 - POST /api/v1/players/ 201
2026-06-27 12:40:53 - POST /api/v1/teams/1d9484e2-4349-4fba-9f80-af20454c8484/players 200
2026-06-27 12:40:53 - POST /api/v1/players/ 201
2026-06-27 12:40:53 - POST /api/v1/teams/1d9484e2-4349-4fba-9f80-af20454c8484/players 200
2026-06-27 12:40:53 - POST /api/v1/players/ 201
2026-06-27 12:40:53 - POST /api/v1/teams/1d9484e2-4349-4fba-9f80-af20454c8484/players 200
2026-06-27 12:40:53 - POST /api/v1/players/ 201
2026-06-27 12:40:53 - POST /api/v1/teams/1d9484e2-4349-4fba-9f80-af20454c8484/players 200
2026-06-27 12:40:53 - POST /api/v1/tournaments/ 201
2026-06-27 12:40:53 - POST /api/v1/tournaments/de8dbb6f-cc39-4748-8223-a69d32bccd3e/teams 200
2026-06-27 12:40:53 - POST /api/v1/tournaments/de8dbb6f-cc39-4748-8223-a69d32bccd3e/teams 200
2026-06-27 12:40:53 - POST /api/v1/tournaments/de8dbb6f-cc39-4748-8223-a69d32bccd3e/fixtures/generate 201
2026-06-27 12:40:53 - GET /api/v1/tournaments/de8dbb6f-cc39-4748-8223-a69d32bccd3e/dashboard 200
2026-06-27 12:40:53 - POST /api/v1/matches/449d84fb-4c24-49b6-a25f-ca05bdc37139/toss 200
2026-06-27 12:40:53 - GET /api/v1/teams/a5359830-3583-4446-93a2-b0ca687fd549 200
2026-06-27 12:40:53 - GET /api/v1/teams/1d9484e2-4349-4fba-9f80-af20454c8484 200
2026-06-27 12:40:53 - POST /api/v1/matches/449d84fb-4c24-49b6-a25f-ca05bdc37139/squads 200
2026-06-27 12:40:53 - POST /api/v1/matches/449d84fb-4c24-49b6-a25f-ca05bdc37139/squads 200
2026-06-27 12:40:53 - POST /api/v1/matches/449d84fb-4c24-49b6-a25f-ca05bdc37139/balls 201
2026-06-27 12:40:53 - POST /api/v1/matches/449d84fb-4c24-49b6-a25f-ca05bdc37139/balls 201
2026-06-27 12:40:53 - POST /api/v1/matches/449d84fb-4c24-49b6-a25f-ca05bdc37139/balls 201
2026-06-27 12:40:53 - POST /api/v1/matches/449d84fb-4c24-49b6-a25f-ca05bdc37139/balls 201
2026-06-27 12:40:53 - POST /api/v1/matches/449d84fb-4c24-49b6-a25f-ca05bdc37139/balls 201
2026-06-27 12:40:53 - POST /api/v1/matches/449d84fb-4c24-49b6-a25f-ca05bdc37139/balls 201
2026-06-27 12:40:53 - POST /api/v1/matches/449d84fb-4c24-49b6-a25f-ca05bdc37139/balls 201
2026-06-27 12:40:53 - POST /api/v1/matches/449d84fb-4c24-49b6-a25f-ca05bdc37139/balls 201
2026-06-27 12:40:53 - POST /api/v1/matches/449d84fb-4c24-49b6-a25f-ca05bdc37139/balls 201
2026-06-27 12:40:53 - GET /api/v1/tournaments/de8dbb6f-cc39-4748-8223-a69d32bccd3e/points-table 200
2026-06-27 12:40:53 - GET /api/v1/tournaments/de8dbb6f-cc39-4748-8223-a69d32bccd3e/leaderboards 200
2026-06-27 12:40:54 - POST /api/v1/auth/login 200
2026-06-27 12:40:54 - POST /api/v1/teams/ 201
2026-06-27 12:40:54 - POST /api/v1/players/ 201
2026-06-27 12:40:54 - POST /api/v1/teams/ab437677-84a8-44b8-bdfa-8513df76fb6a/players 200
2026-06-27 12:40:54 - POST /api/v1/players/ 201
2026-06-27 12:40:54 - POST /api/v1/teams/ab437677-84a8-44b8-bdfa-8513df76fb6a/players 200
2026-06-27 12:40:54 - POST /api/v1/players/ 201
2026-06-27 12:40:54 - POST /api/v1/teams/ab437677-84a8-44b8-bdfa-8513df76fb6a/players 200
2026-06-27 12:40:54 - POST /api/v1/players/ 201
2026-06-27 12:40:54 - POST /api/v1/teams/ab437677-84a8-44b8-bdfa-8513df76fb6a/players 200
2026-06-27 12:40:54 - POST /api/v1/players/ 201
2026-06-27 12:40:55 - POST /api/v1/teams/ab437677-84a8-44b8-bdfa-8513df76fb6a/players 200
2026-06-27 12:40:55 - POST /api/v1/teams/ 201
2026-06-27 12:40:55 - POST /api/v1/players/ 201
2026-06-27 12:40:55 - POST /api/v1/teams/c88d4a6b-b70a-4540-ba2d-2e4e62ef82a4/players 200
2026-06-27 12:40:55 - POST /api/v1/players/ 201
2026-06-27 12:40:55 - POST /api/v1/teams/c88d4a6b-b70a-4540-ba2d-2e4e62ef82a4/players 200
2026-06-27 12:40:55 - POST /api/v1/players/ 201
2026-06-27 12:40:55 - POST /api/v1/teams/c88d4a6b-b70a-4540-ba2d-2e4e62ef82a4/players 200
2026-06-27 12:40:55 - POST /api/v1/players/ 201
2026-06-27 12:40:55 - POST /api/v1/teams/c88d4a6b-b70a-4540-ba2d-2e4e62ef82a4/players 200
2026-06-27 12:40:55 - POST /api/v1/players/ 201
2026-06-27 12:40:55 - POST /api/v1/teams/c88d4a6b-b70a-4540-ba2d-2e4e62ef82a4/players 200
2026-06-27 12:40:55 - POST /api/v1/teams/ 201
2026-06-27 12:40:55 - POST /api/v1/players/ 201
2026-06-27 12:40:55 - POST /api/v1/teams/141e46fc-7bb9-40e5-a98b-1f093efd3591/players 200
2026-06-27 12:40:55 - POST /api/v1/players/ 201
2026-06-27 12:40:55 - POST /api/v1/teams/141e46fc-7bb9-40e5-a98b-1f093efd3591/players 200
2026-06-27 12:40:55 - POST /api/v1/players/ 201
2026-06-27 12:40:55 - POST /api/v1/teams/141e46fc-7bb9-40e5-a98b-1f093efd3591/players 200
2026-06-27 12:40:55 - POST /api/v1/players/ 201
2026-06-27 12:40:55 - POST /api/v1/teams/141e46fc-7bb9-40e5-a98b-1f093efd3591/players 200
2026-06-27 12:40:55 - POST /api/v1/players/ 201
2026-06-27 12:40:55 - POST /api/v1/teams/141e46fc-7bb9-40e5-a98b-1f093efd3591/players 200
2026-06-27 12:40:55 - POST /api/v1/teams/ 201
2026-06-27 12:40:55 - POST /api/v1/players/ 201
2026-06-27 12:40:55 - POST /api/v1/teams/da424df4-399a-458d-be3f-874e145c4750/players 200
2026-06-27 12:40:55 - POST /api/v1/players/ 201
2026-06-27 12:40:55 - POST /api/v1/teams/da424df4-399a-458d-be3f-874e145c4750/players 200
2026-06-27 12:40:55 - POST /api/v1/players/ 201
2026-06-27 12:40:55 - POST /api/v1/teams/da424df4-399a-458d-be3f-874e145c4750/players 200
2026-06-27 12:40:55 - POST /api/v1/players/ 201
2026-06-27 12:40:55 - POST /api/v1/teams/da424df4-399a-458d-be3f-874e145c4750/players 200
2026-06-27 12:40:55 - POST /api/v1/players/ 201
2026-06-27 12:40:55 - POST /api/v1/teams/da424df4-399a-458d-be3f-874e145c4750/players 200
2026-06-27 12:40:55 - POST /api/v1/tournaments/ 201
2026-06-27 12:40:55 - POST /api/v1/tournaments/58ba4d20-ea6c-4371-9a70-33be135d32bc/teams 200
2026-06-27 12:40:55 - POST /api/v1/tournaments/58ba4d20-ea6c-4371-9a70-33be135d32bc/teams 200
2026-06-27 12:40:55 - POST /api/v1/tournaments/58ba4d20-ea6c-4371-9a70-33be135d32bc/teams 200
2026-06-27 12:40:55 - POST /api/v1/tournaments/58ba4d20-ea6c-4371-9a70-33be135d32bc/teams 200
2026-06-27 12:40:55 - POST /api/v1/tournaments/58ba4d20-ea6c-4371-9a70-33be135d32bc/fixtures/generate 201
2026-06-27 12:40:55 - GET /api/v1/tournaments/58ba4d20-ea6c-4371-9a70-33be135d32bc/dashboard 200
2026-06-27 12:40:55 - GET /api/v1/tournaments/58ba4d20-ea6c-4371-9a70-33be135d32bc/dashboard 200
2026-06-27 12:40:55 - POST /api/v1/matches/222fcf28-124c-4ff0-ac57-ea5d0c26ba0a/toss 200
2026-06-27 12:40:55 - GET /api/v1/teams/ab437677-84a8-44b8-bdfa-8513df76fb6a 200
2026-06-27 12:40:55 - GET /api/v1/teams/141e46fc-7bb9-40e5-a98b-1f093efd3591 200
2026-06-27 12:40:55 - POST /api/v1/matches/222fcf28-124c-4ff0-ac57-ea5d0c26ba0a/squads 200
2026-06-27 12:40:55 - POST /api/v1/matches/222fcf28-124c-4ff0-ac57-ea5d0c26ba0a/squads 200
2026-06-27 12:40:55 - POST /api/v1/matches/222fcf28-124c-4ff0-ac57-ea5d0c26ba0a/balls 201
2026-06-27 12:40:55 - POST /api/v1/matches/222fcf28-124c-4ff0-ac57-ea5d0c26ba0a/balls 201
2026-06-27 12:40:55 - POST /api/v1/matches/222fcf28-124c-4ff0-ac57-ea5d0c26ba0a/balls 201
2026-06-27 12:40:55 - POST /api/v1/matches/222fcf28-124c-4ff0-ac57-ea5d0c26ba0a/balls 201
2026-06-27 12:40:55 - POST /api/v1/matches/222fcf28-124c-4ff0-ac57-ea5d0c26ba0a/balls 201
2026-06-27 12:40:55 - POST /api/v1/matches/222fcf28-124c-4ff0-ac57-ea5d0c26ba0a/balls 201
2026-06-27 12:40:56 - POST /api/v1/matches/222fcf28-124c-4ff0-ac57-ea5d0c26ba0a/balls 201
2026-06-27 12:40:56 - POST /api/v1/matches/222fcf28-124c-4ff0-ac57-ea5d0c26ba0a/balls 201
2026-06-27 12:40:56 - POST /api/v1/matches/222fcf28-124c-4ff0-ac57-ea5d0c26ba0a/balls 201
2026-06-27 12:40:56 - POST /api/v1/matches/222fcf28-124c-4ff0-ac57-ea5d0c26ba0a/balls 201
2026-06-27 12:40:56 - POST /api/v1/matches/222fcf28-124c-4ff0-ac57-ea5d0c26ba0a/balls 201
2026-06-27 12:40:56 - POST /api/v1/matches/222fcf28-124c-4ff0-ac57-ea5d0c26ba0a/balls 201
2026-06-27 12:40:56 - POST /api/v1/matches/c5c413b9-abf7-44a2-8cca-e8b78e7b4b23/toss 200
2026-06-27 12:40:56 - GET /api/v1/teams/c88d4a6b-b70a-4540-ba2d-2e4e62ef82a4 200
2026-06-27 12:40:56 - GET /api/v1/teams/141e46fc-7bb9-40e5-a98b-1f093efd3591 200
2026-06-27 12:40:56 - POST /api/v1/matches/c5c413b9-abf7-44a2-8cca-e8b78e7b4b23/squads 200
2026-06-27 12:40:56 - POST /api/v1/matches/c5c413b9-abf7-44a2-8cca-e8b78e7b4b23/squads 200
2026-06-27 12:40:56 - POST /api/v1/matches/c5c413b9-abf7-44a2-8cca-e8b78e7b4b23/balls 201
2026-06-27 12:40:56 - POST /api/v1/matches/c5c413b9-abf7-44a2-8cca-e8b78e7b4b23/balls 201
2026-06-27 12:40:56 - POST /api/v1/matches/c5c413b9-abf7-44a2-8cca-e8b78e7b4b23/balls 201
2026-06-27 12:40:56 - POST /api/v1/matches/c5c413b9-abf7-44a2-8cca-e8b78e7b4b23/balls 201
2026-06-27 12:40:56 - POST /api/v1/matches/c5c413b9-abf7-44a2-8cca-e8b78e7b4b23/balls 201
2026-06-27 12:40:56 - POST /api/v1/matches/c5c413b9-abf7-44a2-8cca-e8b78e7b4b23/balls 201
2026-06-27 12:40:56 - POST /api/v1/matches/c5c413b9-abf7-44a2-8cca-e8b78e7b4b23/balls 201
2026-06-27 12:40:56 - POST /api/v1/matches/c5c413b9-abf7-44a2-8cca-e8b78e7b4b23/balls 201
2026-06-27 12:40:56 - POST /api/v1/matches/c5c413b9-abf7-44a2-8cca-e8b78e7b4b23/balls 201
2026-06-27 12:40:56 - POST /api/v1/matches/c5c413b9-abf7-44a2-8cca-e8b78e7b4b23/balls 201
2026-06-27 12:40:56 - POST /api/v1/matches/c5c413b9-abf7-44a2-8cca-e8b78e7b4b23/balls 201
2026-06-27 12:40:56 - POST /api/v1/matches/c5c413b9-abf7-44a2-8cca-e8b78e7b4b23/balls 201
2026-06-27 12:40:56 - POST /api/v1/matches/3a505ab9-40e9-4135-b91e-9cc00bf524f0/toss 200
2026-06-27 12:40:56 - GET /api/v1/teams/141e46fc-7bb9-40e5-a98b-1f093efd3591 200
2026-06-27 12:40:56 - GET /api/v1/teams/da424df4-399a-458d-be3f-874e145c4750 200
2026-06-27 12:40:56 - POST /api/v1/matches/3a505ab9-40e9-4135-b91e-9cc00bf524f0/squads 200
2026-06-27 12:40:56 - POST /api/v1/matches/3a505ab9-40e9-4135-b91e-9cc00bf524f0/squads 200
2026-06-27 12:40:56 - POST /api/v1/matches/3a505ab9-40e9-4135-b91e-9cc00bf524f0/balls 201
2026-06-27 12:40:56 - POST /api/v1/matches/3a505ab9-40e9-4135-b91e-9cc00bf524f0/balls 201
2026-06-27 12:40:56 - POST /api/v1/matches/3a505ab9-40e9-4135-b91e-9cc00bf524f0/balls 201
2026-06-27 12:40:56 - POST /api/v1/matches/3a505ab9-40e9-4135-b91e-9cc00bf524f0/balls 201
2026-06-27 12:40:56 - POST /api/v1/matches/3a505ab9-40e9-4135-b91e-9cc00bf524f0/balls 201
2026-06-27 12:40:56 - POST /api/v1/matches/3a505ab9-40e9-4135-b91e-9cc00bf524f0/balls 201
2026-06-27 12:40:56 - POST /api/v1/matches/3a505ab9-40e9-4135-b91e-9cc00bf524f0/balls 201
2026-06-27 12:40:56 - POST /api/v1/matches/3a505ab9-40e9-4135-b91e-9cc00bf524f0/balls 201
2026-06-27 12:40:56 - POST /api/v1/matches/3a505ab9-40e9-4135-b91e-9cc00bf524f0/balls 201
2026-06-27 12:40:56 - POST /api/v1/matches/3a505ab9-40e9-4135-b91e-9cc00bf524f0/balls 201
2026-06-27 12:40:57 - POST /api/v1/matches/3a505ab9-40e9-4135-b91e-9cc00bf524f0/balls 201
2026-06-27 12:40:57 - POST /api/v1/matches/3a505ab9-40e9-4135-b91e-9cc00bf524f0/balls 201
2026-06-27 12:40:57 - POST /api/v1/matches/7a6ebd6c-a136-4013-abc6-5274ae08ab3a/toss 200
2026-06-27 12:40:57 - GET /api/v1/teams/ab437677-84a8-44b8-bdfa-8513df76fb6a 200
2026-06-27 12:40:57 - GET /api/v1/teams/c88d4a6b-b70a-4540-ba2d-2e4e62ef82a4 200
2026-06-27 12:40:57 - POST /api/v1/matches/7a6ebd6c-a136-4013-abc6-5274ae08ab3a/squads 200
2026-06-27 12:40:57 - POST /api/v1/matches/7a6ebd6c-a136-4013-abc6-5274ae08ab3a/squads 200
2026-06-27 12:40:57 - POST /api/v1/matches/7a6ebd6c-a136-4013-abc6-5274ae08ab3a/balls 201
2026-06-27 12:40:57 - POST /api/v1/matches/7a6ebd6c-a136-4013-abc6-5274ae08ab3a/balls 201
2026-06-27 12:40:57 - POST /api/v1/matches/7a6ebd6c-a136-4013-abc6-5274ae08ab3a/balls 201
2026-06-27 12:40:57 - POST /api/v1/matches/7a6ebd6c-a136-4013-abc6-5274ae08ab3a/balls 201
2026-06-27 12:40:57 - POST /api/v1/matches/7a6ebd6c-a136-4013-abc6-5274ae08ab3a/balls 201
2026-06-27 12:40:57 - POST /api/v1/matches/7a6ebd6c-a136-4013-abc6-5274ae08ab3a/balls 201
2026-06-27 12:40:57 - POST /api/v1/matches/7a6ebd6c-a136-4013-abc6-5274ae08ab3a/balls 201
2026-06-27 12:40:57 - POST /api/v1/matches/7a6ebd6c-a136-4013-abc6-5274ae08ab3a/balls 201
2026-06-27 12:40:57 - POST /api/v1/matches/7a6ebd6c-a136-4013-abc6-5274ae08ab3a/balls 201
2026-06-27 12:40:57 - POST /api/v1/matches/7a6ebd6c-a136-4013-abc6-5274ae08ab3a/balls 201
2026-06-27 12:40:57 - POST /api/v1/matches/7a6ebd6c-a136-4013-abc6-5274ae08ab3a/balls 201
2026-06-27 12:40:57 - POST /api/v1/matches/7a6ebd6c-a136-4013-abc6-5274ae08ab3a/balls 201
2026-06-27 12:40:57 - POST /api/v1/matches/b5736190-f596-4ef7-9d31-035c79b2a114/toss 200
2026-06-27 12:40:57 - GET /api/v1/teams/ab437677-84a8-44b8-bdfa-8513df76fb6a 200
2026-06-27 12:40:57 - GET /api/v1/teams/da424df4-399a-458d-be3f-874e145c4750 200
2026-06-27 12:40:57 - POST /api/v1/matches/b5736190-f596-4ef7-9d31-035c79b2a114/squads 200
2026-06-27 12:40:57 - POST /api/v1/matches/b5736190-f596-4ef7-9d31-035c79b2a114/squads 200
2026-06-27 12:40:57 - POST /api/v1/matches/b5736190-f596-4ef7-9d31-035c79b2a114/balls 201
2026-06-27 12:40:57 - POST /api/v1/matches/b5736190-f596-4ef7-9d31-035c79b2a114/balls 201
2026-06-27 12:40:57 - POST /api/v1/matches/b5736190-f596-4ef7-9d31-035c79b2a114/balls 201
2026-06-27 12:40:57 - POST /api/v1/matches/b5736190-f596-4ef7-9d31-035c79b2a114/balls 201
2026-06-27 12:40:57 - POST /api/v1/matches/b5736190-f596-4ef7-9d31-035c79b2a114/balls 201
2026-06-27 12:40:57 - POST /api/v1/matches/b5736190-f596-4ef7-9d31-035c79b2a114/balls 201
2026-06-27 12:40:57 - POST /api/v1/matches/b5736190-f596-4ef7-9d31-035c79b2a114/balls 201
2026-06-27 12:40:57 - POST /api/v1/matches/b5736190-f596-4ef7-9d31-035c79b2a114/balls 201
2026-06-27 12:40:57 - POST /api/v1/matches/b5736190-f596-4ef7-9d31-035c79b2a114/balls 201
2026-06-27 12:40:57 - POST /api/v1/matches/b5736190-f596-4ef7-9d31-035c79b2a114/balls 201
2026-06-27 12:40:57 - POST /api/v1/matches/b5736190-f596-4ef7-9d31-035c79b2a114/balls 201
2026-06-27 12:40:57 - POST /api/v1/matches/b5736190-f596-4ef7-9d31-035c79b2a114/balls 201
2026-06-27 12:40:57 - POST /api/v1/matches/973243d5-c743-4093-b103-89e195766854/toss 200
2026-06-27 12:40:57 - GET /api/v1/teams/c88d4a6b-b70a-4540-ba2d-2e4e62ef82a4 200
2026-06-27 12:40:57 - GET /api/v1/teams/da424df4-399a-458d-be3f-874e145c4750 200
2026-06-27 12:40:57 - POST /api/v1/matches/973243d5-c743-4093-b103-89e195766854/squads 200
2026-06-27 12:40:58 - POST /api/v1/matches/973243d5-c743-4093-b103-89e195766854/squads 200
2026-06-27 12:40:58 - POST /api/v1/matches/973243d5-c743-4093-b103-89e195766854/balls 201
2026-06-27 12:40:58 - POST /api/v1/matches/973243d5-c743-4093-b103-89e195766854/balls 201
2026-06-27 12:40:58 - POST /api/v1/matches/973243d5-c743-4093-b103-89e195766854/balls 201
2026-06-27 12:40:58 - POST /api/v1/matches/973243d5-c743-4093-b103-89e195766854/balls 201
2026-06-27 12:40:58 - POST /api/v1/matches/973243d5-c743-4093-b103-89e195766854/balls 201
2026-06-27 12:40:58 - POST /api/v1/matches/973243d5-c743-4093-b103-89e195766854/balls 201
2026-06-27 12:40:58 - POST /api/v1/matches/973243d5-c743-4093-b103-89e195766854/balls 201
2026-06-27 12:40:58 - POST /api/v1/matches/973243d5-c743-4093-b103-89e195766854/balls 201
2026-06-27 12:40:58 - POST /api/v1/matches/973243d5-c743-4093-b103-89e195766854/balls 201
2026-06-27 12:40:58 - POST /api/v1/matches/973243d5-c743-4093-b103-89e195766854/balls 201
2026-06-27 12:40:58 - POST /api/v1/matches/973243d5-c743-4093-b103-89e195766854/balls 201
2026-06-27 12:40:58 - POST /api/v1/matches/973243d5-c743-4093-b103-89e195766854/balls 201
2026-06-27 12:40:58 - GET /api/v1/tournaments/58ba4d20-ea6c-4371-9a70-33be135d32bc/dashboard 200
2026-06-27 12:40:58 - POST /api/v1/matches/264611a8-979b-4f1d-b43f-7ffe95429f10/toss 200
2026-06-27 12:40:58 - GET /api/v1/teams/ab437677-84a8-44b8-bdfa-8513df76fb6a 200
2026-06-27 12:40:58 - GET /api/v1/teams/da424df4-399a-458d-be3f-874e145c4750 200
2026-06-27 12:40:58 - POST /api/v1/matches/264611a8-979b-4f1d-b43f-7ffe95429f10/squads 200
2026-06-27 12:40:58 - POST /api/v1/matches/264611a8-979b-4f1d-b43f-7ffe95429f10/squads 200
2026-06-27 12:40:58 - POST /api/v1/matches/264611a8-979b-4f1d-b43f-7ffe95429f10/balls 201
2026-06-27 12:40:58 - POST /api/v1/matches/264611a8-979b-4f1d-b43f-7ffe95429f10/balls 201
2026-06-27 12:40:58 - POST /api/v1/matches/264611a8-979b-4f1d-b43f-7ffe95429f10/balls 201
2026-06-27 12:40:58 - POST /api/v1/matches/264611a8-979b-4f1d-b43f-7ffe95429f10/balls 201
2026-06-27 12:40:58 - POST /api/v1/matches/264611a8-979b-4f1d-b43f-7ffe95429f10/balls 201
2026-06-27 12:40:58 - POST /api/v1/matches/264611a8-979b-4f1d-b43f-7ffe95429f10/balls 201
2026-06-27 12:40:58 - POST /api/v1/matches/264611a8-979b-4f1d-b43f-7ffe95429f10/balls 201
2026-06-27 12:40:58 - POST /api/v1/matches/264611a8-979b-4f1d-b43f-7ffe95429f10/balls 201
2026-06-27 12:40:58 - POST /api/v1/matches/264611a8-979b-4f1d-b43f-7ffe95429f10/balls 201
2026-06-27 12:40:58 - POST /api/v1/matches/264611a8-979b-4f1d-b43f-7ffe95429f10/balls 201
2026-06-27 12:40:58 - POST /api/v1/matches/264611a8-979b-4f1d-b43f-7ffe95429f10/balls 201
2026-06-27 12:40:58 - POST /api/v1/matches/264611a8-979b-4f1d-b43f-7ffe95429f10/balls 201
2026-06-27 12:40:59 - POST /api/v1/matches/240a0297-17c3-45f8-8f9c-338d885aff8d/toss 200
2026-06-27 12:40:59 - GET /api/v1/teams/c88d4a6b-b70a-4540-ba2d-2e4e62ef82a4 200
2026-06-27 12:40:59 - GET /api/v1/teams/141e46fc-7bb9-40e5-a98b-1f093efd3591 200
2026-06-27 12:40:59 - POST /api/v1/matches/240a0297-17c3-45f8-8f9c-338d885aff8d/squads 200
2026-06-27 12:40:59 - POST /api/v1/matches/240a0297-17c3-45f8-8f9c-338d885aff8d/squads 200
2026-06-27 12:40:59 - POST /api/v1/matches/240a0297-17c3-45f8-8f9c-338d885aff8d/balls 201
2026-06-27 12:40:59 - POST /api/v1/matches/240a0297-17c3-45f8-8f9c-338d885aff8d/balls 201
2026-06-27 12:40:59 - POST /api/v1/matches/240a0297-17c3-45f8-8f9c-338d885aff8d/balls 201
2026-06-27 12:40:59 - POST /api/v1/matches/240a0297-17c3-45f8-8f9c-338d885aff8d/balls 201
2026-06-27 12:40:59 - POST /api/v1/matches/240a0297-17c3-45f8-8f9c-338d885aff8d/balls 201
2026-06-27 12:40:59 - POST /api/v1/matches/240a0297-17c3-45f8-8f9c-338d885aff8d/balls 201
2026-06-27 12:40:59 - POST /api/v1/matches/240a0297-17c3-45f8-8f9c-338d885aff8d/balls 201
2026-06-27 12:40:59 - POST /api/v1/matches/240a0297-17c3-45f8-8f9c-338d885aff8d/balls 201
2026-06-27 12:40:59 - POST /api/v1/matches/240a0297-17c3-45f8-8f9c-338d885aff8d/balls 201
2026-06-27 12:40:59 - POST /api/v1/matches/240a0297-17c3-45f8-8f9c-338d885aff8d/balls 201
2026-06-27 12:40:59 - POST /api/v1/matches/240a0297-17c3-45f8-8f9c-338d885aff8d/balls 201
2026-06-27 12:40:59 - POST /api/v1/matches/240a0297-17c3-45f8-8f9c-338d885aff8d/balls 201
2026-06-27 12:40:59 - GET /api/v1/tournaments/58ba4d20-ea6c-4371-9a70-33be135d32bc/dashboard 200
2026-06-27 12:40:59 - POST /api/v1/matches/fbcef919-d175-4cbc-913c-fd23d82acc0d/toss 200
2026-06-27 12:40:59 - GET /api/v1/teams/ab437677-84a8-44b8-bdfa-8513df76fb6a 200
2026-06-27 12:40:59 - GET /api/v1/teams/c88d4a6b-b70a-4540-ba2d-2e4e62ef82a4 200
2026-06-27 12:40:59 - POST /api/v1/matches/fbcef919-d175-4cbc-913c-fd23d82acc0d/squads 200
2026-06-27 12:40:59 - POST /api/v1/matches/fbcef919-d175-4cbc-913c-fd23d82acc0d/squads 200
2026-06-27 12:40:59 - POST /api/v1/matches/fbcef919-d175-4cbc-913c-fd23d82acc0d/balls 201
2026-06-27 12:40:59 - POST /api/v1/matches/fbcef919-d175-4cbc-913c-fd23d82acc0d/balls 201
2026-06-27 12:40:59 - POST /api/v1/matches/fbcef919-d175-4cbc-913c-fd23d82acc0d/balls 201
2026-06-27 12:40:59 - POST /api/v1/matches/fbcef919-d175-4cbc-913c-fd23d82acc0d/balls 201
2026-06-27 12:40:59 - POST /api/v1/matches/fbcef919-d175-4cbc-913c-fd23d82acc0d/balls 201
2026-06-27 12:40:59 - POST /api/v1/matches/fbcef919-d175-4cbc-913c-fd23d82acc0d/balls 201
2026-06-27 12:40:59 - POST /api/v1/matches/fbcef919-d175-4cbc-913c-fd23d82acc0d/balls 201
2026-06-27 12:40:59 - POST /api/v1/matches/fbcef919-d175-4cbc-913c-fd23d82acc0d/balls 201
2026-06-27 12:40:59 - POST /api/v1/matches/fbcef919-d175-4cbc-913c-fd23d82acc0d/balls 201
2026-06-27 12:40:59 - POST /api/v1/matches/fbcef919-d175-4cbc-913c-fd23d82acc0d/balls 201
2026-06-27 12:40:59 - POST /api/v1/matches/fbcef919-d175-4cbc-913c-fd23d82acc0d/balls 201
2026-06-27 12:40:59 - POST /api/v1/matches/fbcef919-d175-4cbc-913c-fd23d82acc0d/balls 201
2026-06-27 12:40:59 - GET /api/v1/tournaments/58ba4d20-ea6c-4371-9a70-33be135d32bc/dashboard 200
2026-06-27 13:02:33 - POST /api/v1/auth/signup 422
2026-06-27 13:02:33 - POST /api/v1/auth/signup 422
2026-06-27 13:02:33 - POST /api/v1/auth/signup 422
2026-06-27 13:02:33 - POST /api/v1/auth/signup 422
2026-06-27 13:02:35 - POST /api/v1/auth/signup 201
2026-06-27 13:02:36 - POST /api/v1/auth/login 400
2026-06-27 13:02:36 - POST /api/v1/auth/verify-otp 200
2026-06-27 13:02:38 - POST /api/v1/auth/signup 201
2026-06-27 13:02:38 - POST /api/v1/auth/resend-otp 429
2026-06-27 13:02:39 - POST /api/v1/auth/resend-otp 200
2026-06-27 13:02:41 - POST /api/v1/auth/login 400
2026-06-27 13:02:41 - POST /api/v1/auth/login 400
2026-06-27 13:02:42 - POST /api/v1/auth/login 400
2026-06-27 13:02:42 - POST /api/v1/auth/login 400
2026-06-27 13:02:43 - POST /api/v1/auth/login 400
2026-06-27 13:02:43 - POST /api/v1/auth/login 403
2026-06-27 13:02:43 - POST /api/v1/auth/login 200
2026-06-27 13:02:43 - POST /api/v1/auth/forgot-password 404
2026-06-27 13:02:46 - POST /api/v1/auth/forgot-password 200
2026-06-27 13:02:46 - POST /api/v1/auth/verify-reset-otp 400
2026-06-27 13:02:46 - POST /api/v1/auth/verify-reset-otp 200
2026-06-27 13:02:46 - POST /api/v1/auth/reset-password 422
2026-06-27 13:02:46 - POST /api/v1/auth/reset-password 200
2026-06-27 13:02:46 - POST /api/v1/auth/login 200
2026-06-27 13:02:47 - POST /api/v1/auth/login 200
2026-06-27 13:02:47 - POST /api/v1/auth/complete-profile 200
2026-06-27 13:02:47 - POST /api/v1/auth/login 200
2026-06-27 13:02:47 - POST /api/v1/auth/refresh 200
2026-06-27 13:02:47 - POST /api/v1/auth/logout 200
2026-06-27 13:02:47 - POST /api/v1/auth/refresh 401
2026-06-27 13:02:49 - POST /api/v1/auth/signup 201
2026-06-27 13:02:49 - POST /api/v1/auth/signup 400
2026-06-27 13:02:49 - POST /api/v1/auth/login 400
2026-06-27 13:02:49 - POST /api/v1/auth/forgot-password 400
2026-06-27 13:02:49 - POST /api/v1/auth/verify-reset-otp 400
2026-06-27 13:02:49 - POST /api/v1/auth/reset-password 400
2026-06-27 13:02:50 - POST /api/v1/auth/signup 400
2026-06-27 13:02:52 - POST /api/v1/auth/signup 201
2026-06-27 13:02:55 - POST /api/v1/auth/signup 201
2026-06-27 13:02:55 - POST /api/v1/auth/login 200
2026-06-27 13:02:56 - POST /api/v1/auth/login 200
2026-06-27 13:02:56 - POST /api/v1/teams/ 201
2026-06-27 13:02:56 - GET /api/v1/teams/ 200
2026-06-27 13:02:56 - PUT /api/v1/teams/667cda54-f5c5-4f5b-a687-76e5bb27cfa9 403
2026-06-27 13:02:56 - DELETE /api/v1/teams/667cda54-f5c5-4f5b-a687-76e5bb27cfa9 403
2026-06-27 13:02:56 - POST /api/v1/players/ 201
2026-06-27 13:02:56 - GET /api/v1/players/ 200
2026-06-27 13:02:56 - PUT /api/v1/players/97f44035-d021-496c-a8c7-98d1761308eb 403
2026-06-27 13:02:56 - DELETE /api/v1/players/97f44035-d021-496c-a8c7-98d1761308eb 403
2026-06-27 13:02:58 - POST /api/v1/auth/signup 201
2026-06-27 13:02:59 - POST /api/v1/auth/login 200
2026-06-27 13:02:59 - POST /api/v1/teams/ 201
2026-06-27 13:02:59 - POST /api/v1/teams/ 201
2026-06-27 13:02:59 - POST /api/v1/players/ 201
2026-06-27 13:02:59 - POST /api/v1/players/ 201
2026-06-27 13:02:59 - POST /api/v1/players/ 201
2026-06-27 13:02:59 - POST /api/v1/teams/742d59b3-130b-4f5b-b3ac-757dfe9a5cd5/players/bulk 200
2026-06-27 13:02:59 - POST /api/v1/teams/96a2075e-28f9-4633-a0d3-421d761bed73/players/bulk 400
2026-06-27 13:03:01 - POST /api/v1/auth/signup 201
2026-06-27 13:03:03 - POST /api/v1/auth/signup 201
2026-06-27 13:03:03 - POST /api/v1/auth/login 200
2026-06-27 13:03:04 - POST /api/v1/auth/login 200
2026-06-27 13:03:04 - POST /api/v1/teams/ 201
2026-06-27 13:03:04 - POST /api/v1/teams/ 201
2026-06-27 13:03:04 - POST /api/v1/matches/ 201
2026-06-27 13:03:04 - POST /api/v1/matches/eceebd26-761b-4ff2-a107-33a161be36d3/toss 403
2026-06-27 13:03:04 - POST /api/v1/matches/eceebd26-761b-4ff2-a107-33a161be36d3/toss 200
2026-06-27 13:03:06 - GET /api/v1/debug-env 200
2026-06-27 13:03:06 - GET /api/v1/debug-env 404
2026-06-27 13:03:07 - POST /api/v1/auth/login 200
2026-06-27 13:03:07 - POST /api/v1/players/ 201
2026-06-27 13:03:07 - POST /api/v1/players/ 201
2026-06-27 13:03:07 - POST /api/v1/players/ 201
2026-06-27 13:03:07 - POST /api/v1/players/ 201
2026-06-27 13:03:07 - POST /api/v1/teams/ 201
2026-06-27 13:03:07 - POST /api/v1/teams/ 201
2026-06-27 13:03:07 - POST /api/v1/teams/243b0eb4-1b07-4b4c-9522-da9afa3bb0b9/players 200
2026-06-27 13:03:07 - POST /api/v1/teams/243b0eb4-1b07-4b4c-9522-da9afa3bb0b9/players 200
2026-06-27 13:03:07 - POST /api/v1/teams/72d0db20-5844-49b4-94c4-12351941d7d3/players 200
2026-06-27 13:03:07 - POST /api/v1/teams/72d0db20-5844-49b4-94c4-12351941d7d3/players 200
2026-06-27 13:03:07 - POST /api/v1/matches/ 201
2026-06-27 13:03:07 - POST /api/v1/matches/289db8c9-6dc9-468e-a3b0-6f9e56da1d06/toss 200
2026-06-27 13:03:07 - POST /api/v1/matches/289db8c9-6dc9-468e-a3b0-6f9e56da1d06/squads 400
2026-06-27 13:03:07 - POST /api/v1/matches/289db8c9-6dc9-468e-a3b0-6f9e56da1d06/squads 200
2026-06-27 13:03:07 - POST /api/v1/matches/289db8c9-6dc9-468e-a3b0-6f9e56da1d06/squads 400
2026-06-27 13:03:07 - POST /api/v1/matches/289db8c9-6dc9-468e-a3b0-6f9e56da1d06/squads 200
2026-06-27 13:03:07 - POST /api/v1/auth/google 200
2026-06-27 13:03:07 - POST /api/v1/auth/google 400
2026-06-27 13:03:07 - POST /api/v1/auth/google 400
2026-06-27 13:03:08 - POST /api/v1/auth/google 400
2026-06-27 13:03:08 - POST /api/v1/auth/google 400
2026-06-27 13:03:09 - POST /api/v1/auth/login 200
2026-06-27 13:03:09 - POST /api/v1/players/ 201
2026-06-27 13:03:09 - POST /api/v1/players/ 201
2026-06-27 13:03:09 - POST /api/v1/teams/ 201
2026-06-27 13:03:09 - POST /api/v1/teams/ 201
2026-06-27 13:03:09 - POST /api/v1/matches/ 201
2026-06-27 13:03:09 - GET /api/v1/matches/ 200
2026-06-27 13:03:10 - POST /api/v1/auth/login 200
2026-06-27 13:03:11 - POST /api/v1/auth/login 200
2026-06-27 13:03:12 - POST /api/v1/auth/login 200
2026-06-27 13:03:12 - POST /api/v1/matches/ 201
2026-06-27 13:03:12 - POST /api/v1/matches/bf878804-d9fb-4005-9671-8c0515327542/toss 200
2026-06-27 13:03:12 - POST /api/v1/matches/bf878804-d9fb-4005-9671-8c0515327542/toss 403
2026-06-27 13:03:12 - POST /api/v1/matches/ 201
2026-06-27 13:03:12 - POST /api/v1/matches/8e0b69a2-bac4-414f-a8c5-e38ddb4dc679/toss 200
2026-06-27 13:03:12 - POST /api/v1/matches/ 201
2026-06-27 13:03:12 - POST /api/v1/matches/7afff4bf-0379-4ec8-a085-0bdf4de987bd/toss 200
2026-06-27 13:03:12 - POST /api/v1/matches/7afff4bf-0379-4ec8-a085-0bdf4de987bd/toss 403
2026-06-27 13:03:13 - POST /api/v1/auth/login 200
2026-06-27 13:03:14 - GET /api/v1/admin/analytics 200
2026-06-27 13:03:14 - GET /api/v1/admin/team-members 200
2026-06-27 13:03:14 - GET /api/v1/admin/team-members 200
2026-06-27 13:03:14 - GET /api/v1/admin/team-members 200
2026-06-27 13:03:14 - DELETE /api/v1/admin/team-members/38bf25eb-4728-41e9-a0a6-e6e8f7c4b4c4 204
2026-06-27 13:03:15 - POST /api/v1/auth/login 200
2026-06-27 13:03:16 - POST /api/v1/admin/tournaments/bulk-delete 204
2026-06-27 13:03:16 - POST /api/v1/admin/matches/bulk-delete 204
2026-06-27 13:03:16 - POST /api/v1/admin/teams/bulk-delete 204
2026-06-27 13:03:16 - POST /api/v1/admin/users/bulk-delete 204
2026-06-27 13:03:17 - POST /api/v1/auth/login 200
2026-06-27 13:03:17 - POST /api/v1/players/ 201
2026-06-27 13:03:17 - POST /api/v1/players/ 201
2026-06-27 13:03:17 - POST /api/v1/players/ 422
2026-06-27 13:03:17 - POST /api/v1/players/ 422
2026-06-27 13:03:17 - GET /api/v1/players/a6859a66-5cfb-4fab-98b7-c9c073692cc1 200
2026-06-27 13:03:17 - PUT /api/v1/players/a6859a66-5cfb-4fab-98b7-c9c073692cc1 200
2026-06-27 13:03:17 - DELETE /api/v1/players/a6859a66-5cfb-4fab-98b7-c9c073692cc1 204
2026-06-27 13:03:17 - GET /api/v1/players/a6859a66-5cfb-4fab-98b7-c9c073692cc1 404
2026-06-27 13:03:18 - POST /api/v1/auth/login 200
2026-06-27 13:03:18 - POST /api/v1/players/ 201
2026-06-27 13:03:18 - POST /api/v1/players/ 201
2026-06-27 13:03:18 - POST /api/v1/teams/ 201
2026-06-27 13:03:18 - POST /api/v1/teams/9db2cd40-3b94-4fcf-b815-1e82fe80c4da/players 200
2026-06-27 13:03:18 - PUT /api/v1/teams/9db2cd40-3b94-4fcf-b815-1e82fe80c4da 200
2026-06-27 13:03:18 - PUT /api/v1/teams/9db2cd40-3b94-4fcf-b815-1e82fe80c4da 400
2026-06-27 13:03:18 - POST /api/v1/teams/ 201
2026-06-27 13:03:18 - POST /api/v1/teams/e9997e89-384b-4f9c-b326-25649a687fa3/players 400
2026-06-27 13:03:18 - DELETE /api/v1/teams/9db2cd40-3b94-4fcf-b815-1e82fe80c4da/players/420cc4be-4f0b-401b-aac9-93f68ded0668 200
2026-06-27 13:03:18 - DELETE /api/v1/teams/9db2cd40-3b94-4fcf-b815-1e82fe80c4da 204
2026-06-27 13:03:19 - POST /api/v1/auth/login 200
2026-06-27 13:03:19 - POST /api/v1/players/ 201
2026-06-27 13:03:19 - POST /api/v1/players/ 201
2026-06-27 13:03:19 - POST /api/v1/teams/ 201
2026-06-27 13:03:19 - POST /api/v1/teams/ 201
2026-06-27 13:03:19 - POST /api/v1/teams/24488260-5a10-47b4-95ce-1ecee6cecf90/players 200
2026-06-27 13:03:19 - POST /api/v1/teams/5244d99b-7b1b-42cc-9b68-becc3ce9a4f4/players 200
2026-06-27 13:03:19 - POST /api/v1/matches/ 201
2026-06-27 13:03:19 - POST /api/v1/matches/44838122-7141-444e-9694-8f7752653541/squads 200
2026-06-27 13:03:19 - POST /api/v1/matches/44838122-7141-444e-9694-8f7752653541/toss 200
2026-06-27 13:03:19 - DELETE /api/v1/players/70978532-9142-450c-a9a8-cc5c5635b284 400
2026-06-27 13:03:19 - DELETE /api/v1/teams/24488260-5a10-47b4-95ce-1ecee6cecf90/players/70978532-9142-450c-a9a8-cc5c5635b284 400
2026-06-27 13:03:19 - DELETE /api/v1/teams/24488260-5a10-47b4-95ce-1ecee6cecf90 400
2026-06-27 13:03:20 - POST /api/v1/auth/login 200
2026-06-27 13:03:20 - GET /api/v1/profile/ 200
2026-06-27 13:03:21 - POST /api/v1/auth/login 200
2026-06-27 13:03:21 - PUT /api/v1/profile/ 200
2026-06-27 13:03:21 - PUT /api/v1/profile/ 400
2026-06-27 13:03:22 - POST /api/v1/auth/login 200
2026-06-27 13:03:22 - GET /api/v1/profile/stats 200
2026-06-27 13:03:23 - POST /api/v1/auth/login 200
2026-06-27 13:03:23 - GET /api/v1/profile/activity 200
2026-06-27 13:03:23 - GET /api/v1/profile/achievements 200
2026-06-27 13:03:24 - POST /api/v1/auth/login 200
2026-06-27 13:03:24 - POST /api/v1/profile/upload-photo 200
2026-06-27 13:03:24 - GET /api/v1/profile/ 200
2026-06-27 13:03:25 - POST /api/v1/auth/login 200
2026-06-27 13:03:25 - POST /api/v1/players/ 201
2026-06-27 13:03:25 - POST /api/v1/players/ 201
2026-06-27 13:03:25 - POST /api/v1/players/ 201
2026-06-27 13:03:25 - POST /api/v1/players/ 201
2026-06-27 13:03:25 - POST /api/v1/players/ 201
2026-06-27 13:03:25 - POST /api/v1/teams/ 201
2026-06-27 13:03:25 - POST /api/v1/teams/ 201
2026-06-27 13:03:25 - POST /api/v1/teams/075889f1-8eb8-4702-b015-4d11f336ed3d/players 200
2026-06-27 13:03:25 - POST /api/v1/teams/075889f1-8eb8-4702-b015-4d11f336ed3d/players 200
2026-06-27 13:03:25 - POST /api/v1/teams/075889f1-8eb8-4702-b015-4d11f336ed3d/players 200
2026-06-27 13:03:25 - POST /api/v1/teams/7424f6f2-8232-4157-84a0-ef5fa44e1736/players 200
2026-06-27 13:03:25 - POST /api/v1/teams/7424f6f2-8232-4157-84a0-ef5fa44e1736/players 200
2026-06-27 13:03:25 - POST /api/v1/matches/ 201
2026-06-27 13:03:25 - POST /api/v1/matches/30885018-c572-46c1-8d52-44fff56b9cf7/toss 200
2026-06-27 13:03:25 - POST /api/v1/matches/30885018-c572-46c1-8d52-44fff56b9cf7/squads 200
2026-06-27 13:03:25 - POST /api/v1/matches/30885018-c572-46c1-8d52-44fff56b9cf7/squads 200
2026-06-27 13:03:25 - POST /api/v1/matches/30885018-c572-46c1-8d52-44fff56b9cf7/balls 201
2026-06-27 13:03:25 - POST /api/v1/matches/30885018-c572-46c1-8d52-44fff56b9cf7/balls 201
2026-06-27 13:03:25 - POST /api/v1/matches/30885018-c572-46c1-8d52-44fff56b9cf7/balls 201
2026-06-27 13:03:25 - POST /api/v1/matches/30885018-c572-46c1-8d52-44fff56b9cf7/balls 201
2026-06-27 13:03:26 - POST /api/v1/matches/30885018-c572-46c1-8d52-44fff56b9cf7/balls 201
2026-06-27 13:03:26 - POST /api/v1/matches/30885018-c572-46c1-8d52-44fff56b9cf7/balls 201
2026-06-27 13:03:26 - POST /api/v1/matches/30885018-c572-46c1-8d52-44fff56b9cf7/balls 201
2026-06-27 13:03:26 - POST /api/v1/matches/30885018-c572-46c1-8d52-44fff56b9cf7/balls 201
2026-06-27 13:03:26 - POST /api/v1/matches/30885018-c572-46c1-8d52-44fff56b9cf7/balls 201
2026-06-27 13:03:26 - POST /api/v1/matches/30885018-c572-46c1-8d52-44fff56b9cf7/balls 201
2026-06-27 13:03:26 - POST /api/v1/matches/30885018-c572-46c1-8d52-44fff56b9cf7/balls 201
2026-06-27 13:03:26 - POST /api/v1/matches/30885018-c572-46c1-8d52-44fff56b9cf7/balls 201
2026-06-27 13:03:26 - GET /api/v1/matches/30885018-c572-46c1-8d52-44fff56b9cf7/scorecard 200
2026-06-27 13:03:26 - GET /api/v1/players/6612e6cf-3d35-4b1a-a923-8cb6b9990fcf 200
2026-06-27 13:03:27 - POST /api/v1/auth/login 200
2026-06-27 13:03:27 - POST /api/v1/players/ 201
2026-06-27 13:03:27 - POST /api/v1/players/ 201
2026-06-27 13:03:27 - POST /api/v1/players/ 201
2026-06-27 13:03:27 - POST /api/v1/players/ 201
2026-06-27 13:03:27 - POST /api/v1/players/ 201
2026-06-27 13:03:27 - POST /api/v1/teams/ 201
2026-06-27 13:03:27 - POST /api/v1/teams/ 201
2026-06-27 13:03:27 - POST /api/v1/teams/f19f7439-e7a1-472f-9ab1-845f4d6fce76/players 200
2026-06-27 13:03:27 - POST /api/v1/teams/f19f7439-e7a1-472f-9ab1-845f4d6fce76/players 200
2026-06-27 13:03:27 - POST /api/v1/teams/f19f7439-e7a1-472f-9ab1-845f4d6fce76/players 200
2026-06-27 13:03:27 - POST /api/v1/teams/01df41af-dee4-4058-9199-e9237c7e847d/players 200
2026-06-27 13:03:27 - POST /api/v1/teams/01df41af-dee4-4058-9199-e9237c7e847d/players 200
2026-06-27 13:03:27 - POST /api/v1/matches/ 201
2026-06-27 13:03:27 - POST /api/v1/matches/2a7b3c83-d607-4d29-8cca-b67adc25757d/toss 200
2026-06-27 13:03:27 - POST /api/v1/matches/2a7b3c83-d607-4d29-8cca-b67adc25757d/squads 200
2026-06-27 13:03:27 - POST /api/v1/matches/2a7b3c83-d607-4d29-8cca-b67adc25757d/squads 200
2026-06-27 13:03:27 - POST /api/v1/matches/2a7b3c83-d607-4d29-8cca-b67adc25757d/balls 201
2026-06-27 13:03:27 - POST /api/v1/matches/2a7b3c83-d607-4d29-8cca-b67adc25757d/balls 201
2026-06-27 13:03:27 - POST /api/v1/matches/2a7b3c83-d607-4d29-8cca-b67adc25757d/balls 201
2026-06-27 13:03:27 - POST /api/v1/matches/2a7b3c83-d607-4d29-8cca-b67adc25757d/balls 201
2026-06-27 13:03:27 - POST /api/v1/matches/2a7b3c83-d607-4d29-8cca-b67adc25757d/balls 201
2026-06-27 13:03:27 - GET /api/v1/matches/2a7b3c83-d607-4d29-8cca-b67adc25757d/scorecard 200
2026-06-27 13:03:28 - POST /api/v1/auth/login 200
2026-06-27 13:03:28 - POST /api/v1/players/ 201
2026-06-27 13:03:28 - POST /api/v1/players/ 201
2026-06-27 13:03:28 - POST /api/v1/players/ 201
2026-06-27 13:03:28 - POST /api/v1/players/ 201
2026-06-27 13:03:28 - POST /api/v1/teams/ 201
2026-06-27 13:03:28 - POST /api/v1/teams/ 201
2026-06-27 13:03:28 - POST /api/v1/teams/56bd437e-046a-4d4a-895d-1c9d3c628e66/players 200
2026-06-27 13:03:28 - POST /api/v1/teams/56bd437e-046a-4d4a-895d-1c9d3c628e66/players 200
2026-06-27 13:03:28 - POST /api/v1/teams/3d1e29e2-539f-4c18-abdb-5b80ad893e1f/players 200
2026-06-27 13:03:28 - POST /api/v1/teams/3d1e29e2-539f-4c18-abdb-5b80ad893e1f/players 200
2026-06-27 13:03:28 - POST /api/v1/matches/ 201
2026-06-27 13:03:28 - POST /api/v1/matches/02cb2223-103a-4714-851c-f8ac14c9676b/toss 200
2026-06-27 13:03:28 - POST /api/v1/matches/02cb2223-103a-4714-851c-f8ac14c9676b/squads 200
2026-06-27 13:03:28 - POST /api/v1/matches/02cb2223-103a-4714-851c-f8ac14c9676b/squads 200
2026-06-27 13:03:28 - POST /api/v1/matches/02cb2223-103a-4714-851c-f8ac14c9676b/balls 201
2026-06-27 13:03:28 - POST /api/v1/matches/02cb2223-103a-4714-851c-f8ac14c9676b/balls 201
2026-06-27 13:03:28 - POST /api/v1/matches/02cb2223-103a-4714-851c-f8ac14c9676b/balls 201
2026-06-27 13:03:28 - POST /api/v1/matches/02cb2223-103a-4714-851c-f8ac14c9676b/balls 201
2026-06-27 13:03:28 - POST /api/v1/matches/02cb2223-103a-4714-851c-f8ac14c9676b/balls 201
2026-06-27 13:03:28 - POST /api/v1/matches/02cb2223-103a-4714-851c-f8ac14c9676b/balls 201
2026-06-27 13:03:28 - POST /api/v1/matches/02cb2223-103a-4714-851c-f8ac14c9676b/balls 201
2026-06-27 13:03:29 - GET /api/v1/matches/02cb2223-103a-4714-851c-f8ac14c9676b/scorecard 200
2026-06-27 13:03:31 - POST /api/v1/auth/signup 201
2026-06-27 13:03:31 - POST /api/v1/auth/login 200
2026-06-27 13:03:32 - POST /api/v1/auth/login 200
2026-06-27 13:03:32 - POST /api/v1/players/ 201
2026-06-27 13:03:32 - POST /api/v1/players/ 201
2026-06-27 13:03:32 - POST /api/v1/players/ 201
2026-06-27 13:03:32 - POST /api/v1/players/ 201
2026-06-27 13:03:32 - POST /api/v1/players/ 201
2026-06-27 13:03:32 - POST /api/v1/teams/ 201
2026-06-27 13:03:32 - POST /api/v1/teams/ 201
2026-06-27 13:03:32 - POST /api/v1/teams/9810b369-134f-4b2a-b22f-17b0b4b567d7/players 200
2026-06-27 13:03:32 - POST /api/v1/teams/9810b369-134f-4b2a-b22f-17b0b4b567d7/players 200
2026-06-27 13:03:32 - POST /api/v1/teams/9810b369-134f-4b2a-b22f-17b0b4b567d7/players 200
2026-06-27 13:03:32 - POST /api/v1/teams/7bcbf3dd-89ba-4de0-ad1d-e3e951d18e43/players 200
2026-06-27 13:03:32 - POST /api/v1/teams/7bcbf3dd-89ba-4de0-ad1d-e3e951d18e43/players 200
2026-06-27 13:03:32 - POST /api/v1/matches/ 201
2026-06-27 13:03:32 - POST /api/v1/matches/9e009880-8726-4829-b31a-b693ec146d32/toss 200
2026-06-27 13:03:32 - POST /api/v1/matches/9e009880-8726-4829-b31a-b693ec146d32/squads 200
2026-06-27 13:03:32 - POST /api/v1/matches/9e009880-8726-4829-b31a-b693ec146d32/squads 200
2026-06-27 13:03:32 - POST /api/v1/matches/9e009880-8726-4829-b31a-b693ec146d32/balls 201
2026-06-27 13:03:32 - GET /api/v1/matches/9e009880-8726-4829-b31a-b693ec146d32/live 200
2026-06-27 13:03:32 - POST /api/v1/matches/9e009880-8726-4829-b31a-b693ec146d32/balls 201
2026-06-27 13:03:32 - GET /api/v1/matches/9e009880-8726-4829-b31a-b693ec146d32/live 200
2026-06-27 13:03:32 - POST /api/v1/matches/9e009880-8726-4829-b31a-b693ec146d32/balls 201
2026-06-27 13:03:32 - GET /api/v1/matches/9e009880-8726-4829-b31a-b693ec146d32/live 200
2026-06-27 13:03:32 - POST /api/v1/matches/9e009880-8726-4829-b31a-b693ec146d32/balls 201
2026-06-27 13:03:32 - GET /api/v1/matches/9e009880-8726-4829-b31a-b693ec146d32/live 200
2026-06-27 13:03:32 - POST /api/v1/matches/9e009880-8726-4829-b31a-b693ec146d32/undo 200
2026-06-27 13:03:32 - GET /api/v1/matches/9e009880-8726-4829-b31a-b693ec146d32/live 200
2026-06-27 13:03:32 - GET /api/v1/auth/me 401
2026-06-27 13:03:32 - GET /api/v1/auth/me 401
2026-06-27 13:03:33 - POST /api/v1/auth/login 200
2026-06-27 13:03:33 - POST /api/v1/players/ 201
2026-06-27 13:03:33 - POST /api/v1/players/ 201
2026-06-27 13:03:33 - POST /api/v1/players/ 201
2026-06-27 13:03:33 - POST /api/v1/players/ 201
2026-06-27 13:03:33 - POST /api/v1/players/ 201
2026-06-27 13:03:33 - POST /api/v1/teams/ 201
2026-06-27 13:03:33 - POST /api/v1/teams/ 201
2026-06-27 13:03:33 - POST /api/v1/teams/1790314a-d1d0-45b1-b684-873ed6cea5bb/players 200
2026-06-27 13:03:33 - POST /api/v1/teams/1790314a-d1d0-45b1-b684-873ed6cea5bb/players 200
2026-06-27 13:03:33 - POST /api/v1/teams/1790314a-d1d0-45b1-b684-873ed6cea5bb/players 200
2026-06-27 13:03:33 - POST /api/v1/teams/5e6978cb-3674-4563-8861-38e4680b9b1e/players 200
2026-06-27 13:03:33 - POST /api/v1/teams/5e6978cb-3674-4563-8861-38e4680b9b1e/players 200
2026-06-27 13:03:33 - POST /api/v1/matches/ 201
2026-06-27 13:03:33 - POST /api/v1/matches/e0e24447-06b6-4baf-adba-3da0538099b6/toss 200
2026-06-27 13:03:33 - POST /api/v1/matches/e0e24447-06b6-4baf-adba-3da0538099b6/squads 200
2026-06-27 13:03:33 - POST /api/v1/matches/e0e24447-06b6-4baf-adba-3da0538099b6/squads 200
2026-06-27 13:03:33 - POST /api/v1/matches/e0e24447-06b6-4baf-adba-3da0538099b6/balls 201
2026-06-27 13:03:33 - GET /api/v1/matches/e0e24447-06b6-4baf-adba-3da0538099b6/live 200
2026-06-27 13:03:34 - POST /api/v1/matches/e0e24447-06b6-4baf-adba-3da0538099b6/balls 201
2026-06-27 13:03:34 - GET /api/v1/matches/e0e24447-06b6-4baf-adba-3da0538099b6/live 200
2026-06-27 13:03:34 - POST /api/v1/matches/e0e24447-06b6-4baf-adba-3da0538099b6/balls 201
2026-06-27 13:03:34 - GET /api/v1/matches/e0e24447-06b6-4baf-adba-3da0538099b6/live 200
2026-06-27 13:03:34 - POST /api/v1/matches/e0e24447-06b6-4baf-adba-3da0538099b6/balls 201
2026-06-27 13:03:34 - GET /api/v1/matches/e0e24447-06b6-4baf-adba-3da0538099b6/live 200
2026-06-27 13:03:34 - POST /api/v1/matches/e0e24447-06b6-4baf-adba-3da0538099b6/balls 201
2026-06-27 13:03:34 - GET /api/v1/matches/e0e24447-06b6-4baf-adba-3da0538099b6/live 200
2026-06-27 13:03:34 - POST /api/v1/matches/e0e24447-06b6-4baf-adba-3da0538099b6/balls 201
2026-06-27 13:03:34 - GET /api/v1/matches/e0e24447-06b6-4baf-adba-3da0538099b6/live 200
2026-06-27 13:03:34 - POST /api/v1/matches/e0e24447-06b6-4baf-adba-3da0538099b6/balls 201
2026-06-27 13:03:34 - GET /api/v1/matches/e0e24447-06b6-4baf-adba-3da0538099b6/live 200
2026-06-27 13:03:34 - GET /api/v1/matches/e0e24447-06b6-4baf-adba-3da0538099b6/scorecard 200
2026-06-27 13:03:36 - POST /api/v1/auth/signup 201
2026-06-27 13:03:38 - POST /api/v1/auth/signup 201
2026-06-27 13:03:40 - POST /api/v1/auth/signup 201
2026-06-27 13:03:41 - POST /api/v1/auth/login 200
2026-06-27 13:03:42 - POST /api/v1/auth/login 200
2026-06-27 13:03:42 - POST /api/v1/auth/login 200
2026-06-27 13:03:42 - POST /api/v1/teams/ 201
2026-06-27 13:03:42 - GET /api/v1/teams/my-teams 200
2026-06-27 13:03:42 - POST /api/v1/teams/2e7db777-ac17-450f-aec8-4349bcd8a5f7/join-request 200
2026-06-27 13:03:42 - GET /api/v1/teams/my-teams 200
2026-06-27 13:03:42 - POST /api/v1/teams/2e7db777-ac17-450f-aec8-4349bcd8a5f7/approve-request 403
2026-06-27 13:03:42 - POST /api/v1/teams/2e7db777-ac17-450f-aec8-4349bcd8a5f7/approve-request 200
2026-06-27 13:03:42 - POST /api/v1/teams/2e7db777-ac17-450f-aec8-4349bcd8a5f7/members 200
2026-06-27 13:03:42 - POST /api/v1/teams/2e7db777-ac17-450f-aec8-4349bcd8a5f7/invitations/accept 200
2026-06-27 13:03:42 - GET /api/v1/teams/2e7db777-ac17-450f-aec8-4349bcd8a5f7/members 200
2026-06-27 13:03:42 - DELETE /api/v1/teams/2e7db777-ac17-450f-aec8-4349bcd8a5f7/members/ac4aebd3-5bab-440c-84fa-1097b8871d8b 204
2026-06-27 13:03:42 - GET /api/v1/teams/2e7db777-ac17-450f-aec8-4349bcd8a5f7/members 200
2026-06-27 13:03:44 - POST /api/v1/auth/login 200
2026-06-27 13:03:44 - POST /api/v1/teams/ 201
2026-06-27 13:03:45 - POST /api/v1/auth/login 200
2026-06-27 13:03:45 - POST /api/v1/teams/1189aa0c-8f89-4776-bcf4-36cd07d5fb7d/members 200
2026-06-27 13:03:45 - GET /api/v1/notifications/ 200
2026-06-27 13:03:45 - GET /api/v1/teams/my-invitations 200
2026-06-27 13:03:45 - POST /api/v1/notifications/009f3778-0346-409b-a46b-688061b10424/read 200
2026-06-27 13:03:45 - POST /api/v1/teams/1189aa0c-8f89-4776-bcf4-36cd07d5fb7d/invitations/accept 200
2026-06-27 13:03:45 - GET /api/v1/notifications/ 200
2026-06-27 13:03:45 - POST /api/v1/auth/login 200
2026-06-27 13:03:45 - POST /api/v1/teams/ 201
2026-06-27 13:03:47 - POST /api/v1/auth/login 200
2026-06-27 13:03:47 - POST /api/v1/teams/15ad1a7d-a647-44b0-a05c-eb876f950cd2/members 200
2026-06-27 13:03:47 - POST /api/v1/teams/15ad1a7d-a647-44b0-a05c-eb876f950cd2/invitations/reject 204
2026-06-27 13:03:47 - GET /api/v1/notifications/ 200
2026-06-27 13:03:48 - POST /api/v1/auth/login 200
2026-06-27 13:03:48 - POST /api/v1/teams/ 201
2026-06-27 13:03:49 - POST /api/v1/auth/login 200
2026-06-27 13:03:49 - POST /api/v1/teams/aadf817a-2170-49b1-8d9b-1485f17ab2ed/join-request 200
2026-06-27 13:03:49 - POST /api/v1/teams/aadf817a-2170-49b1-8d9b-1485f17ab2ed/reject-request 204
2026-06-27 13:03:49 - GET /api/v1/notifications/ 200
2026-06-27 13:03:49 - POST /api/v1/auth/login 200
2026-06-27 13:03:49 - POST /api/v1/teams/ 201
2026-06-27 13:03:49 - POST /api/v1/auth/login 200
2026-06-27 13:03:49 - PUT /api/v1/teams/a0a8a11e-4624-4262-82aa-184f3654e2e0 403
2026-06-27 13:03:49 - DELETE /api/v1/teams/a0a8a11e-4624-4262-82aa-184f3654e2e0 403
2026-06-27 13:03:49 - PUT /api/v1/teams/a0a8a11e-4624-4262-82aa-184f3654e2e0 200
2026-06-27 13:03:49 - DELETE /api/v1/teams/a0a8a11e-4624-4262-82aa-184f3654e2e0 204
2026-06-27 13:03:50 - GET /api/v1/teams/a0a8a11e-4624-4262-82aa-184f3654e2e0 404
2026-06-27 13:03:50 - POST /api/v1/auth/login 200
2026-06-27 13:03:50 - GET /api/v1/notifications/ 200
2026-06-27 13:03:50 - POST /api/v1/notifications/read-all 204
2026-06-27 13:03:50 - GET /api/v1/notifications/ 200
2026-06-27 13:03:50 - POST /api/v1/auth/login 200
2026-06-27 13:03:50 - POST /api/v1/tournaments/ 201
2026-06-27 13:03:50 - POST /api/v1/players/ 201
2026-06-27 13:03:50 - POST /api/v1/players/ 201
2026-06-27 13:03:50 - POST /api/v1/players/ 201
2026-06-27 13:03:50 - POST /api/v1/players/ 201
2026-06-27 13:03:50 - POST /api/v1/teams/ 201
2026-06-27 13:03:51 - POST /api/v1/teams/4accfd2e-4ade-4b3e-9af8-337dd5430407/players 200
2026-06-27 13:03:51 - POST /api/v1/teams/4accfd2e-4ade-4b3e-9af8-337dd5430407/players 200
2026-06-27 13:03:51 - POST /api/v1/teams/4accfd2e-4ade-4b3e-9af8-337dd5430407/players 200
2026-06-27 13:03:51 - POST /api/v1/teams/4accfd2e-4ade-4b3e-9af8-337dd5430407/players 200
2026-06-27 13:03:51 - POST /api/v1/tournaments/6a40392c-5120-4220-b8e9-8cd352ca4001/teams 400
2026-06-27 13:03:51 - POST /api/v1/players/ 201
2026-06-27 13:03:51 - POST /api/v1/teams/4accfd2e-4ade-4b3e-9af8-337dd5430407/players 200
2026-06-27 13:03:51 - POST /api/v1/tournaments/6a40392c-5120-4220-b8e9-8cd352ca4001/teams 200
2026-06-27 13:03:51 - DELETE /api/v1/tournaments/6a40392c-5120-4220-b8e9-8cd352ca4001/teams/4accfd2e-4ade-4b3e-9af8-337dd5430407 200
2026-06-27 13:03:51 - POST /api/v1/auth/login 200
2026-06-27 13:03:51 - POST /api/v1/teams/ 201
2026-06-27 13:03:51 - POST /api/v1/players/ 201
2026-06-27 13:03:51 - POST /api/v1/teams/22ff17c1-4cf6-42fc-8dc0-9fb34d385c2f/players 200
2026-06-27 13:03:51 - POST /api/v1/players/ 201
2026-06-27 13:03:51 - POST /api/v1/teams/22ff17c1-4cf6-42fc-8dc0-9fb34d385c2f/players 200
2026-06-27 13:03:51 - POST /api/v1/players/ 201
2026-06-27 13:03:51 - POST /api/v1/teams/22ff17c1-4cf6-42fc-8dc0-9fb34d385c2f/players 200
2026-06-27 13:03:51 - POST /api/v1/players/ 201
2026-06-27 13:03:51 - POST /api/v1/teams/22ff17c1-4cf6-42fc-8dc0-9fb34d385c2f/players 200
2026-06-27 13:03:51 - POST /api/v1/players/ 201
2026-06-27 13:03:51 - POST /api/v1/teams/22ff17c1-4cf6-42fc-8dc0-9fb34d385c2f/players 200
2026-06-27 13:03:51 - POST /api/v1/teams/ 201
2026-06-27 13:03:51 - POST /api/v1/players/ 201
2026-06-27 13:03:51 - POST /api/v1/teams/c0eb0375-164c-4b0d-84cc-44069a058ff4/players 200
2026-06-27 13:03:51 - POST /api/v1/players/ 201
2026-06-27 13:03:51 - POST /api/v1/teams/c0eb0375-164c-4b0d-84cc-44069a058ff4/players 200
2026-06-27 13:03:51 - POST /api/v1/players/ 201
2026-06-27 13:03:51 - POST /api/v1/teams/c0eb0375-164c-4b0d-84cc-44069a058ff4/players 200
2026-06-27 13:03:51 - POST /api/v1/players/ 201
2026-06-27 13:03:51 - POST /api/v1/teams/c0eb0375-164c-4b0d-84cc-44069a058ff4/players 200
2026-06-27 13:03:51 - POST /api/v1/players/ 201
2026-06-27 13:03:51 - POST /api/v1/teams/c0eb0375-164c-4b0d-84cc-44069a058ff4/players 200
2026-06-27 13:03:51 - POST /api/v1/tournaments/ 201
2026-06-27 13:03:51 - POST /api/v1/tournaments/cd7612b3-5732-4e32-8d51-9eb5e1e2a822/teams 200
2026-06-27 13:03:51 - POST /api/v1/tournaments/cd7612b3-5732-4e32-8d51-9eb5e1e2a822/teams 200
2026-06-27 13:03:51 - POST /api/v1/tournaments/cd7612b3-5732-4e32-8d51-9eb5e1e2a822/fixtures/generate 201
2026-06-27 13:03:51 - GET /api/v1/tournaments/cd7612b3-5732-4e32-8d51-9eb5e1e2a822/dashboard 200
2026-06-27 13:03:51 - POST /api/v1/matches/da87f1c4-9f53-4872-95be-6141068b6490/toss 200
2026-06-27 13:03:51 - GET /api/v1/teams/22ff17c1-4cf6-42fc-8dc0-9fb34d385c2f 200
2026-06-27 13:03:51 - GET /api/v1/teams/c0eb0375-164c-4b0d-84cc-44069a058ff4 200
2026-06-27 13:03:51 - POST /api/v1/matches/da87f1c4-9f53-4872-95be-6141068b6490/squads 200
2026-06-27 13:03:51 - POST /api/v1/matches/da87f1c4-9f53-4872-95be-6141068b6490/squads 200
2026-06-27 13:03:51 - POST /api/v1/matches/da87f1c4-9f53-4872-95be-6141068b6490/balls 201
2026-06-27 13:03:51 - POST /api/v1/matches/da87f1c4-9f53-4872-95be-6141068b6490/balls 201
2026-06-27 13:03:51 - POST /api/v1/matches/da87f1c4-9f53-4872-95be-6141068b6490/balls 201
2026-06-27 13:03:51 - POST /api/v1/matches/da87f1c4-9f53-4872-95be-6141068b6490/balls 201
2026-06-27 13:03:51 - POST /api/v1/matches/da87f1c4-9f53-4872-95be-6141068b6490/balls 201
2026-06-27 13:03:51 - POST /api/v1/matches/da87f1c4-9f53-4872-95be-6141068b6490/balls 201
2026-06-27 13:03:52 - POST /api/v1/matches/da87f1c4-9f53-4872-95be-6141068b6490/balls 201
2026-06-27 13:03:52 - POST /api/v1/matches/da87f1c4-9f53-4872-95be-6141068b6490/balls 201
2026-06-27 13:03:52 - POST /api/v1/matches/da87f1c4-9f53-4872-95be-6141068b6490/balls 201
2026-06-27 13:03:52 - GET /api/v1/tournaments/cd7612b3-5732-4e32-8d51-9eb5e1e2a822/points-table 200
2026-06-27 13:03:52 - GET /api/v1/tournaments/cd7612b3-5732-4e32-8d51-9eb5e1e2a822/leaderboards 200
2026-06-27 13:03:53 - POST /api/v1/auth/login 200
2026-06-27 13:03:53 - POST /api/v1/teams/ 201
2026-06-27 13:03:53 - POST /api/v1/players/ 201
2026-06-27 13:03:53 - POST /api/v1/teams/99b1c481-5c2b-434b-a4fa-c1515b262137/players 200
2026-06-27 13:03:53 - POST /api/v1/players/ 201
2026-06-27 13:03:53 - POST /api/v1/teams/99b1c481-5c2b-434b-a4fa-c1515b262137/players 200
2026-06-27 13:03:53 - POST /api/v1/players/ 201
2026-06-27 13:03:53 - POST /api/v1/teams/99b1c481-5c2b-434b-a4fa-c1515b262137/players 200
2026-06-27 13:03:53 - POST /api/v1/players/ 201
2026-06-27 13:03:53 - POST /api/v1/teams/99b1c481-5c2b-434b-a4fa-c1515b262137/players 200
2026-06-27 13:03:53 - POST /api/v1/players/ 201
2026-06-27 13:03:53 - POST /api/v1/teams/99b1c481-5c2b-434b-a4fa-c1515b262137/players 200
2026-06-27 13:03:53 - POST /api/v1/teams/ 201
2026-06-27 13:03:53 - POST /api/v1/players/ 201
2026-06-27 13:03:53 - POST /api/v1/teams/4dae301c-9d4e-46f4-ba4d-2d800288865e/players 200
2026-06-27 13:03:53 - POST /api/v1/players/ 201
2026-06-27 13:03:53 - POST /api/v1/teams/4dae301c-9d4e-46f4-ba4d-2d800288865e/players 200
2026-06-27 13:03:53 - POST /api/v1/players/ 201
2026-06-27 13:03:53 - POST /api/v1/teams/4dae301c-9d4e-46f4-ba4d-2d800288865e/players 200
2026-06-27 13:03:53 - POST /api/v1/players/ 201
2026-06-27 13:03:53 - POST /api/v1/teams/4dae301c-9d4e-46f4-ba4d-2d800288865e/players 200
2026-06-27 13:03:53 - POST /api/v1/players/ 201
2026-06-27 13:03:53 - POST /api/v1/teams/4dae301c-9d4e-46f4-ba4d-2d800288865e/players 200
2026-06-27 13:03:53 - POST /api/v1/teams/ 201
2026-06-27 13:03:53 - POST /api/v1/players/ 201
2026-06-27 13:03:53 - POST /api/v1/teams/e1bac6b8-26f4-42b1-a918-09b09777c32c/players 200
2026-06-27 13:03:53 - POST /api/v1/players/ 201
2026-06-27 13:03:53 - POST /api/v1/teams/e1bac6b8-26f4-42b1-a918-09b09777c32c/players 200
2026-06-27 13:03:53 - POST /api/v1/players/ 201
2026-06-27 13:03:53 - POST /api/v1/teams/e1bac6b8-26f4-42b1-a918-09b09777c32c/players 200
2026-06-27 13:03:53 - POST /api/v1/players/ 201
2026-06-27 13:03:53 - POST /api/v1/teams/e1bac6b8-26f4-42b1-a918-09b09777c32c/players 200
2026-06-27 13:03:53 - POST /api/v1/players/ 201
2026-06-27 13:03:53 - POST /api/v1/teams/e1bac6b8-26f4-42b1-a918-09b09777c32c/players 200
2026-06-27 13:03:53 - POST /api/v1/teams/ 201
2026-06-27 13:03:53 - POST /api/v1/players/ 201
2026-06-27 13:03:53 - POST /api/v1/teams/97de7d9a-090d-4508-bab2-93cefdce23ba/players 200
2026-06-27 13:03:53 - POST /api/v1/players/ 201
2026-06-27 13:03:53 - POST /api/v1/teams/97de7d9a-090d-4508-bab2-93cefdce23ba/players 200
2026-06-27 13:03:53 - POST /api/v1/players/ 201
2026-06-27 13:03:53 - POST /api/v1/teams/97de7d9a-090d-4508-bab2-93cefdce23ba/players 200
2026-06-27 13:03:53 - POST /api/v1/players/ 201
2026-06-27 13:03:53 - POST /api/v1/teams/97de7d9a-090d-4508-bab2-93cefdce23ba/players 200
2026-06-27 13:03:53 - POST /api/v1/players/ 201
2026-06-27 13:03:53 - POST /api/v1/teams/97de7d9a-090d-4508-bab2-93cefdce23ba/players 200
2026-06-27 13:03:53 - POST /api/v1/tournaments/ 201
2026-06-27 13:03:53 - POST /api/v1/tournaments/ad94a1e6-d7a5-49cc-9fae-93ae6eeb1152/teams 200
2026-06-27 13:03:53 - POST /api/v1/tournaments/ad94a1e6-d7a5-49cc-9fae-93ae6eeb1152/teams 200
2026-06-27 13:03:53 - POST /api/v1/tournaments/ad94a1e6-d7a5-49cc-9fae-93ae6eeb1152/teams 200
2026-06-27 13:03:53 - POST /api/v1/tournaments/ad94a1e6-d7a5-49cc-9fae-93ae6eeb1152/teams 200
2026-06-27 13:03:53 - POST /api/v1/tournaments/ad94a1e6-d7a5-49cc-9fae-93ae6eeb1152/fixtures/generate 201
2026-06-27 13:03:53 - GET /api/v1/tournaments/ad94a1e6-d7a5-49cc-9fae-93ae6eeb1152/dashboard 200
2026-06-27 13:03:53 - GET /api/v1/tournaments/ad94a1e6-d7a5-49cc-9fae-93ae6eeb1152/dashboard 200
2026-06-27 13:03:53 - POST /api/v1/matches/b59bf289-ab84-45ba-8364-9a90344db84a/toss 200
2026-06-27 13:03:53 - GET /api/v1/teams/4dae301c-9d4e-46f4-ba4d-2d800288865e 200
2026-06-27 13:03:53 - GET /api/v1/teams/97de7d9a-090d-4508-bab2-93cefdce23ba 200
2026-06-27 13:03:53 - POST /api/v1/matches/b59bf289-ab84-45ba-8364-9a90344db84a/squads 200
2026-06-27 13:03:53 - POST /api/v1/matches/b59bf289-ab84-45ba-8364-9a90344db84a/squads 200
2026-06-27 13:03:53 - POST /api/v1/matches/b59bf289-ab84-45ba-8364-9a90344db84a/balls 201
2026-06-27 13:03:53 - POST /api/v1/matches/b59bf289-ab84-45ba-8364-9a90344db84a/balls 201
2026-06-27 13:03:53 - POST /api/v1/matches/b59bf289-ab84-45ba-8364-9a90344db84a/balls 201
2026-06-27 13:03:53 - POST /api/v1/matches/b59bf289-ab84-45ba-8364-9a90344db84a/balls 201
2026-06-27 13:03:53 - POST /api/v1/matches/b59bf289-ab84-45ba-8364-9a90344db84a/balls 201
2026-06-27 13:03:54 - POST /api/v1/matches/b59bf289-ab84-45ba-8364-9a90344db84a/balls 201
2026-06-27 13:03:54 - POST /api/v1/matches/b59bf289-ab84-45ba-8364-9a90344db84a/balls 201
2026-06-27 13:03:54 - POST /api/v1/matches/b59bf289-ab84-45ba-8364-9a90344db84a/balls 201
2026-06-27 13:03:54 - POST /api/v1/matches/b59bf289-ab84-45ba-8364-9a90344db84a/balls 201
2026-06-27 13:03:54 - POST /api/v1/matches/b59bf289-ab84-45ba-8364-9a90344db84a/balls 201
2026-06-27 13:03:54 - POST /api/v1/matches/b59bf289-ab84-45ba-8364-9a90344db84a/balls 201
2026-06-27 13:03:54 - POST /api/v1/matches/b59bf289-ab84-45ba-8364-9a90344db84a/balls 201
2026-06-27 13:03:54 - POST /api/v1/matches/2a5e59cb-4d39-4cfc-a97f-9e45e1560dbd/toss 200
2026-06-27 13:03:54 - GET /api/v1/teams/99b1c481-5c2b-434b-a4fa-c1515b262137 200
2026-06-27 13:03:54 - GET /api/v1/teams/4dae301c-9d4e-46f4-ba4d-2d800288865e 200
2026-06-27 13:03:54 - POST /api/v1/matches/2a5e59cb-4d39-4cfc-a97f-9e45e1560dbd/squads 200
2026-06-27 13:03:54 - POST /api/v1/matches/2a5e59cb-4d39-4cfc-a97f-9e45e1560dbd/squads 200
2026-06-27 13:03:54 - POST /api/v1/matches/2a5e59cb-4d39-4cfc-a97f-9e45e1560dbd/balls 201
2026-06-27 13:03:54 - POST /api/v1/matches/2a5e59cb-4d39-4cfc-a97f-9e45e1560dbd/balls 201
2026-06-27 13:03:54 - POST /api/v1/matches/2a5e59cb-4d39-4cfc-a97f-9e45e1560dbd/balls 201
2026-06-27 13:03:54 - POST /api/v1/matches/2a5e59cb-4d39-4cfc-a97f-9e45e1560dbd/balls 201
2026-06-27 13:03:54 - POST /api/v1/matches/2a5e59cb-4d39-4cfc-a97f-9e45e1560dbd/balls 201
2026-06-27 13:03:54 - POST /api/v1/matches/2a5e59cb-4d39-4cfc-a97f-9e45e1560dbd/balls 201
2026-06-27 13:03:54 - POST /api/v1/matches/2a5e59cb-4d39-4cfc-a97f-9e45e1560dbd/balls 201
2026-06-27 13:03:54 - POST /api/v1/matches/2a5e59cb-4d39-4cfc-a97f-9e45e1560dbd/balls 201
2026-06-27 13:03:54 - POST /api/v1/matches/2a5e59cb-4d39-4cfc-a97f-9e45e1560dbd/balls 201
2026-06-27 13:03:54 - POST /api/v1/matches/2a5e59cb-4d39-4cfc-a97f-9e45e1560dbd/balls 201
2026-06-27 13:03:54 - POST /api/v1/matches/2a5e59cb-4d39-4cfc-a97f-9e45e1560dbd/balls 201
2026-06-27 13:03:54 - POST /api/v1/matches/2a5e59cb-4d39-4cfc-a97f-9e45e1560dbd/balls 201
2026-06-27 13:03:54 - POST /api/v1/matches/ffb79b02-b274-4007-b8a3-ff3279499a89/toss 200
2026-06-27 13:03:54 - GET /api/v1/teams/4dae301c-9d4e-46f4-ba4d-2d800288865e 200
2026-06-27 13:03:54 - GET /api/v1/teams/e1bac6b8-26f4-42b1-a918-09b09777c32c 200
2026-06-27 13:03:54 - POST /api/v1/matches/ffb79b02-b274-4007-b8a3-ff3279499a89/squads 200
2026-06-27 13:03:54 - POST /api/v1/matches/ffb79b02-b274-4007-b8a3-ff3279499a89/squads 200
2026-06-27 13:03:54 - POST /api/v1/matches/ffb79b02-b274-4007-b8a3-ff3279499a89/balls 201
2026-06-27 13:03:54 - POST /api/v1/matches/ffb79b02-b274-4007-b8a3-ff3279499a89/balls 201
2026-06-27 13:03:54 - POST /api/v1/matches/ffb79b02-b274-4007-b8a3-ff3279499a89/balls 201
2026-06-27 13:03:54 - POST /api/v1/matches/ffb79b02-b274-4007-b8a3-ff3279499a89/balls 201
2026-06-27 13:03:54 - POST /api/v1/matches/ffb79b02-b274-4007-b8a3-ff3279499a89/balls 201
2026-06-27 13:03:54 - POST /api/v1/matches/ffb79b02-b274-4007-b8a3-ff3279499a89/balls 201
2026-06-27 13:03:54 - POST /api/v1/matches/ffb79b02-b274-4007-b8a3-ff3279499a89/balls 201
2026-06-27 13:03:54 - POST /api/v1/matches/ffb79b02-b274-4007-b8a3-ff3279499a89/balls 201
2026-06-27 13:03:54 - POST /api/v1/matches/ffb79b02-b274-4007-b8a3-ff3279499a89/balls 201
2026-06-27 13:03:54 - POST /api/v1/matches/ffb79b02-b274-4007-b8a3-ff3279499a89/balls 201
2026-06-27 13:03:54 - POST /api/v1/matches/ffb79b02-b274-4007-b8a3-ff3279499a89/balls 201
2026-06-27 13:03:54 - POST /api/v1/matches/ffb79b02-b274-4007-b8a3-ff3279499a89/balls 201
2026-06-27 13:03:54 - POST /api/v1/matches/8d1fcfb0-6315-4238-ac45-e6f7332c27d8/toss 200
2026-06-27 13:03:54 - GET /api/v1/teams/99b1c481-5c2b-434b-a4fa-c1515b262137 200
2026-06-27 13:03:54 - GET /api/v1/teams/97de7d9a-090d-4508-bab2-93cefdce23ba 200
2026-06-27 13:03:54 - POST /api/v1/matches/8d1fcfb0-6315-4238-ac45-e6f7332c27d8/squads 200
2026-06-27 13:03:54 - POST /api/v1/matches/8d1fcfb0-6315-4238-ac45-e6f7332c27d8/squads 200
2026-06-27 13:03:54 - POST /api/v1/matches/8d1fcfb0-6315-4238-ac45-e6f7332c27d8/balls 201
2026-06-27 13:03:55 - POST /api/v1/matches/8d1fcfb0-6315-4238-ac45-e6f7332c27d8/balls 201
2026-06-27 13:03:55 - POST /api/v1/matches/8d1fcfb0-6315-4238-ac45-e6f7332c27d8/balls 201
2026-06-27 13:03:55 - POST /api/v1/matches/8d1fcfb0-6315-4238-ac45-e6f7332c27d8/balls 201
2026-06-27 13:03:55 - POST /api/v1/matches/8d1fcfb0-6315-4238-ac45-e6f7332c27d8/balls 201
2026-06-27 13:03:55 - POST /api/v1/matches/8d1fcfb0-6315-4238-ac45-e6f7332c27d8/balls 201
2026-06-27 13:03:55 - POST /api/v1/matches/8d1fcfb0-6315-4238-ac45-e6f7332c27d8/balls 201
2026-06-27 13:03:55 - POST /api/v1/matches/8d1fcfb0-6315-4238-ac45-e6f7332c27d8/balls 201
2026-06-27 13:03:55 - POST /api/v1/matches/8d1fcfb0-6315-4238-ac45-e6f7332c27d8/balls 201
2026-06-27 13:03:55 - POST /api/v1/matches/8d1fcfb0-6315-4238-ac45-e6f7332c27d8/balls 201
2026-06-27 13:03:55 - POST /api/v1/matches/8d1fcfb0-6315-4238-ac45-e6f7332c27d8/balls 201
2026-06-27 13:03:55 - POST /api/v1/matches/8d1fcfb0-6315-4238-ac45-e6f7332c27d8/balls 201
2026-06-27 13:03:55 - POST /api/v1/matches/828ebae8-7441-44d8-aee1-f37ef53bcc82/toss 200
2026-06-27 13:03:55 - GET /api/v1/teams/e1bac6b8-26f4-42b1-a918-09b09777c32c 200
2026-06-27 13:03:55 - GET /api/v1/teams/97de7d9a-090d-4508-bab2-93cefdce23ba 200
2026-06-27 13:03:55 - POST /api/v1/matches/828ebae8-7441-44d8-aee1-f37ef53bcc82/squads 200
2026-06-27 13:03:55 - POST /api/v1/matches/828ebae8-7441-44d8-aee1-f37ef53bcc82/squads 200
2026-06-27 13:03:55 - POST /api/v1/matches/828ebae8-7441-44d8-aee1-f37ef53bcc82/balls 201
2026-06-27 13:03:55 - POST /api/v1/matches/828ebae8-7441-44d8-aee1-f37ef53bcc82/balls 201
2026-06-27 13:03:55 - POST /api/v1/matches/828ebae8-7441-44d8-aee1-f37ef53bcc82/balls 201
2026-06-27 13:03:55 - POST /api/v1/matches/828ebae8-7441-44d8-aee1-f37ef53bcc82/balls 201
2026-06-27 13:03:55 - POST /api/v1/matches/828ebae8-7441-44d8-aee1-f37ef53bcc82/balls 201
2026-06-27 13:03:55 - POST /api/v1/matches/828ebae8-7441-44d8-aee1-f37ef53bcc82/balls 201
2026-06-27 13:03:55 - POST /api/v1/matches/828ebae8-7441-44d8-aee1-f37ef53bcc82/balls 201
2026-06-27 13:03:55 - POST /api/v1/matches/828ebae8-7441-44d8-aee1-f37ef53bcc82/balls 201
2026-06-27 13:03:55 - POST /api/v1/matches/828ebae8-7441-44d8-aee1-f37ef53bcc82/balls 201
2026-06-27 13:03:55 - POST /api/v1/matches/828ebae8-7441-44d8-aee1-f37ef53bcc82/balls 201
2026-06-27 13:03:55 - POST /api/v1/matches/828ebae8-7441-44d8-aee1-f37ef53bcc82/balls 201
2026-06-27 13:03:55 - POST /api/v1/matches/828ebae8-7441-44d8-aee1-f37ef53bcc82/balls 201
2026-06-27 13:03:55 - POST /api/v1/matches/318f85f4-ef42-4a77-8071-fa7b874a753e/toss 200
2026-06-27 13:03:55 - GET /api/v1/teams/99b1c481-5c2b-434b-a4fa-c1515b262137 200
2026-06-27 13:03:55 - GET /api/v1/teams/e1bac6b8-26f4-42b1-a918-09b09777c32c 200
2026-06-27 13:03:55 - POST /api/v1/matches/318f85f4-ef42-4a77-8071-fa7b874a753e/squads 200
2026-06-27 13:03:55 - POST /api/v1/matches/318f85f4-ef42-4a77-8071-fa7b874a753e/squads 200
2026-06-27 13:03:55 - POST /api/v1/matches/318f85f4-ef42-4a77-8071-fa7b874a753e/balls 201
2026-06-27 13:03:55 - POST /api/v1/matches/318f85f4-ef42-4a77-8071-fa7b874a753e/balls 201
2026-06-27 13:03:55 - POST /api/v1/matches/318f85f4-ef42-4a77-8071-fa7b874a753e/balls 201
2026-06-27 13:03:55 - POST /api/v1/matches/318f85f4-ef42-4a77-8071-fa7b874a753e/balls 201
2026-06-27 13:03:55 - POST /api/v1/matches/318f85f4-ef42-4a77-8071-fa7b874a753e/balls 201
2026-06-27 13:03:55 - POST /api/v1/matches/318f85f4-ef42-4a77-8071-fa7b874a753e/balls 201
2026-06-27 13:03:55 - POST /api/v1/matches/318f85f4-ef42-4a77-8071-fa7b874a753e/balls 201
2026-06-27 13:03:55 - POST /api/v1/matches/318f85f4-ef42-4a77-8071-fa7b874a753e/balls 201
2026-06-27 13:03:55 - POST /api/v1/matches/318f85f4-ef42-4a77-8071-fa7b874a753e/balls 201
2026-06-27 13:03:55 - POST /api/v1/matches/318f85f4-ef42-4a77-8071-fa7b874a753e/balls 201
2026-06-27 13:03:55 - POST /api/v1/matches/318f85f4-ef42-4a77-8071-fa7b874a753e/balls 201
2026-06-27 13:03:56 - POST /api/v1/matches/318f85f4-ef42-4a77-8071-fa7b874a753e/balls 201
2026-06-27 13:03:56 - GET /api/v1/tournaments/ad94a1e6-d7a5-49cc-9fae-93ae6eeb1152/dashboard 200
2026-06-27 13:03:56 - POST /api/v1/matches/64847c1f-b54e-4954-a07a-42b56a8921e5/toss 200
2026-06-27 13:03:56 - GET /api/v1/teams/99b1c481-5c2b-434b-a4fa-c1515b262137 200
2026-06-27 13:03:56 - GET /api/v1/teams/97de7d9a-090d-4508-bab2-93cefdce23ba 200
2026-06-27 13:03:56 - POST /api/v1/matches/64847c1f-b54e-4954-a07a-42b56a8921e5/squads 200
2026-06-27 13:03:56 - POST /api/v1/matches/64847c1f-b54e-4954-a07a-42b56a8921e5/squads 200
2026-06-27 13:03:56 - POST /api/v1/matches/64847c1f-b54e-4954-a07a-42b56a8921e5/balls 201
2026-06-27 13:03:56 - POST /api/v1/matches/64847c1f-b54e-4954-a07a-42b56a8921e5/balls 201
2026-06-27 13:03:56 - POST /api/v1/matches/64847c1f-b54e-4954-a07a-42b56a8921e5/balls 201
2026-06-27 13:03:56 - POST /api/v1/matches/64847c1f-b54e-4954-a07a-42b56a8921e5/balls 201
2026-06-27 13:03:56 - POST /api/v1/matches/64847c1f-b54e-4954-a07a-42b56a8921e5/balls 201
2026-06-27 13:03:56 - POST /api/v1/matches/64847c1f-b54e-4954-a07a-42b56a8921e5/balls 201
2026-06-27 13:03:56 - POST /api/v1/matches/64847c1f-b54e-4954-a07a-42b56a8921e5/balls 201
2026-06-27 13:03:56 - POST /api/v1/matches/64847c1f-b54e-4954-a07a-42b56a8921e5/balls 201
2026-06-27 13:03:56 - POST /api/v1/matches/64847c1f-b54e-4954-a07a-42b56a8921e5/balls 201
2026-06-27 13:03:56 - POST /api/v1/matches/64847c1f-b54e-4954-a07a-42b56a8921e5/balls 201
2026-06-27 13:03:56 - POST /api/v1/matches/64847c1f-b54e-4954-a07a-42b56a8921e5/balls 201
2026-06-27 13:03:56 - POST /api/v1/matches/64847c1f-b54e-4954-a07a-42b56a8921e5/balls 201
2026-06-27 13:03:56 - POST /api/v1/matches/b30ca103-7f03-45f1-ad91-e83d604d37d3/toss 200
2026-06-27 13:03:56 - GET /api/v1/teams/4dae301c-9d4e-46f4-ba4d-2d800288865e 200
2026-06-27 13:03:56 - GET /api/v1/teams/e1bac6b8-26f4-42b1-a918-09b09777c32c 200
2026-06-27 13:03:56 - POST /api/v1/matches/b30ca103-7f03-45f1-ad91-e83d604d37d3/squads 200
2026-06-27 13:03:56 - POST /api/v1/matches/b30ca103-7f03-45f1-ad91-e83d604d37d3/squads 200
2026-06-27 13:03:56 - POST /api/v1/matches/b30ca103-7f03-45f1-ad91-e83d604d37d3/balls 201
2026-06-27 13:03:56 - POST /api/v1/matches/b30ca103-7f03-45f1-ad91-e83d604d37d3/balls 201
2026-06-27 13:03:56 - POST /api/v1/matches/b30ca103-7f03-45f1-ad91-e83d604d37d3/balls 201
2026-06-27 13:03:56 - POST /api/v1/matches/b30ca103-7f03-45f1-ad91-e83d604d37d3/balls 201
2026-06-27 13:03:56 - POST /api/v1/matches/b30ca103-7f03-45f1-ad91-e83d604d37d3/balls 201
2026-06-27 13:03:56 - POST /api/v1/matches/b30ca103-7f03-45f1-ad91-e83d604d37d3/balls 201
2026-06-27 13:03:56 - POST /api/v1/matches/b30ca103-7f03-45f1-ad91-e83d604d37d3/balls 201
2026-06-27 13:03:56 - POST /api/v1/matches/b30ca103-7f03-45f1-ad91-e83d604d37d3/balls 201
2026-06-27 13:03:56 - POST /api/v1/matches/b30ca103-7f03-45f1-ad91-e83d604d37d3/balls 201
2026-06-27 13:03:56 - POST /api/v1/matches/b30ca103-7f03-45f1-ad91-e83d604d37d3/balls 201
2026-06-27 13:03:56 - POST /api/v1/matches/b30ca103-7f03-45f1-ad91-e83d604d37d3/balls 201
2026-06-27 13:03:56 - POST /api/v1/matches/b30ca103-7f03-45f1-ad91-e83d604d37d3/balls 201
2026-06-27 13:03:56 - GET /api/v1/tournaments/ad94a1e6-d7a5-49cc-9fae-93ae6eeb1152/dashboard 200
2026-06-27 13:03:56 - POST /api/v1/matches/fe7a102d-110d-41fb-b885-c6939a63b3f6/toss 200
2026-06-27 13:03:56 - GET /api/v1/teams/99b1c481-5c2b-434b-a4fa-c1515b262137 200
2026-06-27 13:03:56 - GET /api/v1/teams/4dae301c-9d4e-46f4-ba4d-2d800288865e 200
2026-06-27 13:03:56 - POST /api/v1/matches/fe7a102d-110d-41fb-b885-c6939a63b3f6/squads 200
2026-06-27 13:03:57 - POST /api/v1/matches/fe7a102d-110d-41fb-b885-c6939a63b3f6/squads 200
2026-06-27 13:03:57 - POST /api/v1/matches/fe7a102d-110d-41fb-b885-c6939a63b3f6/balls 201
2026-06-27 13:03:57 - POST /api/v1/matches/fe7a102d-110d-41fb-b885-c6939a63b3f6/balls 201
2026-06-27 13:03:57 - POST /api/v1/matches/fe7a102d-110d-41fb-b885-c6939a63b3f6/balls 201
2026-06-27 13:03:57 - POST /api/v1/matches/fe7a102d-110d-41fb-b885-c6939a63b3f6/balls 201
2026-06-27 13:03:57 - POST /api/v1/matches/fe7a102d-110d-41fb-b885-c6939a63b3f6/balls 201
2026-06-27 13:03:57 - POST /api/v1/matches/fe7a102d-110d-41fb-b885-c6939a63b3f6/balls 201
2026-06-27 13:03:57 - POST /api/v1/matches/fe7a102d-110d-41fb-b885-c6939a63b3f6/balls 201
2026-06-27 13:03:57 - POST /api/v1/matches/fe7a102d-110d-41fb-b885-c6939a63b3f6/balls 201
2026-06-27 13:03:57 - POST /api/v1/matches/fe7a102d-110d-41fb-b885-c6939a63b3f6/balls 201
2026-06-27 13:03:57 - POST /api/v1/matches/fe7a102d-110d-41fb-b885-c6939a63b3f6/balls 201
2026-06-27 13:03:57 - POST /api/v1/matches/fe7a102d-110d-41fb-b885-c6939a63b3f6/balls 201
2026-06-27 13:03:57 - POST /api/v1/matches/fe7a102d-110d-41fb-b885-c6939a63b3f6/balls 201
2026-06-27 13:03:57 - GET /api/v1/tournaments/ad94a1e6-d7a5-49cc-9fae-93ae6eeb1152/dashboard 200
2026-06-27 13:04:18 - POST /api/v1/auth/signup 422
2026-06-27 13:04:18 - POST /api/v1/auth/signup 422
2026-06-27 13:04:18 - POST /api/v1/auth/signup 422
2026-06-27 13:04:18 - POST /api/v1/auth/signup 422
2026-06-27 13:04:19 - POST /api/v1/auth/signup 201
2026-06-27 13:04:19 - POST /api/v1/auth/login 400
2026-06-27 13:04:19 - POST /api/v1/auth/verify-otp 200
2026-06-27 13:04:21 - POST /api/v1/auth/signup 201
2026-06-27 13:04:21 - POST /api/v1/auth/resend-otp 429
2026-06-27 13:04:23 - POST /api/v1/auth/resend-otp 200
2026-06-27 13:04:23 - POST /api/v1/auth/login 400
2026-06-27 13:04:24 - POST /api/v1/auth/login 400
2026-06-27 13:04:24 - POST /api/v1/auth/login 400
2026-06-27 13:04:25 - POST /api/v1/auth/login 400
2026-06-27 13:04:25 - POST /api/v1/auth/login 400
2026-06-27 13:04:25 - POST /api/v1/auth/login 403
2026-06-27 13:04:26 - POST /api/v1/auth/login 200
2026-06-27 13:04:26 - POST /api/v1/auth/forgot-password 404
2026-06-27 13:04:28 - POST /api/v1/auth/forgot-password 200
2026-06-27 13:04:28 - POST /api/v1/auth/verify-reset-otp 400
2026-06-27 13:04:28 - POST /api/v1/auth/verify-reset-otp 200
2026-06-27 13:04:28 - POST /api/v1/auth/reset-password 422
2026-06-27 13:04:28 - POST /api/v1/auth/reset-password 200
2026-06-27 13:04:28 - POST /api/v1/auth/login 200
2026-06-27 13:04:29 - POST /api/v1/auth/login 200
2026-06-27 13:04:29 - POST /api/v1/auth/complete-profile 200
2026-06-27 13:04:30 - POST /api/v1/auth/login 200
2026-06-27 13:04:30 - POST /api/v1/auth/refresh 200
2026-06-27 13:04:30 - POST /api/v1/auth/logout 200
2026-06-27 13:04:30 - POST /api/v1/auth/refresh 401
2026-06-27 13:04:32 - POST /api/v1/auth/signup 201
2026-06-27 13:04:32 - POST /api/v1/auth/signup 400
2026-06-27 13:04:33 - POST /api/v1/auth/login 400
2026-06-27 13:04:33 - POST /api/v1/auth/forgot-password 400
2026-06-27 13:04:33 - POST /api/v1/auth/verify-reset-otp 400
2026-06-27 13:04:33 - POST /api/v1/auth/reset-password 400
2026-06-27 13:04:33 - POST /api/v1/auth/signup 400
2026-06-27 13:04:36 - POST /api/v1/auth/signup 201
2026-06-27 13:04:38 - POST /api/v1/auth/signup 201
2026-06-27 13:04:39 - POST /api/v1/auth/login 200
2026-06-27 13:04:39 - POST /api/v1/auth/login 200
2026-06-27 13:04:39 - POST /api/v1/teams/ 201
2026-06-27 13:04:39 - GET /api/v1/teams/ 200
2026-06-27 13:04:39 - PUT /api/v1/teams/51aebff1-dfae-4dfc-9dad-909d08718d24 403
2026-06-27 13:04:39 - DELETE /api/v1/teams/51aebff1-dfae-4dfc-9dad-909d08718d24 403
2026-06-27 13:04:39 - POST /api/v1/players/ 201
2026-06-27 13:04:39 - GET /api/v1/players/ 200
2026-06-27 13:04:39 - PUT /api/v1/players/2ff4a32c-0ee5-4f9c-be75-812535f16b2d 403
2026-06-27 13:04:39 - DELETE /api/v1/players/2ff4a32c-0ee5-4f9c-be75-812535f16b2d 403
2026-06-27 13:04:41 - POST /api/v1/auth/signup 201
2026-06-27 13:04:42 - POST /api/v1/auth/login 200
2026-06-27 13:04:42 - POST /api/v1/teams/ 201
2026-06-27 13:04:42 - POST /api/v1/teams/ 201
2026-06-27 13:04:42 - POST /api/v1/players/ 201
2026-06-27 13:04:42 - POST /api/v1/players/ 201
2026-06-27 13:04:42 - POST /api/v1/players/ 201
2026-06-27 13:04:42 - POST /api/v1/teams/29a0e262-33ff-4a0b-be5e-8f1dce3532c2/players/bulk 200
2026-06-27 13:04:42 - POST /api/v1/teams/d78c75dd-a196-4af2-b793-d1ecad6518e7/players/bulk 400
2026-06-27 13:04:44 - POST /api/v1/auth/signup 201
2026-06-27 13:04:47 - POST /api/v1/auth/signup 201
2026-06-27 13:04:47 - POST /api/v1/auth/login 200
2026-06-27 13:04:48 - POST /api/v1/auth/login 200
2026-06-27 13:04:48 - POST /api/v1/teams/ 201
2026-06-27 13:04:48 - POST /api/v1/teams/ 201
2026-06-27 13:04:48 - POST /api/v1/matches/ 201
2026-06-27 13:04:48 - POST /api/v1/matches/2d7bae09-6060-4a15-9c64-202988eeee0e/toss 403
2026-06-27 13:04:48 - POST /api/v1/matches/2d7bae09-6060-4a15-9c64-202988eeee0e/toss 200
2026-06-27 13:04:50 - GET /api/v1/debug-env 200
2026-06-27 13:04:50 - GET /api/v1/debug-env 404
2026-06-27 13:04:50 - POST /api/v1/auth/login 200
2026-06-27 13:04:50 - POST /api/v1/players/ 201
2026-06-27 13:04:50 - POST /api/v1/players/ 201
2026-06-27 13:04:50 - POST /api/v1/players/ 201
2026-06-27 13:04:50 - POST /api/v1/players/ 201
2026-06-27 13:04:50 - POST /api/v1/teams/ 201
2026-06-27 13:04:50 - POST /api/v1/teams/ 201
2026-06-27 13:04:50 - POST /api/v1/teams/bcfcc39e-8660-4d04-84df-1656067f3baa/players 200
2026-06-27 13:04:50 - POST /api/v1/teams/bcfcc39e-8660-4d04-84df-1656067f3baa/players 200
2026-06-27 13:04:50 - POST /api/v1/teams/be5cf524-981d-4e59-bced-8611cc759109/players 200
2026-06-27 13:04:50 - POST /api/v1/teams/be5cf524-981d-4e59-bced-8611cc759109/players 200
2026-06-27 13:04:50 - POST /api/v1/matches/ 201
2026-06-27 13:04:50 - POST /api/v1/matches/c33cd787-c50a-4616-8ebd-4b8908bb05bc/toss 200
2026-06-27 13:04:50 - POST /api/v1/matches/c33cd787-c50a-4616-8ebd-4b8908bb05bc/squads 400
2026-06-27 13:04:50 - POST /api/v1/matches/c33cd787-c50a-4616-8ebd-4b8908bb05bc/squads 200
2026-06-27 13:04:50 - POST /api/v1/matches/c33cd787-c50a-4616-8ebd-4b8908bb05bc/squads 400
2026-06-27 13:04:51 - POST /api/v1/matches/c33cd787-c50a-4616-8ebd-4b8908bb05bc/squads 200
2026-06-27 13:04:51 - POST /api/v1/auth/google 200
2026-06-27 13:04:51 - POST /api/v1/auth/google 400
2026-06-27 13:04:51 - POST /api/v1/auth/google 400
2026-06-27 13:04:51 - POST /api/v1/auth/google 400
2026-06-27 13:04:51 - POST /api/v1/auth/google 400
2026-06-27 13:04:51 - POST /api/v1/auth/login 200
2026-06-27 13:04:51 - POST /api/v1/players/ 201
2026-06-27 13:04:51 - POST /api/v1/players/ 201
2026-06-27 13:04:51 - POST /api/v1/teams/ 201
2026-06-27 13:04:51 - POST /api/v1/teams/ 201
2026-06-27 13:04:51 - POST /api/v1/matches/ 201
2026-06-27 13:04:51 - GET /api/v1/matches/ 200
2026-06-27 13:04:52 - POST /api/v1/auth/login 200
2026-06-27 13:04:53 - POST /api/v1/auth/login 200
2026-06-27 13:04:54 - POST /api/v1/auth/login 200
2026-06-27 13:04:54 - POST /api/v1/matches/ 201
2026-06-27 13:04:54 - POST /api/v1/matches/b5de2c0e-4c0d-47e2-80a1-02ad57c6fb40/toss 200
2026-06-27 13:04:54 - POST /api/v1/matches/b5de2c0e-4c0d-47e2-80a1-02ad57c6fb40/toss 403
2026-06-27 13:04:54 - POST /api/v1/matches/ 201
2026-06-27 13:04:54 - POST /api/v1/matches/2610a25d-a300-41ac-b87a-18c3a7266fc3/toss 200
2026-06-27 13:04:54 - POST /api/v1/matches/ 201
2026-06-27 13:04:54 - POST /api/v1/matches/ecbde6ee-0c22-429f-8681-410631727adb/toss 200
2026-06-27 13:04:54 - POST /api/v1/matches/ecbde6ee-0c22-429f-8681-410631727adb/toss 403
2026-06-27 13:04:56 - POST /api/v1/auth/login 200
2026-06-27 13:04:57 - GET /api/v1/admin/analytics 200
2026-06-27 13:04:57 - GET /api/v1/admin/team-members 200
2026-06-27 13:04:57 - GET /api/v1/admin/team-members 200
2026-06-27 13:04:57 - GET /api/v1/admin/team-members 200
2026-06-27 13:04:57 - DELETE /api/v1/admin/team-members/f2affd36-f446-4521-8197-528479e22c71 204
2026-06-27 13:04:58 - POST /api/v1/auth/login 200
2026-06-27 13:04:58 - POST /api/v1/admin/tournaments/bulk-delete 204
2026-06-27 13:04:58 - POST /api/v1/admin/matches/bulk-delete 204
2026-06-27 13:04:58 - POST /api/v1/admin/teams/bulk-delete 204
2026-06-27 13:04:58 - POST /api/v1/admin/users/bulk-delete 204
2026-06-27 13:04:59 - POST /api/v1/auth/login 200
2026-06-27 13:04:59 - POST /api/v1/players/ 201
2026-06-27 13:04:59 - POST /api/v1/players/ 201
2026-06-27 13:04:59 - POST /api/v1/players/ 422
2026-06-27 13:04:59 - POST /api/v1/players/ 422
2026-06-27 13:04:59 - GET /api/v1/players/1ed26a43-b89c-40f1-8e9f-1eec7475603f 200
2026-06-27 13:04:59 - PUT /api/v1/players/1ed26a43-b89c-40f1-8e9f-1eec7475603f 200
2026-06-27 13:04:59 - DELETE /api/v1/players/1ed26a43-b89c-40f1-8e9f-1eec7475603f 204
2026-06-27 13:04:59 - GET /api/v1/players/1ed26a43-b89c-40f1-8e9f-1eec7475603f 404
2026-06-27 13:04:59 - POST /api/v1/auth/login 200
2026-06-27 13:04:59 - POST /api/v1/players/ 201
2026-06-27 13:04:59 - POST /api/v1/players/ 201
2026-06-27 13:04:59 - POST /api/v1/teams/ 201
2026-06-27 13:04:59 - POST /api/v1/teams/d75994ce-9c5b-4b5a-9fe7-4203ec37c717/players 200
2026-06-27 13:04:59 - PUT /api/v1/teams/d75994ce-9c5b-4b5a-9fe7-4203ec37c717 200
2026-06-27 13:04:59 - PUT /api/v1/teams/d75994ce-9c5b-4b5a-9fe7-4203ec37c717 400
2026-06-27 13:04:59 - POST /api/v1/teams/ 201
2026-06-27 13:04:59 - POST /api/v1/teams/61baac23-48e4-4200-9bf1-446fee3ab154/players 400
2026-06-27 13:04:59 - DELETE /api/v1/teams/d75994ce-9c5b-4b5a-9fe7-4203ec37c717/players/34a21548-7f44-4386-ac38-894afa76610b 200
2026-06-27 13:04:59 - DELETE /api/v1/teams/d75994ce-9c5b-4b5a-9fe7-4203ec37c717 204
2026-06-27 13:05:00 - POST /api/v1/auth/login 200
2026-06-27 13:05:00 - POST /api/v1/players/ 201
2026-06-27 13:05:00 - POST /api/v1/players/ 201
2026-06-27 13:05:00 - POST /api/v1/teams/ 201
2026-06-27 13:05:00 - POST /api/v1/teams/ 201
2026-06-27 13:05:00 - POST /api/v1/teams/e189a952-d290-41e2-aa2a-01a756eaf155/players 200
2026-06-27 13:05:00 - POST /api/v1/teams/42c942ad-85de-4ed1-bc33-e2cd3b99564c/players 200
2026-06-27 13:05:00 - POST /api/v1/matches/ 201
2026-06-27 13:05:00 - POST /api/v1/matches/ed423850-a3f0-4844-b2fa-09b9a9600b59/squads 200
2026-06-27 13:05:00 - POST /api/v1/matches/ed423850-a3f0-4844-b2fa-09b9a9600b59/toss 200
2026-06-27 13:05:00 - DELETE /api/v1/players/35b7dbcd-70f7-473a-828e-8fd234180757 400
2026-06-27 13:05:00 - DELETE /api/v1/teams/e189a952-d290-41e2-aa2a-01a756eaf155/players/35b7dbcd-70f7-473a-828e-8fd234180757 400
2026-06-27 13:05:00 - DELETE /api/v1/teams/e189a952-d290-41e2-aa2a-01a756eaf155 400
2026-06-27 13:05:00 - POST /api/v1/auth/login 200
2026-06-27 13:05:00 - GET /api/v1/profile/ 200
2026-06-27 13:05:01 - POST /api/v1/auth/login 200
2026-06-27 13:05:01 - PUT /api/v1/profile/ 200
2026-06-27 13:05:01 - PUT /api/v1/profile/ 400
2026-06-27 13:05:01 - POST /api/v1/auth/login 200
2026-06-27 13:05:01 - GET /api/v1/profile/stats 200
2026-06-27 13:05:02 - POST /api/v1/auth/login 200
2026-06-27 13:05:02 - GET /api/v1/profile/activity 200
2026-06-27 13:05:02 - GET /api/v1/profile/achievements 200
2026-06-27 13:05:04 - POST /api/v1/auth/login 200
2026-06-27 13:05:04 - POST /api/v1/profile/upload-photo 200
2026-06-27 13:05:04 - GET /api/v1/profile/ 200
2026-06-27 13:05:05 - POST /api/v1/auth/login 200
2026-06-27 13:05:05 - POST /api/v1/players/ 201
2026-06-27 13:05:05 - POST /api/v1/players/ 201
2026-06-27 13:05:05 - POST /api/v1/players/ 201
2026-06-27 13:05:05 - POST /api/v1/players/ 201
2026-06-27 13:05:05 - POST /api/v1/players/ 201
2026-06-27 13:05:05 - POST /api/v1/teams/ 201
2026-06-27 13:05:05 - POST /api/v1/teams/ 201
2026-06-27 13:05:05 - POST /api/v1/teams/9389170a-e650-469f-a6f9-01994bb94568/players 200
2026-06-27 13:05:05 - POST /api/v1/teams/9389170a-e650-469f-a6f9-01994bb94568/players 200
2026-06-27 13:05:05 - POST /api/v1/teams/9389170a-e650-469f-a6f9-01994bb94568/players 200
2026-06-27 13:05:05 - POST /api/v1/teams/271a8ea8-7faa-463c-88fa-ba6eb483a9b2/players 200
2026-06-27 13:05:05 - POST /api/v1/teams/271a8ea8-7faa-463c-88fa-ba6eb483a9b2/players 200
2026-06-27 13:05:05 - POST /api/v1/matches/ 201
2026-06-27 13:05:05 - POST /api/v1/matches/dc6e1a01-3b96-4851-86f8-62d412e4f06e/toss 200
2026-06-27 13:05:05 - POST /api/v1/matches/dc6e1a01-3b96-4851-86f8-62d412e4f06e/squads 200
2026-06-27 13:05:05 - POST /api/v1/matches/dc6e1a01-3b96-4851-86f8-62d412e4f06e/squads 200
2026-06-27 13:05:05 - POST /api/v1/matches/dc6e1a01-3b96-4851-86f8-62d412e4f06e/balls 201
2026-06-27 13:05:05 - POST /api/v1/matches/dc6e1a01-3b96-4851-86f8-62d412e4f06e/balls 201
2026-06-27 13:05:05 - POST /api/v1/matches/dc6e1a01-3b96-4851-86f8-62d412e4f06e/balls 201
2026-06-27 13:05:05 - POST /api/v1/matches/dc6e1a01-3b96-4851-86f8-62d412e4f06e/balls 201
2026-06-27 13:05:05 - POST /api/v1/matches/dc6e1a01-3b96-4851-86f8-62d412e4f06e/balls 201
2026-06-27 13:05:05 - POST /api/v1/matches/dc6e1a01-3b96-4851-86f8-62d412e4f06e/balls 201
2026-06-27 13:05:05 - POST /api/v1/matches/dc6e1a01-3b96-4851-86f8-62d412e4f06e/balls 201
2026-06-27 13:05:05 - POST /api/v1/matches/dc6e1a01-3b96-4851-86f8-62d412e4f06e/balls 201
2026-06-27 13:05:05 - POST /api/v1/matches/dc6e1a01-3b96-4851-86f8-62d412e4f06e/balls 201
2026-06-27 13:05:05 - POST /api/v1/matches/dc6e1a01-3b96-4851-86f8-62d412e4f06e/balls 201
2026-06-27 13:05:05 - POST /api/v1/matches/dc6e1a01-3b96-4851-86f8-62d412e4f06e/balls 201
2026-06-27 13:05:05 - POST /api/v1/matches/dc6e1a01-3b96-4851-86f8-62d412e4f06e/balls 201
2026-06-27 13:05:05 - GET /api/v1/matches/dc6e1a01-3b96-4851-86f8-62d412e4f06e/scorecard 200
2026-06-27 13:05:05 - GET /api/v1/players/3e9404e0-f9af-49ab-92d7-5de203f62346 200
2026-06-27 13:05:07 - POST /api/v1/auth/login 200
2026-06-27 13:05:07 - POST /api/v1/players/ 201
2026-06-27 13:05:07 - POST /api/v1/players/ 201
2026-06-27 13:05:07 - POST /api/v1/players/ 201
2026-06-27 13:05:07 - POST /api/v1/players/ 201
2026-06-27 13:05:07 - POST /api/v1/players/ 201
2026-06-27 13:05:07 - POST /api/v1/teams/ 201
2026-06-27 13:05:07 - POST /api/v1/teams/ 201
2026-06-27 13:05:07 - POST /api/v1/teams/184d13d0-b74d-4a77-aaf1-aa532d616fba/players 200
2026-06-27 13:05:07 - POST /api/v1/teams/184d13d0-b74d-4a77-aaf1-aa532d616fba/players 200
2026-06-27 13:05:07 - POST /api/v1/teams/184d13d0-b74d-4a77-aaf1-aa532d616fba/players 200
2026-06-27 13:05:07 - POST /api/v1/teams/716a9e23-b537-4c16-921e-00fbeb4e9b0e/players 200
2026-06-27 13:05:07 - POST /api/v1/teams/716a9e23-b537-4c16-921e-00fbeb4e9b0e/players 200
2026-06-27 13:05:07 - POST /api/v1/matches/ 201
2026-06-27 13:05:07 - POST /api/v1/matches/8b3d7128-3bfa-4494-8137-a76aabda92b0/toss 200
2026-06-27 13:05:07 - POST /api/v1/matches/8b3d7128-3bfa-4494-8137-a76aabda92b0/squads 200
2026-06-27 13:05:07 - POST /api/v1/matches/8b3d7128-3bfa-4494-8137-a76aabda92b0/squads 200
2026-06-27 13:05:07 - POST /api/v1/matches/8b3d7128-3bfa-4494-8137-a76aabda92b0/balls 201
2026-06-27 13:05:07 - POST /api/v1/matches/8b3d7128-3bfa-4494-8137-a76aabda92b0/balls 201
2026-06-27 13:05:07 - POST /api/v1/matches/8b3d7128-3bfa-4494-8137-a76aabda92b0/balls 201
2026-06-27 13:05:07 - POST /api/v1/matches/8b3d7128-3bfa-4494-8137-a76aabda92b0/balls 201
2026-06-27 13:05:07 - POST /api/v1/matches/8b3d7128-3bfa-4494-8137-a76aabda92b0/balls 201
2026-06-27 13:05:07 - GET /api/v1/matches/8b3d7128-3bfa-4494-8137-a76aabda92b0/scorecard 200
2026-06-27 13:05:08 - POST /api/v1/auth/login 200
2026-06-27 13:05:08 - POST /api/v1/players/ 201
2026-06-27 13:05:08 - POST /api/v1/players/ 201
2026-06-27 13:05:08 - POST /api/v1/players/ 201
2026-06-27 13:05:08 - POST /api/v1/players/ 201
2026-06-27 13:05:08 - POST /api/v1/teams/ 201
2026-06-27 13:05:08 - POST /api/v1/teams/ 201
2026-06-27 13:05:08 - POST /api/v1/teams/fe62e6fd-277b-46b3-ad3f-9ee4a419b4ad/players 200
2026-06-27 13:05:08 - POST /api/v1/teams/fe62e6fd-277b-46b3-ad3f-9ee4a419b4ad/players 200
2026-06-27 13:05:08 - POST /api/v1/teams/c7e2b0e0-dedc-409a-91fc-26ecae09a16b/players 200
2026-06-27 13:05:08 - POST /api/v1/teams/c7e2b0e0-dedc-409a-91fc-26ecae09a16b/players 200
2026-06-27 13:05:08 - POST /api/v1/matches/ 201
2026-06-27 13:05:08 - POST /api/v1/matches/564be6f0-e31d-4dfa-9349-52df8f2d88ee/toss 200
2026-06-27 13:05:08 - POST /api/v1/matches/564be6f0-e31d-4dfa-9349-52df8f2d88ee/squads 200
2026-06-27 13:05:09 - POST /api/v1/matches/564be6f0-e31d-4dfa-9349-52df8f2d88ee/squads 200
2026-06-27 13:05:09 - POST /api/v1/matches/564be6f0-e31d-4dfa-9349-52df8f2d88ee/balls 201
2026-06-27 13:05:09 - POST /api/v1/matches/564be6f0-e31d-4dfa-9349-52df8f2d88ee/balls 201
2026-06-27 13:05:09 - POST /api/v1/matches/564be6f0-e31d-4dfa-9349-52df8f2d88ee/balls 201
2026-06-27 13:05:09 - POST /api/v1/matches/564be6f0-e31d-4dfa-9349-52df8f2d88ee/balls 201
2026-06-27 13:05:09 - POST /api/v1/matches/564be6f0-e31d-4dfa-9349-52df8f2d88ee/balls 201
2026-06-27 13:05:09 - POST /api/v1/matches/564be6f0-e31d-4dfa-9349-52df8f2d88ee/balls 201
2026-06-27 13:05:09 - POST /api/v1/matches/564be6f0-e31d-4dfa-9349-52df8f2d88ee/balls 201
2026-06-27 13:05:09 - GET /api/v1/matches/564be6f0-e31d-4dfa-9349-52df8f2d88ee/scorecard 200
2026-06-27 13:05:11 - POST /api/v1/auth/signup 201
2026-06-27 13:05:12 - POST /api/v1/auth/login 200
2026-06-27 13:05:13 - POST /api/v1/auth/login 200
2026-06-27 13:05:13 - POST /api/v1/players/ 201
2026-06-27 13:05:13 - POST /api/v1/players/ 201
2026-06-27 13:05:13 - POST /api/v1/players/ 201
2026-06-27 13:05:13 - POST /api/v1/players/ 201
2026-06-27 13:05:13 - POST /api/v1/players/ 201
2026-06-27 13:05:13 - POST /api/v1/teams/ 201
2026-06-27 13:05:13 - POST /api/v1/teams/ 201
2026-06-27 13:05:13 - POST /api/v1/teams/e5efdb49-34ba-4b9f-8efa-23163d9799a2/players 200
2026-06-27 13:05:13 - POST /api/v1/teams/e5efdb49-34ba-4b9f-8efa-23163d9799a2/players 200
2026-06-27 13:05:13 - POST /api/v1/teams/e5efdb49-34ba-4b9f-8efa-23163d9799a2/players 200
2026-06-27 13:05:13 - POST /api/v1/teams/8943444c-8537-4063-b09f-27ce6c1bed96/players 200
2026-06-27 13:05:13 - POST /api/v1/teams/8943444c-8537-4063-b09f-27ce6c1bed96/players 200
2026-06-27 13:05:13 - POST /api/v1/matches/ 201
2026-06-27 13:05:13 - POST /api/v1/matches/7fc1337a-ed38-4ada-847a-bdfa9d4fc89f/toss 200
2026-06-27 13:05:13 - POST /api/v1/matches/7fc1337a-ed38-4ada-847a-bdfa9d4fc89f/squads 200
2026-06-27 13:05:13 - POST /api/v1/matches/7fc1337a-ed38-4ada-847a-bdfa9d4fc89f/squads 200
2026-06-27 13:05:13 - POST /api/v1/matches/7fc1337a-ed38-4ada-847a-bdfa9d4fc89f/balls 201
2026-06-27 13:05:13 - GET /api/v1/matches/7fc1337a-ed38-4ada-847a-bdfa9d4fc89f/live 200
2026-06-27 13:05:13 - POST /api/v1/matches/7fc1337a-ed38-4ada-847a-bdfa9d4fc89f/balls 201
2026-06-27 13:05:13 - GET /api/v1/matches/7fc1337a-ed38-4ada-847a-bdfa9d4fc89f/live 200
2026-06-27 13:05:13 - POST /api/v1/matches/7fc1337a-ed38-4ada-847a-bdfa9d4fc89f/balls 201
2026-06-27 13:05:13 - GET /api/v1/matches/7fc1337a-ed38-4ada-847a-bdfa9d4fc89f/live 200
2026-06-27 13:05:13 - POST /api/v1/matches/7fc1337a-ed38-4ada-847a-bdfa9d4fc89f/balls 201
2026-06-27 13:05:13 - GET /api/v1/matches/7fc1337a-ed38-4ada-847a-bdfa9d4fc89f/live 200
2026-06-27 13:05:13 - POST /api/v1/matches/7fc1337a-ed38-4ada-847a-bdfa9d4fc89f/undo 200
2026-06-27 13:05:13 - GET /api/v1/matches/7fc1337a-ed38-4ada-847a-bdfa9d4fc89f/live 200
2026-06-27 13:05:14 - GET /api/v1/auth/me 401
2026-06-27 13:05:14 - GET /api/v1/auth/me 401
2026-06-27 13:05:15 - POST /api/v1/auth/login 200
2026-06-27 13:05:15 - POST /api/v1/players/ 201
2026-06-27 13:05:15 - POST /api/v1/players/ 201
2026-06-27 13:05:15 - POST /api/v1/players/ 201
2026-06-27 13:05:15 - POST /api/v1/players/ 201
2026-06-27 13:05:15 - POST /api/v1/players/ 201
2026-06-27 13:05:15 - POST /api/v1/teams/ 201
2026-06-27 13:05:15 - POST /api/v1/teams/ 201
2026-06-27 13:05:15 - POST /api/v1/teams/4a916ecd-3f48-493e-8d6f-a48aebf1410f/players 200
2026-06-27 13:05:15 - POST /api/v1/teams/4a916ecd-3f48-493e-8d6f-a48aebf1410f/players 200
2026-06-27 13:05:15 - POST /api/v1/teams/4a916ecd-3f48-493e-8d6f-a48aebf1410f/players 200
2026-06-27 13:05:15 - POST /api/v1/teams/9e532885-3b94-4c27-8d86-716d648648ef/players 200
2026-06-27 13:05:15 - POST /api/v1/teams/9e532885-3b94-4c27-8d86-716d648648ef/players 200
2026-06-27 13:05:15 - POST /api/v1/matches/ 201
2026-06-27 13:05:15 - POST /api/v1/matches/000bd5de-ce25-4c76-847a-388223a3f83b/toss 200
2026-06-27 13:05:15 - POST /api/v1/matches/000bd5de-ce25-4c76-847a-388223a3f83b/squads 200
2026-06-27 13:05:15 - POST /api/v1/matches/000bd5de-ce25-4c76-847a-388223a3f83b/squads 200
2026-06-27 13:05:15 - POST /api/v1/matches/000bd5de-ce25-4c76-847a-388223a3f83b/balls 201
2026-06-27 13:05:15 - GET /api/v1/matches/000bd5de-ce25-4c76-847a-388223a3f83b/live 200
2026-06-27 13:05:15 - POST /api/v1/matches/000bd5de-ce25-4c76-847a-388223a3f83b/balls 201
2026-06-27 13:05:15 - GET /api/v1/matches/000bd5de-ce25-4c76-847a-388223a3f83b/live 200
2026-06-27 13:05:15 - POST /api/v1/matches/000bd5de-ce25-4c76-847a-388223a3f83b/balls 201
2026-06-27 13:05:15 - GET /api/v1/matches/000bd5de-ce25-4c76-847a-388223a3f83b/live 200
2026-06-27 13:05:15 - POST /api/v1/matches/000bd5de-ce25-4c76-847a-388223a3f83b/balls 201
2026-06-27 13:05:15 - GET /api/v1/matches/000bd5de-ce25-4c76-847a-388223a3f83b/live 200
2026-06-27 13:05:15 - POST /api/v1/matches/000bd5de-ce25-4c76-847a-388223a3f83b/balls 201
2026-06-27 13:05:15 - GET /api/v1/matches/000bd5de-ce25-4c76-847a-388223a3f83b/live 200
2026-06-27 13:05:15 - POST /api/v1/matches/000bd5de-ce25-4c76-847a-388223a3f83b/balls 201
2026-06-27 13:05:15 - GET /api/v1/matches/000bd5de-ce25-4c76-847a-388223a3f83b/live 200
2026-06-27 13:05:15 - POST /api/v1/matches/000bd5de-ce25-4c76-847a-388223a3f83b/balls 201
2026-06-27 13:05:15 - GET /api/v1/matches/000bd5de-ce25-4c76-847a-388223a3f83b/live 200
2026-06-27 13:05:15 - GET /api/v1/matches/000bd5de-ce25-4c76-847a-388223a3f83b/scorecard 200
2026-06-27 13:05:16 - POST /api/v1/auth/signup 201
2026-06-27 13:05:18 - POST /api/v1/auth/signup 201
2026-06-27 13:05:20 - POST /api/v1/auth/signup 201
2026-06-27 13:05:21 - POST /api/v1/auth/login 200
2026-06-27 13:05:21 - POST /api/v1/auth/login 200
2026-06-27 13:05:22 - POST /api/v1/auth/login 200
2026-06-27 13:05:22 - POST /api/v1/teams/ 201
2026-06-27 13:05:22 - GET /api/v1/teams/my-teams 200
2026-06-27 13:05:22 - POST /api/v1/teams/0e5925ab-73e4-4ead-84e5-0406e86777c1/join-request 200
2026-06-27 13:05:22 - GET /api/v1/teams/my-teams 200
2026-06-27 13:05:22 - POST /api/v1/teams/0e5925ab-73e4-4ead-84e5-0406e86777c1/approve-request 403
2026-06-27 13:05:22 - POST /api/v1/teams/0e5925ab-73e4-4ead-84e5-0406e86777c1/approve-request 200
2026-06-27 13:05:22 - POST /api/v1/teams/0e5925ab-73e4-4ead-84e5-0406e86777c1/members 200
2026-06-27 13:05:22 - POST /api/v1/teams/0e5925ab-73e4-4ead-84e5-0406e86777c1/invitations/accept 200
2026-06-27 13:05:22 - GET /api/v1/teams/0e5925ab-73e4-4ead-84e5-0406e86777c1/members 200
2026-06-27 13:05:22 - DELETE /api/v1/teams/0e5925ab-73e4-4ead-84e5-0406e86777c1/members/3746f9ff-261b-4006-91ae-67da0c082c25 204
2026-06-27 13:05:22 - GET /api/v1/teams/0e5925ab-73e4-4ead-84e5-0406e86777c1/members 200
2026-06-27 13:05:23 - POST /api/v1/auth/login 200
2026-06-27 13:05:23 - POST /api/v1/teams/ 201
2026-06-27 13:05:25 - POST /api/v1/auth/login 200
2026-06-27 13:05:25 - POST /api/v1/teams/79786c60-2c10-49c8-9f30-6e92e1957f8a/members 200
2026-06-27 13:05:25 - GET /api/v1/notifications/ 200
2026-06-27 13:05:25 - GET /api/v1/teams/my-invitations 200
2026-06-27 13:05:25 - POST /api/v1/notifications/2c44540c-0965-4afe-9cfc-8e7d6b651338/read 200
2026-06-27 13:05:25 - POST /api/v1/teams/79786c60-2c10-49c8-9f30-6e92e1957f8a/invitations/accept 200
2026-06-27 13:05:25 - GET /api/v1/notifications/ 200
2026-06-27 13:05:26 - POST /api/v1/auth/login 200
2026-06-27 13:05:26 - POST /api/v1/teams/ 201
2026-06-27 13:05:27 - POST /api/v1/auth/login 200
2026-06-27 13:05:27 - POST /api/v1/teams/83a8cbd5-f5ee-49d8-88c5-73b5a7f2b389/members 200
2026-06-27 13:05:27 - POST /api/v1/teams/83a8cbd5-f5ee-49d8-88c5-73b5a7f2b389/invitations/reject 204
2026-06-27 13:05:27 - GET /api/v1/notifications/ 200
2026-06-27 13:05:28 - POST /api/v1/auth/login 200
2026-06-27 13:05:28 - POST /api/v1/teams/ 201
2026-06-27 13:05:29 - POST /api/v1/auth/login 200
2026-06-27 13:05:29 - POST /api/v1/teams/7e63f975-f93b-49b2-989e-3d3c2de844b1/join-request 200
2026-06-27 13:05:29 - POST /api/v1/teams/7e63f975-f93b-49b2-989e-3d3c2de844b1/reject-request 204
2026-06-27 13:05:29 - GET /api/v1/notifications/ 200
2026-06-27 13:05:31 - POST /api/v1/auth/login 200
2026-06-27 13:05:31 - POST /api/v1/teams/ 201
2026-06-27 13:05:32 - POST /api/v1/auth/login 200
2026-06-27 13:05:32 - PUT /api/v1/teams/c50d83e7-6ceb-43cc-939f-b88d7a0ed914 403
2026-06-27 13:05:32 - DELETE /api/v1/teams/c50d83e7-6ceb-43cc-939f-b88d7a0ed914 403
2026-06-27 13:05:32 - PUT /api/v1/teams/c50d83e7-6ceb-43cc-939f-b88d7a0ed914 200
2026-06-27 13:05:32 - DELETE /api/v1/teams/c50d83e7-6ceb-43cc-939f-b88d7a0ed914 204
2026-06-27 13:05:32 - GET /api/v1/teams/c50d83e7-6ceb-43cc-939f-b88d7a0ed914 404
2026-06-27 13:05:33 - POST /api/v1/auth/login 200
2026-06-27 13:05:33 - GET /api/v1/notifications/ 200
2026-06-27 13:05:33 - POST /api/v1/notifications/read-all 204
2026-06-27 13:05:33 - GET /api/v1/notifications/ 200
2026-06-27 13:05:34 - POST /api/v1/auth/login 200
2026-06-27 13:05:34 - POST /api/v1/tournaments/ 201
2026-06-27 13:05:34 - POST /api/v1/players/ 201
2026-06-27 13:05:34 - POST /api/v1/players/ 201
2026-06-27 13:05:34 - POST /api/v1/players/ 201
2026-06-27 13:05:34 - POST /api/v1/players/ 201
2026-06-27 13:05:34 - POST /api/v1/teams/ 201
2026-06-27 13:05:34 - POST /api/v1/teams/804aba08-abb3-4bf1-8ed8-17ed397c0c3b/players 200
2026-06-27 13:05:34 - POST /api/v1/teams/804aba08-abb3-4bf1-8ed8-17ed397c0c3b/players 200
2026-06-27 13:05:34 - POST /api/v1/teams/804aba08-abb3-4bf1-8ed8-17ed397c0c3b/players 200
2026-06-27 13:05:34 - POST /api/v1/teams/804aba08-abb3-4bf1-8ed8-17ed397c0c3b/players 200
2026-06-27 13:05:34 - POST /api/v1/tournaments/5792e707-3fa1-4de9-a39e-f7b34f178937/teams 400
2026-06-27 13:05:34 - POST /api/v1/players/ 201
2026-06-27 13:05:34 - POST /api/v1/teams/804aba08-abb3-4bf1-8ed8-17ed397c0c3b/players 200
2026-06-27 13:05:34 - POST /api/v1/tournaments/5792e707-3fa1-4de9-a39e-f7b34f178937/teams 200
2026-06-27 13:05:34 - DELETE /api/v1/tournaments/5792e707-3fa1-4de9-a39e-f7b34f178937/teams/804aba08-abb3-4bf1-8ed8-17ed397c0c3b 200
2026-06-27 13:05:35 - POST /api/v1/auth/login 200
2026-06-27 13:05:35 - POST /api/v1/teams/ 201
2026-06-27 13:05:35 - POST /api/v1/players/ 201
2026-06-27 13:05:35 - POST /api/v1/teams/4d559dc0-7241-49c1-bb12-7fb36f0beed2/players 200
2026-06-27 13:05:35 - POST /api/v1/players/ 201
2026-06-27 13:05:35 - POST /api/v1/teams/4d559dc0-7241-49c1-bb12-7fb36f0beed2/players 200
2026-06-27 13:05:35 - POST /api/v1/players/ 201
2026-06-27 13:05:35 - POST /api/v1/teams/4d559dc0-7241-49c1-bb12-7fb36f0beed2/players 200
2026-06-27 13:05:35 - POST /api/v1/players/ 201
2026-06-27 13:05:35 - POST /api/v1/teams/4d559dc0-7241-49c1-bb12-7fb36f0beed2/players 200
2026-06-27 13:05:35 - POST /api/v1/players/ 201
2026-06-27 13:05:35 - POST /api/v1/teams/4d559dc0-7241-49c1-bb12-7fb36f0beed2/players 200
2026-06-27 13:05:35 - POST /api/v1/teams/ 201
2026-06-27 13:05:35 - POST /api/v1/players/ 201
2026-06-27 13:05:35 - POST /api/v1/teams/304efe29-b1cc-4705-90cb-21053493b6b2/players 200
2026-06-27 13:05:35 - POST /api/v1/players/ 201
2026-06-27 13:05:35 - POST /api/v1/teams/304efe29-b1cc-4705-90cb-21053493b6b2/players 200
2026-06-27 13:05:35 - POST /api/v1/players/ 201
2026-06-27 13:05:35 - POST /api/v1/teams/304efe29-b1cc-4705-90cb-21053493b6b2/players 200
2026-06-27 13:05:35 - POST /api/v1/players/ 201
2026-06-27 13:05:35 - POST /api/v1/teams/304efe29-b1cc-4705-90cb-21053493b6b2/players 200
2026-06-27 13:05:35 - POST /api/v1/players/ 201
2026-06-27 13:05:35 - POST /api/v1/teams/304efe29-b1cc-4705-90cb-21053493b6b2/players 200
2026-06-27 13:05:35 - POST /api/v1/tournaments/ 201
2026-06-27 13:05:35 - POST /api/v1/tournaments/690c876f-5c9f-4768-b96f-da4cc674b649/teams 200
2026-06-27 13:05:35 - POST /api/v1/tournaments/690c876f-5c9f-4768-b96f-da4cc674b649/teams 200
2026-06-27 13:05:35 - POST /api/v1/tournaments/690c876f-5c9f-4768-b96f-da4cc674b649/fixtures/generate 201
2026-06-27 13:05:35 - GET /api/v1/tournaments/690c876f-5c9f-4768-b96f-da4cc674b649/dashboard 200
2026-06-27 13:05:35 - POST /api/v1/matches/2f628b2c-0eda-4b71-aea7-fa62898e6058/toss 200
2026-06-27 13:05:35 - GET /api/v1/teams/4d559dc0-7241-49c1-bb12-7fb36f0beed2 200
2026-06-27 13:05:35 - GET /api/v1/teams/304efe29-b1cc-4705-90cb-21053493b6b2 200
2026-06-27 13:05:35 - POST /api/v1/matches/2f628b2c-0eda-4b71-aea7-fa62898e6058/squads 200
2026-06-27 13:05:35 - POST /api/v1/matches/2f628b2c-0eda-4b71-aea7-fa62898e6058/squads 200
2026-06-27 13:05:35 - POST /api/v1/matches/2f628b2c-0eda-4b71-aea7-fa62898e6058/balls 201
2026-06-27 13:05:35 - POST /api/v1/matches/2f628b2c-0eda-4b71-aea7-fa62898e6058/balls 201
2026-06-27 13:05:35 - POST /api/v1/matches/2f628b2c-0eda-4b71-aea7-fa62898e6058/balls 201
2026-06-27 13:05:35 - POST /api/v1/matches/2f628b2c-0eda-4b71-aea7-fa62898e6058/balls 201
2026-06-27 13:05:35 - POST /api/v1/matches/2f628b2c-0eda-4b71-aea7-fa62898e6058/balls 201
2026-06-27 13:05:35 - POST /api/v1/matches/2f628b2c-0eda-4b71-aea7-fa62898e6058/balls 201
2026-06-27 13:05:35 - POST /api/v1/matches/2f628b2c-0eda-4b71-aea7-fa62898e6058/balls 201
2026-06-27 13:05:35 - POST /api/v1/matches/2f628b2c-0eda-4b71-aea7-fa62898e6058/balls 201
2026-06-27 13:05:35 - POST /api/v1/matches/2f628b2c-0eda-4b71-aea7-fa62898e6058/balls 201
2026-06-27 13:05:35 - GET /api/v1/tournaments/690c876f-5c9f-4768-b96f-da4cc674b649/points-table 200
2026-06-27 13:05:35 - GET /api/v1/tournaments/690c876f-5c9f-4768-b96f-da4cc674b649/leaderboards 200
2026-06-27 13:05:37 - POST /api/v1/auth/login 200
2026-06-27 13:05:37 - POST /api/v1/teams/ 201
2026-06-27 13:05:37 - POST /api/v1/players/ 201
2026-06-27 13:05:37 - POST /api/v1/teams/e08810b6-5ceb-4454-8f21-15a408490935/players 200
2026-06-27 13:05:37 - POST /api/v1/players/ 201
2026-06-27 13:05:37 - POST /api/v1/teams/e08810b6-5ceb-4454-8f21-15a408490935/players 200
2026-06-27 13:05:37 - POST /api/v1/players/ 201
2026-06-27 13:05:37 - POST /api/v1/teams/e08810b6-5ceb-4454-8f21-15a408490935/players 200
2026-06-27 13:05:37 - POST /api/v1/players/ 201
2026-06-27 13:05:37 - POST /api/v1/teams/e08810b6-5ceb-4454-8f21-15a408490935/players 200
2026-06-27 13:05:37 - POST /api/v1/players/ 201
2026-06-27 13:05:37 - POST /api/v1/teams/e08810b6-5ceb-4454-8f21-15a408490935/players 200
2026-06-27 13:05:37 - POST /api/v1/teams/ 201
2026-06-27 13:05:37 - POST /api/v1/players/ 201
2026-06-27 13:05:37 - POST /api/v1/teams/b4c73a43-01d3-4bda-8d92-4a12247e34e8/players 200
2026-06-27 13:05:37 - POST /api/v1/players/ 201
2026-06-27 13:05:37 - POST /api/v1/teams/b4c73a43-01d3-4bda-8d92-4a12247e34e8/players 200
2026-06-27 13:05:37 - POST /api/v1/players/ 201
2026-06-27 13:05:37 - POST /api/v1/teams/b4c73a43-01d3-4bda-8d92-4a12247e34e8/players 200
2026-06-27 13:05:37 - POST /api/v1/players/ 201
2026-06-27 13:05:37 - POST /api/v1/teams/b4c73a43-01d3-4bda-8d92-4a12247e34e8/players 200
2026-06-27 13:05:37 - POST /api/v1/players/ 201
2026-06-27 13:05:37 - POST /api/v1/teams/b4c73a43-01d3-4bda-8d92-4a12247e34e8/players 200
2026-06-27 13:05:37 - POST /api/v1/teams/ 201
2026-06-27 13:05:37 - POST /api/v1/players/ 201
2026-06-27 13:05:37 - POST /api/v1/teams/688e175e-2dd5-4a48-93d3-0cf592236d70/players 200
2026-06-27 13:05:37 - POST /api/v1/players/ 201
2026-06-27 13:05:37 - POST /api/v1/teams/688e175e-2dd5-4a48-93d3-0cf592236d70/players 200
2026-06-27 13:05:37 - POST /api/v1/players/ 201
2026-06-27 13:05:37 - POST /api/v1/teams/688e175e-2dd5-4a48-93d3-0cf592236d70/players 200
2026-06-27 13:05:37 - POST /api/v1/players/ 201
2026-06-27 13:05:37 - POST /api/v1/teams/688e175e-2dd5-4a48-93d3-0cf592236d70/players 200
2026-06-27 13:05:37 - POST /api/v1/players/ 201
2026-06-27 13:05:37 - POST /api/v1/teams/688e175e-2dd5-4a48-93d3-0cf592236d70/players 200
2026-06-27 13:05:37 - POST /api/v1/teams/ 201
2026-06-27 13:05:37 - POST /api/v1/players/ 201
2026-06-27 13:05:37 - POST /api/v1/teams/843718bc-e451-4e03-9be2-093dafa82444/players 200
2026-06-27 13:05:37 - POST /api/v1/players/ 201
2026-06-27 13:05:37 - POST /api/v1/teams/843718bc-e451-4e03-9be2-093dafa82444/players 200
2026-06-27 13:05:37 - POST /api/v1/players/ 201
2026-06-27 13:05:37 - POST /api/v1/teams/843718bc-e451-4e03-9be2-093dafa82444/players 200
2026-06-27 13:05:37 - POST /api/v1/players/ 201
2026-06-27 13:05:37 - POST /api/v1/teams/843718bc-e451-4e03-9be2-093dafa82444/players 200
2026-06-27 13:05:37 - POST /api/v1/players/ 201
2026-06-27 13:05:37 - POST /api/v1/teams/843718bc-e451-4e03-9be2-093dafa82444/players 200
2026-06-27 13:05:37 - POST /api/v1/tournaments/ 201
2026-06-27 13:05:37 - POST /api/v1/tournaments/d16f88f6-ffa2-4d1a-b11d-b5487c8fc818/teams 200
2026-06-27 13:05:37 - POST /api/v1/tournaments/d16f88f6-ffa2-4d1a-b11d-b5487c8fc818/teams 200
2026-06-27 13:05:37 - POST /api/v1/tournaments/d16f88f6-ffa2-4d1a-b11d-b5487c8fc818/teams 200
2026-06-27 13:05:37 - POST /api/v1/tournaments/d16f88f6-ffa2-4d1a-b11d-b5487c8fc818/teams 200
2026-06-27 13:05:37 - POST /api/v1/tournaments/d16f88f6-ffa2-4d1a-b11d-b5487c8fc818/fixtures/generate 201
2026-06-27 13:05:37 - GET /api/v1/tournaments/d16f88f6-ffa2-4d1a-b11d-b5487c8fc818/dashboard 200
2026-06-27 13:05:38 - GET /api/v1/tournaments/d16f88f6-ffa2-4d1a-b11d-b5487c8fc818/dashboard 200
2026-06-27 13:05:38 - POST /api/v1/matches/8e618498-962b-4257-bf91-6c43cb6816a6/toss 200
2026-06-27 13:05:38 - GET /api/v1/teams/688e175e-2dd5-4a48-93d3-0cf592236d70 200
2026-06-27 13:05:38 - GET /api/v1/teams/843718bc-e451-4e03-9be2-093dafa82444 200
2026-06-27 13:05:38 - POST /api/v1/matches/8e618498-962b-4257-bf91-6c43cb6816a6/squads 200
2026-06-27 13:05:38 - POST /api/v1/matches/8e618498-962b-4257-bf91-6c43cb6816a6/squads 200
2026-06-27 13:05:38 - POST /api/v1/matches/8e618498-962b-4257-bf91-6c43cb6816a6/balls 201
2026-06-27 13:05:38 - POST /api/v1/matches/8e618498-962b-4257-bf91-6c43cb6816a6/balls 201
2026-06-27 13:05:38 - POST /api/v1/matches/8e618498-962b-4257-bf91-6c43cb6816a6/balls 201
2026-06-27 13:05:38 - POST /api/v1/matches/8e618498-962b-4257-bf91-6c43cb6816a6/balls 201
2026-06-27 13:05:38 - POST /api/v1/matches/8e618498-962b-4257-bf91-6c43cb6816a6/balls 201
2026-06-27 13:05:38 - POST /api/v1/matches/8e618498-962b-4257-bf91-6c43cb6816a6/balls 201
2026-06-27 13:05:38 - POST /api/v1/matches/8e618498-962b-4257-bf91-6c43cb6816a6/balls 201
2026-06-27 13:05:38 - POST /api/v1/matches/8e618498-962b-4257-bf91-6c43cb6816a6/balls 201
2026-06-27 13:05:38 - POST /api/v1/matches/8e618498-962b-4257-bf91-6c43cb6816a6/balls 201
2026-06-27 13:05:38 - POST /api/v1/matches/8e618498-962b-4257-bf91-6c43cb6816a6/balls 201
2026-06-27 13:05:38 - POST /api/v1/matches/8e618498-962b-4257-bf91-6c43cb6816a6/balls 201
2026-06-27 13:05:38 - POST /api/v1/matches/8e618498-962b-4257-bf91-6c43cb6816a6/balls 201
2026-06-27 13:05:38 - POST /api/v1/matches/c1e76c31-ed87-4ad9-8a51-eb3851e069ea/toss 200
2026-06-27 13:05:38 - GET /api/v1/teams/b4c73a43-01d3-4bda-8d92-4a12247e34e8 200
2026-06-27 13:05:38 - GET /api/v1/teams/688e175e-2dd5-4a48-93d3-0cf592236d70 200
2026-06-27 13:05:38 - POST /api/v1/matches/c1e76c31-ed87-4ad9-8a51-eb3851e069ea/squads 200
2026-06-27 13:05:38 - POST /api/v1/matches/c1e76c31-ed87-4ad9-8a51-eb3851e069ea/squads 200
2026-06-27 13:05:38 - POST /api/v1/matches/c1e76c31-ed87-4ad9-8a51-eb3851e069ea/balls 201
2026-06-27 13:05:38 - POST /api/v1/matches/c1e76c31-ed87-4ad9-8a51-eb3851e069ea/balls 201
2026-06-27 13:05:38 - POST /api/v1/matches/c1e76c31-ed87-4ad9-8a51-eb3851e069ea/balls 201
2026-06-27 13:05:38 - POST /api/v1/matches/c1e76c31-ed87-4ad9-8a51-eb3851e069ea/balls 201
2026-06-27 13:05:38 - POST /api/v1/matches/c1e76c31-ed87-4ad9-8a51-eb3851e069ea/balls 201
2026-06-27 13:05:38 - POST /api/v1/matches/c1e76c31-ed87-4ad9-8a51-eb3851e069ea/balls 201
2026-06-27 13:05:38 - POST /api/v1/matches/c1e76c31-ed87-4ad9-8a51-eb3851e069ea/balls 201
2026-06-27 13:05:38 - POST /api/v1/matches/c1e76c31-ed87-4ad9-8a51-eb3851e069ea/balls 201
2026-06-27 13:05:38 - POST /api/v1/matches/c1e76c31-ed87-4ad9-8a51-eb3851e069ea/balls 201
2026-06-27 13:05:38 - POST /api/v1/matches/c1e76c31-ed87-4ad9-8a51-eb3851e069ea/balls 201
2026-06-27 13:05:38 - POST /api/v1/matches/c1e76c31-ed87-4ad9-8a51-eb3851e069ea/balls 201
2026-06-27 13:05:38 - POST /api/v1/matches/c1e76c31-ed87-4ad9-8a51-eb3851e069ea/balls 201
2026-06-27 13:05:38 - POST /api/v1/matches/75e01f75-d038-49db-a937-1f1385a2447f/toss 200
2026-06-27 13:05:39 - GET /api/v1/teams/e08810b6-5ceb-4454-8f21-15a408490935 200
2026-06-27 13:05:39 - GET /api/v1/teams/688e175e-2dd5-4a48-93d3-0cf592236d70 200
2026-06-27 13:05:39 - POST /api/v1/matches/75e01f75-d038-49db-a937-1f1385a2447f/squads 200
2026-06-27 13:05:39 - POST /api/v1/matches/75e01f75-d038-49db-a937-1f1385a2447f/squads 200
2026-06-27 13:05:39 - POST /api/v1/matches/75e01f75-d038-49db-a937-1f1385a2447f/balls 201
2026-06-27 13:05:39 - POST /api/v1/matches/75e01f75-d038-49db-a937-1f1385a2447f/balls 201
2026-06-27 13:05:39 - POST /api/v1/matches/75e01f75-d038-49db-a937-1f1385a2447f/balls 201
2026-06-27 13:05:39 - POST /api/v1/matches/75e01f75-d038-49db-a937-1f1385a2447f/balls 201
2026-06-27 13:05:39 - POST /api/v1/matches/75e01f75-d038-49db-a937-1f1385a2447f/balls 201
2026-06-27 13:05:39 - POST /api/v1/matches/75e01f75-d038-49db-a937-1f1385a2447f/balls 201
2026-06-27 13:05:39 - POST /api/v1/matches/75e01f75-d038-49db-a937-1f1385a2447f/balls 201
2026-06-27 13:05:39 - POST /api/v1/matches/75e01f75-d038-49db-a937-1f1385a2447f/balls 201
2026-06-27 13:05:39 - POST /api/v1/matches/75e01f75-d038-49db-a937-1f1385a2447f/balls 201
2026-06-27 13:05:39 - POST /api/v1/matches/75e01f75-d038-49db-a937-1f1385a2447f/balls 201
2026-06-27 13:05:39 - POST /api/v1/matches/75e01f75-d038-49db-a937-1f1385a2447f/balls 201
2026-06-27 13:05:39 - POST /api/v1/matches/75e01f75-d038-49db-a937-1f1385a2447f/balls 201
2026-06-27 13:05:39 - POST /api/v1/matches/49269c55-952e-4900-a3eb-52afaf463ed1/toss 200
2026-06-27 13:05:39 - GET /api/v1/teams/b4c73a43-01d3-4bda-8d92-4a12247e34e8 200
2026-06-27 13:05:39 - GET /api/v1/teams/843718bc-e451-4e03-9be2-093dafa82444 200
2026-06-27 13:05:39 - POST /api/v1/matches/49269c55-952e-4900-a3eb-52afaf463ed1/squads 200
2026-06-27 13:05:39 - POST /api/v1/matches/49269c55-952e-4900-a3eb-52afaf463ed1/squads 200
2026-06-27 13:05:39 - POST /api/v1/matches/49269c55-952e-4900-a3eb-52afaf463ed1/balls 201
2026-06-27 13:05:39 - POST /api/v1/matches/49269c55-952e-4900-a3eb-52afaf463ed1/balls 201
2026-06-27 13:05:39 - POST /api/v1/matches/49269c55-952e-4900-a3eb-52afaf463ed1/balls 201
2026-06-27 13:05:39 - POST /api/v1/matches/49269c55-952e-4900-a3eb-52afaf463ed1/balls 201
2026-06-27 13:05:39 - POST /api/v1/matches/49269c55-952e-4900-a3eb-52afaf463ed1/balls 201
2026-06-27 13:05:39 - POST /api/v1/matches/49269c55-952e-4900-a3eb-52afaf463ed1/balls 201
2026-06-27 13:05:39 - POST /api/v1/matches/49269c55-952e-4900-a3eb-52afaf463ed1/balls 201
2026-06-27 13:05:39 - POST /api/v1/matches/49269c55-952e-4900-a3eb-52afaf463ed1/balls 201
2026-06-27 13:05:39 - POST /api/v1/matches/49269c55-952e-4900-a3eb-52afaf463ed1/balls 201
2026-06-27 13:05:39 - POST /api/v1/matches/49269c55-952e-4900-a3eb-52afaf463ed1/balls 201
2026-06-27 13:05:39 - POST /api/v1/matches/49269c55-952e-4900-a3eb-52afaf463ed1/balls 201
2026-06-27 13:05:39 - POST /api/v1/matches/49269c55-952e-4900-a3eb-52afaf463ed1/balls 201
2026-06-27 13:05:39 - POST /api/v1/matches/8f54c4a1-901a-4c71-8782-2cdb08be9cc0/toss 200
2026-06-27 13:05:39 - GET /api/v1/teams/e08810b6-5ceb-4454-8f21-15a408490935 200
2026-06-27 13:05:39 - GET /api/v1/teams/843718bc-e451-4e03-9be2-093dafa82444 200
2026-06-27 13:05:39 - POST /api/v1/matches/8f54c4a1-901a-4c71-8782-2cdb08be9cc0/squads 200
2026-06-27 13:05:39 - POST /api/v1/matches/8f54c4a1-901a-4c71-8782-2cdb08be9cc0/squads 200
2026-06-27 13:05:39 - POST /api/v1/matches/8f54c4a1-901a-4c71-8782-2cdb08be9cc0/balls 201
2026-06-27 13:05:39 - POST /api/v1/matches/8f54c4a1-901a-4c71-8782-2cdb08be9cc0/balls 201
2026-06-27 13:05:39 - POST /api/v1/matches/8f54c4a1-901a-4c71-8782-2cdb08be9cc0/balls 201
2026-06-27 13:05:39 - POST /api/v1/matches/8f54c4a1-901a-4c71-8782-2cdb08be9cc0/balls 201
2026-06-27 13:05:39 - POST /api/v1/matches/8f54c4a1-901a-4c71-8782-2cdb08be9cc0/balls 201
2026-06-27 13:05:39 - POST /api/v1/matches/8f54c4a1-901a-4c71-8782-2cdb08be9cc0/balls 201
2026-06-27 13:05:39 - POST /api/v1/matches/8f54c4a1-901a-4c71-8782-2cdb08be9cc0/balls 201
2026-06-27 13:05:39 - POST /api/v1/matches/8f54c4a1-901a-4c71-8782-2cdb08be9cc0/balls 201
2026-06-27 13:05:39 - POST /api/v1/matches/8f54c4a1-901a-4c71-8782-2cdb08be9cc0/balls 201
2026-06-27 13:05:39 - POST /api/v1/matches/8f54c4a1-901a-4c71-8782-2cdb08be9cc0/balls 201
2026-06-27 13:05:39 - POST /api/v1/matches/8f54c4a1-901a-4c71-8782-2cdb08be9cc0/balls 201
2026-06-27 13:05:39 - POST /api/v1/matches/8f54c4a1-901a-4c71-8782-2cdb08be9cc0/balls 201
2026-06-27 13:05:39 - POST /api/v1/matches/41a84348-491d-40b8-bc9d-aeaccc54c40b/toss 200
2026-06-27 13:05:39 - GET /api/v1/teams/e08810b6-5ceb-4454-8f21-15a408490935 200
2026-06-27 13:05:39 - GET /api/v1/teams/b4c73a43-01d3-4bda-8d92-4a12247e34e8 200
2026-06-27 13:05:39 - POST /api/v1/matches/41a84348-491d-40b8-bc9d-aeaccc54c40b/squads 200
2026-06-27 13:05:39 - POST /api/v1/matches/41a84348-491d-40b8-bc9d-aeaccc54c40b/squads 200
2026-06-27 13:05:39 - POST /api/v1/matches/41a84348-491d-40b8-bc9d-aeaccc54c40b/balls 201
2026-06-27 13:05:39 - POST /api/v1/matches/41a84348-491d-40b8-bc9d-aeaccc54c40b/balls 201
2026-06-27 13:05:39 - POST /api/v1/matches/41a84348-491d-40b8-bc9d-aeaccc54c40b/balls 201
2026-06-27 13:05:39 - POST /api/v1/matches/41a84348-491d-40b8-bc9d-aeaccc54c40b/balls 201
2026-06-27 13:05:39 - POST /api/v1/matches/41a84348-491d-40b8-bc9d-aeaccc54c40b/balls 201
2026-06-27 13:05:39 - POST /api/v1/matches/41a84348-491d-40b8-bc9d-aeaccc54c40b/balls 201
2026-06-27 13:05:39 - POST /api/v1/matches/41a84348-491d-40b8-bc9d-aeaccc54c40b/balls 201
2026-06-27 13:05:39 - POST /api/v1/matches/41a84348-491d-40b8-bc9d-aeaccc54c40b/balls 201
2026-06-27 13:05:39 - POST /api/v1/matches/41a84348-491d-40b8-bc9d-aeaccc54c40b/balls 201
2026-06-27 13:05:39 - POST /api/v1/matches/41a84348-491d-40b8-bc9d-aeaccc54c40b/balls 201
2026-06-27 13:05:39 - POST /api/v1/matches/41a84348-491d-40b8-bc9d-aeaccc54c40b/balls 201
2026-06-27 13:05:39 - POST /api/v1/matches/41a84348-491d-40b8-bc9d-aeaccc54c40b/balls 201
2026-06-27 13:05:39 - GET /api/v1/tournaments/d16f88f6-ffa2-4d1a-b11d-b5487c8fc818/dashboard 200
2026-06-27 13:05:39 - POST /api/v1/matches/f9915aa6-3190-43e1-b5a5-0acfea12c61a/toss 200
2026-06-27 13:05:39 - GET /api/v1/teams/e08810b6-5ceb-4454-8f21-15a408490935 200
2026-06-27 13:05:39 - GET /api/v1/teams/843718bc-e451-4e03-9be2-093dafa82444 200
2026-06-27 13:05:39 - POST /api/v1/matches/f9915aa6-3190-43e1-b5a5-0acfea12c61a/squads 200
2026-06-27 13:05:39 - POST /api/v1/matches/f9915aa6-3190-43e1-b5a5-0acfea12c61a/squads 200
2026-06-27 13:05:40 - POST /api/v1/matches/f9915aa6-3190-43e1-b5a5-0acfea12c61a/balls 201
2026-06-27 13:05:40 - POST /api/v1/matches/f9915aa6-3190-43e1-b5a5-0acfea12c61a/balls 201
2026-06-27 13:05:40 - POST /api/v1/matches/f9915aa6-3190-43e1-b5a5-0acfea12c61a/balls 201
2026-06-27 13:05:40 - POST /api/v1/matches/f9915aa6-3190-43e1-b5a5-0acfea12c61a/balls 201
2026-06-27 13:05:40 - POST /api/v1/matches/f9915aa6-3190-43e1-b5a5-0acfea12c61a/balls 201
2026-06-27 13:05:40 - POST /api/v1/matches/f9915aa6-3190-43e1-b5a5-0acfea12c61a/balls 201
2026-06-27 13:05:40 - POST /api/v1/matches/f9915aa6-3190-43e1-b5a5-0acfea12c61a/balls 201
2026-06-27 13:05:40 - POST /api/v1/matches/f9915aa6-3190-43e1-b5a5-0acfea12c61a/balls 201
2026-06-27 13:05:40 - POST /api/v1/matches/f9915aa6-3190-43e1-b5a5-0acfea12c61a/balls 201
2026-06-27 13:05:40 - POST /api/v1/matches/f9915aa6-3190-43e1-b5a5-0acfea12c61a/balls 201
2026-06-27 13:05:40 - POST /api/v1/matches/f9915aa6-3190-43e1-b5a5-0acfea12c61a/balls 201
2026-06-27 13:05:40 - POST /api/v1/matches/f9915aa6-3190-43e1-b5a5-0acfea12c61a/balls 201
2026-06-27 13:05:40 - POST /api/v1/matches/984f5896-e0cd-46ea-9ab9-420e0ebb1dcb/toss 200
2026-06-27 13:05:40 - GET /api/v1/teams/b4c73a43-01d3-4bda-8d92-4a12247e34e8 200
2026-06-27 13:05:40 - GET /api/v1/teams/688e175e-2dd5-4a48-93d3-0cf592236d70 200
2026-06-27 13:05:40 - POST /api/v1/matches/984f5896-e0cd-46ea-9ab9-420e0ebb1dcb/squads 200
2026-06-27 13:05:40 - POST /api/v1/matches/984f5896-e0cd-46ea-9ab9-420e0ebb1dcb/squads 200
2026-06-27 13:05:40 - POST /api/v1/matches/984f5896-e0cd-46ea-9ab9-420e0ebb1dcb/balls 201
2026-06-27 13:05:40 - POST /api/v1/matches/984f5896-e0cd-46ea-9ab9-420e0ebb1dcb/balls 201
2026-06-27 13:05:40 - POST /api/v1/matches/984f5896-e0cd-46ea-9ab9-420e0ebb1dcb/balls 201
2026-06-27 13:05:40 - POST /api/v1/matches/984f5896-e0cd-46ea-9ab9-420e0ebb1dcb/balls 201
2026-06-27 13:05:40 - POST /api/v1/matches/984f5896-e0cd-46ea-9ab9-420e0ebb1dcb/balls 201
2026-06-27 13:05:40 - POST /api/v1/matches/984f5896-e0cd-46ea-9ab9-420e0ebb1dcb/balls 201
2026-06-27 13:05:40 - POST /api/v1/matches/984f5896-e0cd-46ea-9ab9-420e0ebb1dcb/balls 201
2026-06-27 13:05:40 - POST /api/v1/matches/984f5896-e0cd-46ea-9ab9-420e0ebb1dcb/balls 201
2026-06-27 13:05:40 - POST /api/v1/matches/984f5896-e0cd-46ea-9ab9-420e0ebb1dcb/balls 201
2026-06-27 13:05:40 - POST /api/v1/matches/984f5896-e0cd-46ea-9ab9-420e0ebb1dcb/balls 201
2026-06-27 13:05:40 - POST /api/v1/matches/984f5896-e0cd-46ea-9ab9-420e0ebb1dcb/balls 201
2026-06-27 13:05:40 - POST /api/v1/matches/984f5896-e0cd-46ea-9ab9-420e0ebb1dcb/balls 201
2026-06-27 13:05:40 - GET /api/v1/tournaments/d16f88f6-ffa2-4d1a-b11d-b5487c8fc818/dashboard 200
2026-06-27 13:05:40 - POST /api/v1/matches/d1d68550-89f9-4c4a-92a7-1a8b96302898/toss 200
2026-06-27 13:05:40 - GET /api/v1/teams/e08810b6-5ceb-4454-8f21-15a408490935 200
2026-06-27 13:05:40 - GET /api/v1/teams/b4c73a43-01d3-4bda-8d92-4a12247e34e8 200
2026-06-27 13:05:40 - POST /api/v1/matches/d1d68550-89f9-4c4a-92a7-1a8b96302898/squads 200
2026-06-27 13:05:40 - POST /api/v1/matches/d1d68550-89f9-4c4a-92a7-1a8b96302898/squads 200
2026-06-27 13:05:40 - POST /api/v1/matches/d1d68550-89f9-4c4a-92a7-1a8b96302898/balls 201
2026-06-27 13:05:40 - POST /api/v1/matches/d1d68550-89f9-4c4a-92a7-1a8b96302898/balls 201
2026-06-27 13:05:40 - POST /api/v1/matches/d1d68550-89f9-4c4a-92a7-1a8b96302898/balls 201
2026-06-27 13:05:40 - POST /api/v1/matches/d1d68550-89f9-4c4a-92a7-1a8b96302898/balls 201
2026-06-27 13:05:40 - POST /api/v1/matches/d1d68550-89f9-4c4a-92a7-1a8b96302898/balls 201
2026-06-27 13:05:40 - POST /api/v1/matches/d1d68550-89f9-4c4a-92a7-1a8b96302898/balls 201
2026-06-27 13:05:40 - POST /api/v1/matches/d1d68550-89f9-4c4a-92a7-1a8b96302898/balls 201
2026-06-27 13:05:40 - POST /api/v1/matches/d1d68550-89f9-4c4a-92a7-1a8b96302898/balls 201
2026-06-27 13:05:40 - POST /api/v1/matches/d1d68550-89f9-4c4a-92a7-1a8b96302898/balls 201
2026-06-27 13:05:40 - POST /api/v1/matches/d1d68550-89f9-4c4a-92a7-1a8b96302898/balls 201
2026-06-27 13:05:40 - POST /api/v1/matches/d1d68550-89f9-4c4a-92a7-1a8b96302898/balls 201
2026-06-27 13:05:40 - POST /api/v1/matches/d1d68550-89f9-4c4a-92a7-1a8b96302898/balls 201
2026-06-27 13:05:40 - GET /api/v1/tournaments/d16f88f6-ffa2-4d1a-b11d-b5487c8fc818/dashboard 200
2026-06-30 16:22:23 - POST /api/v1/auth/login 200
2026-06-30 16:22:23 - POST /api/v1/teams/ 201
2026-06-30 16:22:23 - POST /api/v1/teams/ 201
2026-06-30 16:22:23 - POST /api/v1/matches/ 201
2026-06-30 16:22:25 - POST /api/v1/auth/login 200
2026-06-30 16:22:27 - POST /api/v1/auth/signup 201
2026-06-30 16:22:28 - POST /api/v1/auth/login 200
2026-06-30 16:22:28 - POST /api/v1/teams/ 201
2026-06-30 16:22:28 - POST /api/v1/teams/ 201
2026-06-30 16:22:28 - POST /api/v1/matches/ 201
2026-06-30 16:22:55 - POST /api/v1/auth/login 200
2026-06-30 16:22:56 - POST /api/v1/teams/ 201
2026-06-30 16:22:56 - POST /api/v1/teams/ 201
2026-06-30 16:22:56 - POST /api/v1/matches/ 201
2026-06-30 16:22:56 - POST /api/v1/matches/9b7d91ad-d8c8-4b95-abce-3bab2fe46ce7/toss/initiate 200
2026-06-30 16:22:56 - POST /api/v1/matches/9b7d91ad-d8c8-4b95-abce-3bab2fe46ce7/toss/initiate 400
2026-06-30 16:22:56 - GET /api/v1/matches/9b7d91ad-d8c8-4b95-abce-3bab2fe46ce7/activities 200
2026-06-30 16:22:56 - POST /api/v1/matches/9b7d91ad-d8c8-4b95-abce-3bab2fe46ce7/toss/decision 200
2026-06-30 16:22:56 - GET /api/v1/matches/9b7d91ad-d8c8-4b95-abce-3bab2fe46ce7/activities 200
2026-06-30 16:22:56 - POST /api/v1/matches/9b7d91ad-d8c8-4b95-abce-3bab2fe46ce7/toss/reset 403
2026-06-30 16:22:56 - POST /api/v1/auth/login 200
2026-06-30 16:22:58 - POST /api/v1/auth/signup 201
2026-06-30 16:22:58 - POST /api/v1/auth/login 200
2026-06-30 16:22:58 - POST /api/v1/teams/ 201
2026-06-30 16:22:58 - POST /api/v1/teams/ 201
2026-06-30 16:22:58 - POST /api/v1/matches/ 201
2026-06-30 16:22:58 - POST /api/v1/matches/ab6ee309-c5a0-4ddb-a947-9dcad9cdb69e/toss/initiate 200
2026-06-30 16:22:58 - POST /api/v1/matches/ab6ee309-c5a0-4ddb-a947-9dcad9cdb69e/toss/reset 403
2026-06-30 16:23:17 - POST /api/v1/auth/login 200
2026-06-30 16:23:17 - POST /api/v1/teams/ 201
2026-06-30 16:23:17 - POST /api/v1/teams/ 201
2026-06-30 16:23:17 - POST /api/v1/matches/ 201
2026-06-30 16:23:17 - POST /api/v1/matches/643f08bd-1daa-4378-8142-85d823711418/toss/initiate 200
2026-06-30 16:23:17 - POST /api/v1/matches/643f08bd-1daa-4378-8142-85d823711418/toss/initiate 400
2026-06-30 16:23:17 - GET /api/v1/matches/643f08bd-1daa-4378-8142-85d823711418/activities 200
2026-06-30 16:23:17 - POST /api/v1/matches/643f08bd-1daa-4378-8142-85d823711418/toss/decision 200
2026-06-30 16:23:17 - GET /api/v1/matches/643f08bd-1daa-4378-8142-85d823711418/activities 200
2026-06-30 16:23:17 - POST /api/v1/matches/643f08bd-1daa-4378-8142-85d823711418/toss/reset 200
2026-06-30 16:23:17 - GET /api/v1/matches/643f08bd-1daa-4378-8142-85d823711418/activities 200
2026-06-30 16:23:18 - POST /api/v1/auth/login 200
2026-06-30 16:23:20 - POST /api/v1/auth/signup 201
2026-06-30 16:23:21 - POST /api/v1/auth/login 200
2026-06-30 16:23:21 - POST /api/v1/teams/ 201
2026-06-30 16:23:21 - POST /api/v1/teams/ 201
2026-06-30 16:23:21 - POST /api/v1/matches/ 201
2026-06-30 16:23:21 - POST /api/v1/matches/2d33930a-894f-48bc-9fdf-1b8ad85245b4/toss/initiate 200
2026-06-30 16:23:21 - POST /api/v1/matches/2d33930a-894f-48bc-9fdf-1b8ad85245b4/toss/reset 403
2026-06-30 21:46:07 - POST /api/v1/auth/signup 422
2026-06-30 21:46:07 - POST /api/v1/auth/signup 422
2026-06-30 21:46:07 - POST /api/v1/auth/signup 422
2026-06-30 21:46:07 - POST /api/v1/auth/signup 422
2026-06-30 21:46:07 - POST /api/v1/auth/signup 500
2026-06-30 21:46:07 - POST /api/v1/auth/signup 500
2026-06-30 21:46:07 - POST /api/v1/auth/resend-otp 404
2026-06-30 21:46:07 - POST /api/v1/auth/forgot-password 404
2026-06-30 21:46:08 - POST /api/v1/auth/signup 500
2026-06-30 21:46:08 - POST /api/v1/auth/signup 500
2026-06-30 21:46:08 - POST /api/v1/auth/signup 500
2026-06-30 21:46:08 - POST /api/v1/auth/signup 500
2026-06-30 21:46:08 - POST /api/v1/auth/signup 500
2026-06-30 21:46:08 - POST /api/v1/auth/signup 500
2026-06-30 21:46:11 - GET /api/v1/debug-env 200
2026-06-30 21:46:11 - GET /api/v1/debug-env 404
2026-06-30 21:46:11 - POST /api/v1/auth/google 200
2026-06-30 21:46:11 - POST /api/v1/auth/google 400
2026-06-30 21:46:11 - POST /api/v1/auth/google 400
2026-06-30 21:46:11 - POST /api/v1/auth/google 400
2026-06-30 21:46:11 - POST /api/v1/auth/google 400
2026-06-30 21:46:13 - POST /api/v1/auth/signup 500
2026-06-30 21:46:14 - POST /api/v1/auth/signup 400
2026-06-30 21:46:14 - POST /api/v1/auth/signup 400
2026-06-30 21:46:14 - POST /api/v1/auth/signup 400
2026-06-30 21:46:15 - POST /api/v1/auth/signup 500
2026-06-30 21:46:15 - GET /api/v1/auth/me 401
2026-06-30 21:46:15 - GET /api/v1/auth/me 401
2026-06-30 21:46:15 - POST /api/v1/auth/signup 500
2026-06-30 21:46:15 - POST /api/v1/auth/signup 500
2026-06-30 21:46:15 - POST /api/v1/auth/signup 500
2026-06-30 21:46:35 - POST /api/v1/auth/signup 422
2026-06-30 21:46:35 - POST /api/v1/auth/signup 422
2026-06-30 21:46:35 - POST /api/v1/auth/signup 422
2026-06-30 21:46:35 - POST /api/v1/auth/signup 422
2026-06-30 21:46:37 - POST /api/v1/auth/signup 201
2026-06-30 21:46:37 - POST /api/v1/auth/login 400
2026-06-30 21:46:37 - POST /api/v1/auth/verify-otp 200
2026-06-30 21:46:39 - POST /api/v1/auth/signup 201
2026-06-30 21:46:39 - POST /api/v1/auth/resend-otp 429
2026-06-30 21:46:41 - POST /api/v1/auth/resend-otp 200
2026-06-30 21:46:41 - POST /api/v1/auth/login 400
2026-06-30 21:46:41 - POST /api/v1/auth/login 400
2026-06-30 21:46:42 - POST /api/v1/auth/login 400
2026-06-30 21:46:42 - POST /api/v1/auth/login 400
2026-06-30 21:46:42 - POST /api/v1/auth/login 400
2026-06-30 21:46:42 - POST /api/v1/auth/login 403
2026-06-30 21:46:42 - POST /api/v1/auth/login 200
2026-06-30 21:46:42 - POST /api/v1/auth/forgot-password 404
2026-06-30 21:46:44 - POST /api/v1/auth/forgot-password 200
2026-06-30 21:46:44 - POST /api/v1/auth/verify-reset-otp 400
2026-06-30 21:46:44 - POST /api/v1/auth/verify-reset-otp 200
2026-06-30 21:46:44 - POST /api/v1/auth/reset-password 422
2026-06-30 21:46:44 - POST /api/v1/auth/reset-password 200
2026-06-30 21:46:44 - POST /api/v1/auth/login 200
2026-06-30 21:46:45 - POST /api/v1/auth/login 200
2026-06-30 21:46:45 - POST /api/v1/auth/complete-profile 200
2026-06-30 21:46:45 - POST /api/v1/auth/login 200
2026-06-30 21:46:45 - POST /api/v1/auth/refresh 200
2026-06-30 21:46:45 - POST /api/v1/auth/logout 200
2026-06-30 21:46:45 - POST /api/v1/auth/refresh 401
2026-06-30 21:46:47 - POST /api/v1/auth/signup 201
2026-06-30 21:46:47 - POST /api/v1/auth/signup 400
2026-06-30 21:46:47 - POST /api/v1/auth/login 400
2026-06-30 21:46:47 - POST /api/v1/auth/forgot-password 400
2026-06-30 21:46:47 - POST /api/v1/auth/verify-reset-otp 400
2026-06-30 21:46:47 - POST /api/v1/auth/reset-password 400
2026-06-30 21:46:48 - POST /api/v1/auth/signup 400
2026-06-30 21:46:49 - POST /api/v1/auth/signup 201
2026-06-30 21:46:50 - POST /api/v1/auth/signup 201
2026-06-30 21:46:51 - POST /api/v1/auth/login 200
2026-06-30 21:46:51 - POST /api/v1/auth/login 200
2026-06-30 21:46:51 - POST /api/v1/teams/ 201
2026-06-30 21:46:51 - GET /api/v1/teams/ 200
2026-06-30 21:46:51 - PUT /api/v1/teams/464b02f8-493b-436e-b20f-8bf4319df286 403
2026-06-30 21:46:51 - DELETE /api/v1/teams/464b02f8-493b-436e-b20f-8bf4319df286 403
2026-06-30 21:46:51 - POST /api/v1/players/ 201
2026-06-30 21:46:51 - GET /api/v1/players/ 200
2026-06-30 21:46:51 - PUT /api/v1/players/d02080b3-ea95-4a65-8014-68def806b1df 403
2026-06-30 21:46:51 - DELETE /api/v1/players/d02080b3-ea95-4a65-8014-68def806b1df 403
2026-06-30 21:46:53 - POST /api/v1/auth/signup 201
2026-06-30 21:46:53 - POST /api/v1/auth/login 200
2026-06-30 21:46:53 - POST /api/v1/teams/ 201
2026-06-30 21:46:53 - POST /api/v1/teams/ 201
2026-06-30 21:46:53 - POST /api/v1/players/ 201
2026-06-30 21:46:53 - POST /api/v1/players/ 201
2026-06-30 21:46:53 - POST /api/v1/players/ 201
2026-06-30 21:46:53 - POST /api/v1/teams/c989a3f1-15b2-484e-a918-2ac48181d6d2/players/bulk 200
2026-06-30 21:46:53 - POST /api/v1/teams/bdf22724-290f-4b26-b87e-fa7b7382ca6f/players/bulk 400
2026-06-30 21:46:54 - POST /api/v1/auth/signup 201
2026-06-30 21:46:56 - POST /api/v1/auth/signup 201
2026-06-30 21:46:56 - POST /api/v1/auth/login 200
2026-06-30 21:46:56 - POST /api/v1/auth/login 200
2026-06-30 21:46:56 - POST /api/v1/teams/ 201
2026-06-30 21:46:56 - POST /api/v1/teams/ 201
2026-06-30 21:46:56 - POST /api/v1/matches/ 201
2026-06-30 21:46:56 - POST /api/v1/matches/a07c2b88-b3c4-4fa8-baba-b3a7ff14e500/toss 403
2026-06-30 21:46:56 - POST /api/v1/matches/a07c2b88-b3c4-4fa8-baba-b3a7ff14e500/toss 200
2026-06-30 21:46:58 - GET /api/v1/debug-env 200
2026-06-30 21:46:58 - GET /api/v1/debug-env 404
2026-06-30 21:46:58 - POST /api/v1/auth/login 200
2026-06-30 21:46:58 - POST /api/v1/players/ 201
2026-06-30 21:46:58 - POST /api/v1/players/ 201
2026-06-30 21:46:58 - POST /api/v1/players/ 201
2026-06-30 21:46:58 - POST /api/v1/players/ 201
2026-06-30 21:46:58 - POST /api/v1/teams/ 201
2026-06-30 21:46:58 - POST /api/v1/teams/ 201
2026-06-30 21:46:58 - POST /api/v1/teams/5f06b8d5-78c0-4d7a-9845-18f29f7f9209/players 200
2026-06-30 21:46:58 - POST /api/v1/teams/5f06b8d5-78c0-4d7a-9845-18f29f7f9209/players 200
2026-06-30 21:46:58 - POST /api/v1/teams/d5e66512-c4f9-419c-9558-2e19c95df1d0/players 200
2026-06-30 21:46:58 - POST /api/v1/teams/d5e66512-c4f9-419c-9558-2e19c95df1d0/players 200
2026-06-30 21:46:58 - POST /api/v1/matches/ 201
2026-06-30 21:46:58 - POST /api/v1/matches/01d7fb3a-2864-454e-ab46-7ff1ec20b6d7/toss 200
2026-06-30 21:46:58 - POST /api/v1/matches/01d7fb3a-2864-454e-ab46-7ff1ec20b6d7/squads 400
2026-06-30 21:46:58 - POST /api/v1/matches/01d7fb3a-2864-454e-ab46-7ff1ec20b6d7/squads 200
2026-06-30 21:46:58 - POST /api/v1/matches/01d7fb3a-2864-454e-ab46-7ff1ec20b6d7/squads 400
2026-06-30 21:46:58 - POST /api/v1/matches/01d7fb3a-2864-454e-ab46-7ff1ec20b6d7/squads 200
2026-06-30 21:46:58 - POST /api/v1/auth/google 200
2026-06-30 21:46:58 - POST /api/v1/auth/google 400
2026-06-30 21:46:58 - POST /api/v1/auth/google 400
2026-06-30 21:46:59 - POST /api/v1/auth/google 400
2026-06-30 21:46:59 - POST /api/v1/auth/google 400
2026-06-30 21:46:59 - POST /api/v1/auth/login 200
2026-06-30 21:46:59 - POST /api/v1/players/ 201
2026-06-30 21:46:59 - POST /api/v1/players/ 201
2026-06-30 21:46:59 - POST /api/v1/teams/ 201
2026-06-30 21:46:59 - POST /api/v1/teams/ 201
2026-06-30 21:46:59 - POST /api/v1/matches/ 201
2026-06-30 21:46:59 - GET /api/v1/matches/ 200
2026-06-30 21:47:00 - POST /api/v1/auth/login 200
2026-06-30 21:47:00 - POST /api/v1/auth/login 200
2026-06-30 21:47:00 - POST /api/v1/auth/login 200
2026-06-30 21:47:00 - POST /api/v1/matches/ 201
2026-06-30 21:47:00 - POST /api/v1/matches/09b0292b-6994-42c9-ae4f-2d38f03400ed/toss 200
2026-06-30 21:47:00 - POST /api/v1/matches/09b0292b-6994-42c9-ae4f-2d38f03400ed/toss 403
2026-06-30 21:47:00 - POST /api/v1/matches/ 201
2026-06-30 21:47:00 - POST /api/v1/matches/cc3cb5dc-a5f8-4598-9bc1-623e7b034464/toss 200
2026-06-30 21:47:00 - POST /api/v1/matches/ 201
2026-06-30 21:47:00 - POST /api/v1/matches/318d3ad8-286c-4d1a-8bff-1b5d3ddb69d9/toss 200
2026-06-30 21:47:00 - POST /api/v1/matches/318d3ad8-286c-4d1a-8bff-1b5d3ddb69d9/toss 403
2026-06-30 21:47:01 - POST /api/v1/auth/login 200
2026-06-30 21:47:01 - POST /api/v1/teams/ 201
2026-06-30 21:47:01 - POST /api/v1/auth/login 200
2026-06-30 21:47:02 - POST /api/v1/auth/login 200
2026-06-30 21:47:02 - POST /api/v1/auth/login 200
2026-06-30 21:47:02 - POST /api/v1/teams/97de62b9-8824-4c40-8f57-cf573a7845b0/members 200
2026-06-30 21:47:02 - POST /api/v1/teams/97de62b9-8824-4c40-8f57-cf573a7845b0/invitations/accept 200
2026-06-30 21:47:02 - POST /api/v1/teams/97de62b9-8824-4c40-8f57-cf573a7845b0/members 200
2026-06-30 21:47:02 - POST /api/v1/teams/97de62b9-8824-4c40-8f57-cf573a7845b0/invitations/accept 200
2026-06-30 21:47:02 - PUT /api/v1/teams/97de62b9-8824-4c40-8f57-cf573a7845b0/members/eae8e0b4-9523-442c-a9ac-cc5c12ccf94a/role 200
2026-06-30 21:47:02 - PUT /api/v1/teams/97de62b9-8824-4c40-8f57-cf573a7845b0/squad-config 403
2026-06-30 21:47:02 - PUT /api/v1/teams/97de62b9-8824-4c40-8f57-cf573a7845b0/squad-config 403
2026-06-30 21:47:02 - PUT /api/v1/teams/97de62b9-8824-4c40-8f57-cf573a7845b0/squad-config 200
2026-06-30 21:47:02 - POST /api/v1/teams/97de62b9-8824-4c40-8f57-cf573a7845b0/members 200
2026-06-30 21:47:02 - DELETE /api/v1/teams/97de62b9-8824-4c40-8f57-cf573a7845b0/members/2d7c3026-ee4e-4103-bfc9-0a8d3db2a914 204
2026-06-30 21:47:02 - POST /api/v1/teams/97de62b9-8824-4c40-8f57-cf573a7845b0/join-request 200
2026-06-30 21:47:02 - POST /api/v1/teams/97de62b9-8824-4c40-8f57-cf573a7845b0/reject-request 204
2026-06-30 21:47:02 - POST /api/v1/teams/97de62b9-8824-4c40-8f57-cf573a7845b0/join-request 200
2026-06-30 21:47:02 - POST /api/v1/teams/97de62b9-8824-4c40-8f57-cf573a7845b0/approve-request 200
2026-06-30 21:47:02 - DELETE /api/v1/teams/97de62b9-8824-4c40-8f57-cf573a7845b0/members/25fbc5f9-0e20-4233-86a5-771a0f2787bb 403
2026-06-30 21:47:02 - PUT /api/v1/teams/97de62b9-8824-4c40-8f57-cf573a7845b0/members/2d7c3026-ee4e-4103-bfc9-0a8d3db2a914/role 200
2026-06-30 21:47:02 - DELETE /api/v1/teams/97de62b9-8824-4c40-8f57-cf573a7845b0/members/2d7c3026-ee4e-4103-bfc9-0a8d3db2a914 403
2026-06-30 21:47:02 - DELETE /api/v1/teams/97de62b9-8824-4c40-8f57-cf573a7845b0/members/95a8780c-df26-4a56-b73b-1e1cd1e91485 204
2026-06-30 21:47:02 - DELETE /api/v1/teams/97de62b9-8824-4c40-8f57-cf573a7845b0 403
2026-06-30 21:47:02 - PUT /api/v1/teams/97de62b9-8824-4c40-8f57-cf573a7845b0/members/2d7c3026-ee4e-4103-bfc9-0a8d3db2a914/role 403
2026-06-30 21:47:03 - POST /api/v1/auth/login 200
2026-06-30 21:47:03 - POST /api/v1/teams/ 201
2026-06-30 21:47:03 - POST /api/v1/auth/login 200
2026-06-30 21:47:04 - POST /api/v1/auth/login 200
2026-06-30 21:47:04 - POST /api/v1/teams/78ff0fa1-b582-470d-8549-0361fdd80ee5/members 200
2026-06-30 21:47:04 - POST /api/v1/teams/78ff0fa1-b582-470d-8549-0361fdd80ee5/invitations/accept 200
2026-06-30 21:47:04 - POST /api/v1/teams/78ff0fa1-b582-470d-8549-0361fdd80ee5/lock 403
2026-06-30 21:47:04 - POST /api/v1/teams/78ff0fa1-b582-470d-8549-0361fdd80ee5/lock 200
2026-06-30 21:47:04 - PUT /api/v1/teams/78ff0fa1-b582-470d-8549-0361fdd80ee5/squad-config 403
2026-06-30 21:47:04 - PUT /api/v1/teams/78ff0fa1-b582-470d-8549-0361fdd80ee5/squad-config 200
2026-06-30 21:47:04 - POST /api/v1/teams/78ff0fa1-b582-470d-8549-0361fdd80ee5/unlock 200
2026-06-30 21:47:04 - PUT /api/v1/teams/78ff0fa1-b582-470d-8549-0361fdd80ee5/squad-config 200
2026-06-30 21:47:04 - GET /api/v1/teams/78ff0fa1-b582-470d-8549-0361fdd80ee5/activities 403
2026-06-30 21:47:04 - GET /api/v1/teams/78ff0fa1-b582-470d-8549-0361fdd80ee5/activities 200
2026-06-30 21:47:04 - POST /api/v1/auth/login 200
2026-06-30 21:47:05 - GET /api/v1/admin/analytics 200
2026-06-30 21:47:05 - GET /api/v1/admin/team-members 200
2026-06-30 21:47:05 - GET /api/v1/admin/team-members 200
2026-06-30 21:47:05 - GET /api/v1/admin/team-members 200
2026-06-30 21:47:05 - DELETE /api/v1/admin/team-members/ef36a0b0-3591-4e16-a51a-df742041b1e6 204
2026-06-30 21:47:05 - POST /api/v1/auth/login 200
2026-06-30 21:47:06 - POST /api/v1/admin/tournaments/bulk-delete 204
2026-06-30 21:47:06 - POST /api/v1/admin/matches/bulk-delete 204
2026-06-30 21:47:06 - POST /api/v1/admin/teams/bulk-delete 204
2026-06-30 21:47:06 - POST /api/v1/admin/users/bulk-delete 204
2026-06-30 21:47:06 - POST /api/v1/auth/login 200
2026-06-30 21:47:06 - POST /api/v1/players/ 201
2026-06-30 21:47:06 - POST /api/v1/players/ 201
2026-06-30 21:47:06 - POST /api/v1/players/ 422
2026-06-30 21:47:06 - POST /api/v1/players/ 422
2026-06-30 21:47:06 - GET /api/v1/players/57dd8de6-4cfe-48c1-8ba6-1c2b4ac960b1 200
2026-06-30 21:47:06 - PUT /api/v1/players/57dd8de6-4cfe-48c1-8ba6-1c2b4ac960b1 200
2026-06-30 21:47:06 - DELETE /api/v1/players/57dd8de6-4cfe-48c1-8ba6-1c2b4ac960b1 204
2026-06-30 21:47:06 - GET /api/v1/players/57dd8de6-4cfe-48c1-8ba6-1c2b4ac960b1 404
2026-06-30 21:47:07 - POST /api/v1/auth/login 200
2026-06-30 21:47:07 - POST /api/v1/players/ 201
2026-06-30 21:47:07 - POST /api/v1/players/ 201
2026-06-30 21:47:07 - POST /api/v1/teams/ 201
2026-06-30 21:47:07 - POST /api/v1/teams/bdbcdc8c-8753-40f5-9186-379bc0b9cdf2/players 200
2026-06-30 21:47:07 - PUT /api/v1/teams/bdbcdc8c-8753-40f5-9186-379bc0b9cdf2 200
2026-06-30 21:47:07 - PUT /api/v1/teams/bdbcdc8c-8753-40f5-9186-379bc0b9cdf2 400
2026-06-30 21:47:07 - POST /api/v1/teams/ 201
2026-06-30 21:47:07 - POST /api/v1/teams/27abf6a3-47a3-4361-806e-781a26463a5a/players 400
2026-06-30 21:47:07 - DELETE /api/v1/teams/bdbcdc8c-8753-40f5-9186-379bc0b9cdf2/players/c2fe7416-2a8d-4d8f-af53-1f2c33d84a68 200
2026-06-30 21:47:07 - DELETE /api/v1/teams/bdbcdc8c-8753-40f5-9186-379bc0b9cdf2 204
2026-06-30 21:47:07 - POST /api/v1/auth/login 200
2026-06-30 21:47:07 - POST /api/v1/players/ 201
2026-06-30 21:47:07 - POST /api/v1/players/ 201
2026-06-30 21:47:07 - POST /api/v1/teams/ 201
2026-06-30 21:47:07 - POST /api/v1/teams/ 201
2026-06-30 21:47:07 - POST /api/v1/teams/a33e1ea6-405a-4d11-81c9-19aa0aaa1b70/players 200
2026-06-30 21:47:07 - POST /api/v1/teams/19cfcbba-92fb-416c-86af-a046e37b725b/players 200
2026-06-30 21:47:07 - POST /api/v1/matches/ 201
2026-06-30 21:47:07 - POST /api/v1/matches/bee7a0da-4ac2-4e28-a4cb-c0eeaabaed5e/squads 200
2026-06-30 21:47:07 - POST /api/v1/matches/bee7a0da-4ac2-4e28-a4cb-c0eeaabaed5e/toss 200
2026-06-30 21:47:07 - DELETE /api/v1/players/7a219be4-b176-4ca5-84a7-e36b18b42592 400
2026-06-30 21:47:07 - DELETE /api/v1/teams/a33e1ea6-405a-4d11-81c9-19aa0aaa1b70/players/7a219be4-b176-4ca5-84a7-e36b18b42592 400
2026-06-30 21:47:07 - DELETE /api/v1/teams/a33e1ea6-405a-4d11-81c9-19aa0aaa1b70 400
2026-06-30 21:47:08 - POST /api/v1/auth/login 200
2026-06-30 21:47:08 - GET /api/v1/profile/ 200
2026-06-30 21:47:08 - POST /api/v1/auth/login 200
2026-06-30 21:47:08 - PUT /api/v1/profile/ 200
2026-06-30 21:47:08 - PUT /api/v1/profile/ 400
2026-06-30 21:47:09 - POST /api/v1/auth/login 200
2026-06-30 21:47:09 - GET /api/v1/profile/stats 200
2026-06-30 21:47:09 - POST /api/v1/auth/login 200
2026-06-30 21:47:09 - GET /api/v1/profile/activity 200
2026-06-30 21:47:09 - GET /api/v1/profile/achievements 200
2026-06-30 21:47:10 - POST /api/v1/auth/login 200
2026-06-30 21:47:10 - POST /api/v1/profile/upload-photo 200
2026-06-30 21:47:10 - GET /api/v1/profile/ 200
2026-06-30 21:47:11 - POST /api/v1/auth/signup 201
2026-06-30 21:47:11 - POST /api/v1/auth/login 200
2026-06-30 21:47:11 - GET /api/v1/profile/ 200
2026-06-30 21:47:11 - PUT /api/v1/profile/ 200
2026-06-30 21:47:12 - POST /api/v1/auth/login 200
2026-06-30 21:47:12 - GET /api/v1/profile/public/CU-USERAA 403
2026-06-30 21:47:12 - GET /api/v1/profile/public/CU-USERAA 200
2026-06-30 21:47:12 - POST /api/v1/auth/login 200
2026-06-30 21:47:12 - GET /api/v1/profile/search 200
2026-06-30 21:47:13 - POST /api/v1/auth/login 200
2026-06-30 21:47:13 - POST /api/v1/teams/join-by-code 200
2026-06-30 21:47:13 - POST /api/v1/auth/signup 400
2026-06-30 21:47:13 - POST /api/v1/auth/signup 400
2026-06-30 21:47:13 - POST /api/v1/auth/signup 400
2026-06-30 21:47:13 - POST /api/v1/auth/login 200
2026-06-30 21:47:13 - POST /api/v1/teams/38c8a580-5a63-418d-aaff-ad84405998d3/regenerate-code 200
2026-06-30 21:47:13 - POST /api/v1/teams/join-by-code 404
2026-06-30 21:47:14 - POST /api/v1/auth/login 200
2026-06-30 21:47:14 - GET /api/v1/teams/search 200
2026-06-30 21:47:14 - GET /api/v1/tournaments/search 200
2026-06-30 21:47:14 - POST /api/v1/auth/login 200
2026-06-30 21:47:14 - POST /api/v1/teams/a85822f4-e9b7-4105-bd39-f0f16d687978/members 200
2026-06-30 21:47:14 - GET /api/v1/teams/a85822f4-e9b7-4105-bd39-f0f16d687978/invitations 200
2026-06-30 21:47:15 - POST /api/v1/auth/login 200
2026-06-30 21:47:15 - POST /api/v1/players/ 201
2026-06-30 21:47:15 - POST /api/v1/players/ 201
2026-06-30 21:47:15 - POST /api/v1/players/ 201
2026-06-30 21:47:15 - POST /api/v1/players/ 201
2026-06-30 21:47:15 - POST /api/v1/players/ 201
2026-06-30 21:47:15 - POST /api/v1/teams/ 201
2026-06-30 21:47:15 - POST /api/v1/teams/ 201
2026-06-30 21:47:15 - POST /api/v1/teams/769e0813-befd-494e-a470-ae142608436c/players 200
2026-06-30 21:47:15 - POST /api/v1/teams/769e0813-befd-494e-a470-ae142608436c/players 200
2026-06-30 21:47:15 - POST /api/v1/teams/769e0813-befd-494e-a470-ae142608436c/players 200
2026-06-30 21:47:15 - POST /api/v1/teams/e8cb70b1-4474-4ee3-bdfd-7db2c67c213a/players 200
2026-06-30 21:47:15 - POST /api/v1/teams/e8cb70b1-4474-4ee3-bdfd-7db2c67c213a/players 200
2026-06-30 21:47:15 - POST /api/v1/matches/ 201
2026-06-30 21:47:15 - POST /api/v1/matches/79228a6a-73e8-405a-ac16-3a192455a5e7/toss 200
2026-06-30 21:47:15 - POST /api/v1/matches/79228a6a-73e8-405a-ac16-3a192455a5e7/squads 200
2026-06-30 21:47:15 - POST /api/v1/matches/79228a6a-73e8-405a-ac16-3a192455a5e7/squads 200
2026-06-30 21:47:15 - POST /api/v1/matches/79228a6a-73e8-405a-ac16-3a192455a5e7/balls 400
2026-06-30 21:47:15 - POST /api/v1/matches/79228a6a-73e8-405a-ac16-3a192455a5e7/balls 400
2026-06-30 21:47:15 - POST /api/v1/matches/79228a6a-73e8-405a-ac16-3a192455a5e7/balls 400
2026-06-30 21:47:15 - POST /api/v1/matches/79228a6a-73e8-405a-ac16-3a192455a5e7/balls 400
2026-06-30 21:47:15 - POST /api/v1/matches/79228a6a-73e8-405a-ac16-3a192455a5e7/balls 400
2026-06-30 21:47:15 - POST /api/v1/matches/79228a6a-73e8-405a-ac16-3a192455a5e7/balls 400
2026-06-30 21:47:15 - POST /api/v1/matches/79228a6a-73e8-405a-ac16-3a192455a5e7/balls 400
2026-06-30 21:47:15 - POST /api/v1/matches/79228a6a-73e8-405a-ac16-3a192455a5e7/balls 400
2026-06-30 21:47:15 - POST /api/v1/matches/79228a6a-73e8-405a-ac16-3a192455a5e7/balls 400
2026-06-30 21:47:15 - POST /api/v1/matches/79228a6a-73e8-405a-ac16-3a192455a5e7/balls 400
2026-06-30 21:47:15 - POST /api/v1/matches/79228a6a-73e8-405a-ac16-3a192455a5e7/balls 400
2026-06-30 21:47:15 - POST /api/v1/matches/79228a6a-73e8-405a-ac16-3a192455a5e7/balls 400
2026-06-30 21:47:15 - GET /api/v1/matches/79228a6a-73e8-405a-ac16-3a192455a5e7/scorecard 200
2026-06-30 21:47:15 - POST /api/v1/auth/login 200
2026-06-30 21:47:15 - POST /api/v1/players/ 201
2026-06-30 21:47:15 - POST /api/v1/players/ 201
2026-06-30 21:47:15 - POST /api/v1/players/ 201
2026-06-30 21:47:15 - POST /api/v1/players/ 201
2026-06-30 21:47:15 - POST /api/v1/players/ 201
2026-06-30 21:47:15 - POST /api/v1/teams/ 201
2026-06-30 21:47:15 - POST /api/v1/teams/ 201
2026-06-30 21:47:15 - POST /api/v1/teams/96d9fa63-e300-4934-afb9-d94605d53813/players 200
2026-06-30 21:47:16 - POST /api/v1/teams/96d9fa63-e300-4934-afb9-d94605d53813/players 200
2026-06-30 21:47:16 - POST /api/v1/teams/96d9fa63-e300-4934-afb9-d94605d53813/players 200
2026-06-30 21:47:16 - POST /api/v1/teams/01f4d19b-d442-4bb2-a8ca-81f175f401a9/players 200
2026-06-30 21:47:16 - POST /api/v1/teams/01f4d19b-d442-4bb2-a8ca-81f175f401a9/players 200
2026-06-30 21:47:16 - POST /api/v1/matches/ 201
2026-06-30 21:47:16 - POST /api/v1/matches/035a5b1c-2570-43c3-b3fd-527d1c176176/toss 200
2026-06-30 21:47:16 - POST /api/v1/matches/035a5b1c-2570-43c3-b3fd-527d1c176176/squads 200
2026-06-30 21:47:16 - POST /api/v1/matches/035a5b1c-2570-43c3-b3fd-527d1c176176/squads 200
2026-06-30 21:47:16 - POST /api/v1/matches/035a5b1c-2570-43c3-b3fd-527d1c176176/balls 400
2026-06-30 21:47:16 - POST /api/v1/matches/035a5b1c-2570-43c3-b3fd-527d1c176176/balls 400
2026-06-30 21:47:16 - POST /api/v1/matches/035a5b1c-2570-43c3-b3fd-527d1c176176/balls 400
2026-06-30 21:47:16 - POST /api/v1/matches/035a5b1c-2570-43c3-b3fd-527d1c176176/balls 400
2026-06-30 21:47:16 - POST /api/v1/matches/035a5b1c-2570-43c3-b3fd-527d1c176176/balls 400
2026-06-30 21:47:16 - GET /api/v1/matches/035a5b1c-2570-43c3-b3fd-527d1c176176/scorecard 200
2026-06-30 21:47:16 - POST /api/v1/auth/login 200
2026-06-30 21:47:16 - POST /api/v1/players/ 201
2026-06-30 21:47:16 - POST /api/v1/players/ 201
2026-06-30 21:47:16 - POST /api/v1/players/ 201
2026-06-30 21:47:16 - POST /api/v1/players/ 201
2026-06-30 21:47:16 - POST /api/v1/teams/ 201
2026-06-30 21:47:16 - POST /api/v1/teams/ 201
2026-06-30 21:47:16 - POST /api/v1/teams/f2077667-eac6-48cd-bb98-1ead13323301/players 200
2026-06-30 21:47:16 - POST /api/v1/teams/f2077667-eac6-48cd-bb98-1ead13323301/players 200
2026-06-30 21:47:16 - POST /api/v1/teams/b4a31ba1-5af2-4d11-82df-d84b7d680c30/players 200
2026-06-30 21:47:16 - POST /api/v1/teams/b4a31ba1-5af2-4d11-82df-d84b7d680c30/players 200
2026-06-30 21:47:16 - POST /api/v1/matches/ 201
2026-06-30 21:47:16 - POST /api/v1/matches/d654be2d-7da7-4f95-a07f-b8e5e2b1e730/toss 200
2026-06-30 21:47:16 - POST /api/v1/matches/d654be2d-7da7-4f95-a07f-b8e5e2b1e730/squads 200
2026-06-30 21:47:16 - POST /api/v1/matches/d654be2d-7da7-4f95-a07f-b8e5e2b1e730/squads 200
2026-06-30 21:47:16 - POST /api/v1/matches/d654be2d-7da7-4f95-a07f-b8e5e2b1e730/balls 400
2026-06-30 21:47:16 - POST /api/v1/matches/d654be2d-7da7-4f95-a07f-b8e5e2b1e730/balls 400
2026-06-30 21:47:16 - POST /api/v1/matches/d654be2d-7da7-4f95-a07f-b8e5e2b1e730/balls 400
2026-06-30 21:47:16 - POST /api/v1/matches/d654be2d-7da7-4f95-a07f-b8e5e2b1e730/balls 400
2026-06-30 21:47:16 - POST /api/v1/matches/d654be2d-7da7-4f95-a07f-b8e5e2b1e730/balls 400
2026-06-30 21:47:16 - POST /api/v1/matches/d654be2d-7da7-4f95-a07f-b8e5e2b1e730/balls 400
2026-06-30 21:47:16 - POST /api/v1/matches/d654be2d-7da7-4f95-a07f-b8e5e2b1e730/balls 400
2026-06-30 21:47:16 - GET /api/v1/matches/d654be2d-7da7-4f95-a07f-b8e5e2b1e730/scorecard 200
2026-06-30 21:47:18 - POST /api/v1/auth/signup 201
2026-06-30 21:47:18 - POST /api/v1/auth/login 200
2026-06-30 21:47:18 - POST /api/v1/auth/login 200
2026-06-30 21:47:18 - POST /api/v1/players/ 201
2026-06-30 21:47:18 - POST /api/v1/players/ 201
2026-06-30 21:47:18 - POST /api/v1/players/ 201
2026-06-30 21:47:18 - POST /api/v1/players/ 201
2026-06-30 21:47:18 - POST /api/v1/players/ 201
2026-06-30 21:47:18 - POST /api/v1/teams/ 201
2026-06-30 21:47:18 - POST /api/v1/teams/ 201
2026-06-30 21:47:18 - POST /api/v1/teams/b4bbbfef-35cc-4b94-9f44-fc55305a980d/players 200
2026-06-30 21:47:18 - POST /api/v1/teams/b4bbbfef-35cc-4b94-9f44-fc55305a980d/players 200
2026-06-30 21:47:18 - POST /api/v1/teams/b4bbbfef-35cc-4b94-9f44-fc55305a980d/players 200
2026-06-30 21:47:18 - POST /api/v1/teams/7b303d0e-f5de-468c-8e3d-d2e4f1d411d6/players 200
2026-06-30 21:47:18 - POST /api/v1/teams/7b303d0e-f5de-468c-8e3d-d2e4f1d411d6/players 200
2026-06-30 21:47:18 - POST /api/v1/matches/ 201
2026-06-30 21:47:18 - POST /api/v1/matches/324102b2-13e4-4dfa-ab2c-4eb4ae00a8fb/toss 200
2026-06-30 21:47:18 - POST /api/v1/matches/324102b2-13e4-4dfa-ab2c-4eb4ae00a8fb/squads 200
2026-06-30 21:47:18 - POST /api/v1/matches/324102b2-13e4-4dfa-ab2c-4eb4ae00a8fb/squads 200
2026-06-30 21:47:18 - GET /api/v1/auth/me 401
2026-06-30 21:47:18 - GET /api/v1/auth/me 401
2026-06-30 21:47:19 - POST /api/v1/auth/login 200
2026-06-30 21:47:19 - POST /api/v1/players/ 201
2026-06-30 21:47:19 - POST /api/v1/players/ 201
2026-06-30 21:47:19 - POST /api/v1/players/ 201
2026-06-30 21:47:19 - POST /api/v1/players/ 201
2026-06-30 21:47:19 - POST /api/v1/players/ 201
2026-06-30 21:47:19 - POST /api/v1/teams/ 201
2026-06-30 21:47:19 - POST /api/v1/teams/ 201
2026-06-30 21:47:19 - POST /api/v1/teams/d9f5c93c-0f4a-49ae-bbb3-428cd0809cf8/players 200
2026-06-30 21:47:19 - POST /api/v1/teams/d9f5c93c-0f4a-49ae-bbb3-428cd0809cf8/players 200
2026-06-30 21:47:19 - POST /api/v1/teams/d9f5c93c-0f4a-49ae-bbb3-428cd0809cf8/players 200
2026-06-30 21:47:19 - POST /api/v1/teams/56af99a1-674b-4009-a011-a20ea5ab37a9/players 200
2026-06-30 21:47:19 - POST /api/v1/teams/56af99a1-674b-4009-a011-a20ea5ab37a9/players 200
2026-06-30 21:47:19 - POST /api/v1/matches/ 201
2026-06-30 21:47:19 - POST /api/v1/matches/c788501a-934f-41e6-825b-cfa855b8adda/toss 200
2026-06-30 21:47:19 - POST /api/v1/matches/c788501a-934f-41e6-825b-cfa855b8adda/squads 200
2026-06-30 21:47:19 - POST /api/v1/matches/c788501a-934f-41e6-825b-cfa855b8adda/squads 200
2026-06-30 21:47:20 - POST /api/v1/auth/signup 201
2026-06-30 21:47:22 - POST /api/v1/auth/signup 201
2026-06-30 21:47:23 - POST /api/v1/auth/signup 201
2026-06-30 21:47:23 - POST /api/v1/auth/login 200
2026-06-30 21:47:23 - POST /api/v1/auth/login 200
2026-06-30 21:47:24 - POST /api/v1/auth/login 200
2026-06-30 21:47:24 - POST /api/v1/teams/ 201
2026-06-30 21:47:24 - GET /api/v1/teams/my-teams 200
2026-06-30 21:47:24 - POST /api/v1/teams/f1d5ce17-d230-4bc2-9f46-056b7418359e/join-request 200
2026-06-30 21:47:24 - GET /api/v1/teams/my-teams 200
2026-06-30 21:47:24 - POST /api/v1/teams/f1d5ce17-d230-4bc2-9f46-056b7418359e/approve-request 403
2026-06-30 21:47:24 - POST /api/v1/teams/f1d5ce17-d230-4bc2-9f46-056b7418359e/approve-request 200
2026-06-30 21:47:24 - POST /api/v1/teams/f1d5ce17-d230-4bc2-9f46-056b7418359e/members 200
2026-06-30 21:47:24 - POST /api/v1/teams/f1d5ce17-d230-4bc2-9f46-056b7418359e/invitations/accept 200
2026-06-30 21:47:24 - GET /api/v1/teams/f1d5ce17-d230-4bc2-9f46-056b7418359e/members 200
2026-06-30 21:47:24 - DELETE /api/v1/teams/f1d5ce17-d230-4bc2-9f46-056b7418359e/members/6bd2218e-50fd-4c71-a8a6-69ee3d0bfc42 204
2026-06-30 21:47:24 - GET /api/v1/teams/f1d5ce17-d230-4bc2-9f46-056b7418359e/members 200
2026-06-30 21:47:24 - POST /api/v1/auth/login 200
2026-06-30 21:47:24 - POST /api/v1/teams/ 201
2026-06-30 21:47:25 - POST /api/v1/auth/login 200
2026-06-30 21:47:25 - POST /api/v1/teams/d12a9ebb-5873-4ee3-8475-276e5b8fc819/members 200
2026-06-30 21:47:25 - GET /api/v1/notifications/ 200
2026-06-30 21:47:25 - GET /api/v1/teams/my-invitations 200
2026-06-30 21:47:25 - POST /api/v1/notifications/8cfc0f63-f2c2-4326-9ab4-8ebb90045f22/read 200
2026-06-30 21:47:25 - POST /api/v1/teams/d12a9ebb-5873-4ee3-8475-276e5b8fc819/invitations/accept 200
2026-06-30 21:47:25 - GET /api/v1/notifications/ 200
2026-06-30 21:47:25 - POST /api/v1/auth/login 200
2026-06-30 21:47:25 - POST /api/v1/teams/ 201
2026-06-30 21:47:26 - POST /api/v1/auth/login 200
2026-06-30 21:47:26 - POST /api/v1/teams/066eca6f-9390-48c5-8c97-8f9189c2fec4/members 200
2026-06-30 21:47:26 - POST /api/v1/teams/066eca6f-9390-48c5-8c97-8f9189c2fec4/invitations/reject 204
2026-06-30 21:47:26 - GET /api/v1/notifications/ 200
2026-06-30 21:47:26 - POST /api/v1/auth/login 200
2026-06-30 21:47:26 - POST /api/v1/teams/ 201
2026-06-30 21:47:26 - POST /api/v1/auth/login 200
2026-06-30 21:47:26 - POST /api/v1/teams/dc4723be-6706-4045-a463-e9331143f042/join-request 200
2026-06-30 21:47:26 - POST /api/v1/teams/dc4723be-6706-4045-a463-e9331143f042/reject-request 204
2026-06-30 21:47:26 - GET /api/v1/notifications/ 200
2026-06-30 21:47:27 - POST /api/v1/auth/login 200
2026-06-30 21:47:27 - POST /api/v1/teams/ 201
2026-06-30 21:47:27 - POST /api/v1/auth/login 200
2026-06-30 21:47:27 - PUT /api/v1/teams/858c5991-2565-4fc2-b98c-2dee01dfd55c 403
2026-06-30 21:47:27 - DELETE /api/v1/teams/858c5991-2565-4fc2-b98c-2dee01dfd55c 403
2026-06-30 21:47:27 - PUT /api/v1/teams/858c5991-2565-4fc2-b98c-2dee01dfd55c 200
2026-06-30 21:47:27 - DELETE /api/v1/teams/858c5991-2565-4fc2-b98c-2dee01dfd55c 204
2026-06-30 21:47:27 - GET /api/v1/teams/858c5991-2565-4fc2-b98c-2dee01dfd55c 404
2026-06-30 21:47:28 - POST /api/v1/auth/login 200
2026-06-30 21:47:28 - GET /api/v1/notifications/ 200
2026-06-30 21:47:28 - POST /api/v1/notifications/read-all 204
2026-06-30 21:47:28 - GET /api/v1/notifications/ 200
2026-06-30 21:47:28 - POST /api/v1/auth/login 200
2026-06-30 21:47:28 - POST /api/v1/teams/ 201
2026-06-30 21:47:28 - POST /api/v1/teams/ 201
2026-06-30 21:47:28 - POST /api/v1/matches/ 201
2026-06-30 21:47:28 - POST /api/v1/matches/20f989a8-de00-450c-aefa-97548f9520ff/toss/initiate 200
2026-06-30 21:47:28 - POST /api/v1/matches/20f989a8-de00-450c-aefa-97548f9520ff/toss/initiate 400
2026-06-30 21:47:28 - GET /api/v1/matches/20f989a8-de00-450c-aefa-97548f9520ff/activities 200
2026-06-30 21:47:28 - POST /api/v1/matches/20f989a8-de00-450c-aefa-97548f9520ff/toss/decision 200
2026-06-30 21:47:28 - GET /api/v1/matches/20f989a8-de00-450c-aefa-97548f9520ff/activities 200
2026-06-30 21:47:28 - POST /api/v1/matches/20f989a8-de00-450c-aefa-97548f9520ff/toss/reset 200
2026-06-30 21:47:28 - GET /api/v1/matches/20f989a8-de00-450c-aefa-97548f9520ff/activities 200
2026-06-30 21:47:29 - POST /api/v1/auth/login 200
2026-06-30 21:47:30 - POST /api/v1/auth/signup 201
2026-06-30 21:47:31 - POST /api/v1/auth/login 200
2026-06-30 21:47:31 - POST /api/v1/teams/ 201
2026-06-30 21:47:31 - POST /api/v1/teams/ 201
2026-06-30 21:47:31 - POST /api/v1/matches/ 201
2026-06-30 21:47:31 - POST /api/v1/matches/b4e3158f-6c19-462d-b117-2d42a1953c73/toss/initiate 200
2026-06-30 21:47:31 - POST /api/v1/matches/b4e3158f-6c19-462d-b117-2d42a1953c73/toss/reset 403
2026-06-30 21:47:31 - POST /api/v1/auth/login 200
2026-06-30 21:47:31 - POST /api/v1/tournaments/ 201
2026-06-30 21:47:31 - POST /api/v1/players/ 201
2026-06-30 21:47:31 - POST /api/v1/players/ 201
2026-06-30 21:47:31 - POST /api/v1/players/ 201
2026-06-30 21:47:31 - POST /api/v1/players/ 201
2026-06-30 21:47:31 - POST /api/v1/teams/ 201
2026-06-30 21:47:31 - POST /api/v1/teams/fc4591ba-ee4e-4f71-b638-ebb114e5d715/players 200
2026-06-30 21:47:31 - POST /api/v1/teams/fc4591ba-ee4e-4f71-b638-ebb114e5d715/players 200
2026-06-30 21:47:31 - POST /api/v1/teams/fc4591ba-ee4e-4f71-b638-ebb114e5d715/players 200
2026-06-30 21:47:31 - POST /api/v1/teams/fc4591ba-ee4e-4f71-b638-ebb114e5d715/players 200
2026-06-30 21:47:31 - POST /api/v1/tournaments/5857cd65-a0fd-4911-a7cd-c42c00b8eef6/teams 400
2026-06-30 21:47:31 - POST /api/v1/players/ 201
2026-06-30 21:47:31 - POST /api/v1/teams/fc4591ba-ee4e-4f71-b638-ebb114e5d715/players 200
2026-06-30 21:47:31 - POST /api/v1/tournaments/5857cd65-a0fd-4911-a7cd-c42c00b8eef6/teams 200
2026-06-30 21:47:31 - DELETE /api/v1/tournaments/5857cd65-a0fd-4911-a7cd-c42c00b8eef6/teams/fc4591ba-ee4e-4f71-b638-ebb114e5d715 200
2026-06-30 21:47:32 - POST /api/v1/auth/login 200
2026-06-30 21:47:32 - POST /api/v1/teams/ 201
2026-06-30 21:47:32 - POST /api/v1/players/ 201
2026-06-30 21:47:32 - POST /api/v1/teams/8247bf82-7236-4fb1-9e2b-f7eaa4e057ae/players 200
2026-06-30 21:47:32 - POST /api/v1/players/ 201
2026-06-30 21:47:32 - POST /api/v1/teams/8247bf82-7236-4fb1-9e2b-f7eaa4e057ae/players 200
2026-06-30 21:47:32 - POST /api/v1/players/ 201
2026-06-30 21:47:32 - POST /api/v1/teams/8247bf82-7236-4fb1-9e2b-f7eaa4e057ae/players 200
2026-06-30 21:47:32 - POST /api/v1/players/ 201
2026-06-30 21:47:32 - POST /api/v1/teams/8247bf82-7236-4fb1-9e2b-f7eaa4e057ae/players 200
2026-06-30 21:47:32 - POST /api/v1/players/ 201
2026-06-30 21:47:32 - POST /api/v1/teams/8247bf82-7236-4fb1-9e2b-f7eaa4e057ae/players 200
2026-06-30 21:47:32 - POST /api/v1/teams/ 201
2026-06-30 21:47:32 - POST /api/v1/players/ 201
2026-06-30 21:47:32 - POST /api/v1/teams/a1286cce-6b5c-42f3-8821-cf6f3b0caa3b/players 200
2026-06-30 21:47:32 - POST /api/v1/players/ 201
2026-06-30 21:47:32 - POST /api/v1/teams/a1286cce-6b5c-42f3-8821-cf6f3b0caa3b/players 200
2026-06-30 21:47:32 - POST /api/v1/players/ 201
2026-06-30 21:47:32 - POST /api/v1/teams/a1286cce-6b5c-42f3-8821-cf6f3b0caa3b/players 200
2026-06-30 21:47:32 - POST /api/v1/players/ 201
2026-06-30 21:47:32 - POST /api/v1/teams/a1286cce-6b5c-42f3-8821-cf6f3b0caa3b/players 200
2026-06-30 21:47:32 - POST /api/v1/players/ 201
2026-06-30 21:47:32 - POST /api/v1/teams/a1286cce-6b5c-42f3-8821-cf6f3b0caa3b/players 200
2026-06-30 21:47:32 - POST /api/v1/tournaments/ 201
2026-06-30 21:47:32 - POST /api/v1/tournaments/5c2bfebe-73ff-4d16-bbb5-ecaf4327a7a1/teams 200
2026-06-30 21:47:32 - POST /api/v1/tournaments/5c2bfebe-73ff-4d16-bbb5-ecaf4327a7a1/teams 200
2026-06-30 21:47:32 - POST /api/v1/tournaments/5c2bfebe-73ff-4d16-bbb5-ecaf4327a7a1/fixtures/generate 201
2026-06-30 21:47:32 - POST /api/v1/tournaments/5c2bfebe-73ff-4d16-bbb5-ecaf4327a7a1/fixtures/publish 200
2026-06-30 21:47:32 - GET /api/v1/tournaments/5c2bfebe-73ff-4d16-bbb5-ecaf4327a7a1/dashboard 200
2026-06-30 21:47:32 - POST /api/v1/matches/3f51ed5e-5ace-4924-aecd-ffd80d1f3425/toss 200
2026-06-30 21:47:32 - GET /api/v1/teams/8247bf82-7236-4fb1-9e2b-f7eaa4e057ae 200
2026-06-30 21:47:32 - GET /api/v1/teams/a1286cce-6b5c-42f3-8821-cf6f3b0caa3b 200
2026-06-30 21:47:32 - POST /api/v1/matches/3f51ed5e-5ace-4924-aecd-ffd80d1f3425/squads 200
2026-06-30 21:47:32 - POST /api/v1/matches/3f51ed5e-5ace-4924-aecd-ffd80d1f3425/squads 200
2026-06-30 21:47:32 - POST /api/v1/matches/3f51ed5e-5ace-4924-aecd-ffd80d1f3425/balls 400
2026-06-30 21:47:32 - POST /api/v1/matches/3f51ed5e-5ace-4924-aecd-ffd80d1f3425/balls 400
2026-06-30 21:47:32 - POST /api/v1/matches/3f51ed5e-5ace-4924-aecd-ffd80d1f3425/balls 400
2026-06-30 21:47:32 - POST /api/v1/matches/3f51ed5e-5ace-4924-aecd-ffd80d1f3425/balls 400
2026-06-30 21:47:32 - POST /api/v1/matches/3f51ed5e-5ace-4924-aecd-ffd80d1f3425/balls 400
2026-06-30 21:47:32 - POST /api/v1/matches/3f51ed5e-5ace-4924-aecd-ffd80d1f3425/balls 400
2026-06-30 21:47:32 - POST /api/v1/matches/3f51ed5e-5ace-4924-aecd-ffd80d1f3425/balls 400
2026-06-30 21:47:32 - POST /api/v1/matches/3f51ed5e-5ace-4924-aecd-ffd80d1f3425/balls 400
2026-06-30 21:47:32 - POST /api/v1/matches/3f51ed5e-5ace-4924-aecd-ffd80d1f3425/balls 400
2026-06-30 21:47:32 - GET /api/v1/tournaments/5c2bfebe-73ff-4d16-bbb5-ecaf4327a7a1/points-table 200
2026-06-30 21:47:32 - POST /api/v1/auth/login 200
2026-06-30 21:47:32 - POST /api/v1/teams/ 201
2026-06-30 21:47:32 - POST /api/v1/players/ 201
2026-06-30 21:47:32 - POST /api/v1/teams/17265c07-47be-4fef-b8cb-e56bae253872/players 200
2026-06-30 21:47:32 - POST /api/v1/players/ 201
2026-06-30 21:47:32 - POST /api/v1/teams/17265c07-47be-4fef-b8cb-e56bae253872/players 200
2026-06-30 21:47:32 - POST /api/v1/players/ 201
2026-06-30 21:47:32 - POST /api/v1/teams/17265c07-47be-4fef-b8cb-e56bae253872/players 200
2026-06-30 21:47:32 - POST /api/v1/players/ 201
2026-06-30 21:47:32 - POST /api/v1/teams/17265c07-47be-4fef-b8cb-e56bae253872/players 200
2026-06-30 21:47:32 - POST /api/v1/players/ 201
2026-06-30 21:47:32 - POST /api/v1/teams/17265c07-47be-4fef-b8cb-e56bae253872/players 200
2026-06-30 21:47:32 - POST /api/v1/teams/ 201
2026-06-30 21:47:32 - POST /api/v1/players/ 201
2026-06-30 21:47:32 - POST /api/v1/teams/8c609f3a-6e81-4350-9c7a-835e55054804/players 200
2026-06-30 21:47:32 - POST /api/v1/players/ 201
2026-06-30 21:47:32 - POST /api/v1/teams/8c609f3a-6e81-4350-9c7a-835e55054804/players 200
2026-06-30 21:47:32 - POST /api/v1/players/ 201
2026-06-30 21:47:32 - POST /api/v1/teams/8c609f3a-6e81-4350-9c7a-835e55054804/players 200
2026-06-30 21:47:32 - POST /api/v1/players/ 201
2026-06-30 21:47:32 - POST /api/v1/teams/8c609f3a-6e81-4350-9c7a-835e55054804/players 200
2026-06-30 21:47:32 - POST /api/v1/players/ 201
2026-06-30 21:47:32 - POST /api/v1/teams/8c609f3a-6e81-4350-9c7a-835e55054804/players 200
2026-06-30 21:47:33 - POST /api/v1/teams/ 201
2026-06-30 21:47:33 - POST /api/v1/players/ 201
2026-06-30 21:47:33 - POST /api/v1/teams/c4c21094-4e33-4bc7-ab7e-3d68e6b89f35/players 200
2026-06-30 21:47:33 - POST /api/v1/players/ 201
2026-06-30 21:47:33 - POST /api/v1/teams/c4c21094-4e33-4bc7-ab7e-3d68e6b89f35/players 200
2026-06-30 21:47:33 - POST /api/v1/players/ 201
2026-06-30 21:47:33 - POST /api/v1/teams/c4c21094-4e33-4bc7-ab7e-3d68e6b89f35/players 200
2026-06-30 21:47:33 - POST /api/v1/players/ 201
2026-06-30 21:47:33 - POST /api/v1/teams/c4c21094-4e33-4bc7-ab7e-3d68e6b89f35/players 200
2026-06-30 21:47:33 - POST /api/v1/players/ 201
2026-06-30 21:47:33 - POST /api/v1/teams/c4c21094-4e33-4bc7-ab7e-3d68e6b89f35/players 200
2026-06-30 21:47:33 - POST /api/v1/teams/ 201
2026-06-30 21:47:33 - POST /api/v1/players/ 201
2026-06-30 21:47:33 - POST /api/v1/teams/aa9603cf-eb7a-4ec3-b21b-4348becbf1fc/players 200
2026-06-30 21:47:33 - POST /api/v1/players/ 201
2026-06-30 21:47:33 - POST /api/v1/teams/aa9603cf-eb7a-4ec3-b21b-4348becbf1fc/players 200
2026-06-30 21:47:33 - POST /api/v1/players/ 201
2026-06-30 21:47:33 - POST /api/v1/teams/aa9603cf-eb7a-4ec3-b21b-4348becbf1fc/players 200
2026-06-30 21:47:33 - POST /api/v1/players/ 201
2026-06-30 21:47:33 - POST /api/v1/teams/aa9603cf-eb7a-4ec3-b21b-4348becbf1fc/players 200
2026-06-30 21:47:33 - POST /api/v1/players/ 201
2026-06-30 21:47:33 - POST /api/v1/teams/aa9603cf-eb7a-4ec3-b21b-4348becbf1fc/players 200
2026-06-30 21:47:33 - POST /api/v1/tournaments/ 201
2026-06-30 21:47:33 - POST /api/v1/tournaments/d03e3df9-f61f-4612-a6f4-d9fe15085588/teams 200
2026-06-30 21:47:33 - POST /api/v1/tournaments/d03e3df9-f61f-4612-a6f4-d9fe15085588/teams 200
2026-06-30 21:47:33 - POST /api/v1/tournaments/d03e3df9-f61f-4612-a6f4-d9fe15085588/teams 200
2026-06-30 21:47:33 - POST /api/v1/tournaments/d03e3df9-f61f-4612-a6f4-d9fe15085588/teams 200
2026-06-30 21:47:33 - POST /api/v1/tournaments/d03e3df9-f61f-4612-a6f4-d9fe15085588/fixtures/generate 201
2026-06-30 21:47:33 - POST /api/v1/tournaments/d03e3df9-f61f-4612-a6f4-d9fe15085588/fixtures/publish 200
2026-06-30 21:47:33 - GET /api/v1/tournaments/d03e3df9-f61f-4612-a6f4-d9fe15085588/dashboard 200
2026-06-30 21:47:33 - GET /api/v1/tournaments/d03e3df9-f61f-4612-a6f4-d9fe15085588/dashboard 200
2026-06-30 21:47:33 - POST /api/v1/matches/5164d3d8-3f94-40af-825e-d54925be2233/toss 200
2026-06-30 21:47:33 - GET /api/v1/teams/17265c07-47be-4fef-b8cb-e56bae253872 200
2026-06-30 21:47:33 - GET /api/v1/teams/8c609f3a-6e81-4350-9c7a-835e55054804 200
2026-06-30 21:47:33 - POST /api/v1/matches/5164d3d8-3f94-40af-825e-d54925be2233/squads 200
2026-06-30 21:47:33 - POST /api/v1/matches/5164d3d8-3f94-40af-825e-d54925be2233/squads 200
2026-06-30 21:47:33 - POST /api/v1/matches/5164d3d8-3f94-40af-825e-d54925be2233/balls 400
2026-06-30 21:47:33 - POST /api/v1/matches/5164d3d8-3f94-40af-825e-d54925be2233/balls 400
2026-06-30 21:47:33 - POST /api/v1/matches/5164d3d8-3f94-40af-825e-d54925be2233/balls 400
2026-06-30 21:47:33 - POST /api/v1/matches/5164d3d8-3f94-40af-825e-d54925be2233/balls 400
2026-06-30 21:47:33 - POST /api/v1/matches/5164d3d8-3f94-40af-825e-d54925be2233/balls 400
2026-06-30 21:47:33 - POST /api/v1/matches/5164d3d8-3f94-40af-825e-d54925be2233/balls 400
2026-06-30 21:47:33 - POST /api/v1/matches/5164d3d8-3f94-40af-825e-d54925be2233/balls 400
2026-06-30 21:47:33 - POST /api/v1/matches/5164d3d8-3f94-40af-825e-d54925be2233/balls 400
2026-06-30 21:47:33 - POST /api/v1/matches/5164d3d8-3f94-40af-825e-d54925be2233/balls 400
2026-06-30 21:47:33 - POST /api/v1/matches/5164d3d8-3f94-40af-825e-d54925be2233/balls 400
2026-06-30 21:47:33 - POST /api/v1/matches/5164d3d8-3f94-40af-825e-d54925be2233/balls 400
2026-06-30 21:47:33 - POST /api/v1/matches/5164d3d8-3f94-40af-825e-d54925be2233/balls 400
2026-06-30 21:47:33 - POST /api/v1/matches/586eeb26-6349-47c9-80c8-2f85266f8390/toss 200
2026-06-30 21:47:33 - GET /api/v1/teams/17265c07-47be-4fef-b8cb-e56bae253872 200
2026-06-30 21:47:33 - GET /api/v1/teams/aa9603cf-eb7a-4ec3-b21b-4348becbf1fc 200
2026-06-30 21:47:33 - POST /api/v1/matches/586eeb26-6349-47c9-80c8-2f85266f8390/squads 200
2026-06-30 21:47:33 - POST /api/v1/matches/586eeb26-6349-47c9-80c8-2f85266f8390/squads 200
2026-06-30 21:47:33 - POST /api/v1/matches/586eeb26-6349-47c9-80c8-2f85266f8390/balls 400
2026-06-30 21:47:33 - POST /api/v1/matches/586eeb26-6349-47c9-80c8-2f85266f8390/balls 400
2026-06-30 21:47:33 - POST /api/v1/matches/586eeb26-6349-47c9-80c8-2f85266f8390/balls 400
2026-06-30 21:47:33 - POST /api/v1/matches/586eeb26-6349-47c9-80c8-2f85266f8390/balls 400
2026-06-30 21:47:33 - POST /api/v1/matches/586eeb26-6349-47c9-80c8-2f85266f8390/balls 400
2026-06-30 21:47:33 - POST /api/v1/matches/586eeb26-6349-47c9-80c8-2f85266f8390/balls 400
2026-06-30 21:47:33 - POST /api/v1/matches/586eeb26-6349-47c9-80c8-2f85266f8390/balls 400
2026-06-30 21:47:33 - POST /api/v1/matches/586eeb26-6349-47c9-80c8-2f85266f8390/balls 400
2026-06-30 21:47:33 - POST /api/v1/matches/586eeb26-6349-47c9-80c8-2f85266f8390/balls 400
2026-06-30 21:47:33 - POST /api/v1/matches/586eeb26-6349-47c9-80c8-2f85266f8390/balls 400
2026-06-30 21:47:33 - POST /api/v1/matches/586eeb26-6349-47c9-80c8-2f85266f8390/balls 400
2026-06-30 21:47:33 - POST /api/v1/matches/586eeb26-6349-47c9-80c8-2f85266f8390/balls 400
2026-06-30 21:47:33 - POST /api/v1/matches/191bd99d-44e8-4602-80b5-6a682c728b6f/toss 200
2026-06-30 21:47:33 - GET /api/v1/teams/17265c07-47be-4fef-b8cb-e56bae253872 200
2026-06-30 21:47:33 - GET /api/v1/teams/c4c21094-4e33-4bc7-ab7e-3d68e6b89f35 200
2026-06-30 21:47:33 - POST /api/v1/matches/191bd99d-44e8-4602-80b5-6a682c728b6f/squads 200
2026-06-30 21:47:33 - POST /api/v1/matches/191bd99d-44e8-4602-80b5-6a682c728b6f/squads 200
2026-06-30 21:47:33 - POST /api/v1/matches/191bd99d-44e8-4602-80b5-6a682c728b6f/balls 400
2026-06-30 21:47:33 - POST /api/v1/matches/191bd99d-44e8-4602-80b5-6a682c728b6f/balls 400
2026-06-30 21:47:33 - POST /api/v1/matches/191bd99d-44e8-4602-80b5-6a682c728b6f/balls 400
2026-06-30 21:47:33 - POST /api/v1/matches/191bd99d-44e8-4602-80b5-6a682c728b6f/balls 400
2026-06-30 21:47:33 - POST /api/v1/matches/191bd99d-44e8-4602-80b5-6a682c728b6f/balls 400
2026-06-30 21:47:33 - POST /api/v1/matches/191bd99d-44e8-4602-80b5-6a682c728b6f/balls 400
2026-06-30 21:47:33 - POST /api/v1/matches/191bd99d-44e8-4602-80b5-6a682c728b6f/balls 400
2026-06-30 21:47:33 - POST /api/v1/matches/191bd99d-44e8-4602-80b5-6a682c728b6f/balls 400
2026-06-30 21:47:33 - POST /api/v1/matches/191bd99d-44e8-4602-80b5-6a682c728b6f/balls 400
2026-06-30 21:47:33 - POST /api/v1/matches/191bd99d-44e8-4602-80b5-6a682c728b6f/balls 400
2026-06-30 21:47:33 - POST /api/v1/matches/191bd99d-44e8-4602-80b5-6a682c728b6f/balls 400
2026-06-30 21:47:33 - POST /api/v1/matches/191bd99d-44e8-4602-80b5-6a682c728b6f/balls 400
2026-06-30 21:47:33 - POST /api/v1/matches/798b5bbe-5a78-45be-af4b-8b5cda928e00/toss 200
2026-06-30 21:47:33 - GET /api/v1/teams/8c609f3a-6e81-4350-9c7a-835e55054804 200
2026-06-30 21:47:33 - GET /api/v1/teams/aa9603cf-eb7a-4ec3-b21b-4348becbf1fc 200
2026-06-30 21:47:33 - POST /api/v1/matches/798b5bbe-5a78-45be-af4b-8b5cda928e00/squads 200
2026-06-30 21:47:33 - POST /api/v1/matches/798b5bbe-5a78-45be-af4b-8b5cda928e00/squads 200
2026-06-30 21:47:33 - POST /api/v1/matches/798b5bbe-5a78-45be-af4b-8b5cda928e00/balls 400
2026-06-30 21:47:33 - POST /api/v1/matches/798b5bbe-5a78-45be-af4b-8b5cda928e00/balls 400
2026-06-30 21:47:33 - POST /api/v1/matches/798b5bbe-5a78-45be-af4b-8b5cda928e00/balls 400
2026-06-30 21:47:33 - POST /api/v1/matches/798b5bbe-5a78-45be-af4b-8b5cda928e00/balls 400
2026-06-30 21:47:33 - POST /api/v1/matches/798b5bbe-5a78-45be-af4b-8b5cda928e00/balls 400
2026-06-30 21:47:33 - POST /api/v1/matches/798b5bbe-5a78-45be-af4b-8b5cda928e00/balls 400
2026-06-30 21:47:33 - POST /api/v1/matches/798b5bbe-5a78-45be-af4b-8b5cda928e00/balls 400
2026-06-30 21:47:33 - POST /api/v1/matches/798b5bbe-5a78-45be-af4b-8b5cda928e00/balls 400
2026-06-30 21:47:33 - POST /api/v1/matches/798b5bbe-5a78-45be-af4b-8b5cda928e00/balls 400
2026-06-30 21:47:33 - POST /api/v1/matches/798b5bbe-5a78-45be-af4b-8b5cda928e00/balls 400
2026-06-30 21:47:33 - POST /api/v1/matches/798b5bbe-5a78-45be-af4b-8b5cda928e00/balls 400
2026-06-30 21:47:33 - POST /api/v1/matches/798b5bbe-5a78-45be-af4b-8b5cda928e00/balls 400
2026-06-30 21:47:33 - POST /api/v1/matches/84b454bd-45ec-4893-96a8-2930d90bbed7/toss 200
2026-06-30 21:47:33 - GET /api/v1/teams/8c609f3a-6e81-4350-9c7a-835e55054804 200
2026-06-30 21:47:33 - GET /api/v1/teams/c4c21094-4e33-4bc7-ab7e-3d68e6b89f35 200
2026-06-30 21:47:33 - POST /api/v1/matches/84b454bd-45ec-4893-96a8-2930d90bbed7/squads 200
2026-06-30 21:47:33 - POST /api/v1/matches/84b454bd-45ec-4893-96a8-2930d90bbed7/squads 200
2026-06-30 21:47:33 - POST /api/v1/matches/84b454bd-45ec-4893-96a8-2930d90bbed7/balls 400
2026-06-30 21:47:33 - POST /api/v1/matches/84b454bd-45ec-4893-96a8-2930d90bbed7/balls 400
2026-06-30 21:47:33 - POST /api/v1/matches/84b454bd-45ec-4893-96a8-2930d90bbed7/balls 400
2026-06-30 21:47:33 - POST /api/v1/matches/84b454bd-45ec-4893-96a8-2930d90bbed7/balls 400
2026-06-30 21:47:33 - POST /api/v1/matches/84b454bd-45ec-4893-96a8-2930d90bbed7/balls 400
2026-06-30 21:47:33 - POST /api/v1/matches/84b454bd-45ec-4893-96a8-2930d90bbed7/balls 400
2026-06-30 21:47:33 - POST /api/v1/matches/84b454bd-45ec-4893-96a8-2930d90bbed7/balls 400
2026-06-30 21:47:33 - POST /api/v1/matches/84b454bd-45ec-4893-96a8-2930d90bbed7/balls 400
2026-06-30 21:47:33 - POST /api/v1/matches/84b454bd-45ec-4893-96a8-2930d90bbed7/balls 400
2026-06-30 21:47:33 - POST /api/v1/matches/84b454bd-45ec-4893-96a8-2930d90bbed7/balls 400
2026-06-30 21:47:33 - POST /api/v1/matches/84b454bd-45ec-4893-96a8-2930d90bbed7/balls 400
2026-06-30 21:47:33 - POST /api/v1/matches/84b454bd-45ec-4893-96a8-2930d90bbed7/balls 400
2026-06-30 21:47:33 - POST /api/v1/matches/acaed798-ff99-48dd-b195-69b7736b9461/toss 200
2026-06-30 21:47:33 - GET /api/v1/teams/c4c21094-4e33-4bc7-ab7e-3d68e6b89f35 200
2026-06-30 21:47:33 - GET /api/v1/teams/aa9603cf-eb7a-4ec3-b21b-4348becbf1fc 200
2026-06-30 21:47:33 - POST /api/v1/matches/acaed798-ff99-48dd-b195-69b7736b9461/squads 200
2026-06-30 21:47:33 - POST /api/v1/matches/acaed798-ff99-48dd-b195-69b7736b9461/squads 200
2026-06-30 21:47:33 - POST /api/v1/matches/acaed798-ff99-48dd-b195-69b7736b9461/balls 400
2026-06-30 21:47:33 - POST /api/v1/matches/acaed798-ff99-48dd-b195-69b7736b9461/balls 400
2026-06-30 21:47:33 - POST /api/v1/matches/acaed798-ff99-48dd-b195-69b7736b9461/balls 400
2026-06-30 21:47:33 - POST /api/v1/matches/acaed798-ff99-48dd-b195-69b7736b9461/balls 400
2026-06-30 21:47:33 - POST /api/v1/matches/acaed798-ff99-48dd-b195-69b7736b9461/balls 400
2026-06-30 21:47:33 - POST /api/v1/matches/acaed798-ff99-48dd-b195-69b7736b9461/balls 400
2026-06-30 21:47:33 - POST /api/v1/matches/acaed798-ff99-48dd-b195-69b7736b9461/balls 400
2026-06-30 21:47:33 - POST /api/v1/matches/acaed798-ff99-48dd-b195-69b7736b9461/balls 400
2026-06-30 21:47:33 - POST /api/v1/matches/acaed798-ff99-48dd-b195-69b7736b9461/balls 400
2026-06-30 21:47:33 - POST /api/v1/matches/acaed798-ff99-48dd-b195-69b7736b9461/balls 400
2026-06-30 21:47:33 - POST /api/v1/matches/acaed798-ff99-48dd-b195-69b7736b9461/balls 400
2026-06-30 21:47:33 - POST /api/v1/matches/acaed798-ff99-48dd-b195-69b7736b9461/balls 400
2026-06-30 21:47:33 - GET /api/v1/tournaments/d03e3df9-f61f-4612-a6f4-d9fe15085588/dashboard 200
2026-06-30 21:47:34 - POST /api/v1/auth/login 200
2026-06-30 21:47:34 - POST /api/v1/tournaments/ 201
2026-06-30 21:47:34 - POST /api/v1/tournaments/5deef1ad-cd16-44ab-a751-dd06a5be9a1f/publish 200
2026-06-30 21:47:34 - POST /api/v1/tournaments/5deef1ad-cd16-44ab-a751-dd06a5be9a1f/open-registration 200
2026-06-30 21:47:34 - POST /api/v1/teams/ 201
2026-06-30 21:47:34 - POST /api/v1/tournaments/5deef1ad-cd16-44ab-a751-dd06a5be9a1f/requests 400
2026-06-30 21:47:34 - POST /api/v1/players/ 201
2026-06-30 21:47:34 - POST /api/v1/players/ 201
2026-06-30 21:47:34 - POST /api/v1/players/ 201
2026-06-30 21:47:34 - POST /api/v1/players/ 201
2026-06-30 21:47:34 - POST /api/v1/players/ 201
2026-06-30 21:47:34 - POST /api/v1/teams/97684b4a-7a6c-4d97-a7bf-5cbf2c5925d5/players 200
2026-06-30 21:47:34 - POST /api/v1/teams/97684b4a-7a6c-4d97-a7bf-5cbf2c5925d5/players 200
2026-06-30 21:47:34 - POST /api/v1/teams/97684b4a-7a6c-4d97-a7bf-5cbf2c5925d5/players 200
2026-06-30 21:47:34 - POST /api/v1/teams/97684b4a-7a6c-4d97-a7bf-5cbf2c5925d5/players 200
2026-06-30 21:47:34 - POST /api/v1/teams/97684b4a-7a6c-4d97-a7bf-5cbf2c5925d5/players 200
2026-06-30 21:47:34 - POST /api/v1/tournaments/5deef1ad-cd16-44ab-a751-dd06a5be9a1f/requests 200
2026-06-30 21:47:34 - POST /api/v1/tournaments/5deef1ad-cd16-44ab-a751-dd06a5be9a1f/requests/beef7f10-b52e-4ace-a525-b0804ad1df0b/approve 200
2026-06-30 21:47:34 - GET /api/v1/tournaments/5deef1ad-cd16-44ab-a751-dd06a5be9a1f 200
2026-06-30 21:47:34 - GET /api/v1/tournaments/5deef1ad-cd16-44ab-a751-dd06a5be9a1f/points-table 200
2026-06-30 21:47:34 - GET /api/v1/tournaments/5deef1ad-cd16-44ab-a751-dd06a5be9a1f/activities 200
2026-06-30 21:48:01 - POST /api/v1/auth/signup 422
2026-06-30 21:48:01 - POST /api/v1/auth/signup 422
2026-06-30 21:48:01 - POST /api/v1/auth/signup 422
2026-06-30 21:48:01 - POST /api/v1/auth/signup 422
2026-06-30 21:48:02 - POST /api/v1/auth/signup 201
2026-06-30 21:48:02 - POST /api/v1/auth/login 400
2026-06-30 21:48:02 - POST /api/v1/auth/verify-otp 200
2026-06-30 21:48:04 - POST /api/v1/auth/signup 201
2026-06-30 21:48:04 - POST /api/v1/auth/resend-otp 429
2026-06-30 21:48:05 - POST /api/v1/auth/resend-otp 200
2026-06-30 21:48:06 - POST /api/v1/auth/login 400
2026-06-30 21:48:06 - POST /api/v1/auth/login 400
2026-06-30 21:48:06 - POST /api/v1/auth/login 400
2026-06-30 21:48:06 - POST /api/v1/auth/login 400
2026-06-30 21:48:07 - POST /api/v1/auth/login 400
2026-06-30 21:48:07 - POST /api/v1/auth/login 403
2026-06-30 21:48:07 - POST /api/v1/auth/login 200
2026-06-30 21:48:07 - POST /api/v1/auth/forgot-password 404
2026-06-30 21:48:08 - POST /api/v1/auth/forgot-password 200
2026-06-30 21:48:08 - POST /api/v1/auth/verify-reset-otp 400
2026-06-30 21:48:08 - POST /api/v1/auth/verify-reset-otp 200
2026-06-30 21:48:08 - POST /api/v1/auth/reset-password 422
2026-06-30 21:48:08 - POST /api/v1/auth/reset-password 200
2026-06-30 21:48:09 - POST /api/v1/auth/login 200
2026-06-30 21:48:09 - POST /api/v1/auth/login 200
2026-06-30 21:48:09 - POST /api/v1/auth/complete-profile 200
2026-06-30 21:48:10 - POST /api/v1/auth/login 200
2026-06-30 21:48:10 - POST /api/v1/auth/refresh 200
2026-06-30 21:48:10 - POST /api/v1/auth/logout 200
2026-06-30 21:48:10 - POST /api/v1/auth/refresh 401
2026-06-30 21:48:11 - POST /api/v1/auth/signup 201
2026-06-30 21:48:11 - POST /api/v1/auth/signup 400
2026-06-30 21:48:11 - POST /api/v1/auth/login 400
2026-06-30 21:48:11 - POST /api/v1/auth/forgot-password 400
2026-06-30 21:48:11 - POST /api/v1/auth/verify-reset-otp 400
2026-06-30 21:48:11 - POST /api/v1/auth/reset-password 400
2026-06-30 21:48:12 - POST /api/v1/auth/signup 400
2026-06-30 21:48:13 - POST /api/v1/auth/signup 201
2026-06-30 21:48:15 - POST /api/v1/auth/signup 201
2026-06-30 21:48:15 - POST /api/v1/auth/login 200
2026-06-30 21:48:15 - POST /api/v1/auth/login 200
2026-06-30 21:48:15 - POST /api/v1/teams/ 201
2026-06-30 21:48:15 - GET /api/v1/teams/ 200
2026-06-30 21:48:15 - PUT /api/v1/teams/4275f440-8e9e-4265-9ce6-c1c184672c96 403
2026-06-30 21:48:15 - DELETE /api/v1/teams/4275f440-8e9e-4265-9ce6-c1c184672c96 403
2026-06-30 21:48:15 - POST /api/v1/players/ 201
2026-06-30 21:48:15 - GET /api/v1/players/ 200
2026-06-30 21:48:15 - PUT /api/v1/players/1a6cbca2-3eea-452c-b65e-b1376be64363 403
2026-06-30 21:48:15 - DELETE /api/v1/players/1a6cbca2-3eea-452c-b65e-b1376be64363 403
2026-06-30 21:48:17 - POST /api/v1/auth/signup 201
2026-06-30 21:48:17 - POST /api/v1/auth/login 200
2026-06-30 21:48:17 - POST /api/v1/teams/ 201
2026-06-30 21:48:17 - POST /api/v1/teams/ 201
2026-06-30 21:48:17 - POST /api/v1/players/ 201
2026-06-30 21:48:17 - POST /api/v1/players/ 201
2026-06-30 21:48:17 - POST /api/v1/players/ 201
2026-06-30 21:48:17 - POST /api/v1/teams/8da5855e-858b-4a9f-80e1-9a96d9d8241b/players/bulk 200
2026-06-30 21:48:17 - POST /api/v1/teams/ca961b2e-cbd8-4383-a3fd-ecc1b878f25e/players/bulk 400
2026-06-30 21:48:18 - POST /api/v1/auth/signup 201
2026-06-30 21:48:20 - POST /api/v1/auth/signup 201
2026-06-30 21:48:21 - POST /api/v1/auth/login 200
2026-06-30 21:48:21 - POST /api/v1/auth/login 200
2026-06-30 21:48:21 - POST /api/v1/teams/ 201
2026-06-30 21:48:21 - POST /api/v1/teams/ 201
2026-06-30 21:48:21 - POST /api/v1/matches/ 201
2026-06-30 21:48:21 - POST /api/v1/matches/f4842f76-26c6-412a-9065-33504194d249/toss 403
2026-06-30 21:48:21 - POST /api/v1/matches/f4842f76-26c6-412a-9065-33504194d249/toss 200
2026-06-30 21:48:23 - GET /api/v1/debug-env 200
2026-06-30 21:48:23 - GET /api/v1/debug-env 404
2026-06-30 21:48:23 - POST /api/v1/auth/login 200
2026-06-30 21:48:23 - POST /api/v1/players/ 201
2026-06-30 21:48:23 - POST /api/v1/players/ 201
2026-06-30 21:48:23 - POST /api/v1/players/ 201
2026-06-30 21:48:23 - POST /api/v1/players/ 201
2026-06-30 21:48:23 - POST /api/v1/teams/ 201
2026-06-30 21:48:23 - POST /api/v1/teams/ 201
2026-06-30 21:48:23 - POST /api/v1/teams/283aaf6e-6ef9-4481-bdaa-31cc2c259b33/players 200
2026-06-30 21:48:23 - POST /api/v1/teams/283aaf6e-6ef9-4481-bdaa-31cc2c259b33/players 200
2026-06-30 21:48:23 - POST /api/v1/teams/a283b2cd-bbd1-445d-91db-c65d4cfe9f39/players 200
2026-06-30 21:48:23 - POST /api/v1/teams/a283b2cd-bbd1-445d-91db-c65d4cfe9f39/players 200
2026-06-30 21:48:23 - POST /api/v1/matches/ 201
2026-06-30 21:48:23 - POST /api/v1/matches/5355f9eb-94c7-4f8f-b82d-8c23833fbc80/toss 200
2026-06-30 21:48:23 - PUT /api/v1/matches/5355f9eb-94c7-4f8f-b82d-8c23833fbc80 200
2026-06-30 21:48:23 - POST /api/v1/matches/5355f9eb-94c7-4f8f-b82d-8c23833fbc80/squads 400
2026-06-30 21:48:23 - POST /api/v1/matches/5355f9eb-94c7-4f8f-b82d-8c23833fbc80/squads 200
2026-06-30 21:48:23 - POST /api/v1/matches/5355f9eb-94c7-4f8f-b82d-8c23833fbc80/squads 400
2026-06-30 21:48:23 - POST /api/v1/matches/5355f9eb-94c7-4f8f-b82d-8c23833fbc80/squads 200
2026-06-30 21:48:23 - POST /api/v1/auth/google 200
2026-06-30 21:48:23 - POST /api/v1/auth/google 400
2026-06-30 21:48:23 - POST /api/v1/auth/google 400
2026-06-30 21:48:23 - POST /api/v1/auth/google 400
2026-06-30 21:48:24 - POST /api/v1/auth/google 400
2026-06-30 21:48:24 - POST /api/v1/auth/login 200
2026-06-30 21:48:24 - POST /api/v1/players/ 201
2026-06-30 21:48:24 - POST /api/v1/players/ 201
2026-06-30 21:48:24 - POST /api/v1/teams/ 201
2026-06-30 21:48:24 - POST /api/v1/teams/ 201
2026-06-30 21:48:24 - POST /api/v1/matches/ 201
2026-06-30 21:48:24 - GET /api/v1/matches/ 200
2026-06-30 21:48:25 - POST /api/v1/auth/login 200
2026-06-30 21:48:25 - POST /api/v1/auth/login 200
2026-06-30 21:48:25 - POST /api/v1/auth/login 200
2026-06-30 21:48:25 - POST /api/v1/matches/ 201
2026-06-30 21:48:25 - POST /api/v1/matches/f612422f-268c-463f-b951-9eb0841d178d/toss 200
2026-06-30 21:48:25 - POST /api/v1/matches/f612422f-268c-463f-b951-9eb0841d178d/toss 403
2026-06-30 21:48:25 - POST /api/v1/matches/ 201
2026-06-30 21:48:25 - POST /api/v1/matches/d84b1446-ee62-40f9-851c-9028fd61dc6f/toss 200
2026-06-30 21:48:25 - POST /api/v1/matches/ 201
2026-06-30 21:48:25 - POST /api/v1/matches/c77b4800-b818-4a48-a4bb-a0c0ce115a14/toss 200
2026-06-30 21:48:25 - POST /api/v1/matches/c77b4800-b818-4a48-a4bb-a0c0ce115a14/toss 403
2026-06-30 21:48:26 - POST /api/v1/auth/login 200
2026-06-30 21:48:26 - POST /api/v1/teams/ 201
2026-06-30 21:48:26 - POST /api/v1/auth/login 200
2026-06-30 21:48:27 - POST /api/v1/auth/login 200
2026-06-30 21:48:27 - POST /api/v1/auth/login 200
2026-06-30 21:48:27 - POST /api/v1/teams/25c15b47-6a7a-44aa-8c95-dbc6135dfd8c/members 200
2026-06-30 21:48:27 - POST /api/v1/teams/25c15b47-6a7a-44aa-8c95-dbc6135dfd8c/invitations/accept 200
2026-06-30 21:48:27 - POST /api/v1/teams/25c15b47-6a7a-44aa-8c95-dbc6135dfd8c/members 200
2026-06-30 21:48:27 - POST /api/v1/teams/25c15b47-6a7a-44aa-8c95-dbc6135dfd8c/invitations/accept 200
2026-06-30 21:48:27 - PUT /api/v1/teams/25c15b47-6a7a-44aa-8c95-dbc6135dfd8c/members/31a3a962-890d-422e-b3f5-26aa48bafd5f/role 200
2026-06-30 21:48:27 - PUT /api/v1/teams/25c15b47-6a7a-44aa-8c95-dbc6135dfd8c/squad-config 403
2026-06-30 21:48:27 - PUT /api/v1/teams/25c15b47-6a7a-44aa-8c95-dbc6135dfd8c/squad-config 403
2026-06-30 21:48:27 - PUT /api/v1/teams/25c15b47-6a7a-44aa-8c95-dbc6135dfd8c/squad-config 200
2026-06-30 21:48:27 - POST /api/v1/teams/25c15b47-6a7a-44aa-8c95-dbc6135dfd8c/members 200
2026-06-30 21:48:27 - DELETE /api/v1/teams/25c15b47-6a7a-44aa-8c95-dbc6135dfd8c/members/093ce9c4-f0ef-4d2c-b6ee-eba9b980e213 204
2026-06-30 21:48:27 - POST /api/v1/teams/25c15b47-6a7a-44aa-8c95-dbc6135dfd8c/join-request 200
2026-06-30 21:48:27 - POST /api/v1/teams/25c15b47-6a7a-44aa-8c95-dbc6135dfd8c/reject-request 204
2026-06-30 21:48:27 - POST /api/v1/teams/25c15b47-6a7a-44aa-8c95-dbc6135dfd8c/join-request 200
2026-06-30 21:48:27 - POST /api/v1/teams/25c15b47-6a7a-44aa-8c95-dbc6135dfd8c/approve-request 200
2026-06-30 21:48:27 - DELETE /api/v1/teams/25c15b47-6a7a-44aa-8c95-dbc6135dfd8c/members/50fd2a4c-5358-4c89-b1f6-74c75646f626 403
2026-06-30 21:48:27 - PUT /api/v1/teams/25c15b47-6a7a-44aa-8c95-dbc6135dfd8c/members/093ce9c4-f0ef-4d2c-b6ee-eba9b980e213/role 200
2026-06-30 21:48:27 - DELETE /api/v1/teams/25c15b47-6a7a-44aa-8c95-dbc6135dfd8c/members/093ce9c4-f0ef-4d2c-b6ee-eba9b980e213 403
2026-06-30 21:48:27 - DELETE /api/v1/teams/25c15b47-6a7a-44aa-8c95-dbc6135dfd8c/members/42c5af83-908c-433a-b562-c35a9ad05008 204
2026-06-30 21:48:27 - DELETE /api/v1/teams/25c15b47-6a7a-44aa-8c95-dbc6135dfd8c 403
2026-06-30 21:48:27 - PUT /api/v1/teams/25c15b47-6a7a-44aa-8c95-dbc6135dfd8c/members/093ce9c4-f0ef-4d2c-b6ee-eba9b980e213/role 403
2026-06-30 21:48:28 - POST /api/v1/auth/login 200
2026-06-30 21:48:28 - POST /api/v1/teams/ 201
2026-06-30 21:48:28 - POST /api/v1/auth/login 200
2026-06-30 21:48:29 - POST /api/v1/auth/login 200
2026-06-30 21:48:29 - POST /api/v1/teams/20c8a34c-a733-48f7-a69e-91184299fbf2/members 200
2026-06-30 21:48:29 - POST /api/v1/teams/20c8a34c-a733-48f7-a69e-91184299fbf2/invitations/accept 200
2026-06-30 21:48:29 - POST /api/v1/teams/20c8a34c-a733-48f7-a69e-91184299fbf2/lock 403
2026-06-30 21:48:29 - POST /api/v1/teams/20c8a34c-a733-48f7-a69e-91184299fbf2/lock 200
2026-06-30 21:48:29 - PUT /api/v1/teams/20c8a34c-a733-48f7-a69e-91184299fbf2/squad-config 403
2026-06-30 21:48:29 - PUT /api/v1/teams/20c8a34c-a733-48f7-a69e-91184299fbf2/squad-config 200
2026-06-30 21:48:29 - POST /api/v1/teams/20c8a34c-a733-48f7-a69e-91184299fbf2/unlock 200
2026-06-30 21:48:29 - PUT /api/v1/teams/20c8a34c-a733-48f7-a69e-91184299fbf2/squad-config 200
2026-06-30 21:48:29 - GET /api/v1/teams/20c8a34c-a733-48f7-a69e-91184299fbf2/activities 403
2026-06-30 21:48:29 - GET /api/v1/teams/20c8a34c-a733-48f7-a69e-91184299fbf2/activities 200
2026-06-30 21:48:29 - POST /api/v1/auth/login 200
2026-06-30 21:48:30 - GET /api/v1/admin/analytics 200
2026-06-30 21:48:30 - GET /api/v1/admin/team-members 200
2026-06-30 21:48:30 - GET /api/v1/admin/team-members 200
2026-06-30 21:48:30 - GET /api/v1/admin/team-members 200
2026-06-30 21:48:30 - DELETE /api/v1/admin/team-members/ed85efd6-912f-4b14-8c2a-a6149aa47970 204
2026-06-30 21:48:30 - POST /api/v1/auth/login 200
2026-06-30 21:48:31 - POST /api/v1/admin/tournaments/bulk-delete 204
2026-06-30 21:48:31 - POST /api/v1/admin/matches/bulk-delete 204
2026-06-30 21:48:31 - POST /api/v1/admin/teams/bulk-delete 204
2026-06-30 21:48:31 - POST /api/v1/admin/users/bulk-delete 204
2026-06-30 21:48:31 - POST /api/v1/auth/login 200
2026-06-30 21:48:31 - POST /api/v1/players/ 201
2026-06-30 21:48:31 - POST /api/v1/players/ 201
2026-06-30 21:48:31 - POST /api/v1/players/ 422
2026-06-30 21:48:31 - POST /api/v1/players/ 422
2026-06-30 21:48:31 - GET /api/v1/players/49edc895-7276-4a97-8313-0b652e4063d1 200
2026-06-30 21:48:31 - PUT /api/v1/players/49edc895-7276-4a97-8313-0b652e4063d1 200
2026-06-30 21:48:31 - DELETE /api/v1/players/49edc895-7276-4a97-8313-0b652e4063d1 204
2026-06-30 21:48:31 - GET /api/v1/players/49edc895-7276-4a97-8313-0b652e4063d1 404
2026-06-30 21:48:32 - POST /api/v1/auth/login 200
2026-06-30 21:48:32 - POST /api/v1/players/ 201
2026-06-30 21:48:32 - POST /api/v1/players/ 201
2026-06-30 21:48:32 - POST /api/v1/teams/ 201
2026-06-30 21:48:32 - POST /api/v1/teams/08c1d1b9-347e-4d51-9a98-466c01258cbb/players 200
2026-06-30 21:48:32 - PUT /api/v1/teams/08c1d1b9-347e-4d51-9a98-466c01258cbb 200
2026-06-30 21:48:32 - PUT /api/v1/teams/08c1d1b9-347e-4d51-9a98-466c01258cbb 400
2026-06-30 21:48:32 - POST /api/v1/teams/ 201
2026-06-30 21:48:32 - POST /api/v1/teams/a894ba2b-874c-400d-b00c-322ca3cc1abc/players 400
2026-06-30 21:48:32 - DELETE /api/v1/teams/08c1d1b9-347e-4d51-9a98-466c01258cbb/players/7c1ba4f8-8600-4360-9599-032d0f587ebd 200
2026-06-30 21:48:32 - DELETE /api/v1/teams/08c1d1b9-347e-4d51-9a98-466c01258cbb 204
2026-06-30 21:48:32 - POST /api/v1/auth/login 200
2026-06-30 21:48:32 - POST /api/v1/players/ 201
2026-06-30 21:48:32 - POST /api/v1/players/ 201
2026-06-30 21:48:32 - POST /api/v1/teams/ 201
2026-06-30 21:48:32 - POST /api/v1/teams/ 201
2026-06-30 21:48:32 - POST /api/v1/teams/d8a76e92-212f-4e9f-a6f2-8189109e3af0/players 200
2026-06-30 21:48:32 - POST /api/v1/teams/d51675cb-391a-4c35-a84c-22c9b9051455/players 200
2026-06-30 21:48:32 - POST /api/v1/matches/ 201
2026-06-30 21:48:32 - POST /api/v1/matches/0919c9ee-d4b8-47e9-9e5b-b153a248f437/squads 200
2026-06-30 21:48:32 - POST /api/v1/matches/0919c9ee-d4b8-47e9-9e5b-b153a248f437/toss 200
2026-06-30 21:48:32 - DELETE /api/v1/players/b4017094-98c6-49fe-b272-ec07060685cb 400
2026-06-30 21:48:32 - DELETE /api/v1/teams/d8a76e92-212f-4e9f-a6f2-8189109e3af0/players/b4017094-98c6-49fe-b272-ec07060685cb 400
2026-06-30 21:48:32 - DELETE /api/v1/teams/d8a76e92-212f-4e9f-a6f2-8189109e3af0 400
2026-06-30 21:48:33 - POST /api/v1/auth/login 200
2026-06-30 21:48:33 - GET /api/v1/profile/ 200
2026-06-30 21:48:33 - POST /api/v1/auth/login 200
2026-06-30 21:48:33 - PUT /api/v1/profile/ 200
2026-06-30 21:48:33 - PUT /api/v1/profile/ 400
2026-06-30 21:48:34 - POST /api/v1/auth/login 200
2026-06-30 21:48:34 - GET /api/v1/profile/stats 200
2026-06-30 21:48:34 - POST /api/v1/auth/login 200
2026-06-30 21:48:34 - GET /api/v1/profile/activity 200
2026-06-30 21:48:34 - GET /api/v1/profile/achievements 200
2026-06-30 21:48:35 - POST /api/v1/auth/login 200
2026-06-30 21:48:35 - POST /api/v1/profile/upload-photo 200
2026-06-30 21:48:35 - GET /api/v1/profile/ 200
2026-06-30 21:48:37 - POST /api/v1/auth/signup 201
2026-06-30 21:48:37 - POST /api/v1/auth/login 200
2026-06-30 21:48:37 - GET /api/v1/profile/ 200
2026-06-30 21:48:37 - PUT /api/v1/profile/ 200
2026-06-30 21:48:38 - POST /api/v1/auth/login 200
2026-06-30 21:48:38 - GET /api/v1/profile/public/CU-USERAA 403
2026-06-30 21:48:38 - GET /api/v1/profile/public/CU-USERAA 200
2026-06-30 21:48:38 - POST /api/v1/auth/login 200
2026-06-30 21:48:38 - GET /api/v1/profile/search 200
2026-06-30 21:48:39 - POST /api/v1/auth/login 200
2026-06-30 21:48:39 - POST /api/v1/teams/join-by-code 200
2026-06-30 21:48:39 - POST /api/v1/auth/signup 400
2026-06-30 21:48:39 - POST /api/v1/auth/signup 400
2026-06-30 21:48:39 - POST /api/v1/auth/signup 400
2026-06-30 21:48:39 - POST /api/v1/auth/login 200
2026-06-30 21:48:39 - POST /api/v1/teams/fa7f43dd-954b-4b68-9826-ffbd53983062/regenerate-code 200
2026-06-30 21:48:39 - POST /api/v1/teams/join-by-code 404
2026-06-30 21:48:40 - POST /api/v1/auth/login 200
2026-06-30 21:48:40 - GET /api/v1/teams/search 200
2026-06-30 21:48:40 - GET /api/v1/tournaments/search 200
2026-06-30 21:48:40 - POST /api/v1/auth/login 200
2026-06-30 21:48:40 - POST /api/v1/teams/f9633439-b159-4af7-89e1-e73ebd3119e2/members 200
2026-06-30 21:48:40 - GET /api/v1/teams/f9633439-b159-4af7-89e1-e73ebd3119e2/invitations 200
2026-06-30 21:48:40 - POST /api/v1/auth/login 200
2026-06-30 21:48:40 - POST /api/v1/players/ 201
2026-06-30 21:48:40 - POST /api/v1/players/ 201
2026-06-30 21:48:40 - POST /api/v1/players/ 201
2026-06-30 21:48:40 - POST /api/v1/players/ 201
2026-06-30 21:48:40 - POST /api/v1/players/ 201
2026-06-30 21:48:41 - POST /api/v1/teams/ 201
2026-06-30 21:48:41 - POST /api/v1/teams/ 201
2026-06-30 21:48:41 - POST /api/v1/teams/cf147d74-09c3-4523-b000-bfec972d407d/players 200
2026-06-30 21:48:41 - POST /api/v1/teams/cf147d74-09c3-4523-b000-bfec972d407d/players 200
2026-06-30 21:48:41 - POST /api/v1/teams/cf147d74-09c3-4523-b000-bfec972d407d/players 200
2026-06-30 21:48:41 - POST /api/v1/teams/2a10ce9a-6a3a-4e75-a036-7c0b3dfd77e2/players 200
2026-06-30 21:48:41 - POST /api/v1/teams/2a10ce9a-6a3a-4e75-a036-7c0b3dfd77e2/players 200
2026-06-30 21:48:41 - POST /api/v1/matches/ 201
2026-06-30 21:48:41 - POST /api/v1/matches/00f50ec9-0486-45ed-ac8e-e29c1083070e/toss 200
2026-06-30 21:48:41 - POST /api/v1/matches/00f50ec9-0486-45ed-ac8e-e29c1083070e/squads 200
2026-06-30 21:48:41 - POST /api/v1/matches/00f50ec9-0486-45ed-ac8e-e29c1083070e/squads 200
2026-06-30 21:48:41 - POST /api/v1/matches/00f50ec9-0486-45ed-ac8e-e29c1083070e/balls 201
2026-06-30 21:48:41 - POST /api/v1/matches/00f50ec9-0486-45ed-ac8e-e29c1083070e/balls 201
2026-06-30 21:48:41 - POST /api/v1/matches/00f50ec9-0486-45ed-ac8e-e29c1083070e/balls 201
2026-06-30 21:48:41 - POST /api/v1/matches/00f50ec9-0486-45ed-ac8e-e29c1083070e/balls 201
2026-06-30 21:48:41 - POST /api/v1/matches/00f50ec9-0486-45ed-ac8e-e29c1083070e/balls 201
2026-06-30 21:48:41 - POST /api/v1/matches/00f50ec9-0486-45ed-ac8e-e29c1083070e/balls 201
2026-06-30 21:48:41 - POST /api/v1/matches/00f50ec9-0486-45ed-ac8e-e29c1083070e/balls 201
2026-06-30 21:48:41 - POST /api/v1/matches/00f50ec9-0486-45ed-ac8e-e29c1083070e/balls 201
2026-06-30 21:48:41 - POST /api/v1/matches/00f50ec9-0486-45ed-ac8e-e29c1083070e/balls 201
2026-06-30 21:48:41 - POST /api/v1/matches/00f50ec9-0486-45ed-ac8e-e29c1083070e/balls 201
2026-06-30 21:48:41 - POST /api/v1/matches/00f50ec9-0486-45ed-ac8e-e29c1083070e/balls 201
2026-06-30 21:48:41 - POST /api/v1/matches/00f50ec9-0486-45ed-ac8e-e29c1083070e/balls 201
2026-06-30 21:48:41 - GET /api/v1/matches/00f50ec9-0486-45ed-ac8e-e29c1083070e/scorecard 200
2026-06-30 21:48:41 - GET /api/v1/players/adf287a7-eeb4-44a5-8f79-86f7b0b115f4 200
2026-06-30 21:48:41 - POST /api/v1/auth/login 200
2026-06-30 21:48:41 - POST /api/v1/players/ 201
2026-06-30 21:48:41 - POST /api/v1/players/ 201
2026-06-30 21:48:41 - POST /api/v1/players/ 201
2026-06-30 21:48:41 - POST /api/v1/players/ 201
2026-06-30 21:48:41 - POST /api/v1/players/ 201
2026-06-30 21:48:41 - POST /api/v1/teams/ 201
2026-06-30 21:48:41 - POST /api/v1/teams/ 201
2026-06-30 21:48:41 - POST /api/v1/teams/cb401355-0c54-403c-ae6b-df2a12b01ff3/players 200
2026-06-30 21:48:41 - POST /api/v1/teams/cb401355-0c54-403c-ae6b-df2a12b01ff3/players 200
2026-06-30 21:48:41 - POST /api/v1/teams/cb401355-0c54-403c-ae6b-df2a12b01ff3/players 200
2026-06-30 21:48:41 - POST /api/v1/teams/f9ac0bd5-ad20-4f6e-9887-5e3a8360f359/players 200
2026-06-30 21:48:41 - POST /api/v1/teams/f9ac0bd5-ad20-4f6e-9887-5e3a8360f359/players 200
2026-06-30 21:48:41 - POST /api/v1/matches/ 201
2026-06-30 21:48:41 - POST /api/v1/matches/2df2b2e0-8ace-4ffa-a5fa-00bbd9c73108/toss 200
2026-06-30 21:48:41 - POST /api/v1/matches/2df2b2e0-8ace-4ffa-a5fa-00bbd9c73108/squads 200
2026-06-30 21:48:41 - POST /api/v1/matches/2df2b2e0-8ace-4ffa-a5fa-00bbd9c73108/squads 200
2026-06-30 21:48:41 - POST /api/v1/matches/2df2b2e0-8ace-4ffa-a5fa-00bbd9c73108/balls 201
2026-06-30 21:48:41 - POST /api/v1/matches/2df2b2e0-8ace-4ffa-a5fa-00bbd9c73108/balls 201
2026-06-30 21:48:41 - POST /api/v1/matches/2df2b2e0-8ace-4ffa-a5fa-00bbd9c73108/balls 201
2026-06-30 21:48:41 - POST /api/v1/matches/2df2b2e0-8ace-4ffa-a5fa-00bbd9c73108/balls 201
2026-06-30 21:48:41 - POST /api/v1/matches/2df2b2e0-8ace-4ffa-a5fa-00bbd9c73108/balls 201
2026-06-30 21:48:41 - GET /api/v1/matches/2df2b2e0-8ace-4ffa-a5fa-00bbd9c73108/scorecard 200
2026-06-30 21:48:42 - POST /api/v1/auth/login 200
2026-06-30 21:48:42 - POST /api/v1/players/ 201
2026-06-30 21:48:42 - POST /api/v1/players/ 201
2026-06-30 21:48:42 - POST /api/v1/players/ 201
2026-06-30 21:48:42 - POST /api/v1/players/ 201
2026-06-30 21:48:42 - POST /api/v1/teams/ 201
2026-06-30 21:48:42 - POST /api/v1/teams/ 201
2026-06-30 21:48:42 - POST /api/v1/teams/bd01874a-d8a0-4b74-97b7-0ccab618de4f/players 200
2026-06-30 21:48:42 - POST /api/v1/teams/bd01874a-d8a0-4b74-97b7-0ccab618de4f/players 200
2026-06-30 21:48:42 - POST /api/v1/teams/bf192bde-4e52-4c9b-a521-969efcbff08e/players 200
2026-06-30 21:48:42 - POST /api/v1/teams/bf192bde-4e52-4c9b-a521-969efcbff08e/players 200
2026-06-30 21:48:42 - POST /api/v1/matches/ 201
2026-06-30 21:48:42 - POST /api/v1/matches/8de37464-27ab-4df2-9379-0240c394d89d/toss 200
2026-06-30 21:48:42 - POST /api/v1/matches/8de37464-27ab-4df2-9379-0240c394d89d/squads 200
2026-06-30 21:48:42 - POST /api/v1/matches/8de37464-27ab-4df2-9379-0240c394d89d/squads 200
2026-06-30 21:48:42 - POST /api/v1/matches/8de37464-27ab-4df2-9379-0240c394d89d/balls 201
2026-06-30 21:48:42 - POST /api/v1/matches/8de37464-27ab-4df2-9379-0240c394d89d/balls 201
2026-06-30 21:48:42 - POST /api/v1/matches/8de37464-27ab-4df2-9379-0240c394d89d/balls 201
2026-06-30 21:48:42 - POST /api/v1/matches/8de37464-27ab-4df2-9379-0240c394d89d/balls 201
2026-06-30 21:48:42 - POST /api/v1/matches/8de37464-27ab-4df2-9379-0240c394d89d/balls 201
2026-06-30 21:48:42 - POST /api/v1/matches/8de37464-27ab-4df2-9379-0240c394d89d/balls 201
2026-06-30 21:48:42 - POST /api/v1/matches/8de37464-27ab-4df2-9379-0240c394d89d/balls 201
2026-06-30 21:48:42 - GET /api/v1/matches/8de37464-27ab-4df2-9379-0240c394d89d/scorecard 200
2026-06-30 21:48:44 - POST /api/v1/auth/signup 201
2026-06-30 21:48:44 - POST /api/v1/auth/login 200
2026-06-30 21:48:45 - POST /api/v1/auth/login 200
2026-06-30 21:48:45 - POST /api/v1/players/ 201
2026-06-30 21:48:45 - POST /api/v1/players/ 201
2026-06-30 21:48:45 - POST /api/v1/players/ 201
2026-06-30 21:48:45 - POST /api/v1/players/ 201
2026-06-30 21:48:45 - POST /api/v1/players/ 201
2026-06-30 21:48:45 - POST /api/v1/teams/ 201
2026-06-30 21:48:45 - POST /api/v1/teams/ 201
2026-06-30 21:48:45 - POST /api/v1/teams/b19fc55e-0a8a-4ffa-b103-b2f9c4639535/players 200
2026-06-30 21:48:45 - POST /api/v1/teams/b19fc55e-0a8a-4ffa-b103-b2f9c4639535/players 200
2026-06-30 21:48:45 - POST /api/v1/teams/b19fc55e-0a8a-4ffa-b103-b2f9c4639535/players 200
2026-06-30 21:48:45 - POST /api/v1/teams/f75d1bfe-f7c1-47de-a197-ed7a93bc4b80/players 200
2026-06-30 21:48:45 - POST /api/v1/teams/f75d1bfe-f7c1-47de-a197-ed7a93bc4b80/players 200
2026-06-30 21:48:45 - POST /api/v1/matches/ 201
2026-06-30 21:48:45 - POST /api/v1/matches/c1a133b3-a210-4666-ad77-bb4086c75838/toss 200
2026-06-30 21:48:45 - POST /api/v1/matches/c1a133b3-a210-4666-ad77-bb4086c75838/squads 200
2026-06-30 21:48:45 - PUT /api/v1/matches/c1a133b3-a210-4666-ad77-bb4086c75838 200
2026-06-30 21:48:45 - POST /api/v1/matches/c1a133b3-a210-4666-ad77-bb4086c75838/squads 200
2026-06-30 21:48:45 - POST /api/v1/matches/c1a133b3-a210-4666-ad77-bb4086c75838/start 200
2026-06-30 21:48:45 - POST /api/v1/matches/c1a133b3-a210-4666-ad77-bb4086c75838/balls 201
2026-06-30 21:48:45 - GET /api/v1/matches/c1a133b3-a210-4666-ad77-bb4086c75838/live 200
2026-06-30 21:48:45 - POST /api/v1/matches/c1a133b3-a210-4666-ad77-bb4086c75838/balls 201
2026-06-30 21:48:45 - GET /api/v1/matches/c1a133b3-a210-4666-ad77-bb4086c75838/live 200
2026-06-30 21:48:45 - POST /api/v1/matches/c1a133b3-a210-4666-ad77-bb4086c75838/balls 201
2026-06-30 21:48:45 - GET /api/v1/matches/c1a133b3-a210-4666-ad77-bb4086c75838/live 200
2026-06-30 21:48:45 - POST /api/v1/matches/c1a133b3-a210-4666-ad77-bb4086c75838/balls 201
2026-06-30 21:48:45 - GET /api/v1/matches/c1a133b3-a210-4666-ad77-bb4086c75838/live 200
2026-06-30 21:48:45 - POST /api/v1/matches/c1a133b3-a210-4666-ad77-bb4086c75838/undo 200
2026-06-30 21:48:45 - GET /api/v1/matches/c1a133b3-a210-4666-ad77-bb4086c75838/live 200
2026-06-30 21:48:45 - GET /api/v1/auth/me 401
2026-06-30 21:48:45 - GET /api/v1/auth/me 401
2026-06-30 21:48:46 - POST /api/v1/auth/login 200
2026-06-30 21:48:46 - POST /api/v1/players/ 201
2026-06-30 21:48:46 - POST /api/v1/players/ 201
2026-06-30 21:48:46 - POST /api/v1/players/ 201
2026-06-30 21:48:46 - POST /api/v1/players/ 201
2026-06-30 21:48:46 - POST /api/v1/players/ 201
2026-06-30 21:48:46 - POST /api/v1/teams/ 201
2026-06-30 21:48:46 - POST /api/v1/teams/ 201
2026-06-30 21:48:46 - POST /api/v1/teams/e4b4e330-ae81-4b2b-977f-32aed751401c/players 200
2026-06-30 21:48:46 - POST /api/v1/teams/e4b4e330-ae81-4b2b-977f-32aed751401c/players 200
2026-06-30 21:48:46 - POST /api/v1/teams/e4b4e330-ae81-4b2b-977f-32aed751401c/players 200
2026-06-30 21:48:46 - POST /api/v1/teams/b4303910-944a-41f8-b308-0e0d057432d1/players 200
2026-06-30 21:48:46 - POST /api/v1/teams/b4303910-944a-41f8-b308-0e0d057432d1/players 200
2026-06-30 21:48:46 - POST /api/v1/matches/ 201
2026-06-30 21:48:46 - POST /api/v1/matches/9b2caa08-63b6-4ec9-af0f-0a67da61f57a/toss 200
2026-06-30 21:48:46 - POST /api/v1/matches/9b2caa08-63b6-4ec9-af0f-0a67da61f57a/squads 200
2026-06-30 21:48:46 - POST /api/v1/matches/9b2caa08-63b6-4ec9-af0f-0a67da61f57a/squads 200
2026-06-30 21:48:48 - POST /api/v1/auth/signup 201
2026-06-30 21:48:50 - POST /api/v1/auth/signup 201
2026-06-30 21:48:52 - POST /api/v1/auth/signup 201
2026-06-30 21:48:52 - POST /api/v1/auth/login 200
2026-06-30 21:48:52 - POST /api/v1/auth/login 200
2026-06-30 21:48:52 - POST /api/v1/auth/login 200
2026-06-30 21:48:52 - POST /api/v1/teams/ 201
2026-06-30 21:48:52 - GET /api/v1/teams/my-teams 200
2026-06-30 21:48:52 - POST /api/v1/teams/0f6a61a3-f4e1-4e0b-980f-de057bb1c479/join-request 200
2026-06-30 21:48:52 - GET /api/v1/teams/my-teams 200
2026-06-30 21:48:52 - POST /api/v1/teams/0f6a61a3-f4e1-4e0b-980f-de057bb1c479/approve-request 403
2026-06-30 21:48:52 - POST /api/v1/teams/0f6a61a3-f4e1-4e0b-980f-de057bb1c479/approve-request 200
2026-06-30 21:48:52 - POST /api/v1/teams/0f6a61a3-f4e1-4e0b-980f-de057bb1c479/members 200
2026-06-30 21:48:52 - POST /api/v1/teams/0f6a61a3-f4e1-4e0b-980f-de057bb1c479/invitations/accept 200
2026-06-30 21:48:52 - GET /api/v1/teams/0f6a61a3-f4e1-4e0b-980f-de057bb1c479/members 200
2026-06-30 21:48:52 - DELETE /api/v1/teams/0f6a61a3-f4e1-4e0b-980f-de057bb1c479/members/d9ba074d-1e3c-4918-803d-d0b24c9f729a 204
2026-06-30 21:48:52 - GET /api/v1/teams/0f6a61a3-f4e1-4e0b-980f-de057bb1c479/members 200
2026-06-30 21:48:53 - POST /api/v1/auth/login 200
2026-06-30 21:48:53 - POST /api/v1/teams/ 201
2026-06-30 21:48:53 - POST /api/v1/auth/login 200
2026-06-30 21:48:53 - POST /api/v1/teams/b3f813a2-8cf0-4815-b603-fd389a111d13/members 200
2026-06-30 21:48:53 - GET /api/v1/notifications/ 200
2026-06-30 21:48:53 - GET /api/v1/teams/my-invitations 200
2026-06-30 21:48:53 - POST /api/v1/notifications/9c1fbd87-bfa7-4e8d-8c85-3dd81a5d6ca7/read 200
2026-06-30 21:48:53 - POST /api/v1/teams/b3f813a2-8cf0-4815-b603-fd389a111d13/invitations/accept 200
2026-06-30 21:48:53 - GET /api/v1/notifications/ 200
2026-06-30 21:48:54 - POST /api/v1/auth/login 200
2026-06-30 21:48:54 - POST /api/v1/teams/ 201
2026-06-30 21:48:54 - POST /api/v1/auth/login 200
2026-06-30 21:48:54 - POST /api/v1/teams/a757b5e9-28d5-462a-a75a-942b003c1cea/members 200
2026-06-30 21:48:54 - POST /api/v1/teams/a757b5e9-28d5-462a-a75a-942b003c1cea/invitations/reject 204
2026-06-30 21:48:54 - GET /api/v1/notifications/ 200
2026-06-30 21:48:55 - POST /api/v1/auth/login 200
2026-06-30 21:48:55 - POST /api/v1/teams/ 201
2026-06-30 21:48:55 - POST /api/v1/auth/login 200
2026-06-30 21:48:55 - POST /api/v1/teams/1e23344f-9651-4af9-8cc5-7c6f83e1b0d1/join-request 200
2026-06-30 21:48:55 - POST /api/v1/teams/1e23344f-9651-4af9-8cc5-7c6f83e1b0d1/reject-request 204
2026-06-30 21:48:55 - GET /api/v1/notifications/ 200
2026-06-30 21:48:56 - POST /api/v1/auth/login 200
2026-06-30 21:48:56 - POST /api/v1/teams/ 201
2026-06-30 21:48:56 - POST /api/v1/auth/login 200
2026-06-30 21:48:56 - PUT /api/v1/teams/6a48aa7e-d7df-47a3-999f-cfd399d6fe20 403
2026-06-30 21:48:56 - DELETE /api/v1/teams/6a48aa7e-d7df-47a3-999f-cfd399d6fe20 403
2026-06-30 21:48:56 - PUT /api/v1/teams/6a48aa7e-d7df-47a3-999f-cfd399d6fe20 200
2026-06-30 21:48:56 - DELETE /api/v1/teams/6a48aa7e-d7df-47a3-999f-cfd399d6fe20 204
2026-06-30 21:48:56 - GET /api/v1/teams/6a48aa7e-d7df-47a3-999f-cfd399d6fe20 404
2026-06-30 21:48:57 - POST /api/v1/auth/login 200
2026-06-30 21:48:57 - GET /api/v1/notifications/ 200
2026-06-30 21:48:57 - POST /api/v1/notifications/read-all 204
2026-06-30 21:48:57 - GET /api/v1/notifications/ 200
2026-06-30 21:48:57 - POST /api/v1/auth/login 200
2026-06-30 21:48:57 - POST /api/v1/teams/ 201
2026-06-30 21:48:57 - POST /api/v1/teams/ 201
2026-06-30 21:48:57 - POST /api/v1/matches/ 201
2026-06-30 21:48:57 - POST /api/v1/matches/daded7d2-2ee3-47f2-abd9-d6db19ab688f/toss/initiate 200
2026-06-30 21:48:57 - POST /api/v1/matches/daded7d2-2ee3-47f2-abd9-d6db19ab688f/toss/initiate 400
2026-06-30 21:48:57 - GET /api/v1/matches/daded7d2-2ee3-47f2-abd9-d6db19ab688f/activities 200
2026-06-30 21:48:57 - POST /api/v1/matches/daded7d2-2ee3-47f2-abd9-d6db19ab688f/toss/decision 200
2026-06-30 21:48:57 - GET /api/v1/matches/daded7d2-2ee3-47f2-abd9-d6db19ab688f/activities 200
2026-06-30 21:48:57 - POST /api/v1/matches/daded7d2-2ee3-47f2-abd9-d6db19ab688f/toss/reset 200
2026-06-30 21:48:57 - GET /api/v1/matches/daded7d2-2ee3-47f2-abd9-d6db19ab688f/activities 200
2026-06-30 21:48:58 - POST /api/v1/auth/login 200
2026-06-30 21:48:59 - POST /api/v1/auth/signup 201
2026-06-30 21:48:59 - POST /api/v1/auth/login 200
2026-06-30 21:48:59 - POST /api/v1/teams/ 201
2026-06-30 21:48:59 - POST /api/v1/teams/ 201
2026-06-30 21:48:59 - POST /api/v1/matches/ 201
2026-06-30 21:48:59 - POST /api/v1/matches/defd260a-9ddf-43a6-b169-1ee23ac517b3/toss/initiate 200
2026-06-30 21:48:59 - POST /api/v1/matches/defd260a-9ddf-43a6-b169-1ee23ac517b3/toss/reset 403
2026-06-30 21:49:00 - POST /api/v1/auth/login 200
2026-06-30 21:49:00 - POST /api/v1/tournaments/ 201
2026-06-30 21:49:00 - POST /api/v1/players/ 201
2026-06-30 21:49:00 - POST /api/v1/players/ 201
2026-06-30 21:49:00 - POST /api/v1/players/ 201
2026-06-30 21:49:00 - POST /api/v1/players/ 201
2026-06-30 21:49:00 - POST /api/v1/teams/ 201
2026-06-30 21:49:00 - POST /api/v1/teams/1a62dd80-0ee9-4ffa-8f03-29d6f4debeee/players 200
2026-06-30 21:49:00 - POST /api/v1/teams/1a62dd80-0ee9-4ffa-8f03-29d6f4debeee/players 200
2026-06-30 21:49:00 - POST /api/v1/teams/1a62dd80-0ee9-4ffa-8f03-29d6f4debeee/players 200
2026-06-30 21:49:00 - POST /api/v1/teams/1a62dd80-0ee9-4ffa-8f03-29d6f4debeee/players 200
2026-06-30 21:49:00 - POST /api/v1/tournaments/f616800c-bcec-4f31-afcf-cbd628942dfc/teams 400
2026-06-30 21:49:00 - POST /api/v1/players/ 201
2026-06-30 21:49:00 - POST /api/v1/teams/1a62dd80-0ee9-4ffa-8f03-29d6f4debeee/players 200
2026-06-30 21:49:00 - POST /api/v1/tournaments/f616800c-bcec-4f31-afcf-cbd628942dfc/teams 200
2026-06-30 21:49:00 - DELETE /api/v1/tournaments/f616800c-bcec-4f31-afcf-cbd628942dfc/teams/1a62dd80-0ee9-4ffa-8f03-29d6f4debeee 200
2026-06-30 21:49:00 - POST /api/v1/auth/login 200
2026-06-30 21:49:00 - POST /api/v1/teams/ 201
2026-06-30 21:49:00 - POST /api/v1/players/ 201
2026-06-30 21:49:00 - POST /api/v1/teams/793974fa-14f1-4307-affa-7af0c4010a03/players 200
2026-06-30 21:49:00 - POST /api/v1/players/ 201
2026-06-30 21:49:00 - POST /api/v1/teams/793974fa-14f1-4307-affa-7af0c4010a03/players 200
2026-06-30 21:49:00 - POST /api/v1/players/ 201
2026-06-30 21:49:00 - POST /api/v1/teams/793974fa-14f1-4307-affa-7af0c4010a03/players 200
2026-06-30 21:49:00 - POST /api/v1/players/ 201
2026-06-30 21:49:00 - POST /api/v1/teams/793974fa-14f1-4307-affa-7af0c4010a03/players 200
2026-06-30 21:49:00 - POST /api/v1/players/ 201
2026-06-30 21:49:00 - POST /api/v1/teams/793974fa-14f1-4307-affa-7af0c4010a03/players 200
2026-06-30 21:49:00 - POST /api/v1/teams/ 201
2026-06-30 21:49:00 - POST /api/v1/players/ 201
2026-06-30 21:49:00 - POST /api/v1/teams/3058ea7d-b2ac-4c13-8443-40531b034b8d/players 200
2026-06-30 21:49:00 - POST /api/v1/players/ 201
2026-06-30 21:49:00 - POST /api/v1/teams/3058ea7d-b2ac-4c13-8443-40531b034b8d/players 200
2026-06-30 21:49:00 - POST /api/v1/players/ 201
2026-06-30 21:49:00 - POST /api/v1/teams/3058ea7d-b2ac-4c13-8443-40531b034b8d/players 200
2026-06-30 21:49:00 - POST /api/v1/players/ 201
2026-06-30 21:49:00 - POST /api/v1/teams/3058ea7d-b2ac-4c13-8443-40531b034b8d/players 200
2026-06-30 21:49:00 - POST /api/v1/players/ 201
2026-06-30 21:49:00 - POST /api/v1/teams/3058ea7d-b2ac-4c13-8443-40531b034b8d/players 200
2026-06-30 21:49:00 - POST /api/v1/tournaments/ 201
2026-06-30 21:49:00 - POST /api/v1/tournaments/d9a9a8ea-f795-433c-b10b-003799832d7f/teams 200
2026-06-30 21:49:00 - POST /api/v1/tournaments/d9a9a8ea-f795-433c-b10b-003799832d7f/teams 200
2026-06-30 21:49:00 - POST /api/v1/tournaments/d9a9a8ea-f795-433c-b10b-003799832d7f/fixtures/generate 201
2026-06-30 21:49:00 - POST /api/v1/tournaments/d9a9a8ea-f795-433c-b10b-003799832d7f/fixtures/publish 200
2026-06-30 21:49:00 - GET /api/v1/tournaments/d9a9a8ea-f795-433c-b10b-003799832d7f/dashboard 200
2026-06-30 21:49:00 - POST /api/v1/matches/343ea538-30b6-4b19-be26-bdad17713048/toss 200
2026-06-30 21:49:00 - GET /api/v1/teams/793974fa-14f1-4307-affa-7af0c4010a03 200
2026-06-30 21:49:00 - GET /api/v1/teams/3058ea7d-b2ac-4c13-8443-40531b034b8d 200
2026-06-30 21:49:00 - POST /api/v1/matches/343ea538-30b6-4b19-be26-bdad17713048/squads 200
2026-06-30 21:49:00 - POST /api/v1/matches/343ea538-30b6-4b19-be26-bdad17713048/squads 200
2026-06-30 21:49:00 - POST /api/v1/matches/343ea538-30b6-4b19-be26-bdad17713048/balls 201
2026-06-30 21:49:00 - POST /api/v1/matches/343ea538-30b6-4b19-be26-bdad17713048/balls 201
2026-06-30 21:49:00 - POST /api/v1/matches/343ea538-30b6-4b19-be26-bdad17713048/balls 201
2026-06-30 21:49:00 - POST /api/v1/matches/343ea538-30b6-4b19-be26-bdad17713048/balls 201
2026-06-30 21:49:00 - POST /api/v1/matches/343ea538-30b6-4b19-be26-bdad17713048/balls 201
2026-06-30 21:49:00 - POST /api/v1/matches/343ea538-30b6-4b19-be26-bdad17713048/balls 201
2026-06-30 21:49:00 - POST /api/v1/matches/343ea538-30b6-4b19-be26-bdad17713048/balls 201
2026-06-30 21:49:00 - POST /api/v1/matches/343ea538-30b6-4b19-be26-bdad17713048/balls 201
2026-06-30 21:49:01 - POST /api/v1/matches/343ea538-30b6-4b19-be26-bdad17713048/balls 201
2026-06-30 21:49:01 - GET /api/v1/tournaments/d9a9a8ea-f795-433c-b10b-003799832d7f/points-table 200
2026-06-30 21:49:01 - GET /api/v1/tournaments/d9a9a8ea-f795-433c-b10b-003799832d7f/leaderboards 200
2026-06-30 21:49:01 - POST /api/v1/auth/login 200
2026-06-30 21:49:01 - POST /api/v1/teams/ 201
2026-06-30 21:49:01 - POST /api/v1/players/ 201
2026-06-30 21:49:01 - POST /api/v1/teams/655ac900-13ee-4d0f-9fd8-b95c043fe2c3/players 200
2026-06-30 21:49:01 - POST /api/v1/players/ 201
2026-06-30 21:49:01 - POST /api/v1/teams/655ac900-13ee-4d0f-9fd8-b95c043fe2c3/players 200
2026-06-30 21:49:01 - POST /api/v1/players/ 201
2026-06-30 21:49:01 - POST /api/v1/teams/655ac900-13ee-4d0f-9fd8-b95c043fe2c3/players 200
2026-06-30 21:49:01 - POST /api/v1/players/ 201
2026-06-30 21:49:01 - POST /api/v1/teams/655ac900-13ee-4d0f-9fd8-b95c043fe2c3/players 200
2026-06-30 21:49:01 - POST /api/v1/players/ 201
2026-06-30 21:49:01 - POST /api/v1/teams/655ac900-13ee-4d0f-9fd8-b95c043fe2c3/players 200
2026-06-30 21:49:01 - POST /api/v1/teams/ 201
2026-06-30 21:49:01 - POST /api/v1/players/ 201
2026-06-30 21:49:01 - POST /api/v1/teams/a840fec6-5f1c-47f0-a30e-8798b6b2f2c8/players 200
2026-06-30 21:49:01 - POST /api/v1/players/ 201
2026-06-30 21:49:01 - POST /api/v1/teams/a840fec6-5f1c-47f0-a30e-8798b6b2f2c8/players 200
2026-06-30 21:49:01 - POST /api/v1/players/ 201
2026-06-30 21:49:01 - POST /api/v1/teams/a840fec6-5f1c-47f0-a30e-8798b6b2f2c8/players 200
2026-06-30 21:49:01 - POST /api/v1/players/ 201
2026-06-30 21:49:01 - POST /api/v1/teams/a840fec6-5f1c-47f0-a30e-8798b6b2f2c8/players 200
2026-06-30 21:49:01 - POST /api/v1/players/ 201
2026-06-30 21:49:01 - POST /api/v1/teams/a840fec6-5f1c-47f0-a30e-8798b6b2f2c8/players 200
2026-06-30 21:49:01 - POST /api/v1/teams/ 201
2026-06-30 21:49:01 - POST /api/v1/players/ 201
2026-06-30 21:49:01 - POST /api/v1/teams/4012fcf0-f19b-47b5-9755-04771255ecc1/players 200
2026-06-30 21:49:01 - POST /api/v1/players/ 201
2026-06-30 21:49:01 - POST /api/v1/teams/4012fcf0-f19b-47b5-9755-04771255ecc1/players 200
2026-06-30 21:49:01 - POST /api/v1/players/ 201
2026-06-30 21:49:01 - POST /api/v1/teams/4012fcf0-f19b-47b5-9755-04771255ecc1/players 200
2026-06-30 21:49:01 - POST /api/v1/players/ 201
2026-06-30 21:49:01 - POST /api/v1/teams/4012fcf0-f19b-47b5-9755-04771255ecc1/players 200
2026-06-30 21:49:01 - POST /api/v1/players/ 201
2026-06-30 21:49:01 - POST /api/v1/teams/4012fcf0-f19b-47b5-9755-04771255ecc1/players 200
2026-06-30 21:49:01 - POST /api/v1/teams/ 201
2026-06-30 21:49:01 - POST /api/v1/players/ 201
2026-06-30 21:49:01 - POST /api/v1/teams/7bd924db-ac2e-466d-a4af-62dab32bb9e2/players 200
2026-06-30 21:49:01 - POST /api/v1/players/ 201
2026-06-30 21:49:01 - POST /api/v1/teams/7bd924db-ac2e-466d-a4af-62dab32bb9e2/players 200
2026-06-30 21:49:01 - POST /api/v1/players/ 201
2026-06-30 21:49:01 - POST /api/v1/teams/7bd924db-ac2e-466d-a4af-62dab32bb9e2/players 200
2026-06-30 21:49:01 - POST /api/v1/players/ 201
2026-06-30 21:49:01 - POST /api/v1/teams/7bd924db-ac2e-466d-a4af-62dab32bb9e2/players 200
2026-06-30 21:49:01 - POST /api/v1/players/ 201
2026-06-30 21:49:01 - POST /api/v1/teams/7bd924db-ac2e-466d-a4af-62dab32bb9e2/players 200
2026-06-30 21:49:01 - POST /api/v1/tournaments/ 201
2026-06-30 21:49:01 - POST /api/v1/tournaments/a8e23c5c-9398-409a-8d86-2ef1399ef06c/teams 200
2026-06-30 21:49:01 - POST /api/v1/tournaments/a8e23c5c-9398-409a-8d86-2ef1399ef06c/teams 200
2026-06-30 21:49:01 - POST /api/v1/tournaments/a8e23c5c-9398-409a-8d86-2ef1399ef06c/teams 200
2026-06-30 21:49:01 - POST /api/v1/tournaments/a8e23c5c-9398-409a-8d86-2ef1399ef06c/teams 200
2026-06-30 21:49:01 - POST /api/v1/tournaments/a8e23c5c-9398-409a-8d86-2ef1399ef06c/fixtures/generate 201
2026-06-30 21:49:01 - POST /api/v1/tournaments/a8e23c5c-9398-409a-8d86-2ef1399ef06c/fixtures/publish 200
2026-06-30 21:49:01 - GET /api/v1/tournaments/a8e23c5c-9398-409a-8d86-2ef1399ef06c/dashboard 200
2026-06-30 21:49:01 - GET /api/v1/tournaments/a8e23c5c-9398-409a-8d86-2ef1399ef06c/dashboard 200
2026-06-30 21:49:01 - POST /api/v1/matches/0f9f505f-d88c-4775-a812-12544b49f606/toss 200
2026-06-30 21:49:01 - GET /api/v1/teams/655ac900-13ee-4d0f-9fd8-b95c043fe2c3 200
2026-06-30 21:49:01 - GET /api/v1/teams/4012fcf0-f19b-47b5-9755-04771255ecc1 200
2026-06-30 21:49:01 - POST /api/v1/matches/0f9f505f-d88c-4775-a812-12544b49f606/squads 200
2026-06-30 21:49:01 - POST /api/v1/matches/0f9f505f-d88c-4775-a812-12544b49f606/squads 200
2026-06-30 21:49:01 - POST /api/v1/matches/0f9f505f-d88c-4775-a812-12544b49f606/balls 201
2026-06-30 21:49:01 - POST /api/v1/matches/0f9f505f-d88c-4775-a812-12544b49f606/balls 201
2026-06-30 21:49:01 - POST /api/v1/matches/0f9f505f-d88c-4775-a812-12544b49f606/balls 201
2026-06-30 21:49:01 - POST /api/v1/matches/0f9f505f-d88c-4775-a812-12544b49f606/balls 201
2026-06-30 21:49:01 - POST /api/v1/matches/0f9f505f-d88c-4775-a812-12544b49f606/balls 201
2026-06-30 21:49:01 - POST /api/v1/matches/0f9f505f-d88c-4775-a812-12544b49f606/balls 201
2026-06-30 21:49:01 - POST /api/v1/matches/0f9f505f-d88c-4775-a812-12544b49f606/balls 201
2026-06-30 21:49:01 - POST /api/v1/matches/0f9f505f-d88c-4775-a812-12544b49f606/balls 201
2026-06-30 21:49:01 - POST /api/v1/matches/0f9f505f-d88c-4775-a812-12544b49f606/balls 201
2026-06-30 21:49:01 - POST /api/v1/matches/0f9f505f-d88c-4775-a812-12544b49f606/balls 201
2026-06-30 21:49:01 - POST /api/v1/matches/0f9f505f-d88c-4775-a812-12544b49f606/balls 201
2026-06-30 21:49:01 - POST /api/v1/matches/0f9f505f-d88c-4775-a812-12544b49f606/balls 201
2026-06-30 21:49:01 - POST /api/v1/matches/1022ab13-1673-4b5d-bf33-d2b0aadd832b/toss 200
2026-06-30 21:49:01 - GET /api/v1/teams/4012fcf0-f19b-47b5-9755-04771255ecc1 200
2026-06-30 21:49:01 - GET /api/v1/teams/7bd924db-ac2e-466d-a4af-62dab32bb9e2 200
2026-06-30 21:49:01 - POST /api/v1/matches/1022ab13-1673-4b5d-bf33-d2b0aadd832b/squads 200
2026-06-30 21:49:02 - POST /api/v1/matches/1022ab13-1673-4b5d-bf33-d2b0aadd832b/squads 200
2026-06-30 21:49:02 - POST /api/v1/matches/1022ab13-1673-4b5d-bf33-d2b0aadd832b/balls 201
2026-06-30 21:49:02 - POST /api/v1/matches/1022ab13-1673-4b5d-bf33-d2b0aadd832b/balls 201
2026-06-30 21:49:02 - POST /api/v1/matches/1022ab13-1673-4b5d-bf33-d2b0aadd832b/balls 201
2026-06-30 21:49:02 - POST /api/v1/matches/1022ab13-1673-4b5d-bf33-d2b0aadd832b/balls 201
2026-06-30 21:49:02 - POST /api/v1/matches/1022ab13-1673-4b5d-bf33-d2b0aadd832b/balls 201
2026-06-30 21:49:02 - POST /api/v1/matches/1022ab13-1673-4b5d-bf33-d2b0aadd832b/balls 201
2026-06-30 21:49:02 - POST /api/v1/matches/1022ab13-1673-4b5d-bf33-d2b0aadd832b/balls 201
2026-06-30 21:49:02 - POST /api/v1/matches/1022ab13-1673-4b5d-bf33-d2b0aadd832b/balls 201
2026-06-30 21:49:02 - POST /api/v1/matches/1022ab13-1673-4b5d-bf33-d2b0aadd832b/balls 201
2026-06-30 21:49:02 - POST /api/v1/matches/1022ab13-1673-4b5d-bf33-d2b0aadd832b/balls 201
2026-06-30 21:49:02 - POST /api/v1/matches/1022ab13-1673-4b5d-bf33-d2b0aadd832b/balls 201
2026-06-30 21:49:02 - POST /api/v1/matches/1022ab13-1673-4b5d-bf33-d2b0aadd832b/balls 201
2026-06-30 21:49:02 - POST /api/v1/matches/00226749-1742-4f84-962a-7760f136f49c/toss 200
2026-06-30 21:49:02 - GET /api/v1/teams/a840fec6-5f1c-47f0-a30e-8798b6b2f2c8 200
2026-06-30 21:49:02 - GET /api/v1/teams/4012fcf0-f19b-47b5-9755-04771255ecc1 200
2026-06-30 21:49:02 - POST /api/v1/matches/00226749-1742-4f84-962a-7760f136f49c/squads 200
2026-06-30 21:49:02 - POST /api/v1/matches/00226749-1742-4f84-962a-7760f136f49c/squads 200
2026-06-30 21:49:02 - POST /api/v1/matches/00226749-1742-4f84-962a-7760f136f49c/balls 201
2026-06-30 21:49:02 - POST /api/v1/matches/00226749-1742-4f84-962a-7760f136f49c/balls 201
2026-06-30 21:49:02 - POST /api/v1/matches/00226749-1742-4f84-962a-7760f136f49c/balls 201
2026-06-30 21:49:02 - POST /api/v1/matches/00226749-1742-4f84-962a-7760f136f49c/balls 201
2026-06-30 21:49:02 - POST /api/v1/matches/00226749-1742-4f84-962a-7760f136f49c/balls 201
2026-06-30 21:49:02 - POST /api/v1/matches/00226749-1742-4f84-962a-7760f136f49c/balls 201
2026-06-30 21:49:02 - POST /api/v1/matches/00226749-1742-4f84-962a-7760f136f49c/balls 201
2026-06-30 21:49:02 - POST /api/v1/matches/00226749-1742-4f84-962a-7760f136f49c/balls 201
2026-06-30 21:49:02 - POST /api/v1/matches/00226749-1742-4f84-962a-7760f136f49c/balls 201
2026-06-30 21:49:02 - POST /api/v1/matches/00226749-1742-4f84-962a-7760f136f49c/balls 201
2026-06-30 21:49:02 - POST /api/v1/matches/00226749-1742-4f84-962a-7760f136f49c/balls 201
2026-06-30 21:49:02 - POST /api/v1/matches/00226749-1742-4f84-962a-7760f136f49c/balls 201
2026-06-30 21:49:02 - POST /api/v1/matches/0a130ad1-193b-4dbf-895d-29a1facee219/toss 200
2026-06-30 21:49:02 - GET /api/v1/teams/655ac900-13ee-4d0f-9fd8-b95c043fe2c3 200
2026-06-30 21:49:02 - GET /api/v1/teams/7bd924db-ac2e-466d-a4af-62dab32bb9e2 200
2026-06-30 21:49:02 - POST /api/v1/matches/0a130ad1-193b-4dbf-895d-29a1facee219/squads 200
2026-06-30 21:49:02 - POST /api/v1/matches/0a130ad1-193b-4dbf-895d-29a1facee219/squads 200
2026-06-30 21:49:02 - POST /api/v1/matches/0a130ad1-193b-4dbf-895d-29a1facee219/balls 201
2026-06-30 21:49:02 - POST /api/v1/matches/0a130ad1-193b-4dbf-895d-29a1facee219/balls 201
2026-06-30 21:49:02 - POST /api/v1/matches/0a130ad1-193b-4dbf-895d-29a1facee219/balls 201
2026-06-30 21:49:02 - POST /api/v1/matches/0a130ad1-193b-4dbf-895d-29a1facee219/balls 201
2026-06-30 21:49:02 - POST /api/v1/matches/0a130ad1-193b-4dbf-895d-29a1facee219/balls 201
2026-06-30 21:49:02 - POST /api/v1/matches/0a130ad1-193b-4dbf-895d-29a1facee219/balls 201
2026-06-30 21:49:02 - POST /api/v1/matches/0a130ad1-193b-4dbf-895d-29a1facee219/balls 201
2026-06-30 21:49:02 - POST /api/v1/matches/0a130ad1-193b-4dbf-895d-29a1facee219/balls 201
2026-06-30 21:49:02 - POST /api/v1/matches/0a130ad1-193b-4dbf-895d-29a1facee219/balls 201
2026-06-30 21:49:02 - POST /api/v1/matches/0a130ad1-193b-4dbf-895d-29a1facee219/balls 201
2026-06-30 21:49:02 - POST /api/v1/matches/0a130ad1-193b-4dbf-895d-29a1facee219/balls 201
2026-06-30 21:49:02 - POST /api/v1/matches/0a130ad1-193b-4dbf-895d-29a1facee219/balls 201
2026-06-30 21:49:02 - POST /api/v1/matches/31805bda-736e-4950-b919-bbe83821a186/toss 200
2026-06-30 21:49:02 - GET /api/v1/teams/655ac900-13ee-4d0f-9fd8-b95c043fe2c3 200
2026-06-30 21:49:02 - GET /api/v1/teams/a840fec6-5f1c-47f0-a30e-8798b6b2f2c8 200
2026-06-30 21:49:02 - POST /api/v1/matches/31805bda-736e-4950-b919-bbe83821a186/squads 200
2026-06-30 21:49:02 - POST /api/v1/matches/31805bda-736e-4950-b919-bbe83821a186/squads 200
2026-06-30 21:49:02 - POST /api/v1/matches/31805bda-736e-4950-b919-bbe83821a186/balls 201
2026-06-30 21:49:02 - POST /api/v1/matches/31805bda-736e-4950-b919-bbe83821a186/balls 201
2026-06-30 21:49:02 - POST /api/v1/matches/31805bda-736e-4950-b919-bbe83821a186/balls 201
2026-06-30 21:49:02 - POST /api/v1/matches/31805bda-736e-4950-b919-bbe83821a186/balls 201
2026-06-30 21:49:02 - POST /api/v1/matches/31805bda-736e-4950-b919-bbe83821a186/balls 201
2026-06-30 21:49:02 - POST /api/v1/matches/31805bda-736e-4950-b919-bbe83821a186/balls 201
2026-06-30 21:49:02 - POST /api/v1/matches/31805bda-736e-4950-b919-bbe83821a186/balls 201
2026-06-30 21:49:02 - POST /api/v1/matches/31805bda-736e-4950-b919-bbe83821a186/balls 201
2026-06-30 21:49:02 - POST /api/v1/matches/31805bda-736e-4950-b919-bbe83821a186/balls 201
2026-06-30 21:49:02 - POST /api/v1/matches/31805bda-736e-4950-b919-bbe83821a186/balls 201
2026-06-30 21:49:02 - POST /api/v1/matches/31805bda-736e-4950-b919-bbe83821a186/balls 201
2026-06-30 21:49:02 - POST /api/v1/matches/31805bda-736e-4950-b919-bbe83821a186/balls 201
2026-06-30 21:49:02 - POST /api/v1/matches/8544ea6c-c3c8-4cb6-af59-6bf6c4237fbb/toss 200
2026-06-30 21:49:02 - GET /api/v1/teams/a840fec6-5f1c-47f0-a30e-8798b6b2f2c8 200
2026-06-30 21:49:02 - GET /api/v1/teams/7bd924db-ac2e-466d-a4af-62dab32bb9e2 200
2026-06-30 21:49:02 - POST /api/v1/matches/8544ea6c-c3c8-4cb6-af59-6bf6c4237fbb/squads 200
2026-06-30 21:49:02 - POST /api/v1/matches/8544ea6c-c3c8-4cb6-af59-6bf6c4237fbb/squads 200
2026-06-30 21:49:02 - POST /api/v1/matches/8544ea6c-c3c8-4cb6-af59-6bf6c4237fbb/balls 201
2026-06-30 21:49:02 - POST /api/v1/matches/8544ea6c-c3c8-4cb6-af59-6bf6c4237fbb/balls 201
2026-06-30 21:49:02 - POST /api/v1/matches/8544ea6c-c3c8-4cb6-af59-6bf6c4237fbb/balls 201
2026-06-30 21:49:02 - POST /api/v1/matches/8544ea6c-c3c8-4cb6-af59-6bf6c4237fbb/balls 201
2026-06-30 21:49:02 - POST /api/v1/matches/8544ea6c-c3c8-4cb6-af59-6bf6c4237fbb/balls 201
2026-06-30 21:49:02 - POST /api/v1/matches/8544ea6c-c3c8-4cb6-af59-6bf6c4237fbb/balls 201
2026-06-30 21:49:02 - POST /api/v1/matches/8544ea6c-c3c8-4cb6-af59-6bf6c4237fbb/balls 201
2026-06-30 21:49:02 - POST /api/v1/matches/8544ea6c-c3c8-4cb6-af59-6bf6c4237fbb/balls 201
2026-06-30 21:49:02 - POST /api/v1/matches/8544ea6c-c3c8-4cb6-af59-6bf6c4237fbb/balls 201
2026-06-30 21:49:02 - POST /api/v1/matches/8544ea6c-c3c8-4cb6-af59-6bf6c4237fbb/balls 201
2026-06-30 21:49:02 - POST /api/v1/matches/8544ea6c-c3c8-4cb6-af59-6bf6c4237fbb/balls 201
2026-06-30 21:49:02 - POST /api/v1/matches/8544ea6c-c3c8-4cb6-af59-6bf6c4237fbb/balls 201
2026-06-30 21:49:02 - GET /api/v1/tournaments/a8e23c5c-9398-409a-8d86-2ef1399ef06c/dashboard 200
2026-06-30 21:49:02 - POST /api/v1/matches/8eceecd4-b85a-4bff-9480-301d1dac9a3c/toss 200
2026-06-30 21:49:02 - GET /api/v1/teams/655ac900-13ee-4d0f-9fd8-b95c043fe2c3 200
2026-06-30 21:49:02 - GET /api/v1/teams/7bd924db-ac2e-466d-a4af-62dab32bb9e2 200
2026-06-30 21:49:02 - POST /api/v1/matches/8eceecd4-b85a-4bff-9480-301d1dac9a3c/squads 200
2026-06-30 21:49:02 - POST /api/v1/matches/8eceecd4-b85a-4bff-9480-301d1dac9a3c/squads 200
2026-06-30 21:49:02 - POST /api/v1/matches/8eceecd4-b85a-4bff-9480-301d1dac9a3c/balls 201
2026-06-30 21:49:02 - POST /api/v1/matches/8eceecd4-b85a-4bff-9480-301d1dac9a3c/balls 201
2026-06-30 21:49:02 - POST /api/v1/matches/8eceecd4-b85a-4bff-9480-301d1dac9a3c/balls 201
2026-06-30 21:49:02 - POST /api/v1/matches/8eceecd4-b85a-4bff-9480-301d1dac9a3c/balls 201
2026-06-30 21:49:02 - POST /api/v1/matches/8eceecd4-b85a-4bff-9480-301d1dac9a3c/balls 201
2026-06-30 21:49:02 - POST /api/v1/matches/8eceecd4-b85a-4bff-9480-301d1dac9a3c/balls 201
2026-06-30 21:49:02 - POST /api/v1/matches/8eceecd4-b85a-4bff-9480-301d1dac9a3c/balls 201
2026-06-30 21:49:02 - POST /api/v1/matches/8eceecd4-b85a-4bff-9480-301d1dac9a3c/balls 201
2026-06-30 21:49:02 - POST /api/v1/matches/8eceecd4-b85a-4bff-9480-301d1dac9a3c/balls 201
2026-06-30 21:49:02 - POST /api/v1/matches/8eceecd4-b85a-4bff-9480-301d1dac9a3c/balls 201
2026-06-30 21:49:02 - POST /api/v1/matches/8eceecd4-b85a-4bff-9480-301d1dac9a3c/balls 201
2026-06-30 21:49:02 - POST /api/v1/matches/8eceecd4-b85a-4bff-9480-301d1dac9a3c/balls 201
2026-06-30 21:49:02 - POST /api/v1/matches/2bf0c24e-ac41-4960-bf32-e1d4aea36469/toss 200
2026-06-30 21:49:02 - GET /api/v1/teams/a840fec6-5f1c-47f0-a30e-8798b6b2f2c8 200
2026-06-30 21:49:02 - GET /api/v1/teams/4012fcf0-f19b-47b5-9755-04771255ecc1 200
2026-06-30 21:49:02 - POST /api/v1/matches/2bf0c24e-ac41-4960-bf32-e1d4aea36469/squads 200
2026-06-30 21:49:02 - POST /api/v1/matches/2bf0c24e-ac41-4960-bf32-e1d4aea36469/squads 200
2026-06-30 21:49:03 - POST /api/v1/matches/2bf0c24e-ac41-4960-bf32-e1d4aea36469/balls 201
2026-06-30 21:49:03 - POST /api/v1/matches/2bf0c24e-ac41-4960-bf32-e1d4aea36469/balls 201
2026-06-30 21:49:03 - POST /api/v1/matches/2bf0c24e-ac41-4960-bf32-e1d4aea36469/balls 201
2026-06-30 21:49:03 - POST /api/v1/matches/2bf0c24e-ac41-4960-bf32-e1d4aea36469/balls 201
2026-06-30 21:49:03 - POST /api/v1/matches/2bf0c24e-ac41-4960-bf32-e1d4aea36469/balls 201
2026-06-30 21:49:03 - POST /api/v1/matches/2bf0c24e-ac41-4960-bf32-e1d4aea36469/balls 201
2026-06-30 21:49:03 - POST /api/v1/matches/2bf0c24e-ac41-4960-bf32-e1d4aea36469/balls 201
2026-06-30 21:49:03 - POST /api/v1/matches/2bf0c24e-ac41-4960-bf32-e1d4aea36469/balls 201
2026-06-30 21:49:03 - POST /api/v1/matches/2bf0c24e-ac41-4960-bf32-e1d4aea36469/balls 201
2026-06-30 21:49:03 - POST /api/v1/matches/2bf0c24e-ac41-4960-bf32-e1d4aea36469/balls 201
2026-06-30 21:49:03 - POST /api/v1/matches/2bf0c24e-ac41-4960-bf32-e1d4aea36469/balls 201
2026-06-30 21:49:03 - POST /api/v1/matches/2bf0c24e-ac41-4960-bf32-e1d4aea36469/balls 201
2026-06-30 21:49:03 - GET /api/v1/tournaments/a8e23c5c-9398-409a-8d86-2ef1399ef06c/dashboard 200
2026-06-30 21:49:03 - POST /api/v1/matches/a62d2579-60ab-4355-8892-d16b7680c69b/toss 200
2026-06-30 21:49:03 - GET /api/v1/teams/655ac900-13ee-4d0f-9fd8-b95c043fe2c3 200
2026-06-30 21:49:03 - GET /api/v1/teams/a840fec6-5f1c-47f0-a30e-8798b6b2f2c8 200
2026-06-30 21:49:03 - POST /api/v1/matches/a62d2579-60ab-4355-8892-d16b7680c69b/squads 200
2026-06-30 21:49:03 - POST /api/v1/matches/a62d2579-60ab-4355-8892-d16b7680c69b/squads 200
2026-06-30 21:49:03 - POST /api/v1/matches/a62d2579-60ab-4355-8892-d16b7680c69b/balls 201
2026-06-30 21:49:03 - POST /api/v1/matches/a62d2579-60ab-4355-8892-d16b7680c69b/balls 201
2026-06-30 21:49:03 - POST /api/v1/matches/a62d2579-60ab-4355-8892-d16b7680c69b/balls 201
2026-06-30 21:49:03 - POST /api/v1/matches/a62d2579-60ab-4355-8892-d16b7680c69b/balls 201
2026-06-30 21:49:03 - POST /api/v1/matches/a62d2579-60ab-4355-8892-d16b7680c69b/balls 201
2026-06-30 21:49:03 - POST /api/v1/matches/a62d2579-60ab-4355-8892-d16b7680c69b/balls 201
2026-06-30 21:49:03 - POST /api/v1/matches/a62d2579-60ab-4355-8892-d16b7680c69b/balls 201
2026-06-30 21:49:03 - POST /api/v1/matches/a62d2579-60ab-4355-8892-d16b7680c69b/balls 201
2026-06-30 21:49:03 - POST /api/v1/matches/a62d2579-60ab-4355-8892-d16b7680c69b/balls 201
2026-06-30 21:49:03 - POST /api/v1/matches/a62d2579-60ab-4355-8892-d16b7680c69b/balls 201
2026-06-30 21:49:03 - POST /api/v1/matches/a62d2579-60ab-4355-8892-d16b7680c69b/balls 201
2026-06-30 21:49:03 - POST /api/v1/matches/a62d2579-60ab-4355-8892-d16b7680c69b/balls 201
2026-06-30 21:49:03 - GET /api/v1/tournaments/a8e23c5c-9398-409a-8d86-2ef1399ef06c/dashboard 200
2026-06-30 21:49:03 - POST /api/v1/auth/login 200
2026-06-30 21:49:03 - POST /api/v1/tournaments/ 201
2026-06-30 21:49:03 - POST /api/v1/tournaments/01dcb0c5-4423-41e2-8bff-1fffce10d18f/publish 200
2026-06-30 21:49:03 - POST /api/v1/tournaments/01dcb0c5-4423-41e2-8bff-1fffce10d18f/open-registration 200
2026-06-30 21:49:03 - POST /api/v1/teams/ 201
2026-06-30 21:49:03 - POST /api/v1/tournaments/01dcb0c5-4423-41e2-8bff-1fffce10d18f/requests 400
2026-06-30 21:49:03 - POST /api/v1/players/ 201
2026-06-30 21:49:03 - POST /api/v1/players/ 201
2026-06-30 21:49:03 - POST /api/v1/players/ 201
2026-06-30 21:49:03 - POST /api/v1/players/ 201
2026-06-30 21:49:03 - POST /api/v1/players/ 201
2026-06-30 21:49:03 - POST /api/v1/teams/cc2728e1-6972-40db-a145-29cd3612be4e/players 200
2026-06-30 21:49:03 - POST /api/v1/teams/cc2728e1-6972-40db-a145-29cd3612be4e/players 200
2026-06-30 21:49:03 - POST /api/v1/teams/cc2728e1-6972-40db-a145-29cd3612be4e/players 200
2026-06-30 21:49:03 - POST /api/v1/teams/cc2728e1-6972-40db-a145-29cd3612be4e/players 200
2026-06-30 21:49:03 - POST /api/v1/teams/cc2728e1-6972-40db-a145-29cd3612be4e/players 200
2026-06-30 21:49:03 - POST /api/v1/tournaments/01dcb0c5-4423-41e2-8bff-1fffce10d18f/requests 200
2026-06-30 21:49:03 - POST /api/v1/tournaments/01dcb0c5-4423-41e2-8bff-1fffce10d18f/requests/d5a9fd25-2a53-4898-9e7a-f450fa2855cc/approve 200
2026-06-30 21:49:03 - GET /api/v1/tournaments/01dcb0c5-4423-41e2-8bff-1fffce10d18f 200
2026-06-30 21:49:03 - GET /api/v1/tournaments/01dcb0c5-4423-41e2-8bff-1fffce10d18f/points-table 200
2026-06-30 21:49:03 - GET /api/v1/tournaments/01dcb0c5-4423-41e2-8bff-1fffce10d18f/activities 200
2026-06-30 21:49:14 - POST /api/v1/auth/login 200
2026-06-30 21:49:14 - POST /api/v1/players/ 201
2026-06-30 21:49:14 - POST /api/v1/players/ 201
2026-06-30 21:49:14 - POST /api/v1/players/ 201
2026-06-30 21:49:14 - POST /api/v1/players/ 201
2026-06-30 21:49:14 - POST /api/v1/players/ 201
2026-06-30 21:49:14 - POST /api/v1/teams/ 201
2026-06-30 21:49:14 - POST /api/v1/teams/ 201
2026-06-30 21:49:14 - POST /api/v1/teams/88d4e12e-c0d5-4a71-af72-cf3f666bbeaf/players 200
2026-06-30 21:49:14 - POST /api/v1/teams/88d4e12e-c0d5-4a71-af72-cf3f666bbeaf/players 200
2026-06-30 21:49:14 - POST /api/v1/teams/88d4e12e-c0d5-4a71-af72-cf3f666bbeaf/players 200
2026-06-30 21:49:14 - POST /api/v1/teams/db596fff-74d0-43b7-bc70-4a5d51a2ffd3/players 200
2026-06-30 21:49:14 - POST /api/v1/teams/db596fff-74d0-43b7-bc70-4a5d51a2ffd3/players 200
2026-06-30 21:49:14 - POST /api/v1/matches/ 201
2026-06-30 21:49:14 - POST /api/v1/matches/c7913491-6d02-47b3-99d8-a02c75d2f499/toss 200
2026-06-30 21:49:14 - POST /api/v1/matches/c7913491-6d02-47b3-99d8-a02c75d2f499/squads 200
2026-06-30 21:49:14 - PUT /api/v1/matches/c7913491-6d02-47b3-99d8-a02c75d2f499 200
2026-06-30 21:49:14 - POST /api/v1/matches/c7913491-6d02-47b3-99d8-a02c75d2f499/squads 200
2026-06-30 21:49:14 - POST /api/v1/matches/c7913491-6d02-47b3-99d8-a02c75d2f499/start 200
2026-06-30 21:49:15 - POST /api/v1/matches/c7913491-6d02-47b3-99d8-a02c75d2f499/balls 201
2026-06-30 21:49:15 - GET /api/v1/matches/c7913491-6d02-47b3-99d8-a02c75d2f499/live 200
2026-06-30 21:49:15 - POST /api/v1/matches/c7913491-6d02-47b3-99d8-a02c75d2f499/balls 201
2026-06-30 21:49:15 - GET /api/v1/matches/c7913491-6d02-47b3-99d8-a02c75d2f499/live 200
2026-06-30 21:49:15 - POST /api/v1/matches/c7913491-6d02-47b3-99d8-a02c75d2f499/balls 201
2026-06-30 21:49:15 - GET /api/v1/matches/c7913491-6d02-47b3-99d8-a02c75d2f499/live 200
2026-06-30 21:49:15 - POST /api/v1/matches/c7913491-6d02-47b3-99d8-a02c75d2f499/balls 201
2026-06-30 21:49:15 - GET /api/v1/matches/c7913491-6d02-47b3-99d8-a02c75d2f499/live 200
2026-06-30 21:49:15 - POST /api/v1/matches/c7913491-6d02-47b3-99d8-a02c75d2f499/balls 201
2026-06-30 21:49:15 - GET /api/v1/matches/c7913491-6d02-47b3-99d8-a02c75d2f499/live 200
2026-06-30 21:49:15 - POST /api/v1/matches/c7913491-6d02-47b3-99d8-a02c75d2f499/balls 201
2026-06-30 21:49:15 - GET /api/v1/matches/c7913491-6d02-47b3-99d8-a02c75d2f499/live 200
2026-06-30 21:49:15 - POST /api/v1/matches/c7913491-6d02-47b3-99d8-a02c75d2f499/balls 201
2026-06-30 21:49:15 - GET /api/v1/matches/c7913491-6d02-47b3-99d8-a02c75d2f499/live 200
2026-06-30 21:49:15 - GET /api/v1/matches/c7913491-6d02-47b3-99d8-a02c75d2f499/scorecard 200
2026-06-30 21:49:34 - POST /api/v1/auth/signup 422
2026-06-30 21:49:34 - POST /api/v1/auth/signup 422
2026-06-30 21:49:34 - POST /api/v1/auth/signup 422
2026-06-30 21:49:34 - POST /api/v1/auth/signup 422
2026-06-30 21:49:36 - POST /api/v1/auth/signup 201
2026-06-30 21:49:36 - POST /api/v1/auth/login 400
2026-06-30 21:49:36 - POST /api/v1/auth/verify-otp 200
2026-06-30 21:49:38 - POST /api/v1/auth/signup 201
2026-06-30 21:49:38 - POST /api/v1/auth/resend-otp 429
2026-06-30 21:49:39 - POST /api/v1/auth/resend-otp 200
2026-06-30 21:49:39 - POST /api/v1/auth/login 400
2026-06-30 21:49:39 - POST /api/v1/auth/login 400
2026-06-30 21:49:40 - POST /api/v1/auth/login 400
2026-06-30 21:49:40 - POST /api/v1/auth/login 400
2026-06-30 21:49:40 - POST /api/v1/auth/login 400
2026-06-30 21:49:40 - POST /api/v1/auth/login 403
2026-06-30 21:49:40 - POST /api/v1/auth/login 200
2026-06-30 21:49:40 - POST /api/v1/auth/forgot-password 404
2026-06-30 21:49:42 - POST /api/v1/auth/forgot-password 200
2026-06-30 21:49:42 - POST /api/v1/auth/verify-reset-otp 400
2026-06-30 21:49:42 - POST /api/v1/auth/verify-reset-otp 200
2026-06-30 21:49:42 - POST /api/v1/auth/reset-password 422
2026-06-30 21:49:42 - POST /api/v1/auth/reset-password 200
2026-06-30 21:49:42 - POST /api/v1/auth/login 200
2026-06-30 21:49:43 - POST /api/v1/auth/login 200
2026-06-30 21:49:43 - POST /api/v1/auth/complete-profile 200
2026-06-30 21:49:43 - POST /api/v1/auth/login 200
2026-06-30 21:49:43 - POST /api/v1/auth/refresh 200
2026-06-30 21:49:43 - POST /api/v1/auth/logout 200
2026-06-30 21:49:43 - POST /api/v1/auth/refresh 401
2026-06-30 21:49:44 - POST /api/v1/auth/signup 201
2026-06-30 21:49:44 - POST /api/v1/auth/signup 400
2026-06-30 21:49:45 - POST /api/v1/auth/login 400
2026-06-30 21:49:45 - POST /api/v1/auth/forgot-password 400
2026-06-30 21:49:45 - POST /api/v1/auth/verify-reset-otp 400
2026-06-30 21:49:45 - POST /api/v1/auth/reset-password 400
2026-06-30 21:49:45 - POST /api/v1/auth/signup 400
2026-06-30 21:49:46 - POST /api/v1/auth/signup 201
2026-06-30 21:49:48 - POST /api/v1/auth/signup 201
2026-06-30 21:49:48 - POST /api/v1/auth/login 200
2026-06-30 21:49:49 - POST /api/v1/auth/login 200
2026-06-30 21:49:49 - POST /api/v1/teams/ 201
2026-06-30 21:49:49 - GET /api/v1/teams/ 200
2026-06-30 21:49:49 - PUT /api/v1/teams/32eb7ca8-51aa-489c-8b7b-8de025e2a550 403
2026-06-30 21:49:49 - DELETE /api/v1/teams/32eb7ca8-51aa-489c-8b7b-8de025e2a550 403
2026-06-30 21:49:49 - POST /api/v1/players/ 201
2026-06-30 21:49:49 - GET /api/v1/players/ 200
2026-06-30 21:49:49 - PUT /api/v1/players/e896bcce-f313-486e-beef-5993454df5b2 403
2026-06-30 21:49:49 - DELETE /api/v1/players/e896bcce-f313-486e-beef-5993454df5b2 403
2026-06-30 21:49:50 - POST /api/v1/auth/signup 201
2026-06-30 21:49:50 - POST /api/v1/auth/login 200
2026-06-30 21:49:50 - POST /api/v1/teams/ 201
2026-06-30 21:49:50 - POST /api/v1/teams/ 201
2026-06-30 21:49:50 - POST /api/v1/players/ 201
2026-06-30 21:49:50 - POST /api/v1/players/ 201
2026-06-30 21:49:50 - POST /api/v1/players/ 201
2026-06-30 21:49:50 - POST /api/v1/teams/8a085a72-b001-4bce-b6fb-2468736f62c9/players/bulk 200
2026-06-30 21:49:50 - POST /api/v1/teams/15542553-bbd0-467b-9823-852257efa284/players/bulk 400
2026-06-30 21:49:52 - POST /api/v1/auth/signup 201
2026-06-30 21:49:53 - POST /api/v1/auth/signup 201
2026-06-30 21:49:53 - POST /api/v1/auth/login 200
2026-06-30 21:49:54 - POST /api/v1/auth/login 200
2026-06-30 21:49:54 - POST /api/v1/teams/ 201
2026-06-30 21:49:54 - POST /api/v1/teams/ 201
2026-06-30 21:49:54 - POST /api/v1/matches/ 201
2026-06-30 21:49:54 - POST /api/v1/matches/67429768-5eec-4377-a26b-466388f4df6c/toss 403
2026-06-30 21:49:54 - POST /api/v1/matches/67429768-5eec-4377-a26b-466388f4df6c/toss 200
2026-06-30 21:49:55 - GET /api/v1/debug-env 200
2026-06-30 21:49:55 - GET /api/v1/debug-env 404
2026-06-30 21:49:55 - POST /api/v1/auth/login 200
2026-06-30 21:49:55 - POST /api/v1/players/ 201
2026-06-30 21:49:55 - POST /api/v1/players/ 201
2026-06-30 21:49:55 - POST /api/v1/players/ 201
2026-06-30 21:49:55 - POST /api/v1/players/ 201
2026-06-30 21:49:55 - POST /api/v1/teams/ 201
2026-06-30 21:49:55 - POST /api/v1/teams/ 201
2026-06-30 21:49:55 - POST /api/v1/teams/2d450442-a627-409c-b8fe-b02672b55de7/players 200
2026-06-30 21:49:55 - POST /api/v1/teams/2d450442-a627-409c-b8fe-b02672b55de7/players 200
2026-06-30 21:49:55 - POST /api/v1/teams/12a3ff3c-b15e-4a4b-9fa3-e7246a644e23/players 200
2026-06-30 21:49:55 - POST /api/v1/teams/12a3ff3c-b15e-4a4b-9fa3-e7246a644e23/players 200
2026-06-30 21:49:55 - POST /api/v1/matches/ 201
2026-06-30 21:49:55 - POST /api/v1/matches/41f27963-23db-429f-a9ce-4044896543c6/toss 200
2026-06-30 21:49:55 - PUT /api/v1/matches/41f27963-23db-429f-a9ce-4044896543c6 200
2026-06-30 21:49:55 - POST /api/v1/matches/41f27963-23db-429f-a9ce-4044896543c6/squads 400
2026-06-30 21:49:55 - POST /api/v1/matches/41f27963-23db-429f-a9ce-4044896543c6/squads 200
2026-06-30 21:49:55 - POST /api/v1/matches/41f27963-23db-429f-a9ce-4044896543c6/squads 400
2026-06-30 21:49:55 - POST /api/v1/matches/41f27963-23db-429f-a9ce-4044896543c6/squads 200
2026-06-30 21:49:55 - POST /api/v1/auth/google 200
2026-06-30 21:49:56 - POST /api/v1/auth/google 400
2026-06-30 21:49:56 - POST /api/v1/auth/google 400
2026-06-30 21:49:56 - POST /api/v1/auth/google 400
2026-06-30 21:49:56 - POST /api/v1/auth/google 400
2026-06-30 21:49:56 - POST /api/v1/auth/login 200
2026-06-30 21:49:56 - POST /api/v1/players/ 201
2026-06-30 21:49:56 - POST /api/v1/players/ 201
2026-06-30 21:49:56 - POST /api/v1/teams/ 201
2026-06-30 21:49:56 - POST /api/v1/teams/ 201
2026-06-30 21:49:56 - POST /api/v1/matches/ 201
2026-06-30 21:49:56 - GET /api/v1/matches/ 200
2026-06-30 21:49:57 - POST /api/v1/auth/login 200
2026-06-30 21:49:57 - POST /api/v1/auth/login 200
2026-06-30 21:49:58 - POST /api/v1/auth/login 200
2026-06-30 21:49:58 - POST /api/v1/matches/ 201
2026-06-30 21:49:58 - POST /api/v1/matches/13563f5e-dc19-4573-ba5f-73dd1dd18203/toss 200
2026-06-30 21:49:58 - POST /api/v1/matches/13563f5e-dc19-4573-ba5f-73dd1dd18203/toss 403
2026-06-30 21:49:58 - POST /api/v1/matches/ 201
2026-06-30 21:49:58 - POST /api/v1/matches/f55b745d-7b6c-4de3-8e15-2ed8a5732505/toss 200
2026-06-30 21:49:58 - POST /api/v1/matches/ 201
2026-06-30 21:49:58 - POST /api/v1/matches/e9419256-5cae-452d-ae08-9a0f384d199a/toss 200
2026-06-30 21:49:58 - POST /api/v1/matches/e9419256-5cae-452d-ae08-9a0f384d199a/toss 403
2026-06-30 21:49:58 - POST /api/v1/auth/login 200
2026-06-30 21:49:58 - POST /api/v1/teams/ 201
2026-06-30 21:49:59 - POST /api/v1/auth/login 200
2026-06-30 21:49:59 - POST /api/v1/auth/login 200
2026-06-30 21:49:59 - POST /api/v1/auth/login 200
2026-06-30 21:49:59 - POST /api/v1/teams/186f22d4-b363-4fb6-95c4-fcd895962c86/members 200
2026-06-30 21:49:59 - POST /api/v1/teams/186f22d4-b363-4fb6-95c4-fcd895962c86/invitations/accept 200
2026-06-30 21:49:59 - POST /api/v1/teams/186f22d4-b363-4fb6-95c4-fcd895962c86/members 200
2026-06-30 21:49:59 - POST /api/v1/teams/186f22d4-b363-4fb6-95c4-fcd895962c86/invitations/accept 200
2026-06-30 21:49:59 - PUT /api/v1/teams/186f22d4-b363-4fb6-95c4-fcd895962c86/members/ee6afedd-8fd6-482d-b85f-bca3de631453/role 200
2026-06-30 21:49:59 - PUT /api/v1/teams/186f22d4-b363-4fb6-95c4-fcd895962c86/squad-config 403
2026-06-30 21:49:59 - PUT /api/v1/teams/186f22d4-b363-4fb6-95c4-fcd895962c86/squad-config 403
2026-06-30 21:49:59 - PUT /api/v1/teams/186f22d4-b363-4fb6-95c4-fcd895962c86/squad-config 200
2026-06-30 21:49:59 - POST /api/v1/teams/186f22d4-b363-4fb6-95c4-fcd895962c86/members 200
2026-06-30 21:49:59 - DELETE /api/v1/teams/186f22d4-b363-4fb6-95c4-fcd895962c86/members/448fbe9e-fd09-44be-a695-d9f10aaf880d 204
2026-06-30 21:50:00 - POST /api/v1/teams/186f22d4-b363-4fb6-95c4-fcd895962c86/join-request 200
2026-06-30 21:50:00 - POST /api/v1/teams/186f22d4-b363-4fb6-95c4-fcd895962c86/reject-request 204
2026-06-30 21:50:00 - POST /api/v1/teams/186f22d4-b363-4fb6-95c4-fcd895962c86/join-request 200
2026-06-30 21:50:00 - POST /api/v1/teams/186f22d4-b363-4fb6-95c4-fcd895962c86/approve-request 200
2026-06-30 21:50:00 - DELETE /api/v1/teams/186f22d4-b363-4fb6-95c4-fcd895962c86/members/daa78782-d83a-4749-9202-40c81a008dfa 403
2026-06-30 21:50:00 - PUT /api/v1/teams/186f22d4-b363-4fb6-95c4-fcd895962c86/members/448fbe9e-fd09-44be-a695-d9f10aaf880d/role 200
2026-06-30 21:50:00 - DELETE /api/v1/teams/186f22d4-b363-4fb6-95c4-fcd895962c86/members/448fbe9e-fd09-44be-a695-d9f10aaf880d 403
2026-06-30 21:50:00 - DELETE /api/v1/teams/186f22d4-b363-4fb6-95c4-fcd895962c86/members/d3c6bfef-6d66-4d19-80ba-059c43cd7cfb 204
2026-06-30 21:50:00 - DELETE /api/v1/teams/186f22d4-b363-4fb6-95c4-fcd895962c86 403
2026-06-30 21:50:00 - PUT /api/v1/teams/186f22d4-b363-4fb6-95c4-fcd895962c86/members/448fbe9e-fd09-44be-a695-d9f10aaf880d/role 403
2026-06-30 21:50:00 - POST /api/v1/auth/login 200
2026-06-30 21:50:00 - POST /api/v1/teams/ 201
2026-06-30 21:50:01 - POST /api/v1/auth/login 200
2026-06-30 21:50:01 - POST /api/v1/auth/login 200
2026-06-30 21:50:01 - POST /api/v1/teams/556ea1c9-f02e-4937-82c9-8d15a3c50b99/members 200
2026-06-30 21:50:01 - POST /api/v1/teams/556ea1c9-f02e-4937-82c9-8d15a3c50b99/invitations/accept 200
2026-06-30 21:50:01 - POST /api/v1/teams/556ea1c9-f02e-4937-82c9-8d15a3c50b99/lock 403
2026-06-30 21:50:01 - POST /api/v1/teams/556ea1c9-f02e-4937-82c9-8d15a3c50b99/lock 200
2026-06-30 21:50:01 - PUT /api/v1/teams/556ea1c9-f02e-4937-82c9-8d15a3c50b99/squad-config 403
2026-06-30 21:50:01 - PUT /api/v1/teams/556ea1c9-f02e-4937-82c9-8d15a3c50b99/squad-config 200
2026-06-30 21:50:01 - POST /api/v1/teams/556ea1c9-f02e-4937-82c9-8d15a3c50b99/unlock 200
2026-06-30 21:50:01 - PUT /api/v1/teams/556ea1c9-f02e-4937-82c9-8d15a3c50b99/squad-config 200
2026-06-30 21:50:01 - GET /api/v1/teams/556ea1c9-f02e-4937-82c9-8d15a3c50b99/activities 403
2026-06-30 21:50:01 - GET /api/v1/teams/556ea1c9-f02e-4937-82c9-8d15a3c50b99/activities 200
2026-06-30 21:50:01 - POST /api/v1/auth/login 200
2026-06-30 21:50:02 - GET /api/v1/admin/analytics 200
2026-06-30 21:50:02 - GET /api/v1/admin/team-members 200
2026-06-30 21:50:02 - GET /api/v1/admin/team-members 200
2026-06-30 21:50:02 - GET /api/v1/admin/team-members 200
2026-06-30 21:50:02 - DELETE /api/v1/admin/team-members/34907f2b-5e59-45fc-8bcc-805831c6152b 204
2026-06-30 21:50:02 - POST /api/v1/auth/login 200
2026-06-30 21:50:03 - POST /api/v1/admin/tournaments/bulk-delete 204
2026-06-30 21:50:03 - POST /api/v1/admin/matches/bulk-delete 204
2026-06-30 21:50:03 - POST /api/v1/admin/teams/bulk-delete 204
2026-06-30 21:50:03 - POST /api/v1/admin/users/bulk-delete 204
2026-06-30 21:50:03 - POST /api/v1/auth/login 200
2026-06-30 21:50:03 - POST /api/v1/players/ 201
2026-06-30 21:50:03 - POST /api/v1/players/ 201
2026-06-30 21:50:03 - POST /api/v1/players/ 422
2026-06-30 21:50:03 - POST /api/v1/players/ 422
2026-06-30 21:50:03 - GET /api/v1/players/806ba22d-fc5f-4d9d-88b1-58177cecca3d 200
2026-06-30 21:50:03 - PUT /api/v1/players/806ba22d-fc5f-4d9d-88b1-58177cecca3d 200
2026-06-30 21:50:03 - DELETE /api/v1/players/806ba22d-fc5f-4d9d-88b1-58177cecca3d 204
2026-06-30 21:50:03 - GET /api/v1/players/806ba22d-fc5f-4d9d-88b1-58177cecca3d 404
2026-06-30 21:50:04 - POST /api/v1/auth/login 200
2026-06-30 21:50:04 - POST /api/v1/players/ 201
2026-06-30 21:50:04 - POST /api/v1/players/ 201
2026-06-30 21:50:04 - POST /api/v1/teams/ 201
2026-06-30 21:50:04 - POST /api/v1/teams/d31ef407-dc02-4270-872b-a7b7a293214f/players 200
2026-06-30 21:50:04 - PUT /api/v1/teams/d31ef407-dc02-4270-872b-a7b7a293214f 200
2026-06-30 21:50:04 - PUT /api/v1/teams/d31ef407-dc02-4270-872b-a7b7a293214f 400
2026-06-30 21:50:04 - POST /api/v1/teams/ 201
2026-06-30 21:50:04 - POST /api/v1/teams/fe24b0f6-fb0d-4b8f-99b2-9e7992352cf4/players 400
2026-06-30 21:50:04 - DELETE /api/v1/teams/d31ef407-dc02-4270-872b-a7b7a293214f/players/aac5cef0-7d84-42e0-b5f7-91862bbe3551 200
2026-06-30 21:50:04 - DELETE /api/v1/teams/d31ef407-dc02-4270-872b-a7b7a293214f 204
2026-06-30 21:50:04 - POST /api/v1/auth/login 200
2026-06-30 21:50:04 - POST /api/v1/players/ 201
2026-06-30 21:50:04 - POST /api/v1/players/ 201
2026-06-30 21:50:04 - POST /api/v1/teams/ 201
2026-06-30 21:50:04 - POST /api/v1/teams/ 201
2026-06-30 21:50:04 - POST /api/v1/teams/4ea1792e-7057-404c-b2aa-a107827d8781/players 200
2026-06-30 21:50:04 - POST /api/v1/teams/a75ec38e-151e-4df2-a144-44db58d23620/players 200
2026-06-30 21:50:04 - POST /api/v1/matches/ 201
2026-06-30 21:50:04 - POST /api/v1/matches/4db252f4-35af-460d-a79b-c09cda96ffdc/squads 200
2026-06-30 21:50:04 - POST /api/v1/matches/4db252f4-35af-460d-a79b-c09cda96ffdc/toss 200
2026-06-30 21:50:04 - DELETE /api/v1/players/05e73685-c101-4d4d-ba87-322904b6ef8d 400
2026-06-30 21:50:04 - DELETE /api/v1/teams/4ea1792e-7057-404c-b2aa-a107827d8781/players/05e73685-c101-4d4d-ba87-322904b6ef8d 400
2026-06-30 21:50:04 - DELETE /api/v1/teams/4ea1792e-7057-404c-b2aa-a107827d8781 400
2026-06-30 21:50:05 - POST /api/v1/auth/login 200
2026-06-30 21:50:05 - GET /api/v1/profile/ 200
2026-06-30 21:50:05 - POST /api/v1/auth/login 200
2026-06-30 21:50:05 - PUT /api/v1/profile/ 200
2026-06-30 21:50:05 - PUT /api/v1/profile/ 400
2026-06-30 21:50:06 - POST /api/v1/auth/login 200
2026-06-30 21:50:06 - GET /api/v1/profile/stats 200
2026-06-30 21:50:06 - POST /api/v1/auth/login 200
2026-06-30 21:50:06 - GET /api/v1/profile/activity 200
2026-06-30 21:50:06 - GET /api/v1/profile/achievements 200
2026-06-30 21:50:07 - POST /api/v1/auth/login 200
2026-06-30 21:50:07 - POST /api/v1/profile/upload-photo 200
2026-06-30 21:50:07 - GET /api/v1/profile/ 200
2026-06-30 21:50:08 - POST /api/v1/auth/signup 201
2026-06-30 21:50:09 - POST /api/v1/auth/login 200
2026-06-30 21:50:09 - GET /api/v1/profile/ 200
2026-06-30 21:50:09 - PUT /api/v1/profile/ 200
2026-06-30 21:50:09 - POST /api/v1/auth/login 200
2026-06-30 21:50:09 - GET /api/v1/profile/public/CU-USERAA 403
2026-06-30 21:50:09 - GET /api/v1/profile/public/CU-USERAA 200
2026-06-30 21:50:10 - POST /api/v1/auth/login 200
2026-06-30 21:50:10 - GET /api/v1/profile/search 200
2026-06-30 21:50:10 - POST /api/v1/auth/login 200
2026-06-30 21:50:10 - POST /api/v1/teams/join-by-code 200
2026-06-30 21:50:10 - POST /api/v1/auth/signup 400
2026-06-30 21:50:10 - POST /api/v1/auth/signup 400
2026-06-30 21:50:10 - POST /api/v1/auth/signup 400
2026-06-30 21:50:11 - POST /api/v1/auth/login 200
2026-06-30 21:50:11 - POST /api/v1/teams/72390f95-1235-4000-b34b-fa811d9acaf0/regenerate-code 200
2026-06-30 21:50:11 - POST /api/v1/teams/join-by-code 404
2026-06-30 21:50:11 - POST /api/v1/auth/login 200
2026-06-30 21:50:11 - GET /api/v1/teams/search 200
2026-06-30 21:50:11 - GET /api/v1/tournaments/search 200
2026-06-30 21:50:12 - POST /api/v1/auth/login 200
2026-06-30 21:50:12 - POST /api/v1/teams/fe5a55d5-e9af-4aab-a53f-f731f2914daf/members 200
2026-06-30 21:50:12 - GET /api/v1/teams/fe5a55d5-e9af-4aab-a53f-f731f2914daf/invitations 200
2026-06-30 21:50:12 - POST /api/v1/auth/login 200
2026-06-30 21:50:12 - POST /api/v1/players/ 201
2026-06-30 21:50:12 - POST /api/v1/players/ 201
2026-06-30 21:50:12 - POST /api/v1/players/ 201
2026-06-30 21:50:12 - POST /api/v1/players/ 201
2026-06-30 21:50:12 - POST /api/v1/players/ 201
2026-06-30 21:50:12 - POST /api/v1/teams/ 201
2026-06-30 21:50:12 - POST /api/v1/teams/ 201
2026-06-30 21:50:12 - POST /api/v1/teams/321e884a-3090-49a6-af72-8ccc2d3d67c2/players 200
2026-06-30 21:50:12 - POST /api/v1/teams/321e884a-3090-49a6-af72-8ccc2d3d67c2/players 200
2026-06-30 21:50:12 - POST /api/v1/teams/321e884a-3090-49a6-af72-8ccc2d3d67c2/players 200
2026-06-30 21:50:12 - POST /api/v1/teams/f5ad0cf7-f7f3-4b24-94cd-f51ea32096f6/players 200
2026-06-30 21:50:12 - POST /api/v1/teams/f5ad0cf7-f7f3-4b24-94cd-f51ea32096f6/players 200
2026-06-30 21:50:12 - POST /api/v1/matches/ 201
2026-06-30 21:50:12 - POST /api/v1/matches/2e5c97a0-a8bb-4bd4-869a-c9ffcc5bf536/toss 200
2026-06-30 21:50:12 - POST /api/v1/matches/2e5c97a0-a8bb-4bd4-869a-c9ffcc5bf536/squads 200
2026-06-30 21:50:12 - POST /api/v1/matches/2e5c97a0-a8bb-4bd4-869a-c9ffcc5bf536/squads 200
2026-06-30 21:50:12 - POST /api/v1/matches/2e5c97a0-a8bb-4bd4-869a-c9ffcc5bf536/balls 201
2026-06-30 21:50:12 - POST /api/v1/matches/2e5c97a0-a8bb-4bd4-869a-c9ffcc5bf536/balls 201
2026-06-30 21:50:12 - POST /api/v1/matches/2e5c97a0-a8bb-4bd4-869a-c9ffcc5bf536/balls 201
2026-06-30 21:50:12 - POST /api/v1/matches/2e5c97a0-a8bb-4bd4-869a-c9ffcc5bf536/balls 201
2026-06-30 21:50:12 - POST /api/v1/matches/2e5c97a0-a8bb-4bd4-869a-c9ffcc5bf536/balls 201
2026-06-30 21:50:12 - POST /api/v1/matches/2e5c97a0-a8bb-4bd4-869a-c9ffcc5bf536/balls 201
2026-06-30 21:50:12 - POST /api/v1/matches/2e5c97a0-a8bb-4bd4-869a-c9ffcc5bf536/balls 201
2026-06-30 21:50:12 - POST /api/v1/matches/2e5c97a0-a8bb-4bd4-869a-c9ffcc5bf536/balls 201
2026-06-30 21:50:12 - POST /api/v1/matches/2e5c97a0-a8bb-4bd4-869a-c9ffcc5bf536/balls 201
2026-06-30 21:50:12 - POST /api/v1/matches/2e5c97a0-a8bb-4bd4-869a-c9ffcc5bf536/balls 201
2026-06-30 21:50:12 - POST /api/v1/matches/2e5c97a0-a8bb-4bd4-869a-c9ffcc5bf536/balls 201
2026-06-30 21:50:12 - POST /api/v1/matches/2e5c97a0-a8bb-4bd4-869a-c9ffcc5bf536/balls 201
2026-06-30 21:50:12 - GET /api/v1/matches/2e5c97a0-a8bb-4bd4-869a-c9ffcc5bf536/scorecard 200
2026-06-30 21:50:12 - GET /api/v1/players/4a2a81bc-0953-433b-b09e-88811d3c8b85 200
2026-06-30 21:50:13 - POST /api/v1/auth/login 200
2026-06-30 21:50:13 - POST /api/v1/players/ 201
2026-06-30 21:50:13 - POST /api/v1/players/ 201
2026-06-30 21:50:13 - POST /api/v1/players/ 201
2026-06-30 21:50:13 - POST /api/v1/players/ 201
2026-06-30 21:50:13 - POST /api/v1/players/ 201
2026-06-30 21:50:13 - POST /api/v1/teams/ 201
2026-06-30 21:50:13 - POST /api/v1/teams/ 201
2026-06-30 21:50:13 - POST /api/v1/teams/da4e916e-965f-470c-86e4-d24b64307261/players 200
2026-06-30 21:50:13 - POST /api/v1/teams/da4e916e-965f-470c-86e4-d24b64307261/players 200
2026-06-30 21:50:13 - POST /api/v1/teams/da4e916e-965f-470c-86e4-d24b64307261/players 200
2026-06-30 21:50:13 - POST /api/v1/teams/560410c8-f303-41f9-9a1c-9fc4641ced39/players 200
2026-06-30 21:50:13 - POST /api/v1/teams/560410c8-f303-41f9-9a1c-9fc4641ced39/players 200
2026-06-30 21:50:13 - POST /api/v1/matches/ 201
2026-06-30 21:50:13 - POST /api/v1/matches/186ed024-083f-47d9-9b09-a7ecda959d34/toss 200
2026-06-30 21:50:13 - POST /api/v1/matches/186ed024-083f-47d9-9b09-a7ecda959d34/squads 200
2026-06-30 21:50:13 - POST /api/v1/matches/186ed024-083f-47d9-9b09-a7ecda959d34/squads 200
2026-06-30 21:50:13 - POST /api/v1/matches/186ed024-083f-47d9-9b09-a7ecda959d34/balls 201
2026-06-30 21:50:13 - POST /api/v1/matches/186ed024-083f-47d9-9b09-a7ecda959d34/balls 201
2026-06-30 21:50:13 - POST /api/v1/matches/186ed024-083f-47d9-9b09-a7ecda959d34/balls 201
2026-06-30 21:50:13 - POST /api/v1/matches/186ed024-083f-47d9-9b09-a7ecda959d34/balls 201
2026-06-30 21:50:13 - POST /api/v1/matches/186ed024-083f-47d9-9b09-a7ecda959d34/balls 201
2026-06-30 21:50:13 - GET /api/v1/matches/186ed024-083f-47d9-9b09-a7ecda959d34/scorecard 200
2026-06-30 21:50:14 - POST /api/v1/auth/login 200
2026-06-30 21:50:14 - POST /api/v1/players/ 201
2026-06-30 21:50:14 - POST /api/v1/players/ 201
2026-06-30 21:50:14 - POST /api/v1/players/ 201
2026-06-30 21:50:14 - POST /api/v1/players/ 201
2026-06-30 21:50:14 - POST /api/v1/teams/ 201
2026-06-30 21:50:14 - POST /api/v1/teams/ 201
2026-06-30 21:50:14 - POST /api/v1/teams/a7726586-c045-4ed4-9236-344fe48db33e/players 200
2026-06-30 21:50:14 - POST /api/v1/teams/a7726586-c045-4ed4-9236-344fe48db33e/players 200
2026-06-30 21:50:14 - POST /api/v1/teams/4d1906f9-27b0-4403-94d4-201a75de6005/players 200
2026-06-30 21:50:14 - POST /api/v1/teams/4d1906f9-27b0-4403-94d4-201a75de6005/players 200
2026-06-30 21:50:14 - POST /api/v1/matches/ 201
2026-06-30 21:50:14 - POST /api/v1/matches/8c8b45ed-0d69-48ba-a562-38ecea9360b1/toss 200
2026-06-30 21:50:14 - POST /api/v1/matches/8c8b45ed-0d69-48ba-a562-38ecea9360b1/squads 200
2026-06-30 21:50:14 - POST /api/v1/matches/8c8b45ed-0d69-48ba-a562-38ecea9360b1/squads 200
2026-06-30 21:50:14 - POST /api/v1/matches/8c8b45ed-0d69-48ba-a562-38ecea9360b1/balls 201
2026-06-30 21:50:14 - POST /api/v1/matches/8c8b45ed-0d69-48ba-a562-38ecea9360b1/balls 201
2026-06-30 21:50:14 - POST /api/v1/matches/8c8b45ed-0d69-48ba-a562-38ecea9360b1/balls 201
2026-06-30 21:50:14 - POST /api/v1/matches/8c8b45ed-0d69-48ba-a562-38ecea9360b1/balls 201
2026-06-30 21:50:14 - POST /api/v1/matches/8c8b45ed-0d69-48ba-a562-38ecea9360b1/balls 201
2026-06-30 21:50:14 - POST /api/v1/matches/8c8b45ed-0d69-48ba-a562-38ecea9360b1/balls 201
2026-06-30 21:50:14 - POST /api/v1/matches/8c8b45ed-0d69-48ba-a562-38ecea9360b1/balls 201
2026-06-30 21:50:14 - GET /api/v1/matches/8c8b45ed-0d69-48ba-a562-38ecea9360b1/scorecard 200
2026-06-30 21:50:15 - POST /api/v1/auth/signup 201
2026-06-30 21:50:15 - POST /api/v1/auth/login 200
2026-06-30 21:50:16 - POST /api/v1/auth/login 200
2026-06-30 21:50:16 - POST /api/v1/players/ 201
2026-06-30 21:50:16 - POST /api/v1/players/ 201
2026-06-30 21:50:16 - POST /api/v1/players/ 201
2026-06-30 21:50:16 - POST /api/v1/players/ 201
2026-06-30 21:50:16 - POST /api/v1/players/ 201
2026-06-30 21:50:16 - POST /api/v1/teams/ 201
2026-06-30 21:50:16 - POST /api/v1/teams/ 201
2026-06-30 21:50:16 - POST /api/v1/teams/60485a2c-90ba-4555-ac16-db66837f4530/players 200
2026-06-30 21:50:16 - POST /api/v1/teams/60485a2c-90ba-4555-ac16-db66837f4530/players 200
2026-06-30 21:50:16 - POST /api/v1/teams/60485a2c-90ba-4555-ac16-db66837f4530/players 200
2026-06-30 21:50:16 - POST /api/v1/teams/0a930c8d-b802-49c5-a0d3-50af5fb4aabb/players 200
2026-06-30 21:50:16 - POST /api/v1/teams/0a930c8d-b802-49c5-a0d3-50af5fb4aabb/players 200
2026-06-30 21:50:16 - POST /api/v1/matches/ 201
2026-06-30 21:50:16 - POST /api/v1/matches/df440c3e-4b1d-454d-bf7e-036d53cb16b3/toss 200
2026-06-30 21:50:16 - POST /api/v1/matches/df440c3e-4b1d-454d-bf7e-036d53cb16b3/squads 200
2026-06-30 21:50:16 - PUT /api/v1/matches/df440c3e-4b1d-454d-bf7e-036d53cb16b3 200
2026-06-30 21:50:16 - POST /api/v1/matches/df440c3e-4b1d-454d-bf7e-036d53cb16b3/squads 200
2026-06-30 21:50:16 - POST /api/v1/matches/df440c3e-4b1d-454d-bf7e-036d53cb16b3/start 200
2026-06-30 21:50:16 - POST /api/v1/matches/df440c3e-4b1d-454d-bf7e-036d53cb16b3/balls 201
2026-06-30 21:50:16 - GET /api/v1/matches/df440c3e-4b1d-454d-bf7e-036d53cb16b3/live 200
2026-06-30 21:50:16 - POST /api/v1/matches/df440c3e-4b1d-454d-bf7e-036d53cb16b3/balls 201
2026-06-30 21:50:16 - GET /api/v1/matches/df440c3e-4b1d-454d-bf7e-036d53cb16b3/live 200
2026-06-30 21:50:16 - POST /api/v1/matches/df440c3e-4b1d-454d-bf7e-036d53cb16b3/balls 201
2026-06-30 21:50:16 - GET /api/v1/matches/df440c3e-4b1d-454d-bf7e-036d53cb16b3/live 200
2026-06-30 21:50:16 - POST /api/v1/matches/df440c3e-4b1d-454d-bf7e-036d53cb16b3/balls 201
2026-06-30 21:50:16 - GET /api/v1/matches/df440c3e-4b1d-454d-bf7e-036d53cb16b3/live 200
2026-06-30 21:50:16 - POST /api/v1/matches/df440c3e-4b1d-454d-bf7e-036d53cb16b3/undo 200
2026-06-30 21:50:16 - GET /api/v1/matches/df440c3e-4b1d-454d-bf7e-036d53cb16b3/live 200
2026-06-30 21:50:16 - GET /api/v1/auth/me 401
2026-06-30 21:50:16 - GET /api/v1/auth/me 401
2026-06-30 21:50:17 - POST /api/v1/auth/login 200
2026-06-30 21:50:17 - POST /api/v1/players/ 201
2026-06-30 21:50:17 - POST /api/v1/players/ 201
2026-06-30 21:50:17 - POST /api/v1/players/ 201
2026-06-30 21:50:17 - POST /api/v1/players/ 201
2026-06-30 21:50:17 - POST /api/v1/players/ 201
2026-06-30 21:50:17 - POST /api/v1/teams/ 201
2026-06-30 21:50:17 - POST /api/v1/teams/ 201
2026-06-30 21:50:17 - POST /api/v1/teams/6bcaeb9e-914e-40d0-9cb1-74560ae6fc3b/players 200
2026-06-30 21:50:17 - POST /api/v1/teams/6bcaeb9e-914e-40d0-9cb1-74560ae6fc3b/players 200
2026-06-30 21:50:17 - POST /api/v1/teams/6bcaeb9e-914e-40d0-9cb1-74560ae6fc3b/players 200
2026-06-30 21:50:17 - POST /api/v1/teams/81432d24-1be8-45c3-ae23-513af5fbc27e/players 200
2026-06-30 21:50:17 - POST /api/v1/teams/81432d24-1be8-45c3-ae23-513af5fbc27e/players 200
2026-06-30 21:50:17 - POST /api/v1/matches/ 201
2026-06-30 21:50:17 - POST /api/v1/matches/3dd5b718-66ff-4d16-a56f-446d80f51b4d/toss 200
2026-06-30 21:50:17 - POST /api/v1/matches/3dd5b718-66ff-4d16-a56f-446d80f51b4d/squads 200
2026-06-30 21:50:17 - PUT /api/v1/matches/3dd5b718-66ff-4d16-a56f-446d80f51b4d 200
2026-06-30 21:50:17 - POST /api/v1/matches/3dd5b718-66ff-4d16-a56f-446d80f51b4d/squads 200
2026-06-30 21:50:17 - POST /api/v1/matches/3dd5b718-66ff-4d16-a56f-446d80f51b4d/start 200
2026-06-30 21:50:17 - POST /api/v1/matches/3dd5b718-66ff-4d16-a56f-446d80f51b4d/balls 201
2026-06-30 21:50:17 - GET /api/v1/matches/3dd5b718-66ff-4d16-a56f-446d80f51b4d/live 200
2026-06-30 21:50:17 - POST /api/v1/matches/3dd5b718-66ff-4d16-a56f-446d80f51b4d/balls 201
2026-06-30 21:50:17 - GET /api/v1/matches/3dd5b718-66ff-4d16-a56f-446d80f51b4d/live 200
2026-06-30 21:50:17 - POST /api/v1/matches/3dd5b718-66ff-4d16-a56f-446d80f51b4d/balls 201
2026-06-30 21:50:17 - GET /api/v1/matches/3dd5b718-66ff-4d16-a56f-446d80f51b4d/live 200
2026-06-30 21:50:17 - POST /api/v1/matches/3dd5b718-66ff-4d16-a56f-446d80f51b4d/balls 201
2026-06-30 21:50:17 - GET /api/v1/matches/3dd5b718-66ff-4d16-a56f-446d80f51b4d/live 200
2026-06-30 21:50:17 - POST /api/v1/matches/3dd5b718-66ff-4d16-a56f-446d80f51b4d/balls 201
2026-06-30 21:50:17 - GET /api/v1/matches/3dd5b718-66ff-4d16-a56f-446d80f51b4d/live 200
2026-06-30 21:50:17 - POST /api/v1/matches/3dd5b718-66ff-4d16-a56f-446d80f51b4d/balls 201
2026-06-30 21:50:17 - GET /api/v1/matches/3dd5b718-66ff-4d16-a56f-446d80f51b4d/live 200
2026-06-30 21:50:17 - POST /api/v1/matches/3dd5b718-66ff-4d16-a56f-446d80f51b4d/balls 201
2026-06-30 21:50:17 - GET /api/v1/matches/3dd5b718-66ff-4d16-a56f-446d80f51b4d/live 200
2026-06-30 21:50:17 - GET /api/v1/matches/3dd5b718-66ff-4d16-a56f-446d80f51b4d/scorecard 200
2026-06-30 21:50:18 - POST /api/v1/auth/signup 201
2026-06-30 21:50:20 - POST /api/v1/auth/signup 201
2026-06-30 21:50:21 - POST /api/v1/auth/signup 201
2026-06-30 21:50:22 - POST /api/v1/auth/login 200
2026-06-30 21:50:22 - POST /api/v1/auth/login 200
2026-06-30 21:50:22 - POST /api/v1/auth/login 200
2026-06-30 21:50:22 - POST /api/v1/teams/ 201
2026-06-30 21:50:22 - GET /api/v1/teams/my-teams 200
2026-06-30 21:50:22 - POST /api/v1/teams/45472db9-d166-48fb-8d1d-c0783784270b/join-request 200
2026-06-30 21:50:22 - GET /api/v1/teams/my-teams 200
2026-06-30 21:50:22 - POST /api/v1/teams/45472db9-d166-48fb-8d1d-c0783784270b/approve-request 403
2026-06-30 21:50:22 - POST /api/v1/teams/45472db9-d166-48fb-8d1d-c0783784270b/approve-request 200
2026-06-30 21:50:22 - POST /api/v1/teams/45472db9-d166-48fb-8d1d-c0783784270b/members 200
2026-06-30 21:50:22 - POST /api/v1/teams/45472db9-d166-48fb-8d1d-c0783784270b/invitations/accept 200
2026-06-30 21:50:22 - GET /api/v1/teams/45472db9-d166-48fb-8d1d-c0783784270b/members 200
2026-06-30 21:50:22 - DELETE /api/v1/teams/45472db9-d166-48fb-8d1d-c0783784270b/members/1b4a86fb-c93d-4cf2-a80c-02791c8bd3b7 204
2026-06-30 21:50:22 - GET /api/v1/teams/45472db9-d166-48fb-8d1d-c0783784270b/members 200
2026-06-30 21:50:23 - POST /api/v1/auth/login 200
2026-06-30 21:50:23 - POST /api/v1/teams/ 201
2026-06-30 21:50:23 - POST /api/v1/auth/login 200
2026-06-30 21:50:23 - POST /api/v1/teams/952dac18-c522-4e45-96ab-0bd748238bab/members 200
2026-06-30 21:50:23 - GET /api/v1/notifications/ 200
2026-06-30 21:50:23 - GET /api/v1/teams/my-invitations 200
2026-06-30 21:50:23 - POST /api/v1/notifications/76d31437-3c19-44a9-bf4b-ffabdd2dc645/read 200
2026-06-30 21:50:23 - POST /api/v1/teams/952dac18-c522-4e45-96ab-0bd748238bab/invitations/accept 200
2026-06-30 21:50:23 - GET /api/v1/notifications/ 200
2026-06-30 21:50:24 - POST /api/v1/auth/login 200
2026-06-30 21:50:24 - POST /api/v1/teams/ 201
2026-06-30 21:50:24 - POST /api/v1/auth/login 200
2026-06-30 21:50:24 - POST /api/v1/teams/3091ed66-9ec2-4626-9026-280a1ef90f03/members 200
2026-06-30 21:50:24 - POST /api/v1/teams/3091ed66-9ec2-4626-9026-280a1ef90f03/invitations/reject 204
2026-06-30 21:50:24 - GET /api/v1/notifications/ 200
2026-06-30 21:50:25 - POST /api/v1/auth/login 200
2026-06-30 21:50:25 - POST /api/v1/teams/ 201
2026-06-30 21:50:25 - POST /api/v1/auth/login 200
2026-06-30 21:50:25 - POST /api/v1/teams/86574bc4-0fac-4002-91a2-4e38ca5a36eb/join-request 200
2026-06-30 21:50:25 - POST /api/v1/teams/86574bc4-0fac-4002-91a2-4e38ca5a36eb/reject-request 204
2026-06-30 21:50:25 - GET /api/v1/notifications/ 200
2026-06-30 21:50:25 - POST /api/v1/auth/login 200
2026-06-30 21:50:25 - POST /api/v1/teams/ 201
2026-06-30 21:50:26 - POST /api/v1/auth/login 200
2026-06-30 21:50:26 - PUT /api/v1/teams/272bd977-31f3-4ed2-be9a-9063c2bf6465 403
2026-06-30 21:50:26 - DELETE /api/v1/teams/272bd977-31f3-4ed2-be9a-9063c2bf6465 403
2026-06-30 21:50:26 - PUT /api/v1/teams/272bd977-31f3-4ed2-be9a-9063c2bf6465 200
2026-06-30 21:50:26 - DELETE /api/v1/teams/272bd977-31f3-4ed2-be9a-9063c2bf6465 204
2026-06-30 21:50:26 - GET /api/v1/teams/272bd977-31f3-4ed2-be9a-9063c2bf6465 404
2026-06-30 21:50:26 - POST /api/v1/auth/login 200
2026-06-30 21:50:26 - GET /api/v1/notifications/ 200
2026-06-30 21:50:26 - POST /api/v1/notifications/read-all 204
2026-06-30 21:50:26 - GET /api/v1/notifications/ 200
2026-06-30 21:50:27 - POST /api/v1/auth/login 200
2026-06-30 21:50:27 - POST /api/v1/teams/ 201
2026-06-30 21:50:27 - POST /api/v1/teams/ 201
2026-06-30 21:50:27 - POST /api/v1/matches/ 201
2026-06-30 21:50:27 - POST /api/v1/matches/dbdb6e4b-072e-4d67-8021-a9ebeed853ba/toss/initiate 200
2026-06-30 21:50:27 - POST /api/v1/matches/dbdb6e4b-072e-4d67-8021-a9ebeed853ba/toss/initiate 400
2026-06-30 21:50:27 - GET /api/v1/matches/dbdb6e4b-072e-4d67-8021-a9ebeed853ba/activities 200
2026-06-30 21:50:27 - POST /api/v1/matches/dbdb6e4b-072e-4d67-8021-a9ebeed853ba/toss/decision 200
2026-06-30 21:50:27 - GET /api/v1/matches/dbdb6e4b-072e-4d67-8021-a9ebeed853ba/activities 200
2026-06-30 21:50:27 - POST /api/v1/matches/dbdb6e4b-072e-4d67-8021-a9ebeed853ba/toss/reset 200
2026-06-30 21:50:27 - GET /api/v1/matches/dbdb6e4b-072e-4d67-8021-a9ebeed853ba/activities 200
2026-06-30 21:50:27 - POST /api/v1/auth/login 200
2026-06-30 21:50:29 - POST /api/v1/auth/signup 201
2026-06-30 21:50:29 - POST /api/v1/auth/login 200
2026-06-30 21:50:29 - POST /api/v1/teams/ 201
2026-06-30 21:50:29 - POST /api/v1/teams/ 201
2026-06-30 21:50:29 - POST /api/v1/matches/ 201
2026-06-30 21:50:29 - POST /api/v1/matches/01cbf0dd-9a4f-4dfc-8694-97936365a3f1/toss/initiate 200
2026-06-30 21:50:29 - POST /api/v1/matches/01cbf0dd-9a4f-4dfc-8694-97936365a3f1/toss/reset 403
2026-06-30 21:50:30 - POST /api/v1/auth/login 200
2026-06-30 21:50:30 - POST /api/v1/tournaments/ 201
2026-06-30 21:50:30 - POST /api/v1/players/ 201
2026-06-30 21:50:30 - POST /api/v1/players/ 201
2026-06-30 21:50:30 - POST /api/v1/players/ 201
2026-06-30 21:50:30 - POST /api/v1/players/ 201
2026-06-30 21:50:30 - POST /api/v1/teams/ 201
2026-06-30 21:50:30 - POST /api/v1/teams/308126a5-f8bb-4a9d-bbf0-ed83750cc8da/players 200
2026-06-30 21:50:30 - POST /api/v1/teams/308126a5-f8bb-4a9d-bbf0-ed83750cc8da/players 200
2026-06-30 21:50:30 - POST /api/v1/teams/308126a5-f8bb-4a9d-bbf0-ed83750cc8da/players 200
2026-06-30 21:50:30 - POST /api/v1/teams/308126a5-f8bb-4a9d-bbf0-ed83750cc8da/players 200
2026-06-30 21:50:30 - POST /api/v1/tournaments/bf364e63-fb73-4759-8124-3174ffa77b6f/teams 400
2026-06-30 21:50:30 - POST /api/v1/players/ 201
2026-06-30 21:50:30 - POST /api/v1/teams/308126a5-f8bb-4a9d-bbf0-ed83750cc8da/players 200
2026-06-30 21:50:30 - POST /api/v1/tournaments/bf364e63-fb73-4759-8124-3174ffa77b6f/teams 200
2026-06-30 21:50:30 - DELETE /api/v1/tournaments/bf364e63-fb73-4759-8124-3174ffa77b6f/teams/308126a5-f8bb-4a9d-bbf0-ed83750cc8da 200
2026-06-30 21:50:30 - POST /api/v1/auth/login 200
2026-06-30 21:50:30 - POST /api/v1/teams/ 201
2026-06-30 21:50:30 - POST /api/v1/players/ 201
2026-06-30 21:50:30 - POST /api/v1/teams/fc97ae9b-d27c-4ee8-a98a-31432fa6b488/players 200
2026-06-30 21:50:30 - POST /api/v1/players/ 201
2026-06-30 21:50:30 - POST /api/v1/teams/fc97ae9b-d27c-4ee8-a98a-31432fa6b488/players 200
2026-06-30 21:50:30 - POST /api/v1/players/ 201
2026-06-30 21:50:30 - POST /api/v1/teams/fc97ae9b-d27c-4ee8-a98a-31432fa6b488/players 200
2026-06-30 21:50:30 - POST /api/v1/players/ 201
2026-06-30 21:50:30 - POST /api/v1/teams/fc97ae9b-d27c-4ee8-a98a-31432fa6b488/players 200
2026-06-30 21:50:30 - POST /api/v1/players/ 201
2026-06-30 21:50:30 - POST /api/v1/teams/fc97ae9b-d27c-4ee8-a98a-31432fa6b488/players 200
2026-06-30 21:50:30 - POST /api/v1/teams/ 201
2026-06-30 21:50:30 - POST /api/v1/players/ 201
2026-06-30 21:50:30 - POST /api/v1/teams/7b9a8ff4-34b4-4c96-bb11-baa364539f4f/players 200
2026-06-30 21:50:30 - POST /api/v1/players/ 201
2026-06-30 21:50:30 - POST /api/v1/teams/7b9a8ff4-34b4-4c96-bb11-baa364539f4f/players 200
2026-06-30 21:50:30 - POST /api/v1/players/ 201
2026-06-30 21:50:30 - POST /api/v1/teams/7b9a8ff4-34b4-4c96-bb11-baa364539f4f/players 200
2026-06-30 21:50:30 - POST /api/v1/players/ 201
2026-06-30 21:50:30 - POST /api/v1/teams/7b9a8ff4-34b4-4c96-bb11-baa364539f4f/players 200
2026-06-30 21:50:30 - POST /api/v1/players/ 201
2026-06-30 21:50:30 - POST /api/v1/teams/7b9a8ff4-34b4-4c96-bb11-baa364539f4f/players 200
2026-06-30 21:50:30 - POST /api/v1/tournaments/ 201
2026-06-30 21:50:30 - POST /api/v1/tournaments/d266fdd4-9a88-4a2f-9423-36d0fb72493b/teams 200
2026-06-30 21:50:30 - POST /api/v1/tournaments/d266fdd4-9a88-4a2f-9423-36d0fb72493b/teams 200
2026-06-30 21:50:30 - POST /api/v1/tournaments/d266fdd4-9a88-4a2f-9423-36d0fb72493b/fixtures/generate 201
2026-06-30 21:50:30 - POST /api/v1/tournaments/d266fdd4-9a88-4a2f-9423-36d0fb72493b/fixtures/publish 200
2026-06-30 21:50:30 - GET /api/v1/tournaments/d266fdd4-9a88-4a2f-9423-36d0fb72493b/dashboard 200
2026-06-30 21:50:30 - POST /api/v1/matches/d085d2c3-e01c-476e-93cc-3f82fae1751e/toss 200
2026-06-30 21:50:30 - GET /api/v1/teams/fc97ae9b-d27c-4ee8-a98a-31432fa6b488 200
2026-06-30 21:50:30 - GET /api/v1/teams/7b9a8ff4-34b4-4c96-bb11-baa364539f4f 200
2026-06-30 21:50:30 - POST /api/v1/matches/d085d2c3-e01c-476e-93cc-3f82fae1751e/squads 200
2026-06-30 21:50:30 - POST /api/v1/matches/d085d2c3-e01c-476e-93cc-3f82fae1751e/squads 200
2026-06-30 21:50:30 - POST /api/v1/matches/d085d2c3-e01c-476e-93cc-3f82fae1751e/balls 201
2026-06-30 21:50:30 - POST /api/v1/matches/d085d2c3-e01c-476e-93cc-3f82fae1751e/balls 201
2026-06-30 21:50:30 - POST /api/v1/matches/d085d2c3-e01c-476e-93cc-3f82fae1751e/balls 201
2026-06-30 21:50:30 - POST /api/v1/matches/d085d2c3-e01c-476e-93cc-3f82fae1751e/balls 201
2026-06-30 21:50:30 - POST /api/v1/matches/d085d2c3-e01c-476e-93cc-3f82fae1751e/balls 201
2026-06-30 21:50:30 - POST /api/v1/matches/d085d2c3-e01c-476e-93cc-3f82fae1751e/balls 201
2026-06-30 21:50:30 - POST /api/v1/matches/d085d2c3-e01c-476e-93cc-3f82fae1751e/balls 201
2026-06-30 21:50:30 - POST /api/v1/matches/d085d2c3-e01c-476e-93cc-3f82fae1751e/balls 201
2026-06-30 21:50:30 - POST /api/v1/matches/d085d2c3-e01c-476e-93cc-3f82fae1751e/balls 201
2026-06-30 21:50:30 - GET /api/v1/tournaments/d266fdd4-9a88-4a2f-9423-36d0fb72493b/points-table 200
2026-06-30 21:50:30 - GET /api/v1/tournaments/d266fdd4-9a88-4a2f-9423-36d0fb72493b/leaderboards 200
2026-06-30 21:50:31 - POST /api/v1/auth/login 200
2026-06-30 21:50:31 - POST /api/v1/teams/ 201
2026-06-30 21:50:31 - POST /api/v1/players/ 201
2026-06-30 21:50:31 - POST /api/v1/teams/5e22da47-2c28-4b77-9ddf-015557eeabcc/players 200
2026-06-30 21:50:31 - POST /api/v1/players/ 201
2026-06-30 21:50:31 - POST /api/v1/teams/5e22da47-2c28-4b77-9ddf-015557eeabcc/players 200
2026-06-30 21:50:31 - POST /api/v1/players/ 201
2026-06-30 21:50:31 - POST /api/v1/teams/5e22da47-2c28-4b77-9ddf-015557eeabcc/players 200
2026-06-30 21:50:31 - POST /api/v1/players/ 201
2026-06-30 21:50:31 - POST /api/v1/teams/5e22da47-2c28-4b77-9ddf-015557eeabcc/players 200
2026-06-30 21:50:31 - POST /api/v1/players/ 201
2026-06-30 21:50:31 - POST /api/v1/teams/5e22da47-2c28-4b77-9ddf-015557eeabcc/players 200
2026-06-30 21:50:31 - POST /api/v1/teams/ 201
2026-06-30 21:50:31 - POST /api/v1/players/ 201
2026-06-30 21:50:31 - POST /api/v1/teams/9730124c-59a8-449a-8d1e-885584a1351d/players 200
2026-06-30 21:50:31 - POST /api/v1/players/ 201
2026-06-30 21:50:31 - POST /api/v1/teams/9730124c-59a8-449a-8d1e-885584a1351d/players 200
2026-06-30 21:50:31 - POST /api/v1/players/ 201
2026-06-30 21:50:31 - POST /api/v1/teams/9730124c-59a8-449a-8d1e-885584a1351d/players 200
2026-06-30 21:50:31 - POST /api/v1/players/ 201
2026-06-30 21:50:31 - POST /api/v1/teams/9730124c-59a8-449a-8d1e-885584a1351d/players 200
2026-06-30 21:50:31 - POST /api/v1/players/ 201
2026-06-30 21:50:31 - POST /api/v1/teams/9730124c-59a8-449a-8d1e-885584a1351d/players 200
2026-06-30 21:50:31 - POST /api/v1/teams/ 201
2026-06-30 21:50:31 - POST /api/v1/players/ 201
2026-06-30 21:50:31 - POST /api/v1/teams/d619688f-0e22-444d-ad54-9bc661085358/players 200
2026-06-30 21:50:31 - POST /api/v1/players/ 201
2026-06-30 21:50:31 - POST /api/v1/teams/d619688f-0e22-444d-ad54-9bc661085358/players 200
2026-06-30 21:50:31 - POST /api/v1/players/ 201
2026-06-30 21:50:31 - POST /api/v1/teams/d619688f-0e22-444d-ad54-9bc661085358/players 200
2026-06-30 21:50:31 - POST /api/v1/players/ 201
2026-06-30 21:50:31 - POST /api/v1/teams/d619688f-0e22-444d-ad54-9bc661085358/players 200
2026-06-30 21:50:31 - POST /api/v1/players/ 201
2026-06-30 21:50:31 - POST /api/v1/teams/d619688f-0e22-444d-ad54-9bc661085358/players 200
2026-06-30 21:50:31 - POST /api/v1/teams/ 201
2026-06-30 21:50:31 - POST /api/v1/players/ 201
2026-06-30 21:50:31 - POST /api/v1/teams/0470feb1-f202-4706-ab1d-5b7a0112dc86/players 200
2026-06-30 21:50:31 - POST /api/v1/players/ 201
2026-06-30 21:50:31 - POST /api/v1/teams/0470feb1-f202-4706-ab1d-5b7a0112dc86/players 200
2026-06-30 21:50:31 - POST /api/v1/players/ 201
2026-06-30 21:50:31 - POST /api/v1/teams/0470feb1-f202-4706-ab1d-5b7a0112dc86/players 200
2026-06-30 21:50:31 - POST /api/v1/players/ 201
2026-06-30 21:50:31 - POST /api/v1/teams/0470feb1-f202-4706-ab1d-5b7a0112dc86/players 200
2026-06-30 21:50:31 - POST /api/v1/players/ 201
2026-06-30 21:50:31 - POST /api/v1/teams/0470feb1-f202-4706-ab1d-5b7a0112dc86/players 200
2026-06-30 21:50:31 - POST /api/v1/tournaments/ 201
2026-06-30 21:50:31 - POST /api/v1/tournaments/4b5bfc48-6801-4edf-af25-70c47dce8fa5/teams 200
2026-06-30 21:50:31 - POST /api/v1/tournaments/4b5bfc48-6801-4edf-af25-70c47dce8fa5/teams 200
2026-06-30 21:50:31 - POST /api/v1/tournaments/4b5bfc48-6801-4edf-af25-70c47dce8fa5/teams 200
2026-06-30 21:50:31 - POST /api/v1/tournaments/4b5bfc48-6801-4edf-af25-70c47dce8fa5/teams 200
2026-06-30 21:50:31 - POST /api/v1/tournaments/4b5bfc48-6801-4edf-af25-70c47dce8fa5/fixtures/generate 201
2026-06-30 21:50:31 - POST /api/v1/tournaments/4b5bfc48-6801-4edf-af25-70c47dce8fa5/fixtures/publish 200
2026-06-30 21:50:31 - GET /api/v1/tournaments/4b5bfc48-6801-4edf-af25-70c47dce8fa5/dashboard 200
2026-06-30 21:50:31 - GET /api/v1/tournaments/4b5bfc48-6801-4edf-af25-70c47dce8fa5/dashboard 200
2026-06-30 21:50:31 - POST /api/v1/matches/0327be5d-0c07-4fb1-811f-876b9b6e01fc/toss 200
2026-06-30 21:50:31 - GET /api/v1/teams/5e22da47-2c28-4b77-9ddf-015557eeabcc 200
2026-06-30 21:50:31 - GET /api/v1/teams/0470feb1-f202-4706-ab1d-5b7a0112dc86 200
2026-06-30 21:50:31 - POST /api/v1/matches/0327be5d-0c07-4fb1-811f-876b9b6e01fc/squads 200
2026-06-30 21:50:31 - POST /api/v1/matches/0327be5d-0c07-4fb1-811f-876b9b6e01fc/squads 200
2026-06-30 21:50:31 - POST /api/v1/matches/0327be5d-0c07-4fb1-811f-876b9b6e01fc/balls 201
2026-06-30 21:50:31 - POST /api/v1/matches/0327be5d-0c07-4fb1-811f-876b9b6e01fc/balls 201
2026-06-30 21:50:31 - POST /api/v1/matches/0327be5d-0c07-4fb1-811f-876b9b6e01fc/balls 201
2026-06-30 21:50:31 - POST /api/v1/matches/0327be5d-0c07-4fb1-811f-876b9b6e01fc/balls 201
2026-06-30 21:50:31 - POST /api/v1/matches/0327be5d-0c07-4fb1-811f-876b9b6e01fc/balls 201
2026-06-30 21:50:31 - POST /api/v1/matches/0327be5d-0c07-4fb1-811f-876b9b6e01fc/balls 201
2026-06-30 21:50:31 - POST /api/v1/matches/0327be5d-0c07-4fb1-811f-876b9b6e01fc/balls 201
2026-06-30 21:50:31 - POST /api/v1/matches/0327be5d-0c07-4fb1-811f-876b9b6e01fc/balls 201
2026-06-30 21:50:31 - POST /api/v1/matches/0327be5d-0c07-4fb1-811f-876b9b6e01fc/balls 201
2026-06-30 21:50:31 - POST /api/v1/matches/0327be5d-0c07-4fb1-811f-876b9b6e01fc/balls 201
2026-06-30 21:50:31 - POST /api/v1/matches/0327be5d-0c07-4fb1-811f-876b9b6e01fc/balls 201
2026-06-30 21:50:31 - POST /api/v1/matches/0327be5d-0c07-4fb1-811f-876b9b6e01fc/balls 201
2026-06-30 21:50:31 - POST /api/v1/matches/36aae3b1-88e0-494e-9431-0074ec4b63e5/toss 200
2026-06-30 21:50:31 - GET /api/v1/teams/9730124c-59a8-449a-8d1e-885584a1351d 200
2026-06-30 21:50:31 - GET /api/v1/teams/0470feb1-f202-4706-ab1d-5b7a0112dc86 200
2026-06-30 21:50:31 - POST /api/v1/matches/36aae3b1-88e0-494e-9431-0074ec4b63e5/squads 200
2026-06-30 21:50:31 - POST /api/v1/matches/36aae3b1-88e0-494e-9431-0074ec4b63e5/squads 200
2026-06-30 21:50:31 - POST /api/v1/matches/36aae3b1-88e0-494e-9431-0074ec4b63e5/balls 201
2026-06-30 21:50:31 - POST /api/v1/matches/36aae3b1-88e0-494e-9431-0074ec4b63e5/balls 201
2026-06-30 21:50:31 - POST /api/v1/matches/36aae3b1-88e0-494e-9431-0074ec4b63e5/balls 201
2026-06-30 21:50:31 - POST /api/v1/matches/36aae3b1-88e0-494e-9431-0074ec4b63e5/balls 201
2026-06-30 21:50:32 - POST /api/v1/matches/36aae3b1-88e0-494e-9431-0074ec4b63e5/balls 201
2026-06-30 21:50:32 - POST /api/v1/matches/36aae3b1-88e0-494e-9431-0074ec4b63e5/balls 201
2026-06-30 21:50:32 - POST /api/v1/matches/36aae3b1-88e0-494e-9431-0074ec4b63e5/balls 201
2026-06-30 21:50:32 - POST /api/v1/matches/36aae3b1-88e0-494e-9431-0074ec4b63e5/balls 201
2026-06-30 21:50:32 - POST /api/v1/matches/36aae3b1-88e0-494e-9431-0074ec4b63e5/balls 201
2026-06-30 21:50:32 - POST /api/v1/matches/36aae3b1-88e0-494e-9431-0074ec4b63e5/balls 201
2026-06-30 21:50:32 - POST /api/v1/matches/36aae3b1-88e0-494e-9431-0074ec4b63e5/balls 201
2026-06-30 21:50:32 - POST /api/v1/matches/36aae3b1-88e0-494e-9431-0074ec4b63e5/balls 201
2026-06-30 21:50:32 - POST /api/v1/matches/de27b2b6-4a90-40fa-b932-3f8ff7c7d874/toss 200
2026-06-30 21:50:32 - GET /api/v1/teams/d619688f-0e22-444d-ad54-9bc661085358 200
2026-06-30 21:50:32 - GET /api/v1/teams/0470feb1-f202-4706-ab1d-5b7a0112dc86 200
2026-06-30 21:50:32 - POST /api/v1/matches/de27b2b6-4a90-40fa-b932-3f8ff7c7d874/squads 200
2026-06-30 21:50:32 - POST /api/v1/matches/de27b2b6-4a90-40fa-b932-3f8ff7c7d874/squads 200
2026-06-30 21:50:32 - POST /api/v1/matches/de27b2b6-4a90-40fa-b932-3f8ff7c7d874/balls 201
2026-06-30 21:50:32 - POST /api/v1/matches/de27b2b6-4a90-40fa-b932-3f8ff7c7d874/balls 201
2026-06-30 21:50:32 - POST /api/v1/matches/de27b2b6-4a90-40fa-b932-3f8ff7c7d874/balls 201
2026-06-30 21:50:32 - POST /api/v1/matches/de27b2b6-4a90-40fa-b932-3f8ff7c7d874/balls 201
2026-06-30 21:50:32 - POST /api/v1/matches/de27b2b6-4a90-40fa-b932-3f8ff7c7d874/balls 201
2026-06-30 21:50:32 - POST /api/v1/matches/de27b2b6-4a90-40fa-b932-3f8ff7c7d874/balls 201
2026-06-30 21:50:32 - POST /api/v1/matches/de27b2b6-4a90-40fa-b932-3f8ff7c7d874/balls 201
2026-06-30 21:50:32 - POST /api/v1/matches/de27b2b6-4a90-40fa-b932-3f8ff7c7d874/balls 201
2026-06-30 21:50:32 - POST /api/v1/matches/de27b2b6-4a90-40fa-b932-3f8ff7c7d874/balls 201
2026-06-30 21:50:32 - POST /api/v1/matches/de27b2b6-4a90-40fa-b932-3f8ff7c7d874/balls 201
2026-06-30 21:50:32 - POST /api/v1/matches/de27b2b6-4a90-40fa-b932-3f8ff7c7d874/balls 201
2026-06-30 21:50:32 - POST /api/v1/matches/de27b2b6-4a90-40fa-b932-3f8ff7c7d874/balls 201
2026-06-30 21:50:32 - POST /api/v1/matches/c476df45-ef58-4732-a1fb-e07dd5b28a96/toss 200
2026-06-30 21:50:32 - GET /api/v1/teams/5e22da47-2c28-4b77-9ddf-015557eeabcc 200
2026-06-30 21:50:32 - GET /api/v1/teams/9730124c-59a8-449a-8d1e-885584a1351d 200
2026-06-30 21:50:32 - POST /api/v1/matches/c476df45-ef58-4732-a1fb-e07dd5b28a96/squads 200
2026-06-30 21:50:32 - POST /api/v1/matches/c476df45-ef58-4732-a1fb-e07dd5b28a96/squads 200
2026-06-30 21:50:32 - POST /api/v1/matches/c476df45-ef58-4732-a1fb-e07dd5b28a96/balls 201
2026-06-30 21:50:32 - POST /api/v1/matches/c476df45-ef58-4732-a1fb-e07dd5b28a96/balls 201
2026-06-30 21:50:32 - POST /api/v1/matches/c476df45-ef58-4732-a1fb-e07dd5b28a96/balls 201
2026-06-30 21:50:32 - POST /api/v1/matches/c476df45-ef58-4732-a1fb-e07dd5b28a96/balls 201
2026-06-30 21:50:32 - POST /api/v1/matches/c476df45-ef58-4732-a1fb-e07dd5b28a96/balls 201
2026-06-30 21:50:32 - POST /api/v1/matches/c476df45-ef58-4732-a1fb-e07dd5b28a96/balls 201
2026-06-30 21:50:32 - POST /api/v1/matches/c476df45-ef58-4732-a1fb-e07dd5b28a96/balls 201
2026-06-30 21:50:32 - POST /api/v1/matches/c476df45-ef58-4732-a1fb-e07dd5b28a96/balls 201
2026-06-30 21:50:32 - POST /api/v1/matches/c476df45-ef58-4732-a1fb-e07dd5b28a96/balls 201
2026-06-30 21:50:32 - POST /api/v1/matches/c476df45-ef58-4732-a1fb-e07dd5b28a96/balls 201
2026-06-30 21:50:32 - POST /api/v1/matches/c476df45-ef58-4732-a1fb-e07dd5b28a96/balls 201
2026-06-30 21:50:32 - POST /api/v1/matches/c476df45-ef58-4732-a1fb-e07dd5b28a96/balls 201
2026-06-30 21:50:32 - POST /api/v1/matches/a03886ae-267d-48c7-bbb8-82c075ae3114/toss 200
2026-06-30 21:50:32 - GET /api/v1/teams/5e22da47-2c28-4b77-9ddf-015557eeabcc 200
2026-06-30 21:50:32 - GET /api/v1/teams/d619688f-0e22-444d-ad54-9bc661085358 200
2026-06-30 21:50:32 - POST /api/v1/matches/a03886ae-267d-48c7-bbb8-82c075ae3114/squads 200
2026-06-30 21:50:32 - POST /api/v1/matches/a03886ae-267d-48c7-bbb8-82c075ae3114/squads 200
2026-06-30 21:50:32 - POST /api/v1/matches/a03886ae-267d-48c7-bbb8-82c075ae3114/balls 201
2026-06-30 21:50:32 - POST /api/v1/matches/a03886ae-267d-48c7-bbb8-82c075ae3114/balls 201
2026-06-30 21:50:32 - POST /api/v1/matches/a03886ae-267d-48c7-bbb8-82c075ae3114/balls 201
2026-06-30 21:50:32 - POST /api/v1/matches/a03886ae-267d-48c7-bbb8-82c075ae3114/balls 201
2026-06-30 21:50:32 - POST /api/v1/matches/a03886ae-267d-48c7-bbb8-82c075ae3114/balls 201
2026-06-30 21:50:32 - POST /api/v1/matches/a03886ae-267d-48c7-bbb8-82c075ae3114/balls 201
2026-06-30 21:50:32 - POST /api/v1/matches/a03886ae-267d-48c7-bbb8-82c075ae3114/balls 201
2026-06-30 21:50:32 - POST /api/v1/matches/a03886ae-267d-48c7-bbb8-82c075ae3114/balls 201
2026-06-30 21:50:32 - POST /api/v1/matches/a03886ae-267d-48c7-bbb8-82c075ae3114/balls 201
2026-06-30 21:50:32 - POST /api/v1/matches/a03886ae-267d-48c7-bbb8-82c075ae3114/balls 201
2026-06-30 21:50:32 - POST /api/v1/matches/a03886ae-267d-48c7-bbb8-82c075ae3114/balls 201
2026-06-30 21:50:32 - POST /api/v1/matches/a03886ae-267d-48c7-bbb8-82c075ae3114/balls 201
2026-06-30 21:50:32 - POST /api/v1/matches/d236b1f3-7eca-416e-9129-9c7618bb8236/toss 200
2026-06-30 21:50:32 - GET /api/v1/teams/9730124c-59a8-449a-8d1e-885584a1351d 200
2026-06-30 21:50:32 - GET /api/v1/teams/d619688f-0e22-444d-ad54-9bc661085358 200
2026-06-30 21:50:32 - POST /api/v1/matches/d236b1f3-7eca-416e-9129-9c7618bb8236/squads 200
2026-06-30 21:50:32 - POST /api/v1/matches/d236b1f3-7eca-416e-9129-9c7618bb8236/squads 200
2026-06-30 21:50:32 - POST /api/v1/matches/d236b1f3-7eca-416e-9129-9c7618bb8236/balls 201
2026-06-30 21:50:32 - POST /api/v1/matches/d236b1f3-7eca-416e-9129-9c7618bb8236/balls 201
2026-06-30 21:50:32 - POST /api/v1/matches/d236b1f3-7eca-416e-9129-9c7618bb8236/balls 201
2026-06-30 21:50:32 - POST /api/v1/matches/d236b1f3-7eca-416e-9129-9c7618bb8236/balls 201
2026-06-30 21:50:32 - POST /api/v1/matches/d236b1f3-7eca-416e-9129-9c7618bb8236/balls 201
2026-06-30 21:50:32 - POST /api/v1/matches/d236b1f3-7eca-416e-9129-9c7618bb8236/balls 201
2026-06-30 21:50:32 - POST /api/v1/matches/d236b1f3-7eca-416e-9129-9c7618bb8236/balls 201
2026-06-30 21:50:32 - POST /api/v1/matches/d236b1f3-7eca-416e-9129-9c7618bb8236/balls 201
2026-06-30 21:50:32 - POST /api/v1/matches/d236b1f3-7eca-416e-9129-9c7618bb8236/balls 201
2026-06-30 21:50:32 - POST /api/v1/matches/d236b1f3-7eca-416e-9129-9c7618bb8236/balls 201
2026-06-30 21:50:32 - POST /api/v1/matches/d236b1f3-7eca-416e-9129-9c7618bb8236/balls 201
2026-06-30 21:50:32 - POST /api/v1/matches/d236b1f3-7eca-416e-9129-9c7618bb8236/balls 201
2026-06-30 21:50:32 - GET /api/v1/tournaments/4b5bfc48-6801-4edf-af25-70c47dce8fa5/dashboard 200
2026-06-30 21:50:32 - POST /api/v1/matches/e11cf400-379b-4ab4-b83c-88a7e9849c35/toss 200
2026-06-30 21:50:32 - GET /api/v1/teams/5e22da47-2c28-4b77-9ddf-015557eeabcc 200
2026-06-30 21:50:32 - GET /api/v1/teams/0470feb1-f202-4706-ab1d-5b7a0112dc86 200
2026-06-30 21:50:32 - POST /api/v1/matches/e11cf400-379b-4ab4-b83c-88a7e9849c35/squads 200
2026-06-30 21:50:32 - POST /api/v1/matches/e11cf400-379b-4ab4-b83c-88a7e9849c35/squads 200
2026-06-30 21:50:32 - POST /api/v1/matches/e11cf400-379b-4ab4-b83c-88a7e9849c35/balls 201
2026-06-30 21:50:32 - POST /api/v1/matches/e11cf400-379b-4ab4-b83c-88a7e9849c35/balls 201
2026-06-30 21:50:32 - POST /api/v1/matches/e11cf400-379b-4ab4-b83c-88a7e9849c35/balls 201
2026-06-30 21:50:32 - POST /api/v1/matches/e11cf400-379b-4ab4-b83c-88a7e9849c35/balls 201
2026-06-30 21:50:32 - POST /api/v1/matches/e11cf400-379b-4ab4-b83c-88a7e9849c35/balls 201
2026-06-30 21:50:32 - POST /api/v1/matches/e11cf400-379b-4ab4-b83c-88a7e9849c35/balls 201
2026-06-30 21:50:32 - POST /api/v1/matches/e11cf400-379b-4ab4-b83c-88a7e9849c35/balls 201
2026-06-30 21:50:32 - POST /api/v1/matches/e11cf400-379b-4ab4-b83c-88a7e9849c35/balls 201
2026-06-30 21:50:32 - POST /api/v1/matches/e11cf400-379b-4ab4-b83c-88a7e9849c35/balls 201
2026-06-30 21:50:33 - POST /api/v1/matches/e11cf400-379b-4ab4-b83c-88a7e9849c35/balls 201
2026-06-30 21:50:33 - POST /api/v1/matches/e11cf400-379b-4ab4-b83c-88a7e9849c35/balls 201
2026-06-30 21:50:33 - POST /api/v1/matches/e11cf400-379b-4ab4-b83c-88a7e9849c35/balls 201
2026-06-30 21:50:33 - POST /api/v1/matches/cda332b1-37cd-4582-9d71-e090957677d5/toss 200
2026-06-30 21:50:33 - GET /api/v1/teams/9730124c-59a8-449a-8d1e-885584a1351d 200
2026-06-30 21:50:33 - GET /api/v1/teams/d619688f-0e22-444d-ad54-9bc661085358 200
2026-06-30 21:50:33 - POST /api/v1/matches/cda332b1-37cd-4582-9d71-e090957677d5/squads 200
2026-06-30 21:50:33 - POST /api/v1/matches/cda332b1-37cd-4582-9d71-e090957677d5/squads 200
2026-06-30 21:50:33 - POST /api/v1/matches/cda332b1-37cd-4582-9d71-e090957677d5/balls 201
2026-06-30 21:50:33 - POST /api/v1/matches/cda332b1-37cd-4582-9d71-e090957677d5/balls 201
2026-06-30 21:50:33 - POST /api/v1/matches/cda332b1-37cd-4582-9d71-e090957677d5/balls 201
2026-06-30 21:50:33 - POST /api/v1/matches/cda332b1-37cd-4582-9d71-e090957677d5/balls 201
2026-06-30 21:50:33 - POST /api/v1/matches/cda332b1-37cd-4582-9d71-e090957677d5/balls 201
2026-06-30 21:50:33 - POST /api/v1/matches/cda332b1-37cd-4582-9d71-e090957677d5/balls 201
2026-06-30 21:50:33 - POST /api/v1/matches/cda332b1-37cd-4582-9d71-e090957677d5/balls 201
2026-06-30 21:50:33 - POST /api/v1/matches/cda332b1-37cd-4582-9d71-e090957677d5/balls 201
2026-06-30 21:50:33 - POST /api/v1/matches/cda332b1-37cd-4582-9d71-e090957677d5/balls 201
2026-06-30 21:50:33 - POST /api/v1/matches/cda332b1-37cd-4582-9d71-e090957677d5/balls 201
2026-06-30 21:50:33 - POST /api/v1/matches/cda332b1-37cd-4582-9d71-e090957677d5/balls 201
2026-06-30 21:50:33 - POST /api/v1/matches/cda332b1-37cd-4582-9d71-e090957677d5/balls 201
2026-06-30 21:50:33 - GET /api/v1/tournaments/4b5bfc48-6801-4edf-af25-70c47dce8fa5/dashboard 200
2026-06-30 21:50:33 - POST /api/v1/matches/5eecc783-3948-4f41-b612-6770d3123398/toss 200
2026-06-30 21:50:33 - GET /api/v1/teams/5e22da47-2c28-4b77-9ddf-015557eeabcc 200
2026-06-30 21:50:33 - GET /api/v1/teams/9730124c-59a8-449a-8d1e-885584a1351d 200
2026-06-30 21:50:33 - POST /api/v1/matches/5eecc783-3948-4f41-b612-6770d3123398/squads 200
2026-06-30 21:50:33 - POST /api/v1/matches/5eecc783-3948-4f41-b612-6770d3123398/squads 200
2026-06-30 21:50:33 - POST /api/v1/matches/5eecc783-3948-4f41-b612-6770d3123398/balls 201
2026-06-30 21:50:33 - POST /api/v1/matches/5eecc783-3948-4f41-b612-6770d3123398/balls 201
2026-06-30 21:50:33 - POST /api/v1/matches/5eecc783-3948-4f41-b612-6770d3123398/balls 201
2026-06-30 21:50:33 - POST /api/v1/matches/5eecc783-3948-4f41-b612-6770d3123398/balls 201
2026-06-30 21:50:33 - POST /api/v1/matches/5eecc783-3948-4f41-b612-6770d3123398/balls 201
2026-06-30 21:50:33 - POST /api/v1/matches/5eecc783-3948-4f41-b612-6770d3123398/balls 201
2026-06-30 21:50:33 - POST /api/v1/matches/5eecc783-3948-4f41-b612-6770d3123398/balls 201
2026-06-30 21:50:33 - POST /api/v1/matches/5eecc783-3948-4f41-b612-6770d3123398/balls 201
2026-06-30 21:50:33 - POST /api/v1/matches/5eecc783-3948-4f41-b612-6770d3123398/balls 201
2026-06-30 21:50:33 - POST /api/v1/matches/5eecc783-3948-4f41-b612-6770d3123398/balls 201
2026-06-30 21:50:33 - POST /api/v1/matches/5eecc783-3948-4f41-b612-6770d3123398/balls 201
2026-06-30 21:50:33 - POST /api/v1/matches/5eecc783-3948-4f41-b612-6770d3123398/balls 201
2026-06-30 21:50:33 - GET /api/v1/tournaments/4b5bfc48-6801-4edf-af25-70c47dce8fa5/dashboard 200
2026-06-30 21:50:33 - POST /api/v1/auth/login 200
2026-06-30 21:50:33 - POST /api/v1/tournaments/ 201
2026-06-30 21:50:33 - POST /api/v1/tournaments/14ab7560-5d59-4a32-8b94-a92e0ce040a9/publish 200
2026-06-30 21:50:33 - POST /api/v1/tournaments/14ab7560-5d59-4a32-8b94-a92e0ce040a9/open-registration 200
2026-06-30 21:50:33 - POST /api/v1/teams/ 201
2026-06-30 21:50:33 - POST /api/v1/tournaments/14ab7560-5d59-4a32-8b94-a92e0ce040a9/requests 400
2026-06-30 21:50:33 - POST /api/v1/players/ 201
2026-06-30 21:50:33 - POST /api/v1/players/ 201
2026-06-30 21:50:33 - POST /api/v1/players/ 201
2026-06-30 21:50:33 - POST /api/v1/players/ 201
2026-06-30 21:50:33 - POST /api/v1/players/ 201
2026-06-30 21:50:33 - POST /api/v1/teams/0ea5701b-5317-49e3-8727-1de1a8a1c646/players 200
2026-06-30 21:50:33 - POST /api/v1/teams/0ea5701b-5317-49e3-8727-1de1a8a1c646/players 200
2026-06-30 21:50:33 - POST /api/v1/teams/0ea5701b-5317-49e3-8727-1de1a8a1c646/players 200
2026-06-30 21:50:33 - POST /api/v1/teams/0ea5701b-5317-49e3-8727-1de1a8a1c646/players 200
2026-06-30 21:50:33 - POST /api/v1/teams/0ea5701b-5317-49e3-8727-1de1a8a1c646/players 200
2026-06-30 21:50:33 - POST /api/v1/tournaments/14ab7560-5d59-4a32-8b94-a92e0ce040a9/requests 200
2026-06-30 21:50:33 - POST /api/v1/tournaments/14ab7560-5d59-4a32-8b94-a92e0ce040a9/requests/54177374-4291-4f85-8ed3-00b328cfe18d/approve 200
2026-06-30 21:50:33 - GET /api/v1/tournaments/14ab7560-5d59-4a32-8b94-a92e0ce040a9 200
2026-06-30 21:50:33 - GET /api/v1/tournaments/14ab7560-5d59-4a32-8b94-a92e0ce040a9/points-table 200
2026-06-30 21:50:33 - GET /api/v1/tournaments/14ab7560-5d59-4a32-8b94-a92e0ce040a9/activities 200
