2026-06-22 15:50:41 - POST /api/v1/auth/signup 422
2026-06-22 15:50:41 - POST /api/v1/auth/signup 422
2026-06-22 15:50:41 - POST /api/v1/auth/signup 422
2026-06-22 15:50:41 - POST /api/v1/auth/signup 422
2026-06-22 15:50:42 - POST /api/v1/auth/signup 201
2026-06-22 15:50:42 - POST /api/v1/auth/login 400
2026-06-22 15:50:42 - POST /api/v1/auth/verify-otp 200
2026-06-22 15:50:42 - POST /api/v1/auth/signup 201
2026-06-22 15:50:42 - POST /api/v1/auth/resend-otp 429
2026-06-22 15:50:42 - POST /api/v1/auth/resend-otp 200
2026-06-22 15:50:43 - POST /api/v1/auth/login 400
2026-06-22 15:50:43 - POST /api/v1/auth/login 400
2026-06-22 15:50:43 - POST /api/v1/auth/login 400
2026-06-22 15:50:43 - POST /api/v1/auth/login 400
2026-06-22 15:50:44 - POST /api/v1/auth/login 400
2026-06-22 15:50:44 - POST /api/v1/auth/login 403
2026-06-22 15:50:44 - POST /api/v1/auth/login 200
2026-06-22 15:50:44 - POST /api/v1/auth/forgot-password 404
2026-06-22 15:50:44 - POST /api/v1/auth/forgot-password 200
2026-06-22 15:50:44 - POST /api/v1/auth/verify-reset-otp 400
2026-06-22 15:50:44 - POST /api/v1/auth/verify-reset-otp 200
2026-06-22 15:50:44 - POST /api/v1/auth/reset-password 422
2026-06-22 15:50:44 - POST /api/v1/auth/reset-password 200
2026-06-22 15:50:45 - POST /api/v1/auth/login 200
2026-06-22 15:50:45 - POST /api/v1/auth/login 200
2026-06-22 15:50:45 - POST /api/v1/auth/complete-profile 200
2026-06-22 15:50:45 - POST /api/v1/auth/login 200
2026-06-22 15:50:45 - POST /api/v1/auth/refresh 200
2026-06-22 15:50:45 - POST /api/v1/auth/logout 200
2026-06-22 15:50:45 - POST /api/v1/auth/refresh 401
2026-06-22 15:50:46 - POST /api/v1/auth/signup 201
2026-06-22 15:50:46 - POST /api/v1/auth/signup 400
2026-06-22 15:50:46 - POST /api/v1/auth/login 400
2026-06-22 15:50:46 - POST /api/v1/auth/forgot-password 400
2026-06-22 15:50:46 - POST /api/v1/auth/verify-reset-otp 400
2026-06-22 15:50:46 - POST /api/v1/auth/reset-password 400
2026-06-22 15:50:46 - POST /api/v1/auth/signup 400
2026-06-22 15:50:46 - POST /api/v1/auth/signup 201
2026-06-22 15:50:47 - POST /api/v1/auth/signup 201
2026-06-22 15:50:47 - POST /api/v1/auth/login 200
2026-06-22 15:50:47 - POST /api/v1/auth/login 200
2026-06-22 15:50:47 - POST /api/v1/teams/ 201
2026-06-22 15:50:47 - GET /api/v1/teams/ 200
2026-06-22 15:50:47 - PUT /api/v1/teams/cb2f1789-7a6c-4db5-89e9-d43657b7835a 403
2026-06-22 15:50:47 - DELETE /api/v1/teams/cb2f1789-7a6c-4db5-89e9-d43657b7835a 403
2026-06-22 15:50:47 - POST /api/v1/players/ 201
2026-06-22 15:50:47 - GET /api/v1/players/ 200
2026-06-22 15:50:47 - PUT /api/v1/players/820a49c3-8c80-426c-974a-d02e961e7ce8 403
2026-06-22 15:50:47 - DELETE /api/v1/players/820a49c3-8c80-426c-974a-d02e961e7ce8 403
2026-06-22 15:50:48 - POST /api/v1/auth/signup 201
2026-06-22 15:50:48 - POST /api/v1/auth/login 200
2026-06-22 15:50:48 - POST /api/v1/teams/ 201
2026-06-22 15:50:48 - POST /api/v1/teams/ 201
2026-06-22 15:50:48 - POST /api/v1/players/ 201
2026-06-22 15:50:48 - POST /api/v1/players/ 201
2026-06-22 15:50:48 - POST /api/v1/players/ 201
2026-06-22 15:50:48 - POST /api/v1/teams/49e2a74b-c8e1-4a2a-90c8-d021c4f539f3/players/bulk 200
2026-06-22 15:50:48 - POST /api/v1/teams/357717e2-e1f8-4a14-bb70-e2be3b40f899/players/bulk 400
2026-06-22 15:50:48 - POST /api/v1/auth/signup 201
2026-06-22 15:50:48 - POST /api/v1/auth/signup 201
2026-06-22 15:50:49 - POST /api/v1/auth/login 200
2026-06-22 15:50:49 - POST /api/v1/auth/login 200
2026-06-22 15:50:49 - POST /api/v1/teams/ 201
2026-06-22 15:50:49 - POST /api/v1/teams/ 201
2026-06-22 15:50:49 - POST /api/v1/matches/ 201
2026-06-22 15:50:49 - POST /api/v1/matches/da970391-1ef0-49d0-a4aa-8af29bb5e037/toss 403
2026-06-22 15:50:49 - POST /api/v1/matches/da970391-1ef0-49d0-a4aa-8af29bb5e037/toss 200
2026-06-22 15:50:50 - GET /api/v1/debug-env 200
2026-06-22 15:50:50 - GET /api/v1/debug-env 404
2026-06-22 15:50:51 - POST /api/v1/auth/login 200
2026-06-22 15:50:51 - POST /api/v1/players/ 201
2026-06-22 15:50:51 - POST /api/v1/players/ 201
2026-06-22 15:50:51 - POST /api/v1/players/ 201
2026-06-22 15:50:51 - POST /api/v1/players/ 201
2026-06-22 15:50:51 - POST /api/v1/teams/ 201
2026-06-22 15:50:51 - POST /api/v1/teams/ 201
2026-06-22 15:50:51 - POST /api/v1/teams/296146a9-c6a7-4733-aa1b-c0f1de133a5a/players 200
2026-06-22 15:50:51 - POST /api/v1/teams/296146a9-c6a7-4733-aa1b-c0f1de133a5a/players 200
2026-06-22 15:50:51 - POST /api/v1/teams/8b1aa243-2d6d-481d-9a3c-09f306c2af4a/players 200
2026-06-22 15:50:51 - POST /api/v1/teams/8b1aa243-2d6d-481d-9a3c-09f306c2af4a/players 200
2026-06-22 15:50:51 - POST /api/v1/matches/ 201
2026-06-22 15:50:51 - POST /api/v1/matches/d7d120a7-f956-4788-bbb3-c92d41380bbd/toss 200
2026-06-22 15:50:51 - POST /api/v1/matches/d7d120a7-f956-4788-bbb3-c92d41380bbd/squads 400
2026-06-22 15:50:51 - POST /api/v1/matches/d7d120a7-f956-4788-bbb3-c92d41380bbd/squads 200
2026-06-22 15:50:51 - POST /api/v1/matches/d7d120a7-f956-4788-bbb3-c92d41380bbd/squads 400
2026-06-22 15:50:51 - POST /api/v1/matches/d7d120a7-f956-4788-bbb3-c92d41380bbd/squads 200
2026-06-22 15:50:51 - POST /api/v1/auth/google 200
2026-06-22 15:50:51 - POST /api/v1/auth/google 400
2026-06-22 15:50:51 - POST /api/v1/auth/google 400
2026-06-22 15:50:51 - POST /api/v1/auth/google 400
2026-06-22 15:50:51 - POST /api/v1/auth/google 400
2026-06-22 15:50:51 - POST /api/v1/auth/login 200
2026-06-22 15:50:51 - POST /api/v1/players/ 201
2026-06-22 15:50:51 - POST /api/v1/players/ 201
2026-06-22 15:50:51 - POST /api/v1/teams/ 201
2026-06-22 15:50:51 - POST /api/v1/teams/ 201
2026-06-22 15:50:51 - POST /api/v1/matches/ 201
2026-06-22 15:50:51 - GET /api/v1/matches/ 200
2026-06-22 15:50:52 - POST /api/v1/auth/login 200
2026-06-22 15:50:52 - POST /api/v1/auth/login 200
2026-06-22 15:50:53 - POST /api/v1/auth/login 200
2026-06-22 15:50:53 - POST /api/v1/matches/ 201
2026-06-22 15:50:53 - POST /api/v1/matches/b8721791-4732-45ac-94ab-bcd52b84472e/toss 200
2026-06-22 15:50:53 - POST /api/v1/matches/b8721791-4732-45ac-94ab-bcd52b84472e/toss 403
2026-06-22 15:50:53 - POST /api/v1/matches/ 201
2026-06-22 15:50:53 - POST /api/v1/matches/34ac597b-b0ed-4c55-9925-515fa533c1a0/toss 200
2026-06-22 15:50:53 - POST /api/v1/matches/ 201
2026-06-22 15:50:53 - POST /api/v1/matches/56ab835f-d34d-4511-906f-948ce7be9a6b/toss 200
2026-06-22 15:50:53 - POST /api/v1/matches/56ab835f-d34d-4511-906f-948ce7be9a6b/toss 403
2026-06-22 15:50:53 - POST /api/v1/auth/login 200
2026-06-22 15:50:53 - POST /api/v1/players/ 201
2026-06-22 15:50:53 - POST /api/v1/players/ 201
2026-06-22 15:50:53 - POST /api/v1/players/ 422
2026-06-22 15:50:53 - POST /api/v1/players/ 422
2026-06-22 15:50:53 - GET /api/v1/players/17fc262c-5027-40bc-a33f-b3d53eed2b2d 200
2026-06-22 15:50:53 - PUT /api/v1/players/17fc262c-5027-40bc-a33f-b3d53eed2b2d 200
2026-06-22 15:50:53 - DELETE /api/v1/players/17fc262c-5027-40bc-a33f-b3d53eed2b2d 204
2026-06-22 15:50:53 - GET /api/v1/players/17fc262c-5027-40bc-a33f-b3d53eed2b2d 404
2026-06-22 15:50:54 - POST /api/v1/auth/login 200
2026-06-22 15:50:54 - POST /api/v1/players/ 201
2026-06-22 15:50:54 - POST /api/v1/players/ 201
2026-06-22 15:50:54 - POST /api/v1/teams/ 201
2026-06-22 15:50:54 - POST /api/v1/teams/301ef8b7-edf1-4875-9c66-479a4d9f6f1e/players 200
2026-06-22 15:50:54 - PUT /api/v1/teams/301ef8b7-edf1-4875-9c66-479a4d9f6f1e 200
2026-06-22 15:50:54 - PUT /api/v1/teams/301ef8b7-edf1-4875-9c66-479a4d9f6f1e 400
2026-06-22 15:50:54 - POST /api/v1/teams/ 201
2026-06-22 15:50:54 - POST /api/v1/teams/4e120c63-bfe4-482c-ba78-fa52748e383e/players 400
2026-06-22 15:50:54 - DELETE /api/v1/teams/301ef8b7-edf1-4875-9c66-479a4d9f6f1e/players/f1adb734-6843-4b31-89db-07ef316e29b2 200
2026-06-22 15:50:54 - DELETE /api/v1/teams/301ef8b7-edf1-4875-9c66-479a4d9f6f1e 204
2026-06-22 15:50:54 - POST /api/v1/auth/login 200
2026-06-22 15:50:54 - POST /api/v1/players/ 201
2026-06-22 15:50:54 - POST /api/v1/players/ 201
2026-06-22 15:50:54 - POST /api/v1/teams/ 201
2026-06-22 15:50:55 - POST /api/v1/teams/ 201
2026-06-22 15:50:55 - POST /api/v1/teams/16c35624-37b4-40bd-800f-695cb1d4ece4/players 200
2026-06-22 15:50:55 - POST /api/v1/teams/e398c83c-141e-439f-88f7-5be31e7b13c3/players 200
2026-06-22 15:50:55 - POST /api/v1/matches/ 201
2026-06-22 15:50:55 - POST /api/v1/matches/1dc384f8-c6e6-46a0-8eff-bc79e16302d1/squads 200
2026-06-22 15:50:55 - POST /api/v1/matches/1dc384f8-c6e6-46a0-8eff-bc79e16302d1/toss 200
2026-06-22 15:50:55 - DELETE /api/v1/players/4422cfe4-1cbc-4e2e-b5d7-dc8a23aac780 400
2026-06-22 15:50:55 - DELETE /api/v1/teams/16c35624-37b4-40bd-800f-695cb1d4ece4/players/4422cfe4-1cbc-4e2e-b5d7-dc8a23aac780 400
2026-06-22 15:50:55 - DELETE /api/v1/teams/16c35624-37b4-40bd-800f-695cb1d4ece4 400
2026-06-22 15:50:55 - POST /api/v1/auth/login 200
2026-06-22 15:50:55 - GET /api/v1/profile/ 200
2026-06-22 15:50:56 - POST /api/v1/auth/login 200
2026-06-22 15:50:56 - PUT /api/v1/profile/ 200
2026-06-22 15:50:56 - PUT /api/v1/profile/ 400
2026-06-22 15:50:56 - POST /api/v1/auth/login 200
2026-06-22 15:50:56 - GET /api/v1/profile/stats 200
2026-06-22 15:50:57 - POST /api/v1/auth/login 200
2026-06-22 15:50:57 - GET /api/v1/profile/activity 200
2026-06-22 15:50:57 - GET /api/v1/profile/achievements 200
2026-06-22 15:50:57 - POST /api/v1/auth/login 200
2026-06-22 15:50:57 - POST /api/v1/profile/upload-photo 200
2026-06-22 15:50:57 - GET /api/v1/profile/ 200
2026-06-22 15:50:58 - POST /api/v1/auth/login 200
2026-06-22 15:50:58 - POST /api/v1/players/ 201
2026-06-22 15:50:58 - POST /api/v1/players/ 201
2026-06-22 15:50:58 - POST /api/v1/players/ 201
2026-06-22 15:50:58 - POST /api/v1/players/ 201
2026-06-22 15:50:58 - POST /api/v1/players/ 201
2026-06-22 15:50:58 - POST /api/v1/teams/ 201
2026-06-22 15:50:58 - POST /api/v1/teams/ 201
2026-06-22 15:50:58 - POST /api/v1/teams/a068d281-2d65-4208-8457-2f4c7780e2af/players 200
2026-06-22 15:50:58 - POST /api/v1/teams/a068d281-2d65-4208-8457-2f4c7780e2af/players 200
2026-06-22 15:50:58 - POST /api/v1/teams/a068d281-2d65-4208-8457-2f4c7780e2af/players 200
2026-06-22 15:50:58 - POST /api/v1/teams/1e45fb0f-a7da-4f40-9349-00f97268a0ba/players 200
2026-06-22 15:50:58 - POST /api/v1/teams/1e45fb0f-a7da-4f40-9349-00f97268a0ba/players 200
2026-06-22 15:50:58 - POST /api/v1/matches/ 201
2026-06-22 15:50:58 - POST /api/v1/matches/7d0dba54-5865-4484-a38f-aaea73b41db9/toss 200
2026-06-22 15:50:58 - POST /api/v1/matches/7d0dba54-5865-4484-a38f-aaea73b41db9/squads 200
2026-06-22 15:50:58 - POST /api/v1/matches/7d0dba54-5865-4484-a38f-aaea73b41db9/squads 200
2026-06-22 15:50:58 - POST /api/v1/matches/7d0dba54-5865-4484-a38f-aaea73b41db9/balls 201
2026-06-22 15:50:58 - POST /api/v1/matches/7d0dba54-5865-4484-a38f-aaea73b41db9/balls 201
2026-06-22 15:50:58 - POST /api/v1/matches/7d0dba54-5865-4484-a38f-aaea73b41db9/balls 201
2026-06-22 15:50:58 - POST /api/v1/matches/7d0dba54-5865-4484-a38f-aaea73b41db9/balls 201
2026-06-22 15:50:58 - POST /api/v1/matches/7d0dba54-5865-4484-a38f-aaea73b41db9/balls 201
2026-06-22 15:50:58 - POST /api/v1/matches/7d0dba54-5865-4484-a38f-aaea73b41db9/balls 201
2026-06-22 15:50:58 - POST /api/v1/matches/7d0dba54-5865-4484-a38f-aaea73b41db9/balls 201
2026-06-22 15:50:58 - POST /api/v1/matches/7d0dba54-5865-4484-a38f-aaea73b41db9/balls 201
2026-06-22 15:50:58 - POST /api/v1/matches/7d0dba54-5865-4484-a38f-aaea73b41db9/balls 201
2026-06-22 15:50:58 - POST /api/v1/matches/7d0dba54-5865-4484-a38f-aaea73b41db9/balls 201
2026-06-22 15:50:58 - POST /api/v1/matches/7d0dba54-5865-4484-a38f-aaea73b41db9/balls 201
2026-06-22 15:50:58 - POST /api/v1/matches/7d0dba54-5865-4484-a38f-aaea73b41db9/balls 201
2026-06-22 15:50:58 - GET /api/v1/matches/7d0dba54-5865-4484-a38f-aaea73b41db9/scorecard 200
2026-06-22 15:50:58 - GET /api/v1/players/8da2483d-debc-4d64-9f18-c4d515fd003b 200
2026-06-22 15:50:58 - POST /api/v1/auth/login 200
2026-06-22 15:50:58 - POST /api/v1/players/ 201
2026-06-22 15:50:58 - POST /api/v1/players/ 201
2026-06-22 15:50:58 - POST /api/v1/players/ 201
2026-06-22 15:50:58 - POST /api/v1/players/ 201
2026-06-22 15:50:58 - POST /api/v1/players/ 201
2026-06-22 15:50:58 - POST /api/v1/teams/ 201
2026-06-22 15:50:58 - POST /api/v1/teams/ 201
2026-06-22 15:50:58 - POST /api/v1/teams/855dc121-ed65-4d20-b7c7-9ec3f689a789/players 200
2026-06-22 15:50:58 - POST /api/v1/teams/855dc121-ed65-4d20-b7c7-9ec3f689a789/players 200
2026-06-22 15:50:58 - POST /api/v1/teams/855dc121-ed65-4d20-b7c7-9ec3f689a789/players 200
2026-06-22 15:50:58 - POST /api/v1/teams/894bc7b5-c79a-4aed-8382-05f1a773e47a/players 200
2026-06-22 15:50:58 - POST /api/v1/teams/894bc7b5-c79a-4aed-8382-05f1a773e47a/players 200
2026-06-22 15:50:58 - POST /api/v1/matches/ 201
2026-06-22 15:50:58 - POST /api/v1/matches/10950cab-5fec-415f-bd27-ba85e0397fa3/toss 200
2026-06-22 15:50:58 - POST /api/v1/matches/10950cab-5fec-415f-bd27-ba85e0397fa3/squads 200
2026-06-22 15:50:58 - POST /api/v1/matches/10950cab-5fec-415f-bd27-ba85e0397fa3/squads 200
2026-06-22 15:50:58 - POST /api/v1/matches/10950cab-5fec-415f-bd27-ba85e0397fa3/balls 201
2026-06-22 15:50:58 - POST /api/v1/matches/10950cab-5fec-415f-bd27-ba85e0397fa3/balls 201
2026-06-22 15:50:58 - POST /api/v1/matches/10950cab-5fec-415f-bd27-ba85e0397fa3/balls 201
2026-06-22 15:50:58 - POST /api/v1/matches/10950cab-5fec-415f-bd27-ba85e0397fa3/balls 201
2026-06-22 15:50:58 - POST /api/v1/matches/10950cab-5fec-415f-bd27-ba85e0397fa3/balls 201
2026-06-22 15:50:58 - GET /api/v1/matches/10950cab-5fec-415f-bd27-ba85e0397fa3/scorecard 200
2026-06-22 15:50:59 - POST /api/v1/auth/login 200
2026-06-22 15:50:59 - POST /api/v1/players/ 201
2026-06-22 15:50:59 - POST /api/v1/players/ 201
2026-06-22 15:50:59 - POST /api/v1/players/ 201
2026-06-22 15:50:59 - POST /api/v1/players/ 201
2026-06-22 15:50:59 - POST /api/v1/teams/ 201
2026-06-22 15:50:59 - POST /api/v1/teams/ 201
2026-06-22 15:50:59 - POST /api/v1/teams/e11400e6-9536-4541-8687-0da5cf245c56/players 200
2026-06-22 15:50:59 - POST /api/v1/teams/e11400e6-9536-4541-8687-0da5cf245c56/players 200
2026-06-22 15:50:59 - POST /api/v1/teams/0214ade1-82c9-41ab-85c8-0ef1044439fe/players 200
2026-06-22 15:50:59 - POST /api/v1/teams/0214ade1-82c9-41ab-85c8-0ef1044439fe/players 200
2026-06-22 15:50:59 - POST /api/v1/matches/ 201
2026-06-22 15:50:59 - POST /api/v1/matches/4c25475b-6151-4335-878e-5663f89cc609/toss 200
2026-06-22 15:50:59 - POST /api/v1/matches/4c25475b-6151-4335-878e-5663f89cc609/squads 200
2026-06-22 15:50:59 - POST /api/v1/matches/4c25475b-6151-4335-878e-5663f89cc609/squads 200
2026-06-22 15:50:59 - POST /api/v1/matches/4c25475b-6151-4335-878e-5663f89cc609/balls 201
2026-06-22 15:50:59 - POST /api/v1/matches/4c25475b-6151-4335-878e-5663f89cc609/balls 201
2026-06-22 15:50:59 - POST /api/v1/matches/4c25475b-6151-4335-878e-5663f89cc609/balls 201
2026-06-22 15:50:59 - POST /api/v1/matches/4c25475b-6151-4335-878e-5663f89cc609/balls 201
2026-06-22 15:50:59 - POST /api/v1/matches/4c25475b-6151-4335-878e-5663f89cc609/balls 201
2026-06-22 15:50:59 - POST /api/v1/matches/4c25475b-6151-4335-878e-5663f89cc609/balls 201
2026-06-22 15:50:59 - POST /api/v1/matches/4c25475b-6151-4335-878e-5663f89cc609/balls 201
2026-06-22 15:50:59 - GET /api/v1/matches/4c25475b-6151-4335-878e-5663f89cc609/scorecard 200
2026-06-22 15:51:01 - POST /api/v1/auth/signup 201
2026-06-22 15:51:01 - POST /api/v1/auth/login 200
2026-06-22 15:51:01 - POST /api/v1/auth/login 200
2026-06-22 15:51:01 - POST /api/v1/players/ 201
2026-06-22 15:51:01 - POST /api/v1/players/ 201
2026-06-22 15:51:01 - POST /api/v1/players/ 201
2026-06-22 15:51:01 - POST /api/v1/players/ 201
2026-06-22 15:51:01 - POST /api/v1/players/ 201
2026-06-22 15:51:01 - POST /api/v1/teams/ 201
2026-06-22 15:51:01 - POST /api/v1/teams/ 201
2026-06-22 15:51:01 - POST /api/v1/teams/0dd4c0d2-658b-4d90-aa4b-85ddaccf6f2e/players 200
2026-06-22 15:51:01 - POST /api/v1/teams/0dd4c0d2-658b-4d90-aa4b-85ddaccf6f2e/players 200
2026-06-22 15:51:01 - POST /api/v1/teams/0dd4c0d2-658b-4d90-aa4b-85ddaccf6f2e/players 200
2026-06-22 15:51:01 - POST /api/v1/teams/591130fa-fd64-470c-98d3-6c31a97b2b06/players 200
2026-06-22 15:51:01 - POST /api/v1/teams/591130fa-fd64-470c-98d3-6c31a97b2b06/players 200
2026-06-22 15:51:01 - POST /api/v1/matches/ 201
2026-06-22 15:51:01 - POST /api/v1/matches/cbca815e-2ccd-4a73-86e7-4aa1b7ef63da/toss 200
2026-06-22 15:51:01 - POST /api/v1/matches/cbca815e-2ccd-4a73-86e7-4aa1b7ef63da/squads 200
2026-06-22 15:51:01 - POST /api/v1/matches/cbca815e-2ccd-4a73-86e7-4aa1b7ef63da/squads 200
2026-06-22 15:51:01 - POST /api/v1/matches/cbca815e-2ccd-4a73-86e7-4aa1b7ef63da/balls 201
2026-06-22 15:51:01 - GET /api/v1/matches/cbca815e-2ccd-4a73-86e7-4aa1b7ef63da/live 200
2026-06-22 15:51:01 - POST /api/v1/matches/cbca815e-2ccd-4a73-86e7-4aa1b7ef63da/balls 201
2026-06-22 15:51:02 - GET /api/v1/matches/cbca815e-2ccd-4a73-86e7-4aa1b7ef63da/live 200
2026-06-22 15:51:02 - POST /api/v1/matches/cbca815e-2ccd-4a73-86e7-4aa1b7ef63da/balls 201
2026-06-22 15:51:02 - GET /api/v1/matches/cbca815e-2ccd-4a73-86e7-4aa1b7ef63da/live 200
2026-06-22 15:51:02 - POST /api/v1/matches/cbca815e-2ccd-4a73-86e7-4aa1b7ef63da/balls 201
2026-06-22 15:51:02 - GET /api/v1/matches/cbca815e-2ccd-4a73-86e7-4aa1b7ef63da/live 200
2026-06-22 15:51:02 - POST /api/v1/matches/cbca815e-2ccd-4a73-86e7-4aa1b7ef63da/undo 200
2026-06-22 15:51:02 - GET /api/v1/matches/cbca815e-2ccd-4a73-86e7-4aa1b7ef63da/live 200
2026-06-22 15:51:02 - GET /api/v1/auth/me 401
2026-06-22 15:51:02 - GET /api/v1/auth/me 401
2026-06-22 15:51:02 - POST /api/v1/auth/login 200
2026-06-22 15:51:02 - POST /api/v1/players/ 201
2026-06-22 15:51:02 - POST /api/v1/players/ 201
2026-06-22 15:51:02 - POST /api/v1/players/ 201
2026-06-22 15:51:02 - POST /api/v1/players/ 201
2026-06-22 15:51:02 - POST /api/v1/players/ 201
2026-06-22 15:51:02 - POST /api/v1/teams/ 201
2026-06-22 15:51:02 - POST /api/v1/teams/ 201
2026-06-22 15:51:02 - POST /api/v1/teams/6f6e2861-911b-4ca1-b377-5d7cf1e30f62/players 200
2026-06-22 15:51:02 - POST /api/v1/teams/6f6e2861-911b-4ca1-b377-5d7cf1e30f62/players 200
2026-06-22 15:51:02 - POST /api/v1/teams/6f6e2861-911b-4ca1-b377-5d7cf1e30f62/players 200
2026-06-22 15:51:02 - POST /api/v1/teams/9ab90bba-8502-4fcc-959a-2134719604c9/players 200
2026-06-22 15:51:02 - POST /api/v1/teams/9ab90bba-8502-4fcc-959a-2134719604c9/players 200
2026-06-22 15:51:02 - POST /api/v1/matches/ 201
2026-06-22 15:51:02 - POST /api/v1/matches/7d6a55d8-1561-4f89-983c-e726123db484/toss 200
2026-06-22 15:51:02 - POST /api/v1/matches/7d6a55d8-1561-4f89-983c-e726123db484/squads 200
2026-06-22 15:51:02 - POST /api/v1/matches/7d6a55d8-1561-4f89-983c-e726123db484/squads 200
2026-06-22 15:51:02 - POST /api/v1/matches/7d6a55d8-1561-4f89-983c-e726123db484/balls 201
2026-06-22 15:51:02 - GET /api/v1/matches/7d6a55d8-1561-4f89-983c-e726123db484/live 200
2026-06-22 15:51:02 - POST /api/v1/matches/7d6a55d8-1561-4f89-983c-e726123db484/balls 201
2026-06-22 15:51:02 - GET /api/v1/matches/7d6a55d8-1561-4f89-983c-e726123db484/live 200
2026-06-22 15:51:02 - POST /api/v1/matches/7d6a55d8-1561-4f89-983c-e726123db484/balls 201
2026-06-22 15:51:02 - GET /api/v1/matches/7d6a55d8-1561-4f89-983c-e726123db484/live 200
2026-06-22 15:51:02 - POST /api/v1/matches/7d6a55d8-1561-4f89-983c-e726123db484/balls 201
2026-06-22 15:51:02 - GET /api/v1/matches/7d6a55d8-1561-4f89-983c-e726123db484/live 200
2026-06-22 15:51:02 - POST /api/v1/matches/7d6a55d8-1561-4f89-983c-e726123db484/balls 201
2026-06-22 15:51:02 - GET /api/v1/matches/7d6a55d8-1561-4f89-983c-e726123db484/live 200
2026-06-22 15:51:02 - POST /api/v1/matches/7d6a55d8-1561-4f89-983c-e726123db484/balls 201
2026-06-22 15:51:02 - GET /api/v1/matches/7d6a55d8-1561-4f89-983c-e726123db484/live 200
2026-06-22 15:51:02 - POST /api/v1/matches/7d6a55d8-1561-4f89-983c-e726123db484/balls 201
2026-06-22 15:51:02 - GET /api/v1/matches/7d6a55d8-1561-4f89-983c-e726123db484/live 200
2026-06-22 15:51:02 - GET /api/v1/matches/7d6a55d8-1561-4f89-983c-e726123db484/scorecard 200
2026-06-22 15:51:04 - POST /api/v1/auth/signup 201
2026-06-22 15:51:05 - POST /api/v1/auth/signup 201
2026-06-22 15:51:06 - POST /api/v1/auth/signup 201
2026-06-22 15:51:07 - POST /api/v1/auth/login 200
2026-06-22 15:51:07 - POST /api/v1/auth/login 200
2026-06-22 15:51:07 - POST /api/v1/auth/login 200
2026-06-22 15:51:07 - POST /api/v1/teams/ 201
2026-06-22 15:51:07 - GET /api/v1/teams/my-teams 200
2026-06-22 15:51:07 - POST /api/v1/teams/356defad-ea55-4343-bc8f-c8571f6efd61/join-request 200
2026-06-22 15:51:07 - GET /api/v1/teams/my-teams 200
2026-06-22 15:51:07 - POST /api/v1/teams/356defad-ea55-4343-bc8f-c8571f6efd61/approve-request 403
2026-06-22 15:51:07 - POST /api/v1/teams/356defad-ea55-4343-bc8f-c8571f6efd61/approve-request 200
2026-06-22 15:51:07 - POST /api/v1/teams/356defad-ea55-4343-bc8f-c8571f6efd61/members 200
2026-06-22 15:51:07 - POST /api/v1/teams/356defad-ea55-4343-bc8f-c8571f6efd61/invitations/accept 200
2026-06-22 15:51:07 - GET /api/v1/teams/356defad-ea55-4343-bc8f-c8571f6efd61/members 200
2026-06-22 15:51:07 - DELETE /api/v1/teams/356defad-ea55-4343-bc8f-c8571f6efd61/members/1f5a3113-09ef-40b8-8200-90b610366485 204
2026-06-22 15:51:07 - GET /api/v1/teams/356defad-ea55-4343-bc8f-c8571f6efd61/members 200
2026-06-22 15:51:08 - POST /api/v1/auth/login 200
2026-06-22 15:51:08 - POST /api/v1/teams/ 201
2026-06-22 15:51:08 - POST /api/v1/auth/login 200
2026-06-22 15:51:08 - POST /api/v1/teams/023b13fb-47a0-4c6a-8886-86f89c983b7d/members 200
2026-06-22 15:51:08 - GET /api/v1/notifications/ 200
2026-06-22 15:51:08 - GET /api/v1/teams/my-invitations 200
2026-06-22 15:51:08 - POST /api/v1/notifications/2fb0209c-ec6d-4137-9319-899654f73127/read 200
2026-06-22 15:51:08 - POST /api/v1/teams/023b13fb-47a0-4c6a-8886-86f89c983b7d/invitations/accept 200
2026-06-22 15:51:08 - GET /api/v1/notifications/ 200
2026-06-22 15:51:09 - POST /api/v1/auth/login 200
2026-06-22 15:51:09 - POST /api/v1/teams/ 201
2026-06-22 15:51:09 - POST /api/v1/auth/login 200
2026-06-22 15:51:09 - POST /api/v1/teams/51047390-f553-477b-89f2-c500f07ac329/members 200
2026-06-22 15:51:09 - POST /api/v1/teams/51047390-f553-477b-89f2-c500f07ac329/invitations/reject 204
2026-06-22 15:51:09 - GET /api/v1/notifications/ 200
2026-06-22 15:51:10 - POST /api/v1/auth/login 200
2026-06-22 15:51:10 - POST /api/v1/teams/ 201
2026-06-22 15:51:10 - POST /api/v1/auth/login 200
2026-06-22 15:51:10 - POST /api/v1/teams/932a155c-a5e9-4ff3-b5b7-f842db3adc29/join-request 200
2026-06-22 15:51:10 - POST /api/v1/teams/932a155c-a5e9-4ff3-b5b7-f842db3adc29/reject-request 204
2026-06-22 15:51:10 - GET /api/v1/notifications/ 200
2026-06-22 15:51:11 - POST /api/v1/auth/login 200
2026-06-22 15:51:11 - POST /api/v1/teams/ 201
2026-06-22 15:51:11 - POST /api/v1/auth/login 200
2026-06-22 15:51:11 - PUT /api/v1/teams/58e39213-93ed-44f0-9d15-88dfad8c5073 403
2026-06-22 15:51:11 - DELETE /api/v1/teams/58e39213-93ed-44f0-9d15-88dfad8c5073 403
2026-06-22 15:51:11 - PUT /api/v1/teams/58e39213-93ed-44f0-9d15-88dfad8c5073 200
2026-06-22 15:51:11 - DELETE /api/v1/teams/58e39213-93ed-44f0-9d15-88dfad8c5073 204
2026-06-22 15:51:11 - GET /api/v1/teams/58e39213-93ed-44f0-9d15-88dfad8c5073 404
2026-06-22 15:51:12 - POST /api/v1/auth/login 200
2026-06-22 15:51:12 - GET /api/v1/notifications/ 200
2026-06-22 15:51:12 - POST /api/v1/notifications/read-all 204
2026-06-22 15:51:12 - GET /api/v1/notifications/ 200
2026-06-22 15:51:12 - POST /api/v1/auth/login 200
2026-06-22 15:51:12 - POST /api/v1/tournaments/ 201
2026-06-22 15:51:12 - POST /api/v1/players/ 201
2026-06-22 15:51:12 - POST /api/v1/players/ 201
2026-06-22 15:51:12 - POST /api/v1/players/ 201
2026-06-22 15:51:12 - POST /api/v1/players/ 201
2026-06-22 15:51:12 - POST /api/v1/teams/ 201
2026-06-22 15:51:12 - POST /api/v1/teams/8be97c03-70bf-443d-a14b-efc96d1bf9b1/players 200
2026-06-22 15:51:12 - POST /api/v1/teams/8be97c03-70bf-443d-a14b-efc96d1bf9b1/players 200
2026-06-22 15:51:12 - POST /api/v1/teams/8be97c03-70bf-443d-a14b-efc96d1bf9b1/players 200
2026-06-22 15:51:12 - POST /api/v1/teams/8be97c03-70bf-443d-a14b-efc96d1bf9b1/players 200
2026-06-22 15:51:12 - POST /api/v1/tournaments/370f70ca-ea9a-4e82-b3fa-7aab20839428/teams 400
2026-06-22 15:51:12 - POST /api/v1/players/ 201
2026-06-22 15:51:12 - POST /api/v1/teams/8be97c03-70bf-443d-a14b-efc96d1bf9b1/players 200
2026-06-22 15:51:12 - POST /api/v1/tournaments/370f70ca-ea9a-4e82-b3fa-7aab20839428/teams 200
2026-06-22 15:51:12 - DELETE /api/v1/tournaments/370f70ca-ea9a-4e82-b3fa-7aab20839428/teams/8be97c03-70bf-443d-a14b-efc96d1bf9b1 200
2026-06-22 15:51:13 - POST /api/v1/auth/login 200
2026-06-22 15:51:13 - POST /api/v1/teams/ 201
2026-06-22 15:51:13 - POST /api/v1/players/ 201
2026-06-22 15:51:13 - POST /api/v1/teams/5a84bce3-dff4-4e94-9181-627bf69f131c/players 200
2026-06-22 15:51:13 - POST /api/v1/players/ 201
2026-06-22 15:51:13 - POST /api/v1/teams/5a84bce3-dff4-4e94-9181-627bf69f131c/players 200
2026-06-22 15:51:13 - POST /api/v1/players/ 201
2026-06-22 15:51:13 - POST /api/v1/teams/5a84bce3-dff4-4e94-9181-627bf69f131c/players 200
2026-06-22 15:51:13 - POST /api/v1/players/ 201
2026-06-22 15:51:13 - POST /api/v1/teams/5a84bce3-dff4-4e94-9181-627bf69f131c/players 200
2026-06-22 15:51:13 - POST /api/v1/players/ 201
2026-06-22 15:51:13 - POST /api/v1/teams/5a84bce3-dff4-4e94-9181-627bf69f131c/players 200
2026-06-22 15:51:13 - POST /api/v1/teams/ 201
2026-06-22 15:51:13 - POST /api/v1/players/ 201
2026-06-22 15:51:13 - POST /api/v1/teams/985c167c-898d-46f0-9169-fd28d57b8534/players 200
2026-06-22 15:51:13 - POST /api/v1/players/ 201
2026-06-22 15:51:13 - POST /api/v1/teams/985c167c-898d-46f0-9169-fd28d57b8534/players 200
2026-06-22 15:51:13 - POST /api/v1/players/ 201
2026-06-22 15:51:13 - POST /api/v1/teams/985c167c-898d-46f0-9169-fd28d57b8534/players 200
2026-06-22 15:51:13 - POST /api/v1/players/ 201
2026-06-22 15:51:13 - POST /api/v1/teams/985c167c-898d-46f0-9169-fd28d57b8534/players 200
2026-06-22 15:51:13 - POST /api/v1/players/ 201
2026-06-22 15:51:13 - POST /api/v1/teams/985c167c-898d-46f0-9169-fd28d57b8534/players 200
2026-06-22 15:51:13 - POST /api/v1/tournaments/ 201
2026-06-22 15:51:13 - POST /api/v1/tournaments/30fc615b-d4fb-49e9-ba82-c1fd11b2f378/teams 200
2026-06-22 15:51:13 - POST /api/v1/tournaments/30fc615b-d4fb-49e9-ba82-c1fd11b2f378/teams 200
2026-06-22 15:51:13 - POST /api/v1/tournaments/30fc615b-d4fb-49e9-ba82-c1fd11b2f378/fixtures/generate 201
2026-06-22 15:51:13 - GET /api/v1/tournaments/30fc615b-d4fb-49e9-ba82-c1fd11b2f378/dashboard 200
2026-06-22 15:51:13 - POST /api/v1/matches/6bf9a16e-223e-4c8f-9448-91c0cf40c025/toss 200
2026-06-22 15:51:13 - GET /api/v1/teams/5a84bce3-dff4-4e94-9181-627bf69f131c 200
2026-06-22 15:51:13 - GET /api/v1/teams/985c167c-898d-46f0-9169-fd28d57b8534 200
2026-06-22 15:51:13 - POST /api/v1/matches/6bf9a16e-223e-4c8f-9448-91c0cf40c025/squads 200
2026-06-22 15:51:13 - POST /api/v1/matches/6bf9a16e-223e-4c8f-9448-91c0cf40c025/squads 200
2026-06-22 15:51:13 - POST /api/v1/matches/6bf9a16e-223e-4c8f-9448-91c0cf40c025/balls 201
2026-06-22 15:51:13 - POST /api/v1/matches/6bf9a16e-223e-4c8f-9448-91c0cf40c025/balls 201
2026-06-22 15:51:13 - POST /api/v1/matches/6bf9a16e-223e-4c8f-9448-91c0cf40c025/balls 201
2026-06-22 15:51:13 - POST /api/v1/matches/6bf9a16e-223e-4c8f-9448-91c0cf40c025/balls 201
2026-06-22 15:51:13 - POST /api/v1/matches/6bf9a16e-223e-4c8f-9448-91c0cf40c025/balls 201
2026-06-22 15:51:13 - POST /api/v1/matches/6bf9a16e-223e-4c8f-9448-91c0cf40c025/balls 201
2026-06-22 15:51:13 - POST /api/v1/matches/6bf9a16e-223e-4c8f-9448-91c0cf40c025/balls 201
2026-06-22 15:51:13 - POST /api/v1/matches/6bf9a16e-223e-4c8f-9448-91c0cf40c025/balls 201
2026-06-22 15:51:13 - POST /api/v1/matches/6bf9a16e-223e-4c8f-9448-91c0cf40c025/balls 201
2026-06-22 15:51:13 - GET /api/v1/tournaments/30fc615b-d4fb-49e9-ba82-c1fd11b2f378/points-table 200
2026-06-22 15:51:13 - GET /api/v1/tournaments/30fc615b-d4fb-49e9-ba82-c1fd11b2f378/leaderboards 200
2026-06-22 15:51:14 - POST /api/v1/auth/login 200
2026-06-22 15:51:14 - POST /api/v1/teams/ 201
2026-06-22 15:51:14 - POST /api/v1/players/ 201
2026-06-22 15:51:14 - POST /api/v1/teams/b577a8a4-7ad4-4b2d-9aff-94a78a6aecca/players 200
2026-06-22 15:51:14 - POST /api/v1/players/ 201
2026-06-22 15:51:14 - POST /api/v1/teams/b577a8a4-7ad4-4b2d-9aff-94a78a6aecca/players 200
2026-06-22 15:51:14 - POST /api/v1/players/ 201
2026-06-22 15:51:14 - POST /api/v1/teams/b577a8a4-7ad4-4b2d-9aff-94a78a6aecca/players 200
2026-06-22 15:51:14 - POST /api/v1/players/ 201
2026-06-22 15:51:14 - POST /api/v1/teams/b577a8a4-7ad4-4b2d-9aff-94a78a6aecca/players 200
2026-06-22 15:51:14 - POST /api/v1/players/ 201
2026-06-22 15:51:14 - POST /api/v1/teams/b577a8a4-7ad4-4b2d-9aff-94a78a6aecca/players 200
2026-06-22 15:51:14 - POST /api/v1/teams/ 201
2026-06-22 15:51:14 - POST /api/v1/players/ 201
2026-06-22 15:51:14 - POST /api/v1/teams/0df2f37d-bb18-48ed-800d-4f078fd776ca/players 200
2026-06-22 15:51:14 - POST /api/v1/players/ 201
2026-06-22 15:51:14 - POST /api/v1/teams/0df2f37d-bb18-48ed-800d-4f078fd776ca/players 200
2026-06-22 15:51:14 - POST /api/v1/players/ 201
2026-06-22 15:51:14 - POST /api/v1/teams/0df2f37d-bb18-48ed-800d-4f078fd776ca/players 200
2026-06-22 15:51:14 - POST /api/v1/players/ 201
2026-06-22 15:51:14 - POST /api/v1/teams/0df2f37d-bb18-48ed-800d-4f078fd776ca/players 200
2026-06-22 15:51:14 - POST /api/v1/players/ 201
2026-06-22 15:51:14 - POST /api/v1/teams/0df2f37d-bb18-48ed-800d-4f078fd776ca/players 200
2026-06-22 15:51:14 - POST /api/v1/teams/ 201
2026-06-22 15:51:14 - POST /api/v1/players/ 201
2026-06-22 15:51:14 - POST /api/v1/teams/91384242-de4c-4608-b43e-8e9ee4349ebd/players 200
2026-06-22 15:51:14 - POST /api/v1/players/ 201
2026-06-22 15:51:14 - POST /api/v1/teams/91384242-de4c-4608-b43e-8e9ee4349ebd/players 200
2026-06-22 15:51:14 - POST /api/v1/players/ 201
2026-06-22 15:51:14 - POST /api/v1/teams/91384242-de4c-4608-b43e-8e9ee4349ebd/players 200
2026-06-22 15:51:14 - POST /api/v1/players/ 201
2026-06-22 15:51:14 - POST /api/v1/teams/91384242-de4c-4608-b43e-8e9ee4349ebd/players 200
2026-06-22 15:51:14 - POST /api/v1/players/ 201
2026-06-22 15:51:14 - POST /api/v1/teams/91384242-de4c-4608-b43e-8e9ee4349ebd/players 200
2026-06-22 15:51:14 - POST /api/v1/teams/ 201
2026-06-22 15:51:14 - POST /api/v1/players/ 201
2026-06-22 15:51:14 - POST /api/v1/teams/9156c445-8ed7-4470-bdf6-8baee65520c2/players 200
2026-06-22 15:51:14 - POST /api/v1/players/ 201
2026-06-22 15:51:14 - POST /api/v1/teams/9156c445-8ed7-4470-bdf6-8baee65520c2/players 200
2026-06-22 15:51:14 - POST /api/v1/players/ 201
2026-06-22 15:51:14 - POST /api/v1/teams/9156c445-8ed7-4470-bdf6-8baee65520c2/players 200
2026-06-22 15:51:14 - POST /api/v1/players/ 201
2026-06-22 15:51:14 - POST /api/v1/teams/9156c445-8ed7-4470-bdf6-8baee65520c2/players 200
2026-06-22 15:51:14 - POST /api/v1/players/ 201
2026-06-22 15:51:14 - POST /api/v1/teams/9156c445-8ed7-4470-bdf6-8baee65520c2/players 200
2026-06-22 15:51:14 - POST /api/v1/tournaments/ 201
2026-06-22 15:51:14 - POST /api/v1/tournaments/6254de51-d72f-44a3-94cb-6ec149e69d7d/teams 200
2026-06-22 15:51:14 - POST /api/v1/tournaments/6254de51-d72f-44a3-94cb-6ec149e69d7d/teams 200
2026-06-22 15:51:14 - POST /api/v1/tournaments/6254de51-d72f-44a3-94cb-6ec149e69d7d/teams 200
2026-06-22 15:51:14 - POST /api/v1/tournaments/6254de51-d72f-44a3-94cb-6ec149e69d7d/teams 200
2026-06-22 15:51:14 - POST /api/v1/tournaments/6254de51-d72f-44a3-94cb-6ec149e69d7d/fixtures/generate 201
2026-06-22 15:51:14 - GET /api/v1/tournaments/6254de51-d72f-44a3-94cb-6ec149e69d7d/dashboard 200
2026-06-22 15:51:14 - GET /api/v1/tournaments/6254de51-d72f-44a3-94cb-6ec149e69d7d/dashboard 200
2026-06-22 15:51:14 - POST /api/v1/matches/d60b2d0f-aee1-4138-b23e-0d769e1ab744/toss 200
2026-06-22 15:51:14 - GET /api/v1/teams/0df2f37d-bb18-48ed-800d-4f078fd776ca 200
2026-06-22 15:51:14 - GET /api/v1/teams/91384242-de4c-4608-b43e-8e9ee4349ebd 200
2026-06-22 15:51:14 - POST /api/v1/matches/d60b2d0f-aee1-4138-b23e-0d769e1ab744/squads 200
2026-06-22 15:51:14 - POST /api/v1/matches/d60b2d0f-aee1-4138-b23e-0d769e1ab744/squads 200
2026-06-22 15:51:14 - POST /api/v1/matches/d60b2d0f-aee1-4138-b23e-0d769e1ab744/balls 201
2026-06-22 15:51:14 - POST /api/v1/matches/d60b2d0f-aee1-4138-b23e-0d769e1ab744/balls 201
2026-06-22 15:51:14 - POST /api/v1/matches/d60b2d0f-aee1-4138-b23e-0d769e1ab744/balls 201
2026-06-22 15:51:14 - POST /api/v1/matches/d60b2d0f-aee1-4138-b23e-0d769e1ab744/balls 201
2026-06-22 15:51:14 - POST /api/v1/matches/d60b2d0f-aee1-4138-b23e-0d769e1ab744/balls 201
2026-06-22 15:51:14 - POST /api/v1/matches/d60b2d0f-aee1-4138-b23e-0d769e1ab744/balls 201
2026-06-22 15:51:14 - POST /api/v1/matches/d60b2d0f-aee1-4138-b23e-0d769e1ab744/balls 201
2026-06-22 15:51:14 - POST /api/v1/matches/d60b2d0f-aee1-4138-b23e-0d769e1ab744/balls 201
2026-06-22 15:51:14 - POST /api/v1/matches/d60b2d0f-aee1-4138-b23e-0d769e1ab744/balls 201
2026-06-22 15:51:14 - POST /api/v1/matches/d60b2d0f-aee1-4138-b23e-0d769e1ab744/balls 201
2026-06-22 15:51:14 - POST /api/v1/matches/d60b2d0f-aee1-4138-b23e-0d769e1ab744/balls 201
2026-06-22 15:51:14 - POST /api/v1/matches/d60b2d0f-aee1-4138-b23e-0d769e1ab744/balls 201
2026-06-22 15:51:14 - POST /api/v1/matches/48fc4aca-f887-4222-ab81-68b45baa7b2b/toss 200
2026-06-22 15:51:14 - GET /api/v1/teams/0df2f37d-bb18-48ed-800d-4f078fd776ca 200
2026-06-22 15:51:14 - GET /api/v1/teams/9156c445-8ed7-4470-bdf6-8baee65520c2 200
2026-06-22 15:51:14 - POST /api/v1/matches/48fc4aca-f887-4222-ab81-68b45baa7b2b/squads 200
2026-06-22 15:51:14 - POST /api/v1/matches/48fc4aca-f887-4222-ab81-68b45baa7b2b/squads 200
2026-06-22 15:51:14 - POST /api/v1/matches/48fc4aca-f887-4222-ab81-68b45baa7b2b/balls 201
2026-06-22 15:51:14 - POST /api/v1/matches/48fc4aca-f887-4222-ab81-68b45baa7b2b/balls 201
2026-06-22 15:51:14 - POST /api/v1/matches/48fc4aca-f887-4222-ab81-68b45baa7b2b/balls 201
2026-06-22 15:51:14 - POST /api/v1/matches/48fc4aca-f887-4222-ab81-68b45baa7b2b/balls 201
2026-06-22 15:51:14 - POST /api/v1/matches/48fc4aca-f887-4222-ab81-68b45baa7b2b/balls 201
2026-06-22 15:51:14 - POST /api/v1/matches/48fc4aca-f887-4222-ab81-68b45baa7b2b/balls 201
2026-06-22 15:51:14 - POST /api/v1/matches/48fc4aca-f887-4222-ab81-68b45baa7b2b/balls 201
2026-06-22 15:51:14 - POST /api/v1/matches/48fc4aca-f887-4222-ab81-68b45baa7b2b/balls 201
2026-06-22 15:51:14 - POST /api/v1/matches/48fc4aca-f887-4222-ab81-68b45baa7b2b/balls 201
2026-06-22 15:51:14 - POST /api/v1/matches/48fc4aca-f887-4222-ab81-68b45baa7b2b/balls 201
2026-06-22 15:51:14 - POST /api/v1/matches/48fc4aca-f887-4222-ab81-68b45baa7b2b/balls 201
2026-06-22 15:51:14 - POST /api/v1/matches/48fc4aca-f887-4222-ab81-68b45baa7b2b/balls 201
2026-06-22 15:51:14 - POST /api/v1/matches/45ea2636-4b0d-40fa-8be7-077d9d8face1/toss 200
2026-06-22 15:51:14 - GET /api/v1/teams/b577a8a4-7ad4-4b2d-9aff-94a78a6aecca 200
2026-06-22 15:51:14 - GET /api/v1/teams/0df2f37d-bb18-48ed-800d-4f078fd776ca 200
2026-06-22 15:51:14 - POST /api/v1/matches/45ea2636-4b0d-40fa-8be7-077d9d8face1/squads 200
2026-06-22 15:51:14 - POST /api/v1/matches/45ea2636-4b0d-40fa-8be7-077d9d8face1/squads 200
2026-06-22 15:51:14 - POST /api/v1/matches/45ea2636-4b0d-40fa-8be7-077d9d8face1/balls 201
2026-06-22 15:51:14 - POST /api/v1/matches/45ea2636-4b0d-40fa-8be7-077d9d8face1/balls 201
2026-06-22 15:51:14 - POST /api/v1/matches/45ea2636-4b0d-40fa-8be7-077d9d8face1/balls 201
2026-06-22 15:51:14 - POST /api/v1/matches/45ea2636-4b0d-40fa-8be7-077d9d8face1/balls 201
2026-06-22 15:51:14 - POST /api/v1/matches/45ea2636-4b0d-40fa-8be7-077d9d8face1/balls 201
2026-06-22 15:51:14 - POST /api/v1/matches/45ea2636-4b0d-40fa-8be7-077d9d8face1/balls 201
2026-06-22 15:51:14 - POST /api/v1/matches/45ea2636-4b0d-40fa-8be7-077d9d8face1/balls 201
2026-06-22 15:51:14 - POST /api/v1/matches/45ea2636-4b0d-40fa-8be7-077d9d8face1/balls 201
2026-06-22 15:51:14 - POST /api/v1/matches/45ea2636-4b0d-40fa-8be7-077d9d8face1/balls 201
2026-06-22 15:51:14 - POST /api/v1/matches/45ea2636-4b0d-40fa-8be7-077d9d8face1/balls 201
2026-06-22 15:51:14 - POST /api/v1/matches/45ea2636-4b0d-40fa-8be7-077d9d8face1/balls 201
2026-06-22 15:51:14 - POST /api/v1/matches/45ea2636-4b0d-40fa-8be7-077d9d8face1/balls 201
2026-06-22 15:51:14 - POST /api/v1/matches/d02bf06d-feb2-4ce2-97f6-1835441c91aa/toss 200
2026-06-22 15:51:14 - GET /api/v1/teams/91384242-de4c-4608-b43e-8e9ee4349ebd 200
2026-06-22 15:51:14 - GET /api/v1/teams/9156c445-8ed7-4470-bdf6-8baee65520c2 200
2026-06-22 15:51:14 - POST /api/v1/matches/d02bf06d-feb2-4ce2-97f6-1835441c91aa/squads 200
2026-06-22 15:51:14 - POST /api/v1/matches/d02bf06d-feb2-4ce2-97f6-1835441c91aa/squads 200
2026-06-22 15:51:14 - POST /api/v1/matches/d02bf06d-feb2-4ce2-97f6-1835441c91aa/balls 201
2026-06-22 15:51:14 - POST /api/v1/matches/d02bf06d-feb2-4ce2-97f6-1835441c91aa/balls 201
2026-06-22 15:51:14 - POST /api/v1/matches/d02bf06d-feb2-4ce2-97f6-1835441c91aa/balls 201
2026-06-22 15:51:14 - POST /api/v1/matches/d02bf06d-feb2-4ce2-97f6-1835441c91aa/balls 201
2026-06-22 15:51:14 - POST /api/v1/matches/d02bf06d-feb2-4ce2-97f6-1835441c91aa/balls 201
2026-06-22 15:51:14 - POST /api/v1/matches/d02bf06d-feb2-4ce2-97f6-1835441c91aa/balls 201
2026-06-22 15:51:14 - POST /api/v1/matches/d02bf06d-feb2-4ce2-97f6-1835441c91aa/balls 201
2026-06-22 15:51:14 - POST /api/v1/matches/d02bf06d-feb2-4ce2-97f6-1835441c91aa/balls 201
2026-06-22 15:51:14 - POST /api/v1/matches/d02bf06d-feb2-4ce2-97f6-1835441c91aa/balls 201
2026-06-22 15:51:14 - POST /api/v1/matches/d02bf06d-feb2-4ce2-97f6-1835441c91aa/balls 201
2026-06-22 15:51:14 - POST /api/v1/matches/d02bf06d-feb2-4ce2-97f6-1835441c91aa/balls 201
2026-06-22 15:51:14 - POST /api/v1/matches/d02bf06d-feb2-4ce2-97f6-1835441c91aa/balls 201
2026-06-22 15:51:14 - POST /api/v1/matches/6a45992c-9e8f-4250-ab87-43db3956febb/toss 200
2026-06-22 15:51:14 - GET /api/v1/teams/b577a8a4-7ad4-4b2d-9aff-94a78a6aecca 200
2026-06-22 15:51:14 - GET /api/v1/teams/91384242-de4c-4608-b43e-8e9ee4349ebd 200
2026-06-22 15:51:14 - POST /api/v1/matches/6a45992c-9e8f-4250-ab87-43db3956febb/squads 200
2026-06-22 15:51:14 - POST /api/v1/matches/6a45992c-9e8f-4250-ab87-43db3956febb/squads 200
2026-06-22 15:51:14 - POST /api/v1/matches/6a45992c-9e8f-4250-ab87-43db3956febb/balls 201
2026-06-22 15:51:15 - POST /api/v1/matches/6a45992c-9e8f-4250-ab87-43db3956febb/balls 201
2026-06-22 15:51:15 - POST /api/v1/matches/6a45992c-9e8f-4250-ab87-43db3956febb/balls 201
2026-06-22 15:51:15 - POST /api/v1/matches/6a45992c-9e8f-4250-ab87-43db3956febb/balls 201
2026-06-22 15:51:15 - POST /api/v1/matches/6a45992c-9e8f-4250-ab87-43db3956febb/balls 201
2026-06-22 15:51:15 - POST /api/v1/matches/6a45992c-9e8f-4250-ab87-43db3956febb/balls 201
2026-06-22 15:51:15 - POST /api/v1/matches/6a45992c-9e8f-4250-ab87-43db3956febb/balls 201
2026-06-22 15:51:15 - POST /api/v1/matches/6a45992c-9e8f-4250-ab87-43db3956febb/balls 201
2026-06-22 15:51:15 - POST /api/v1/matches/6a45992c-9e8f-4250-ab87-43db3956febb/balls 201
2026-06-22 15:51:15 - POST /api/v1/matches/6a45992c-9e8f-4250-ab87-43db3956febb/balls 201
2026-06-22 15:51:15 - POST /api/v1/matches/6a45992c-9e8f-4250-ab87-43db3956febb/balls 201
2026-06-22 15:51:15 - POST /api/v1/matches/6a45992c-9e8f-4250-ab87-43db3956febb/balls 201
2026-06-22 15:51:15 - POST /api/v1/matches/18423cc5-b841-40dd-9d6f-365d05f6b536/toss 200
2026-06-22 15:51:15 - GET /api/v1/teams/b577a8a4-7ad4-4b2d-9aff-94a78a6aecca 200
2026-06-22 15:51:15 - GET /api/v1/teams/9156c445-8ed7-4470-bdf6-8baee65520c2 200
2026-06-22 15:51:15 - POST /api/v1/matches/18423cc5-b841-40dd-9d6f-365d05f6b536/squads 200
2026-06-22 15:51:15 - POST /api/v1/matches/18423cc5-b841-40dd-9d6f-365d05f6b536/squads 200
2026-06-22 15:51:15 - POST /api/v1/matches/18423cc5-b841-40dd-9d6f-365d05f6b536/balls 201
2026-06-22 15:51:15 - POST /api/v1/matches/18423cc5-b841-40dd-9d6f-365d05f6b536/balls 201
2026-06-22 15:51:15 - POST /api/v1/matches/18423cc5-b841-40dd-9d6f-365d05f6b536/balls 201
2026-06-22 15:51:15 - POST /api/v1/matches/18423cc5-b841-40dd-9d6f-365d05f6b536/balls 201
2026-06-22 15:51:15 - POST /api/v1/matches/18423cc5-b841-40dd-9d6f-365d05f6b536/balls 201
2026-06-22 15:51:15 - POST /api/v1/matches/18423cc5-b841-40dd-9d6f-365d05f6b536/balls 201
2026-06-22 15:51:15 - POST /api/v1/matches/18423cc5-b841-40dd-9d6f-365d05f6b536/balls 201
2026-06-22 15:51:15 - POST /api/v1/matches/18423cc5-b841-40dd-9d6f-365d05f6b536/balls 201
2026-06-22 15:51:15 - POST /api/v1/matches/18423cc5-b841-40dd-9d6f-365d05f6b536/balls 201
2026-06-22 15:51:15 - POST /api/v1/matches/18423cc5-b841-40dd-9d6f-365d05f6b536/balls 201
2026-06-22 15:51:15 - POST /api/v1/matches/18423cc5-b841-40dd-9d6f-365d05f6b536/balls 201
2026-06-22 15:51:15 - POST /api/v1/matches/18423cc5-b841-40dd-9d6f-365d05f6b536/balls 201
2026-06-22 15:51:15 - GET /api/v1/tournaments/6254de51-d72f-44a3-94cb-6ec149e69d7d/dashboard 200
2026-06-22 15:51:15 - POST /api/v1/matches/22ce2de3-e98e-44ec-aec3-e9b088d7417f/toss 200
2026-06-22 15:51:15 - GET /api/v1/teams/b577a8a4-7ad4-4b2d-9aff-94a78a6aecca 200
2026-06-22 15:51:15 - GET /api/v1/teams/9156c445-8ed7-4470-bdf6-8baee65520c2 200
2026-06-22 15:51:15 - POST /api/v1/matches/22ce2de3-e98e-44ec-aec3-e9b088d7417f/squads 200
2026-06-22 15:51:15 - POST /api/v1/matches/22ce2de3-e98e-44ec-aec3-e9b088d7417f/squads 200
2026-06-22 15:51:15 - POST /api/v1/matches/22ce2de3-e98e-44ec-aec3-e9b088d7417f/balls 201
2026-06-22 15:51:15 - POST /api/v1/matches/22ce2de3-e98e-44ec-aec3-e9b088d7417f/balls 201
2026-06-22 15:51:15 - POST /api/v1/matches/22ce2de3-e98e-44ec-aec3-e9b088d7417f/balls 201
2026-06-22 15:51:15 - POST /api/v1/matches/22ce2de3-e98e-44ec-aec3-e9b088d7417f/balls 201
2026-06-22 15:51:15 - POST /api/v1/matches/22ce2de3-e98e-44ec-aec3-e9b088d7417f/balls 201
2026-06-22 15:51:15 - POST /api/v1/matches/22ce2de3-e98e-44ec-aec3-e9b088d7417f/balls 201
2026-06-22 15:51:15 - POST /api/v1/matches/22ce2de3-e98e-44ec-aec3-e9b088d7417f/balls 201
2026-06-22 15:51:15 - POST /api/v1/matches/22ce2de3-e98e-44ec-aec3-e9b088d7417f/balls 201
2026-06-22 15:51:15 - POST /api/v1/matches/22ce2de3-e98e-44ec-aec3-e9b088d7417f/balls 201
2026-06-22 15:51:15 - POST /api/v1/matches/22ce2de3-e98e-44ec-aec3-e9b088d7417f/balls 201
2026-06-22 15:51:15 - POST /api/v1/matches/22ce2de3-e98e-44ec-aec3-e9b088d7417f/balls 201
2026-06-22 15:51:15 - POST /api/v1/matches/22ce2de3-e98e-44ec-aec3-e9b088d7417f/balls 201
2026-06-22 15:51:15 - POST /api/v1/matches/29936438-17a0-470e-b0e3-d45f16785e90/toss 200
2026-06-22 15:51:15 - GET /api/v1/teams/0df2f37d-bb18-48ed-800d-4f078fd776ca 200
2026-06-22 15:51:15 - GET /api/v1/teams/91384242-de4c-4608-b43e-8e9ee4349ebd 200
2026-06-22 15:51:15 - POST /api/v1/matches/29936438-17a0-470e-b0e3-d45f16785e90/squads 200
2026-06-22 15:51:15 - POST /api/v1/matches/29936438-17a0-470e-b0e3-d45f16785e90/squads 200
2026-06-22 15:51:15 - POST /api/v1/matches/29936438-17a0-470e-b0e3-d45f16785e90/balls 201
2026-06-22 15:51:15 - POST /api/v1/matches/29936438-17a0-470e-b0e3-d45f16785e90/balls 201
2026-06-22 15:51:15 - POST /api/v1/matches/29936438-17a0-470e-b0e3-d45f16785e90/balls 201
2026-06-22 15:51:15 - POST /api/v1/matches/29936438-17a0-470e-b0e3-d45f16785e90/balls 201
2026-06-22 15:51:15 - POST /api/v1/matches/29936438-17a0-470e-b0e3-d45f16785e90/balls 201
2026-06-22 15:51:15 - POST /api/v1/matches/29936438-17a0-470e-b0e3-d45f16785e90/balls 201
2026-06-22 15:51:15 - POST /api/v1/matches/29936438-17a0-470e-b0e3-d45f16785e90/balls 201
2026-06-22 15:51:15 - POST /api/v1/matches/29936438-17a0-470e-b0e3-d45f16785e90/balls 201
2026-06-22 15:51:15 - POST /api/v1/matches/29936438-17a0-470e-b0e3-d45f16785e90/balls 201
2026-06-22 15:51:15 - POST /api/v1/matches/29936438-17a0-470e-b0e3-d45f16785e90/balls 201
2026-06-22 15:51:15 - POST /api/v1/matches/29936438-17a0-470e-b0e3-d45f16785e90/balls 201
2026-06-22 15:51:15 - POST /api/v1/matches/29936438-17a0-470e-b0e3-d45f16785e90/balls 201
2026-06-22 15:51:15 - GET /api/v1/tournaments/6254de51-d72f-44a3-94cb-6ec149e69d7d/dashboard 200
2026-06-22 15:51:15 - POST /api/v1/matches/53059993-972c-4e7e-b6b7-cdf4720e3fec/toss 200
2026-06-22 15:51:15 - GET /api/v1/teams/b577a8a4-7ad4-4b2d-9aff-94a78a6aecca 200
2026-06-22 15:51:15 - GET /api/v1/teams/0df2f37d-bb18-48ed-800d-4f078fd776ca 200
2026-06-22 15:51:15 - POST /api/v1/matches/53059993-972c-4e7e-b6b7-cdf4720e3fec/squads 200
2026-06-22 15:51:15 - POST /api/v1/matches/53059993-972c-4e7e-b6b7-cdf4720e3fec/squads 200
2026-06-22 15:51:15 - POST /api/v1/matches/53059993-972c-4e7e-b6b7-cdf4720e3fec/balls 201
2026-06-22 15:51:15 - POST /api/v1/matches/53059993-972c-4e7e-b6b7-cdf4720e3fec/balls 201
2026-06-22 15:51:15 - POST /api/v1/matches/53059993-972c-4e7e-b6b7-cdf4720e3fec/balls 201
2026-06-22 15:51:15 - POST /api/v1/matches/53059993-972c-4e7e-b6b7-cdf4720e3fec/balls 201
2026-06-22 15:51:15 - POST /api/v1/matches/53059993-972c-4e7e-b6b7-cdf4720e3fec/balls 201
2026-06-22 15:51:15 - POST /api/v1/matches/53059993-972c-4e7e-b6b7-cdf4720e3fec/balls 201
2026-06-22 15:51:15 - POST /api/v1/matches/53059993-972c-4e7e-b6b7-cdf4720e3fec/balls 201
2026-06-22 15:51:15 - POST /api/v1/matches/53059993-972c-4e7e-b6b7-cdf4720e3fec/balls 201
2026-06-22 15:51:15 - POST /api/v1/matches/53059993-972c-4e7e-b6b7-cdf4720e3fec/balls 201
2026-06-22 15:51:15 - POST /api/v1/matches/53059993-972c-4e7e-b6b7-cdf4720e3fec/balls 201
2026-06-22 15:51:15 - POST /api/v1/matches/53059993-972c-4e7e-b6b7-cdf4720e3fec/balls 201
2026-06-22 15:51:15 - POST /api/v1/matches/53059993-972c-4e7e-b6b7-cdf4720e3fec/balls 201
2026-06-22 15:51:15 - GET /api/v1/tournaments/6254de51-d72f-44a3-94cb-6ec149e69d7d/dashboard 200
2026-06-25 08:33:33 - POST /api/v1/auth/signup 422
2026-06-25 08:33:33 - POST /api/v1/auth/signup 422
2026-06-25 08:33:33 - POST /api/v1/auth/signup 422
2026-06-25 08:34:01 - POST /api/v1/auth/signup 201
2026-06-25 08:34:01 - POST /api/v1/auth/signup 201
2026-06-25 08:34:01 - POST /api/v1/auth/signup 201
2026-06-25 08:34:02 - POST /api/v1/auth/login 200
2026-06-25 08:34:02 - POST /api/v1/auth/login 200
2026-06-25 08:34:02 - POST /api/v1/auth/login 200
2026-06-25 08:34:02 - POST /api/v1/teams/ 201
2026-06-25 08:34:02 - GET /api/v1/teams/my-teams 200
2026-06-25 08:34:02 - POST /api/v1/teams/d7f42ce2-065c-4c21-bf28-a53fac575c14/join-request 200
2026-06-25 08:34:02 - GET /api/v1/teams/my-teams 200
2026-06-25 08:34:02 - POST /api/v1/teams/d7f42ce2-065c-4c21-bf28-a53fac575c14/approve-request 403
2026-06-25 08:34:02 - POST /api/v1/teams/d7f42ce2-065c-4c21-bf28-a53fac575c14/approve-request 200
2026-06-25 08:34:02 - POST /api/v1/teams/d7f42ce2-065c-4c21-bf28-a53fac575c14/members 200
2026-06-25 08:34:02 - POST /api/v1/teams/d7f42ce2-065c-4c21-bf28-a53fac575c14/invitations/accept 200
2026-06-25 08:34:02 - GET /api/v1/teams/d7f42ce2-065c-4c21-bf28-a53fac575c14/members 200
2026-06-25 08:34:02 - DELETE /api/v1/teams/d7f42ce2-065c-4c21-bf28-a53fac575c14/members/1a8110ec-512b-48ab-8b57-7cf291352056 204
2026-06-25 08:34:02 - GET /api/v1/teams/d7f42ce2-065c-4c21-bf28-a53fac575c14/members 200
2026-06-27 14:10:16 - POST /api/v1/auth/signup 422
2026-06-27 14:10:16 - POST /api/v1/auth/signup 422
2026-06-27 14:10:16 - POST /api/v1/auth/signup 422
2026-06-27 14:10:16 - POST /api/v1/auth/signup 422
2026-06-27 14:10:17 - POST /api/v1/auth/signup 201
2026-06-27 14:10:17 - POST /api/v1/auth/login 400
2026-06-27 14:10:17 - POST /api/v1/auth/verify-otp 200
2026-06-27 14:10:17 - POST /api/v1/auth/signup 201
2026-06-27 14:10:17 - POST /api/v1/auth/resend-otp 429
2026-06-27 14:10:17 - POST /api/v1/auth/resend-otp 200
2026-06-27 14:10:18 - POST /api/v1/auth/login 400
2026-06-27 14:10:18 - POST /api/v1/auth/login 400
2026-06-27 14:10:18 - POST /api/v1/auth/login 400
2026-06-27 14:10:18 - POST /api/v1/auth/login 400
2026-06-27 14:10:19 - POST /api/v1/auth/login 400
2026-06-27 14:10:19 - POST /api/v1/auth/login 403
2026-06-27 14:10:19 - POST /api/v1/auth/login 200
2026-06-27 14:10:19 - POST /api/v1/auth/forgot-password 404
2026-06-27 14:10:19 - POST /api/v1/auth/forgot-password 200
2026-06-27 14:10:19 - POST /api/v1/auth/verify-reset-otp 400
2026-06-27 14:10:19 - POST /api/v1/auth/verify-reset-otp 200
2026-06-27 14:10:19 - POST /api/v1/auth/reset-password 422
2026-06-27 14:10:19 - POST /api/v1/auth/reset-password 200
2026-06-27 14:10:20 - POST /api/v1/auth/login 200
2026-06-27 14:10:20 - POST /api/v1/auth/login 200
2026-06-27 14:10:20 - POST /api/v1/auth/complete-profile 200
2026-06-27 14:10:21 - POST /api/v1/auth/login 200
2026-06-27 14:10:21 - POST /api/v1/auth/refresh 200
2026-06-27 14:10:21 - POST /api/v1/auth/logout 200
2026-06-27 14:10:21 - POST /api/v1/auth/refresh 401
2026-06-27 14:10:21 - POST /api/v1/auth/signup 201
2026-06-27 14:10:21 - POST /api/v1/auth/signup 400
2026-06-27 14:10:21 - POST /api/v1/auth/login 400
2026-06-27 14:10:21 - POST /api/v1/auth/forgot-password 400
2026-06-27 14:10:21 - POST /api/v1/auth/verify-reset-otp 400
2026-06-27 14:10:21 - POST /api/v1/auth/reset-password 400
2026-06-27 14:10:22 - POST /api/v1/auth/signup 400
2026-06-27 14:10:22 - POST /api/v1/auth/signup 201
2026-06-27 14:10:22 - POST /api/v1/auth/signup 201
2026-06-27 14:10:22 - POST /api/v1/auth/login 200
2026-06-27 14:10:23 - POST /api/v1/auth/login 200
2026-06-27 14:10:23 - POST /api/v1/teams/ 201
2026-06-27 14:10:23 - GET /api/v1/teams/ 200
2026-06-27 14:10:23 - PUT /api/v1/teams/9c5eb715-8059-4b0a-9187-1df6c127a51c 403
2026-06-27 14:10:23 - DELETE /api/v1/teams/9c5eb715-8059-4b0a-9187-1df6c127a51c 403
2026-06-27 14:10:23 - POST /api/v1/players/ 201
2026-06-27 14:10:23 - GET /api/v1/players/ 200
2026-06-27 14:10:23 - PUT /api/v1/players/486b8eed-bb63-454f-91c9-f85d51ecac26 403
2026-06-27 14:10:23 - DELETE /api/v1/players/486b8eed-bb63-454f-91c9-f85d51ecac26 403
2026-06-27 14:10:23 - POST /api/v1/auth/signup 201
2026-06-27 14:10:23 - POST /api/v1/auth/login 200
2026-06-27 14:10:23 - POST /api/v1/teams/ 201
2026-06-27 14:10:23 - POST /api/v1/teams/ 201
2026-06-27 14:10:23 - POST /api/v1/players/ 201
2026-06-27 14:10:23 - POST /api/v1/players/ 201
2026-06-27 14:10:23 - POST /api/v1/players/ 201
2026-06-27 14:10:23 - POST /api/v1/teams/2ba8ae3d-23ab-4930-bacd-779b6ce4b9ad/players/bulk 200
2026-06-27 14:10:23 - POST /api/v1/teams/1cfc5510-76a0-4fe8-a5cb-3930ad797e9f/players/bulk 400
2026-06-27 14:10:23 - POST /api/v1/auth/signup 201
2026-06-27 14:10:24 - POST /api/v1/auth/signup 201
2026-06-27 14:10:24 - POST /api/v1/auth/login 200
2026-06-27 14:10:25 - POST /api/v1/auth/login 200
2026-06-27 14:10:25 - POST /api/v1/teams/ 201
2026-06-27 14:10:25 - POST /api/v1/teams/ 201
2026-06-27 14:10:25 - POST /api/v1/matches/ 201
2026-06-27 14:10:25 - POST /api/v1/matches/673e97c4-99ee-40b6-891a-040c1c928e81/toss 403
2026-06-27 14:10:25 - POST /api/v1/matches/673e97c4-99ee-40b6-891a-040c1c928e81/toss 200
2026-06-27 14:10:27 - GET /api/v1/debug-env 200
2026-06-27 14:10:27 - GET /api/v1/debug-env 404
2026-06-27 14:10:28 - POST /api/v1/auth/login 200
2026-06-27 14:10:28 - POST /api/v1/players/ 201
2026-06-27 14:10:28 - POST /api/v1/players/ 201
2026-06-27 14:10:28 - POST /api/v1/players/ 201
2026-06-27 14:10:28 - POST /api/v1/players/ 201
2026-06-27 14:10:28 - POST /api/v1/teams/ 201
2026-06-27 14:10:28 - POST /api/v1/teams/ 201
2026-06-27 14:10:28 - POST /api/v1/teams/237e77fc-c66d-4963-b3cd-e5ea668cdcb6/players 200
2026-06-27 14:10:28 - POST /api/v1/teams/237e77fc-c66d-4963-b3cd-e5ea668cdcb6/players 200
2026-06-27 14:10:28 - POST /api/v1/teams/7e66a7e4-455d-4eee-9961-3ecb827db390/players 200
2026-06-27 14:10:28 - POST /api/v1/teams/7e66a7e4-455d-4eee-9961-3ecb827db390/players 200
2026-06-27 14:10:28 - POST /api/v1/matches/ 201
2026-06-27 14:10:28 - POST /api/v1/matches/c2959484-6867-4545-9d67-3114ff654507/toss 200
2026-06-27 14:10:28 - POST /api/v1/matches/c2959484-6867-4545-9d67-3114ff654507/squads 400
2026-06-27 14:10:28 - POST /api/v1/matches/c2959484-6867-4545-9d67-3114ff654507/squads 200
2026-06-27 14:10:28 - POST /api/v1/matches/c2959484-6867-4545-9d67-3114ff654507/squads 400
2026-06-27 14:10:28 - POST /api/v1/matches/c2959484-6867-4545-9d67-3114ff654507/squads 200
2026-06-27 14:10:29 - POST /api/v1/auth/google 200
2026-06-27 14:10:29 - POST /api/v1/auth/google 400
2026-06-27 14:10:29 - POST /api/v1/auth/google 400
2026-06-27 14:10:30 - POST /api/v1/auth/google 400
2026-06-27 14:10:30 - POST /api/v1/auth/google 400
2026-06-27 14:10:31 - POST /api/v1/auth/login 200
2026-06-27 14:10:31 - POST /api/v1/players/ 201
2026-06-27 14:10:31 - POST /api/v1/players/ 201
2026-06-27 14:10:31 - POST /api/v1/teams/ 201
2026-06-27 14:10:31 - POST /api/v1/teams/ 201
2026-06-27 14:10:31 - POST /api/v1/matches/ 201
2026-06-27 14:10:31 - GET /api/v1/matches/ 200
2026-06-27 14:10:32 - POST /api/v1/auth/login 200
2026-06-27 14:10:33 - POST /api/v1/auth/login 200
2026-06-27 14:10:34 - POST /api/v1/auth/login 200
2026-06-27 14:10:34 - POST /api/v1/matches/ 201
2026-06-27 14:10:34 - POST /api/v1/matches/c14e2526-86ad-4a50-8809-c08c1a0cb073/toss 200
2026-06-27 14:10:34 - POST /api/v1/matches/c14e2526-86ad-4a50-8809-c08c1a0cb073/toss 403
2026-06-27 14:10:34 - POST /api/v1/matches/ 201
2026-06-27 14:10:34 - POST /api/v1/matches/00cfcf71-12a2-4f71-8eb4-c45bf688d730/toss 200
2026-06-27 14:10:34 - POST /api/v1/matches/ 201
2026-06-27 14:10:34 - POST /api/v1/matches/f7157147-2395-4a46-b917-2de87c2b9b1d/toss 200
2026-06-27 14:10:34 - POST /api/v1/matches/f7157147-2395-4a46-b917-2de87c2b9b1d/toss 403
2026-06-27 14:10:35 - POST /api/v1/auth/login 200
2026-06-27 14:10:36 - GET /api/v1/admin/analytics 200
2026-06-27 14:10:36 - GET /api/v1/admin/team-members 200
2026-06-27 14:10:36 - GET /api/v1/admin/team-members 200
2026-06-27 14:10:36 - GET /api/v1/admin/team-members 200
2026-06-27 14:10:36 - DELETE /api/v1/admin/team-members/53019c93-2b50-4389-bdaf-5f4584aca821 204
2026-06-27 14:10:37 - POST /api/v1/auth/login 200
2026-06-27 14:10:38 - POST /api/v1/admin/tournaments/bulk-delete 204
2026-06-27 14:10:38 - POST /api/v1/admin/matches/bulk-delete 204
2026-06-27 14:10:38 - POST /api/v1/admin/teams/bulk-delete 204
2026-06-27 14:10:38 - POST /api/v1/admin/users/bulk-delete 204
2026-06-27 14:10:39 - POST /api/v1/auth/login 200
2026-06-27 14:10:39 - POST /api/v1/players/ 201
2026-06-27 14:10:39 - POST /api/v1/players/ 201
2026-06-27 14:10:39 - POST /api/v1/players/ 422
2026-06-27 14:10:39 - POST /api/v1/players/ 422
2026-06-27 14:10:39 - GET /api/v1/players/a0a28aee-cd50-448e-9552-cd16479d0ad4 200
2026-06-27 14:10:39 - PUT /api/v1/players/a0a28aee-cd50-448e-9552-cd16479d0ad4 200
2026-06-27 14:10:39 - DELETE /api/v1/players/a0a28aee-cd50-448e-9552-cd16479d0ad4 204
2026-06-27 14:10:39 - GET /api/v1/players/a0a28aee-cd50-448e-9552-cd16479d0ad4 404
2026-06-27 14:10:40 - POST /api/v1/auth/login 200
2026-06-27 14:10:40 - POST /api/v1/players/ 201
2026-06-27 14:10:40 - POST /api/v1/players/ 201
2026-06-27 14:10:40 - POST /api/v1/teams/ 201
2026-06-27 14:10:40 - POST /api/v1/teams/5fef6c6b-18f4-4226-9731-f7564b6a33ab/players 200
2026-06-27 14:10:40 - PUT /api/v1/teams/5fef6c6b-18f4-4226-9731-f7564b6a33ab 200
2026-06-27 14:10:40 - PUT /api/v1/teams/5fef6c6b-18f4-4226-9731-f7564b6a33ab 400
2026-06-27 14:10:40 - POST /api/v1/teams/ 201
2026-06-27 14:10:40 - POST /api/v1/teams/0bae7b90-2dd6-44f3-8f26-d0f88c0902b2/players 400
2026-06-27 14:10:40 - DELETE /api/v1/teams/5fef6c6b-18f4-4226-9731-f7564b6a33ab/players/e510d0bb-cd32-45c0-a515-4cca8d37f945 200
2026-06-27 14:10:40 - DELETE /api/v1/teams/5fef6c6b-18f4-4226-9731-f7564b6a33ab 204
2026-06-27 14:10:41 - POST /api/v1/auth/login 200
2026-06-27 14:10:41 - POST /api/v1/players/ 201
2026-06-27 14:10:41 - POST /api/v1/players/ 201
2026-06-27 14:10:41 - POST /api/v1/teams/ 201
2026-06-27 14:10:41 - POST /api/v1/teams/ 201
2026-06-27 14:10:41 - POST /api/v1/teams/f96bc867-4194-4cc0-9978-25de9afdf011/players 200
2026-06-27 14:10:41 - POST /api/v1/teams/a689b943-fd3d-4289-8b64-74f239dc3178/players 200
2026-06-27 14:10:41 - POST /api/v1/matches/ 201
2026-06-27 14:10:41 - POST /api/v1/matches/e9ab6fe7-f611-484e-a610-f4e153b94de0/squads 200
2026-06-27 14:10:41 - POST /api/v1/matches/e9ab6fe7-f611-484e-a610-f4e153b94de0/toss 200
2026-06-27 14:10:41 - DELETE /api/v1/players/85e00507-6936-4781-8db5-af84ece94ab6 400
2026-06-27 14:10:41 - DELETE /api/v1/teams/f96bc867-4194-4cc0-9978-25de9afdf011/players/85e00507-6936-4781-8db5-af84ece94ab6 400
2026-06-27 14:10:41 - DELETE /api/v1/teams/f96bc867-4194-4cc0-9978-25de9afdf011 400
2026-06-27 14:10:43 - POST /api/v1/auth/login 200
2026-06-27 14:10:43 - GET /api/v1/profile/ 200
2026-06-27 14:10:44 - POST /api/v1/auth/login 200
2026-06-27 14:10:44 - PUT /api/v1/profile/ 200
2026-06-27 14:10:44 - PUT /api/v1/profile/ 400
2026-06-27 14:10:45 - POST /api/v1/auth/login 200
2026-06-27 14:10:45 - GET /api/v1/profile/stats 200
2026-06-27 14:10:46 - POST /api/v1/auth/login 200
2026-06-27 14:10:46 - GET /api/v1/profile/activity 200
2026-06-27 14:10:46 - GET /api/v1/profile/achievements 200
2026-06-27 14:10:47 - POST /api/v1/auth/login 200
2026-06-27 14:10:47 - POST /api/v1/profile/upload-photo 200
2026-06-27 14:10:47 - GET /api/v1/profile/ 200
2026-06-27 14:10:48 - POST /api/v1/auth/login 200
2026-06-27 14:10:48 - POST /api/v1/players/ 201
2026-06-27 14:10:48 - POST /api/v1/players/ 201
2026-06-27 14:10:48 - POST /api/v1/players/ 201
2026-06-27 14:10:48 - POST /api/v1/players/ 201
2026-06-27 14:10:48 - POST /api/v1/players/ 201
2026-06-27 14:10:48 - POST /api/v1/teams/ 201
2026-06-27 14:10:48 - POST /api/v1/teams/ 201
2026-06-27 14:10:48 - POST /api/v1/teams/dccaf122-9624-4c7c-96f8-ae79ee73d431/players 200
2026-06-27 14:10:48 - POST /api/v1/teams/dccaf122-9624-4c7c-96f8-ae79ee73d431/players 200
2026-06-27 14:10:48 - POST /api/v1/teams/dccaf122-9624-4c7c-96f8-ae79ee73d431/players 200
2026-06-27 14:10:48 - POST /api/v1/teams/42446356-0c50-40e2-9cde-07ca28f53dc9/players 200
2026-06-27 14:10:48 - POST /api/v1/teams/42446356-0c50-40e2-9cde-07ca28f53dc9/players 200
2026-06-27 14:10:48 - POST /api/v1/matches/ 201
2026-06-27 14:10:48 - POST /api/v1/matches/3d1db454-8518-492f-801f-a123913f16e7/toss 200
2026-06-27 14:10:48 - POST /api/v1/matches/3d1db454-8518-492f-801f-a123913f16e7/squads 200
2026-06-27 14:10:48 - POST /api/v1/matches/3d1db454-8518-492f-801f-a123913f16e7/squads 200
2026-06-27 14:10:48 - POST /api/v1/matches/3d1db454-8518-492f-801f-a123913f16e7/balls 201
2026-06-27 14:10:48 - POST /api/v1/matches/3d1db454-8518-492f-801f-a123913f16e7/balls 201
2026-06-27 14:10:48 - POST /api/v1/matches/3d1db454-8518-492f-801f-a123913f16e7/balls 201
2026-06-27 14:10:48 - POST /api/v1/matches/3d1db454-8518-492f-801f-a123913f16e7/balls 201
2026-06-27 14:10:48 - POST /api/v1/matches/3d1db454-8518-492f-801f-a123913f16e7/balls 201
2026-06-27 14:10:48 - POST /api/v1/matches/3d1db454-8518-492f-801f-a123913f16e7/balls 201
2026-06-27 14:10:48 - POST /api/v1/matches/3d1db454-8518-492f-801f-a123913f16e7/balls 201
2026-06-27 14:10:48 - POST /api/v1/matches/3d1db454-8518-492f-801f-a123913f16e7/balls 201
2026-06-27 14:10:48 - POST /api/v1/matches/3d1db454-8518-492f-801f-a123913f16e7/balls 201
2026-06-27 14:10:48 - POST /api/v1/matches/3d1db454-8518-492f-801f-a123913f16e7/balls 201
2026-06-27 14:10:48 - POST /api/v1/matches/3d1db454-8518-492f-801f-a123913f16e7/balls 201
2026-06-27 14:10:48 - POST /api/v1/matches/3d1db454-8518-492f-801f-a123913f16e7/balls 201
2026-06-27 14:10:49 - GET /api/v1/matches/3d1db454-8518-492f-801f-a123913f16e7/scorecard 200
2026-06-27 14:10:49 - GET /api/v1/players/52432a1c-5c4a-49d3-b766-0e949f82a536 200
2026-06-27 14:10:50 - POST /api/v1/auth/login 200
2026-06-27 14:10:50 - POST /api/v1/players/ 201
2026-06-27 14:10:50 - POST /api/v1/players/ 201
2026-06-27 14:10:50 - POST /api/v1/players/ 201
2026-06-27 14:10:50 - POST /api/v1/players/ 201
2026-06-27 14:10:50 - POST /api/v1/players/ 201
2026-06-27 14:10:50 - POST /api/v1/teams/ 201
2026-06-27 14:10:50 - POST /api/v1/teams/ 201
2026-06-27 14:10:50 - POST /api/v1/teams/d91ebb2a-b6ca-4479-bd07-b2cc4c7c12d0/players 200
2026-06-27 14:10:50 - POST /api/v1/teams/d91ebb2a-b6ca-4479-bd07-b2cc4c7c12d0/players 200
2026-06-27 14:10:50 - POST /api/v1/teams/d91ebb2a-b6ca-4479-bd07-b2cc4c7c12d0/players 200
2026-06-27 14:10:50 - POST /api/v1/teams/dda99620-63c2-4118-b305-2b4944e9631e/players 200
2026-06-27 14:10:50 - POST /api/v1/teams/dda99620-63c2-4118-b305-2b4944e9631e/players 200
2026-06-27 14:10:50 - POST /api/v1/matches/ 201
2026-06-27 14:10:50 - POST /api/v1/matches/43961ea8-0978-444e-8406-d9e536173900/toss 200
2026-06-27 14:10:50 - POST /api/v1/matches/43961ea8-0978-444e-8406-d9e536173900/squads 200
2026-06-27 14:10:50 - POST /api/v1/matches/43961ea8-0978-444e-8406-d9e536173900/squads 200
2026-06-27 14:10:50 - POST /api/v1/matches/43961ea8-0978-444e-8406-d9e536173900/balls 201
2026-06-27 14:10:50 - POST /api/v1/matches/43961ea8-0978-444e-8406-d9e536173900/balls 201
2026-06-27 14:10:50 - POST /api/v1/matches/43961ea8-0978-444e-8406-d9e536173900/balls 201
2026-06-27 14:10:50 - POST /api/v1/matches/43961ea8-0978-444e-8406-d9e536173900/balls 201
2026-06-27 14:10:50 - POST /api/v1/matches/43961ea8-0978-444e-8406-d9e536173900/balls 201
2026-06-27 14:10:50 - GET /api/v1/matches/43961ea8-0978-444e-8406-d9e536173900/scorecard 200
2026-06-27 14:10:51 - POST /api/v1/auth/login 200
2026-06-27 14:10:51 - POST /api/v1/players/ 201
2026-06-27 14:10:51 - POST /api/v1/players/ 201
2026-06-27 14:10:51 - POST /api/v1/players/ 201
2026-06-27 14:10:51 - POST /api/v1/players/ 201
2026-06-27 14:10:51 - POST /api/v1/teams/ 201
2026-06-27 14:10:51 - POST /api/v1/teams/ 201
2026-06-27 14:10:51 - POST /api/v1/teams/aa0175af-419b-4d30-b435-dae039a3ad7d/players 200
2026-06-27 14:10:51 - POST /api/v1/teams/aa0175af-419b-4d30-b435-dae039a3ad7d/players 200
2026-06-27 14:10:51 - POST /api/v1/teams/206e98e5-7e8c-44fd-a325-93d98889211d/players 200
2026-06-27 14:10:51 - POST /api/v1/teams/206e98e5-7e8c-44fd-a325-93d98889211d/players 200
2026-06-27 14:10:51 - POST /api/v1/matches/ 201
2026-06-27 14:10:52 - POST /api/v1/matches/804f8bee-f407-4630-b968-16c8a9663c1c/toss 200
2026-06-27 14:10:52 - POST /api/v1/matches/804f8bee-f407-4630-b968-16c8a9663c1c/squads 200
2026-06-27 14:10:52 - POST /api/v1/matches/804f8bee-f407-4630-b968-16c8a9663c1c/squads 200
2026-06-27 14:10:52 - POST /api/v1/matches/804f8bee-f407-4630-b968-16c8a9663c1c/balls 201
2026-06-27 14:10:52 - POST /api/v1/matches/804f8bee-f407-4630-b968-16c8a9663c1c/balls 201
2026-06-27 14:10:52 - POST /api/v1/matches/804f8bee-f407-4630-b968-16c8a9663c1c/balls 201
2026-06-27 14:10:52 - POST /api/v1/matches/804f8bee-f407-4630-b968-16c8a9663c1c/balls 201
2026-06-27 14:10:52 - POST /api/v1/matches/804f8bee-f407-4630-b968-16c8a9663c1c/balls 201
2026-06-27 14:10:52 - POST /api/v1/matches/804f8bee-f407-4630-b968-16c8a9663c1c/balls 201
2026-06-27 14:10:52 - POST /api/v1/matches/804f8bee-f407-4630-b968-16c8a9663c1c/balls 201
2026-06-27 14:10:52 - GET /api/v1/matches/804f8bee-f407-4630-b968-16c8a9663c1c/scorecard 200
2026-06-27 14:10:54 - POST /api/v1/auth/signup 201
2026-06-27 14:10:54 - POST /api/v1/auth/login 200
2026-06-27 14:10:55 - POST /api/v1/auth/login 200
2026-06-27 14:10:55 - POST /api/v1/players/ 201
2026-06-27 14:10:55 - POST /api/v1/players/ 201
2026-06-27 14:10:55 - POST /api/v1/players/ 201
2026-06-27 14:10:55 - POST /api/v1/players/ 201
2026-06-27 14:10:55 - POST /api/v1/players/ 201
2026-06-27 14:10:55 - POST /api/v1/teams/ 201
2026-06-27 14:10:55 - POST /api/v1/teams/ 201
2026-06-27 14:10:55 - POST /api/v1/teams/e3607409-0c3b-4c23-a426-9c202f5c4d32/players 200
2026-06-27 14:10:55 - POST /api/v1/teams/e3607409-0c3b-4c23-a426-9c202f5c4d32/players 200
2026-06-27 14:10:55 - POST /api/v1/teams/e3607409-0c3b-4c23-a426-9c202f5c4d32/players 200
2026-06-27 14:10:55 - POST /api/v1/teams/a98074b0-ce21-4caf-b808-176af0541650/players 200
2026-06-27 14:10:55 - POST /api/v1/teams/a98074b0-ce21-4caf-b808-176af0541650/players 200
2026-06-27 14:10:55 - POST /api/v1/matches/ 201
2026-06-27 14:10:55 - POST /api/v1/matches/ad632449-31c7-41a5-8883-0c26db4e8944/toss 200
2026-06-27 14:10:55 - POST /api/v1/matches/ad632449-31c7-41a5-8883-0c26db4e8944/squads 200
2026-06-27 14:10:55 - POST /api/v1/matches/ad632449-31c7-41a5-8883-0c26db4e8944/squads 200
2026-06-27 14:10:55 - POST /api/v1/matches/ad632449-31c7-41a5-8883-0c26db4e8944/balls 201
2026-06-27 14:10:55 - GET /api/v1/matches/ad632449-31c7-41a5-8883-0c26db4e8944/live 200
2026-06-27 14:10:55 - POST /api/v1/matches/ad632449-31c7-41a5-8883-0c26db4e8944/balls 201
2026-06-27 14:10:55 - GET /api/v1/matches/ad632449-31c7-41a5-8883-0c26db4e8944/live 200
2026-06-27 14:10:55 - POST /api/v1/matches/ad632449-31c7-41a5-8883-0c26db4e8944/balls 201
2026-06-27 14:10:55 - GET /api/v1/matches/ad632449-31c7-41a5-8883-0c26db4e8944/live 200
2026-06-27 14:10:55 - POST /api/v1/matches/ad632449-31c7-41a5-8883-0c26db4e8944/balls 201
2026-06-27 14:10:55 - GET /api/v1/matches/ad632449-31c7-41a5-8883-0c26db4e8944/live 200
2026-06-27 14:10:55 - POST /api/v1/matches/ad632449-31c7-41a5-8883-0c26db4e8944/undo 200
2026-06-27 14:10:55 - GET /api/v1/matches/ad632449-31c7-41a5-8883-0c26db4e8944/live 200
2026-06-27 14:10:55 - GET /api/v1/auth/me 401
2026-06-27 14:10:55 - GET /api/v1/auth/me 401
2026-06-27 14:10:56 - POST /api/v1/auth/login 200
2026-06-27 14:10:57 - POST /api/v1/players/ 201
2026-06-27 14:10:57 - POST /api/v1/players/ 201
2026-06-27 14:10:57 - POST /api/v1/players/ 201
2026-06-27 14:10:57 - POST /api/v1/players/ 201
2026-06-27 14:10:57 - POST /api/v1/players/ 201
2026-06-27 14:10:57 - POST /api/v1/teams/ 201
2026-06-27 14:10:57 - POST /api/v1/teams/ 201
2026-06-27 14:10:57 - POST /api/v1/teams/96fd9b98-d25c-49f2-ace4-d79265e0550f/players 200
2026-06-27 14:10:57 - POST /api/v1/teams/96fd9b98-d25c-49f2-ace4-d79265e0550f/players 200
2026-06-27 14:10:57 - POST /api/v1/teams/96fd9b98-d25c-49f2-ace4-d79265e0550f/players 200
2026-06-27 14:10:57 - POST /api/v1/teams/2425fb28-5b87-4781-ac0a-c645a766778a/players 200
2026-06-27 14:10:57 - POST /api/v1/teams/2425fb28-5b87-4781-ac0a-c645a766778a/players 200
2026-06-27 14:10:57 - POST /api/v1/matches/ 201
2026-06-27 14:10:57 - POST /api/v1/matches/225d751c-472d-44ac-9bb8-248f3e15c142/toss 200
2026-06-27 14:10:57 - POST /api/v1/matches/225d751c-472d-44ac-9bb8-248f3e15c142/squads 200
2026-06-27 14:10:57 - POST /api/v1/matches/225d751c-472d-44ac-9bb8-248f3e15c142/squads 200
2026-06-27 14:10:57 - POST /api/v1/matches/225d751c-472d-44ac-9bb8-248f3e15c142/balls 201
2026-06-27 14:10:57 - GET /api/v1/matches/225d751c-472d-44ac-9bb8-248f3e15c142/live 200
2026-06-27 14:10:57 - POST /api/v1/matches/225d751c-472d-44ac-9bb8-248f3e15c142/balls 201
2026-06-27 14:10:57 - GET /api/v1/matches/225d751c-472d-44ac-9bb8-248f3e15c142/live 200
2026-06-27 14:10:57 - POST /api/v1/matches/225d751c-472d-44ac-9bb8-248f3e15c142/balls 201
2026-06-27 14:10:57 - GET /api/v1/matches/225d751c-472d-44ac-9bb8-248f3e15c142/live 200
2026-06-27 14:10:57 - POST /api/v1/matches/225d751c-472d-44ac-9bb8-248f3e15c142/balls 201
2026-06-27 14:10:57 - GET /api/v1/matches/225d751c-472d-44ac-9bb8-248f3e15c142/live 200
2026-06-27 14:10:57 - POST /api/v1/matches/225d751c-472d-44ac-9bb8-248f3e15c142/balls 201
2026-06-27 14:10:57 - GET /api/v1/matches/225d751c-472d-44ac-9bb8-248f3e15c142/live 200
2026-06-27 14:10:57 - POST /api/v1/matches/225d751c-472d-44ac-9bb8-248f3e15c142/balls 201
2026-06-27 14:10:57 - GET /api/v1/matches/225d751c-472d-44ac-9bb8-248f3e15c142/live 200
2026-06-27 14:10:57 - POST /api/v1/matches/225d751c-472d-44ac-9bb8-248f3e15c142/balls 201
2026-06-27 14:10:57 - GET /api/v1/matches/225d751c-472d-44ac-9bb8-248f3e15c142/live 200
2026-06-27 14:10:57 - GET /api/v1/matches/225d751c-472d-44ac-9bb8-248f3e15c142/scorecard 200
2026-06-27 14:10:58 - POST /api/v1/auth/signup 201
2026-06-27 14:11:00 - POST /api/v1/auth/signup 201
2026-06-27 14:11:02 - POST /api/v1/auth/signup 201
2026-06-27 14:11:02 - POST /api/v1/auth/login 200
2026-06-27 14:11:03 - POST /api/v1/auth/login 200
2026-06-27 14:11:03 - POST /api/v1/auth/login 200
2026-06-27 14:11:03 - POST /api/v1/teams/ 201
2026-06-27 14:11:03 - GET /api/v1/teams/my-teams 200
2026-06-27 14:11:03 - POST /api/v1/teams/41b5a87a-785e-430a-8572-58cf7a6af536/join-request 200
2026-06-27 14:11:03 - GET /api/v1/teams/my-teams 200
2026-06-27 14:11:03 - POST /api/v1/teams/41b5a87a-785e-430a-8572-58cf7a6af536/approve-request 403
2026-06-27 14:11:03 - POST /api/v1/teams/41b5a87a-785e-430a-8572-58cf7a6af536/approve-request 200
2026-06-27 14:11:03 - POST /api/v1/teams/41b5a87a-785e-430a-8572-58cf7a6af536/members 200
2026-06-27 14:11:03 - POST /api/v1/teams/41b5a87a-785e-430a-8572-58cf7a6af536/invitations/accept 200
2026-06-27 14:11:03 - GET /api/v1/teams/41b5a87a-785e-430a-8572-58cf7a6af536/members 200
2026-06-27 14:11:03 - DELETE /api/v1/teams/41b5a87a-785e-430a-8572-58cf7a6af536/members/5fdc3970-480f-4d9f-b79a-7312c82a7200 204
2026-06-27 14:11:03 - GET /api/v1/teams/41b5a87a-785e-430a-8572-58cf7a6af536/members 200
2026-06-27 14:11:05 - POST /api/v1/auth/login 200
2026-06-27 14:11:05 - POST /api/v1/teams/ 201
2026-06-27 14:11:06 - POST /api/v1/auth/login 200
2026-06-27 14:11:06 - POST /api/v1/teams/7de6c300-3991-4e11-80de-57bbf66c5d73/members 200
2026-06-27 14:11:06 - GET /api/v1/notifications/ 200
2026-06-27 14:11:06 - GET /api/v1/teams/my-invitations 200
2026-06-27 14:11:06 - POST /api/v1/notifications/5556415d-acdc-4fba-b2c6-18aa92acb9be/read 200
2026-06-27 14:11:06 - POST /api/v1/teams/7de6c300-3991-4e11-80de-57bbf66c5d73/invitations/accept 200
2026-06-27 14:11:06 - GET /api/v1/notifications/ 200
2026-06-27 14:11:07 - POST /api/v1/auth/login 200
2026-06-27 14:11:07 - POST /api/v1/teams/ 201
2026-06-27 14:11:08 - POST /api/v1/auth/login 200
2026-06-27 14:11:08 - POST /api/v1/teams/e038589d-a34b-4d23-985c-661013f48ee8/members 200
2026-06-27 14:11:08 - POST /api/v1/teams/e038589d-a34b-4d23-985c-661013f48ee8/invitations/reject 204
2026-06-27 14:11:08 - GET /api/v1/notifications/ 200
2026-06-27 14:11:09 - POST /api/v1/auth/login 200
2026-06-27 14:11:09 - POST /api/v1/teams/ 201
2026-06-27 14:11:11 - POST /api/v1/auth/login 200
2026-06-27 14:11:11 - POST /api/v1/teams/41f05bd3-1653-47ab-91b0-2394d0ed69d5/join-request 200
2026-06-27 14:11:11 - POST /api/v1/teams/41f05bd3-1653-47ab-91b0-2394d0ed69d5/reject-request 204
2026-06-27 14:11:11 - GET /api/v1/notifications/ 200
2026-06-27 14:11:15 - POST /api/v1/auth/login 200
2026-06-27 14:11:15 - POST /api/v1/teams/ 201
2026-06-27 14:11:17 - POST /api/v1/auth/login 200
2026-06-27 14:11:17 - PUT /api/v1/teams/78174235-6d2d-4082-b09a-880eeac4165d 403
2026-06-27 14:11:17 - DELETE /api/v1/teams/78174235-6d2d-4082-b09a-880eeac4165d 403
2026-06-27 14:11:17 - PUT /api/v1/teams/78174235-6d2d-4082-b09a-880eeac4165d 200
2026-06-27 14:11:17 - DELETE /api/v1/teams/78174235-6d2d-4082-b09a-880eeac4165d 204
2026-06-27 14:11:17 - GET /api/v1/teams/78174235-6d2d-4082-b09a-880eeac4165d 404
2026-06-27 14:11:18 - POST /api/v1/auth/login 200
2026-06-27 14:11:18 - GET /api/v1/notifications/ 200
2026-06-27 14:11:18 - POST /api/v1/notifications/read-all 204
2026-06-27 14:11:18 - GET /api/v1/notifications/ 200
2026-06-27 14:11:19 - POST /api/v1/auth/login 200
2026-06-27 14:11:19 - POST /api/v1/tournaments/ 201
2026-06-27 14:11:19 - POST /api/v1/players/ 201
2026-06-27 14:11:19 - POST /api/v1/players/ 201
2026-06-27 14:11:19 - POST /api/v1/players/ 201
2026-06-27 14:11:19 - POST /api/v1/players/ 201
2026-06-27 14:11:19 - POST /api/v1/teams/ 201
2026-06-27 14:11:19 - POST /api/v1/teams/631d89c1-10b7-4562-9dec-60c59b69c3f4/players 200
2026-06-27 14:11:19 - POST /api/v1/teams/631d89c1-10b7-4562-9dec-60c59b69c3f4/players 200
2026-06-27 14:11:19 - POST /api/v1/teams/631d89c1-10b7-4562-9dec-60c59b69c3f4/players 200
2026-06-27 14:11:19 - POST /api/v1/teams/631d89c1-10b7-4562-9dec-60c59b69c3f4/players 200
2026-06-27 14:11:19 - POST /api/v1/tournaments/28b7249c-d0cc-422f-ba8e-aff15a6c6264/teams 400
2026-06-27 14:11:19 - POST /api/v1/players/ 201
2026-06-27 14:11:19 - POST /api/v1/teams/631d89c1-10b7-4562-9dec-60c59b69c3f4/players 200
2026-06-27 14:11:19 - POST /api/v1/tournaments/28b7249c-d0cc-422f-ba8e-aff15a6c6264/teams 200
2026-06-27 14:11:19 - DELETE /api/v1/tournaments/28b7249c-d0cc-422f-ba8e-aff15a6c6264/teams/631d89c1-10b7-4562-9dec-60c59b69c3f4 200
2026-06-27 14:11:20 - POST /api/v1/auth/login 200
2026-06-27 14:11:20 - POST /api/v1/teams/ 201
2026-06-27 14:11:20 - POST /api/v1/players/ 201
2026-06-27 14:11:20 - POST /api/v1/teams/97e2e7d8-56ef-4ec2-830d-8571915f7a4c/players 200
2026-06-27 14:11:20 - POST /api/v1/players/ 201
2026-06-27 14:11:20 - POST /api/v1/teams/97e2e7d8-56ef-4ec2-830d-8571915f7a4c/players 200
2026-06-27 14:11:20 - POST /api/v1/players/ 201
2026-06-27 14:11:20 - POST /api/v1/teams/97e2e7d8-56ef-4ec2-830d-8571915f7a4c/players 200
2026-06-27 14:11:20 - POST /api/v1/players/ 201
2026-06-27 14:11:20 - POST /api/v1/teams/97e2e7d8-56ef-4ec2-830d-8571915f7a4c/players 200
2026-06-27 14:11:20 - POST /api/v1/players/ 201
2026-06-27 14:11:20 - POST /api/v1/teams/97e2e7d8-56ef-4ec2-830d-8571915f7a4c/players 200
2026-06-27 14:11:20 - POST /api/v1/teams/ 201
2026-06-27 14:11:20 - POST /api/v1/players/ 201
2026-06-27 14:11:20 - POST /api/v1/teams/8f376045-4c54-492b-947e-cbdde0ae6800/players 200
2026-06-27 14:11:20 - POST /api/v1/players/ 201
2026-06-27 14:11:20 - POST /api/v1/teams/8f376045-4c54-492b-947e-cbdde0ae6800/players 200
2026-06-27 14:11:20 - POST /api/v1/players/ 201
2026-06-27 14:11:20 - POST /api/v1/teams/8f376045-4c54-492b-947e-cbdde0ae6800/players 200
2026-06-27 14:11:20 - POST /api/v1/players/ 201
2026-06-27 14:11:20 - POST /api/v1/teams/8f376045-4c54-492b-947e-cbdde0ae6800/players 200
2026-06-27 14:11:20 - POST /api/v1/players/ 201
2026-06-27 14:11:20 - POST /api/v1/teams/8f376045-4c54-492b-947e-cbdde0ae6800/players 200
2026-06-27 14:11:20 - POST /api/v1/tournaments/ 201
2026-06-27 14:11:20 - POST /api/v1/tournaments/8a8eee8e-3686-4dec-8d1c-6245491992e4/teams 200
2026-06-27 14:11:20 - POST /api/v1/tournaments/8a8eee8e-3686-4dec-8d1c-6245491992e4/teams 200
2026-06-27 14:11:20 - POST /api/v1/tournaments/8a8eee8e-3686-4dec-8d1c-6245491992e4/fixtures/generate 201
2026-06-27 14:11:20 - GET /api/v1/tournaments/8a8eee8e-3686-4dec-8d1c-6245491992e4/dashboard 200
2026-06-27 14:11:20 - POST /api/v1/matches/e0b83789-4db1-40e6-8679-5375a4c44fa5/toss 200
2026-06-27 14:11:20 - GET /api/v1/teams/97e2e7d8-56ef-4ec2-830d-8571915f7a4c 200
2026-06-27 14:11:20 - GET /api/v1/teams/8f376045-4c54-492b-947e-cbdde0ae6800 200
2026-06-27 14:11:20 - POST /api/v1/matches/e0b83789-4db1-40e6-8679-5375a4c44fa5/squads 200
2026-06-27 14:11:20 - POST /api/v1/matches/e0b83789-4db1-40e6-8679-5375a4c44fa5/squads 200
2026-06-27 14:11:20 - POST /api/v1/matches/e0b83789-4db1-40e6-8679-5375a4c44fa5/balls 201
2026-06-27 14:11:20 - POST /api/v1/matches/e0b83789-4db1-40e6-8679-5375a4c44fa5/balls 201
2026-06-27 14:11:20 - POST /api/v1/matches/e0b83789-4db1-40e6-8679-5375a4c44fa5/balls 201
2026-06-27 14:11:20 - POST /api/v1/matches/e0b83789-4db1-40e6-8679-5375a4c44fa5/balls 201
2026-06-27 14:11:20 - POST /api/v1/matches/e0b83789-4db1-40e6-8679-5375a4c44fa5/balls 201
2026-06-27 14:11:20 - POST /api/v1/matches/e0b83789-4db1-40e6-8679-5375a4c44fa5/balls 201
2026-06-27 14:11:20 - POST /api/v1/matches/e0b83789-4db1-40e6-8679-5375a4c44fa5/balls 201
2026-06-27 14:11:20 - POST /api/v1/matches/e0b83789-4db1-40e6-8679-5375a4c44fa5/balls 201
2026-06-27 14:11:20 - POST /api/v1/matches/e0b83789-4db1-40e6-8679-5375a4c44fa5/balls 201
2026-06-27 14:11:20 - GET /api/v1/tournaments/8a8eee8e-3686-4dec-8d1c-6245491992e4/points-table 200
2026-06-27 14:11:20 - GET /api/v1/tournaments/8a8eee8e-3686-4dec-8d1c-6245491992e4/leaderboards 200
2026-06-27 14:11:21 - POST /api/v1/auth/login 200
2026-06-27 14:11:21 - POST /api/v1/teams/ 201
2026-06-27 14:11:21 - POST /api/v1/players/ 201
2026-06-27 14:11:21 - POST /api/v1/teams/b67a45d5-eebc-472f-82c9-becd2e38925c/players 200
2026-06-27 14:11:21 - POST /api/v1/players/ 201
2026-06-27 14:11:21 - POST /api/v1/teams/b67a45d5-eebc-472f-82c9-becd2e38925c/players 200
2026-06-27 14:11:21 - POST /api/v1/players/ 201
2026-06-27 14:11:21 - POST /api/v1/teams/b67a45d5-eebc-472f-82c9-becd2e38925c/players 200
2026-06-27 14:11:21 - POST /api/v1/players/ 201
2026-06-27 14:11:21 - POST /api/v1/teams/b67a45d5-eebc-472f-82c9-becd2e38925c/players 200
2026-06-27 14:11:21 - POST /api/v1/players/ 201
2026-06-27 14:11:21 - POST /api/v1/teams/b67a45d5-eebc-472f-82c9-becd2e38925c/players 200
2026-06-27 14:11:21 - POST /api/v1/teams/ 201
2026-06-27 14:11:21 - POST /api/v1/players/ 201
2026-06-27 14:11:21 - POST /api/v1/teams/084bee53-3380-4e44-bd6f-7eeb6824bd54/players 200
2026-06-27 14:11:21 - POST /api/v1/players/ 201
2026-06-27 14:11:21 - POST /api/v1/teams/084bee53-3380-4e44-bd6f-7eeb6824bd54/players 200
2026-06-27 14:11:21 - POST /api/v1/players/ 201
2026-06-27 14:11:21 - POST /api/v1/teams/084bee53-3380-4e44-bd6f-7eeb6824bd54/players 200
2026-06-27 14:11:21 - POST /api/v1/players/ 201
2026-06-27 14:11:21 - POST /api/v1/teams/084bee53-3380-4e44-bd6f-7eeb6824bd54/players 200
2026-06-27 14:11:21 - POST /api/v1/players/ 201
2026-06-27 14:11:21 - POST /api/v1/teams/084bee53-3380-4e44-bd6f-7eeb6824bd54/players 200
2026-06-27 14:11:21 - POST /api/v1/teams/ 201
2026-06-27 14:11:21 - POST /api/v1/players/ 201
2026-06-27 14:11:21 - POST /api/v1/teams/e8108cb3-120f-485c-928f-56e159e733bd/players 200
2026-06-27 14:11:22 - POST /api/v1/players/ 201
2026-06-27 14:11:22 - POST /api/v1/teams/e8108cb3-120f-485c-928f-56e159e733bd/players 200
2026-06-27 14:11:22 - POST /api/v1/players/ 201
2026-06-27 14:11:22 - POST /api/v1/teams/e8108cb3-120f-485c-928f-56e159e733bd/players 200
2026-06-27 14:11:22 - POST /api/v1/players/ 201
2026-06-27 14:11:22 - POST /api/v1/teams/e8108cb3-120f-485c-928f-56e159e733bd/players 200
2026-06-27 14:11:22 - POST /api/v1/players/ 201
2026-06-27 14:11:22 - POST /api/v1/teams/e8108cb3-120f-485c-928f-56e159e733bd/players 200
2026-06-27 14:11:22 - POST /api/v1/teams/ 201
2026-06-27 14:11:22 - POST /api/v1/players/ 201
2026-06-27 14:11:22 - POST /api/v1/teams/e3f0adfa-a057-4a9a-b7b7-d83b5e6ab930/players 200
2026-06-27 14:11:22 - POST /api/v1/players/ 201
2026-06-27 14:11:22 - POST /api/v1/teams/e3f0adfa-a057-4a9a-b7b7-d83b5e6ab930/players 200
2026-06-27 14:11:22 - POST /api/v1/players/ 201
2026-06-27 14:11:22 - POST /api/v1/teams/e3f0adfa-a057-4a9a-b7b7-d83b5e6ab930/players 200
2026-06-27 14:11:22 - POST /api/v1/players/ 201
2026-06-27 14:11:22 - POST /api/v1/teams/e3f0adfa-a057-4a9a-b7b7-d83b5e6ab930/players 200
2026-06-27 14:11:22 - POST /api/v1/players/ 201
2026-06-27 14:11:22 - POST /api/v1/teams/e3f0adfa-a057-4a9a-b7b7-d83b5e6ab930/players 200
2026-06-27 14:11:22 - POST /api/v1/tournaments/ 201
2026-06-27 14:11:22 - POST /api/v1/tournaments/0acd6466-08bf-4a2b-922d-2cfb2f29ec23/teams 200
2026-06-27 14:11:22 - POST /api/v1/tournaments/0acd6466-08bf-4a2b-922d-2cfb2f29ec23/teams 200
2026-06-27 14:11:22 - POST /api/v1/tournaments/0acd6466-08bf-4a2b-922d-2cfb2f29ec23/teams 200
2026-06-27 14:11:22 - POST /api/v1/tournaments/0acd6466-08bf-4a2b-922d-2cfb2f29ec23/teams 200
2026-06-27 14:11:22 - POST /api/v1/tournaments/0acd6466-08bf-4a2b-922d-2cfb2f29ec23/fixtures/generate 201
2026-06-27 14:11:22 - GET /api/v1/tournaments/0acd6466-08bf-4a2b-922d-2cfb2f29ec23/dashboard 200
2026-06-27 14:11:22 - GET /api/v1/tournaments/0acd6466-08bf-4a2b-922d-2cfb2f29ec23/dashboard 200
2026-06-27 14:11:22 - POST /api/v1/matches/a08062a8-267d-499a-8940-faa058f03e01/toss 200
2026-06-27 14:11:22 - GET /api/v1/teams/b67a45d5-eebc-472f-82c9-becd2e38925c 200
2026-06-27 14:11:22 - GET /api/v1/teams/084bee53-3380-4e44-bd6f-7eeb6824bd54 200
2026-06-27 14:11:22 - POST /api/v1/matches/a08062a8-267d-499a-8940-faa058f03e01/squads 200
2026-06-27 14:11:22 - POST /api/v1/matches/a08062a8-267d-499a-8940-faa058f03e01/squads 200
2026-06-27 14:11:22 - POST /api/v1/matches/a08062a8-267d-499a-8940-faa058f03e01/balls 201
2026-06-27 14:11:22 - POST /api/v1/matches/a08062a8-267d-499a-8940-faa058f03e01/balls 201
2026-06-27 14:11:22 - POST /api/v1/matches/a08062a8-267d-499a-8940-faa058f03e01/balls 201
2026-06-27 14:11:22 - POST /api/v1/matches/a08062a8-267d-499a-8940-faa058f03e01/balls 201
2026-06-27 14:11:22 - POST /api/v1/matches/a08062a8-267d-499a-8940-faa058f03e01/balls 201
2026-06-27 14:11:22 - POST /api/v1/matches/a08062a8-267d-499a-8940-faa058f03e01/balls 201
2026-06-27 14:11:22 - POST /api/v1/matches/a08062a8-267d-499a-8940-faa058f03e01/balls 201
2026-06-27 14:11:22 - POST /api/v1/matches/a08062a8-267d-499a-8940-faa058f03e01/balls 201
2026-06-27 14:11:22 - POST /api/v1/matches/a08062a8-267d-499a-8940-faa058f03e01/balls 201
2026-06-27 14:11:22 - POST /api/v1/matches/a08062a8-267d-499a-8940-faa058f03e01/balls 201
2026-06-27 14:11:22 - POST /api/v1/matches/a08062a8-267d-499a-8940-faa058f03e01/balls 201
2026-06-27 14:11:22 - POST /api/v1/matches/a08062a8-267d-499a-8940-faa058f03e01/balls 201
2026-06-27 14:11:22 - POST /api/v1/matches/e7e7fa27-c569-4622-b676-893235c345cf/toss 200
2026-06-27 14:11:22 - GET /api/v1/teams/084bee53-3380-4e44-bd6f-7eeb6824bd54 200
2026-06-27 14:11:22 - GET /api/v1/teams/e3f0adfa-a057-4a9a-b7b7-d83b5e6ab930 200
2026-06-27 14:11:22 - POST /api/v1/matches/e7e7fa27-c569-4622-b676-893235c345cf/squads 200
2026-06-27 14:11:22 - POST /api/v1/matches/e7e7fa27-c569-4622-b676-893235c345cf/squads 200
2026-06-27 14:11:22 - POST /api/v1/matches/e7e7fa27-c569-4622-b676-893235c345cf/balls 201
2026-06-27 14:11:22 - POST /api/v1/matches/e7e7fa27-c569-4622-b676-893235c345cf/balls 201
2026-06-27 14:11:22 - POST /api/v1/matches/e7e7fa27-c569-4622-b676-893235c345cf/balls 201
2026-06-27 14:11:22 - POST /api/v1/matches/e7e7fa27-c569-4622-b676-893235c345cf/balls 201
2026-06-27 14:11:22 - POST /api/v1/matches/e7e7fa27-c569-4622-b676-893235c345cf/balls 201
2026-06-27 14:11:22 - POST /api/v1/matches/e7e7fa27-c569-4622-b676-893235c345cf/balls 201
2026-06-27 14:11:22 - POST /api/v1/matches/e7e7fa27-c569-4622-b676-893235c345cf/balls 201
2026-06-27 14:11:22 - POST /api/v1/matches/e7e7fa27-c569-4622-b676-893235c345cf/balls 201
2026-06-27 14:11:22 - POST /api/v1/matches/e7e7fa27-c569-4622-b676-893235c345cf/balls 201
2026-06-27 14:11:22 - POST /api/v1/matches/e7e7fa27-c569-4622-b676-893235c345cf/balls 201
2026-06-27 14:11:22 - POST /api/v1/matches/e7e7fa27-c569-4622-b676-893235c345cf/balls 201
2026-06-27 14:11:23 - POST /api/v1/matches/e7e7fa27-c569-4622-b676-893235c345cf/balls 201
2026-06-27 14:11:23 - POST /api/v1/matches/9fd6f3d3-919e-4377-ac16-ababdfc77801/toss 200
2026-06-27 14:11:23 - GET /api/v1/teams/084bee53-3380-4e44-bd6f-7eeb6824bd54 200
2026-06-27 14:11:23 - GET /api/v1/teams/e8108cb3-120f-485c-928f-56e159e733bd 200
2026-06-27 14:11:23 - POST /api/v1/matches/9fd6f3d3-919e-4377-ac16-ababdfc77801/squads 200
2026-06-27 14:11:23 - POST /api/v1/matches/9fd6f3d3-919e-4377-ac16-ababdfc77801/squads 200
2026-06-27 14:11:23 - POST /api/v1/matches/9fd6f3d3-919e-4377-ac16-ababdfc77801/balls 201
2026-06-27 14:11:23 - POST /api/v1/matches/9fd6f3d3-919e-4377-ac16-ababdfc77801/balls 201
2026-06-27 14:11:23 - POST /api/v1/matches/9fd6f3d3-919e-4377-ac16-ababdfc77801/balls 201
2026-06-27 14:11:23 - POST /api/v1/matches/9fd6f3d3-919e-4377-ac16-ababdfc77801/balls 201
2026-06-27 14:11:23 - POST /api/v1/matches/9fd6f3d3-919e-4377-ac16-ababdfc77801/balls 201
2026-06-27 14:11:23 - POST /api/v1/matches/9fd6f3d3-919e-4377-ac16-ababdfc77801/balls 201
2026-06-27 14:11:23 - POST /api/v1/matches/9fd6f3d3-919e-4377-ac16-ababdfc77801/balls 201
2026-06-27 14:11:23 - POST /api/v1/matches/9fd6f3d3-919e-4377-ac16-ababdfc77801/balls 201
2026-06-27 14:11:23 - POST /api/v1/matches/9fd6f3d3-919e-4377-ac16-ababdfc77801/balls 201
2026-06-27 14:11:23 - POST /api/v1/matches/9fd6f3d3-919e-4377-ac16-ababdfc77801/balls 201
2026-06-27 14:11:23 - POST /api/v1/matches/9fd6f3d3-919e-4377-ac16-ababdfc77801/balls 201
2026-06-27 14:11:23 - POST /api/v1/matches/9fd6f3d3-919e-4377-ac16-ababdfc77801/balls 201
2026-06-27 14:11:23 - POST /api/v1/matches/e9bc3cec-e304-4d2a-822f-8aff5ab3e199/toss 200
2026-06-27 14:11:23 - GET /api/v1/teams/b67a45d5-eebc-472f-82c9-becd2e38925c 200
2026-06-27 14:11:23 - GET /api/v1/teams/e3f0adfa-a057-4a9a-b7b7-d83b5e6ab930 200
2026-06-27 14:11:23 - POST /api/v1/matches/e9bc3cec-e304-4d2a-822f-8aff5ab3e199/squads 200
2026-06-27 14:11:23 - POST /api/v1/matches/e9bc3cec-e304-4d2a-822f-8aff5ab3e199/squads 200
2026-06-27 14:11:23 - POST /api/v1/matches/e9bc3cec-e304-4d2a-822f-8aff5ab3e199/balls 201
2026-06-27 14:11:23 - POST /api/v1/matches/e9bc3cec-e304-4d2a-822f-8aff5ab3e199/balls 201
2026-06-27 14:11:23 - POST /api/v1/matches/e9bc3cec-e304-4d2a-822f-8aff5ab3e199/balls 201
2026-06-27 14:11:23 - POST /api/v1/matches/e9bc3cec-e304-4d2a-822f-8aff5ab3e199/balls 201
2026-06-27 14:11:23 - POST /api/v1/matches/e9bc3cec-e304-4d2a-822f-8aff5ab3e199/balls 201
2026-06-27 14:11:23 - POST /api/v1/matches/e9bc3cec-e304-4d2a-822f-8aff5ab3e199/balls 201
2026-06-27 14:11:23 - POST /api/v1/matches/e9bc3cec-e304-4d2a-822f-8aff5ab3e199/balls 201
2026-06-27 14:11:23 - POST /api/v1/matches/e9bc3cec-e304-4d2a-822f-8aff5ab3e199/balls 201
2026-06-27 14:11:23 - POST /api/v1/matches/e9bc3cec-e304-4d2a-822f-8aff5ab3e199/balls 201
2026-06-27 14:11:23 - POST /api/v1/matches/e9bc3cec-e304-4d2a-822f-8aff5ab3e199/balls 201
2026-06-27 14:11:23 - POST /api/v1/matches/e9bc3cec-e304-4d2a-822f-8aff5ab3e199/balls 201
2026-06-27 14:11:23 - POST /api/v1/matches/e9bc3cec-e304-4d2a-822f-8aff5ab3e199/balls 201
2026-06-27 14:11:23 - POST /api/v1/matches/a9fe76a8-2cd4-4509-b88d-5e46555c5905/toss 200
2026-06-27 14:11:23 - GET /api/v1/teams/b67a45d5-eebc-472f-82c9-becd2e38925c 200
2026-06-27 14:11:23 - GET /api/v1/teams/e8108cb3-120f-485c-928f-56e159e733bd 200
2026-06-27 14:11:23 - POST /api/v1/matches/a9fe76a8-2cd4-4509-b88d-5e46555c5905/squads 200
2026-06-27 14:11:23 - POST /api/v1/matches/a9fe76a8-2cd4-4509-b88d-5e46555c5905/squads 200
2026-06-27 14:11:23 - POST /api/v1/matches/a9fe76a8-2cd4-4509-b88d-5e46555c5905/balls 201
2026-06-27 14:11:23 - POST /api/v1/matches/a9fe76a8-2cd4-4509-b88d-5e46555c5905/balls 201
2026-06-27 14:11:23 - POST /api/v1/matches/a9fe76a8-2cd4-4509-b88d-5e46555c5905/balls 201
2026-06-27 14:11:23 - POST /api/v1/matches/a9fe76a8-2cd4-4509-b88d-5e46555c5905/balls 201
2026-06-27 14:11:23 - POST /api/v1/matches/a9fe76a8-2cd4-4509-b88d-5e46555c5905/balls 201
2026-06-27 14:11:23 - POST /api/v1/matches/a9fe76a8-2cd4-4509-b88d-5e46555c5905/balls 201
2026-06-27 14:11:23 - POST /api/v1/matches/a9fe76a8-2cd4-4509-b88d-5e46555c5905/balls 201
2026-06-27 14:11:23 - POST /api/v1/matches/a9fe76a8-2cd4-4509-b88d-5e46555c5905/balls 201
2026-06-27 14:11:23 - POST /api/v1/matches/a9fe76a8-2cd4-4509-b88d-5e46555c5905/balls 201
2026-06-27 14:11:23 - POST /api/v1/matches/a9fe76a8-2cd4-4509-b88d-5e46555c5905/balls 201
2026-06-27 14:11:23 - POST /api/v1/matches/a9fe76a8-2cd4-4509-b88d-5e46555c5905/balls 201
2026-06-27 14:11:24 - POST /api/v1/matches/a9fe76a8-2cd4-4509-b88d-5e46555c5905/balls 201
2026-06-27 14:11:24 - POST /api/v1/matches/fd352957-b25b-4545-9bc5-32091485074d/toss 200
2026-06-27 14:11:24 - GET /api/v1/teams/e8108cb3-120f-485c-928f-56e159e733bd 200
2026-06-27 14:11:24 - GET /api/v1/teams/e3f0adfa-a057-4a9a-b7b7-d83b5e6ab930 200
2026-06-27 14:11:24 - POST /api/v1/matches/fd352957-b25b-4545-9bc5-32091485074d/squads 200
2026-06-27 14:11:24 - POST /api/v1/matches/fd352957-b25b-4545-9bc5-32091485074d/squads 200
2026-06-27 14:11:24 - POST /api/v1/matches/fd352957-b25b-4545-9bc5-32091485074d/balls 201
2026-06-27 14:11:24 - POST /api/v1/matches/fd352957-b25b-4545-9bc5-32091485074d/balls 201
2026-06-27 14:11:24 - POST /api/v1/matches/fd352957-b25b-4545-9bc5-32091485074d/balls 201
2026-06-27 14:11:24 - POST /api/v1/matches/fd352957-b25b-4545-9bc5-32091485074d/balls 201
2026-06-27 14:11:24 - POST /api/v1/matches/fd352957-b25b-4545-9bc5-32091485074d/balls 201
2026-06-27 14:11:24 - POST /api/v1/matches/fd352957-b25b-4545-9bc5-32091485074d/balls 201
2026-06-27 14:11:24 - POST /api/v1/matches/fd352957-b25b-4545-9bc5-32091485074d/balls 201
2026-06-27 14:11:24 - POST /api/v1/matches/fd352957-b25b-4545-9bc5-32091485074d/balls 201
2026-06-27 14:11:24 - POST /api/v1/matches/fd352957-b25b-4545-9bc5-32091485074d/balls 201
2026-06-27 14:11:24 - POST /api/v1/matches/fd352957-b25b-4545-9bc5-32091485074d/balls 201
2026-06-27 14:11:24 - POST /api/v1/matches/fd352957-b25b-4545-9bc5-32091485074d/balls 201
2026-06-27 14:11:24 - POST /api/v1/matches/fd352957-b25b-4545-9bc5-32091485074d/balls 201
2026-06-27 14:11:24 - GET /api/v1/tournaments/0acd6466-08bf-4a2b-922d-2cfb2f29ec23/dashboard 200
2026-06-27 14:11:24 - POST /api/v1/matches/23fe6964-9568-4ba3-a172-fad352e3e36e/toss 200
2026-06-27 14:11:24 - GET /api/v1/teams/b67a45d5-eebc-472f-82c9-becd2e38925c 200
2026-06-27 14:11:24 - GET /api/v1/teams/e3f0adfa-a057-4a9a-b7b7-d83b5e6ab930 200
2026-06-27 14:11:24 - POST /api/v1/matches/23fe6964-9568-4ba3-a172-fad352e3e36e/squads 200
2026-06-27 14:11:24 - POST /api/v1/matches/23fe6964-9568-4ba3-a172-fad352e3e36e/squads 200
2026-06-27 14:11:24 - POST /api/v1/matches/23fe6964-9568-4ba3-a172-fad352e3e36e/balls 201
2026-06-27 14:11:24 - POST /api/v1/matches/23fe6964-9568-4ba3-a172-fad352e3e36e/balls 201
2026-06-27 14:11:24 - POST /api/v1/matches/23fe6964-9568-4ba3-a172-fad352e3e36e/balls 201
2026-06-27 14:11:24 - POST /api/v1/matches/23fe6964-9568-4ba3-a172-fad352e3e36e/balls 201
2026-06-27 14:11:24 - POST /api/v1/matches/23fe6964-9568-4ba3-a172-fad352e3e36e/balls 201
2026-06-27 14:11:24 - POST /api/v1/matches/23fe6964-9568-4ba3-a172-fad352e3e36e/balls 201
2026-06-27 14:11:24 - POST /api/v1/matches/23fe6964-9568-4ba3-a172-fad352e3e36e/balls 201
2026-06-27 14:11:24 - POST /api/v1/matches/23fe6964-9568-4ba3-a172-fad352e3e36e/balls 201
2026-06-27 14:11:24 - POST /api/v1/matches/23fe6964-9568-4ba3-a172-fad352e3e36e/balls 201
2026-06-27 14:11:24 - POST /api/v1/matches/23fe6964-9568-4ba3-a172-fad352e3e36e/balls 201
2026-06-27 14:11:24 - POST /api/v1/matches/23fe6964-9568-4ba3-a172-fad352e3e36e/balls 201
2026-06-27 14:11:24 - POST /api/v1/matches/23fe6964-9568-4ba3-a172-fad352e3e36e/balls 201
2026-06-27 14:11:24 - POST /api/v1/matches/a8d333d2-6d5d-42f6-9cb4-35e881f1c2f4/toss 200
2026-06-27 14:11:24 - GET /api/v1/teams/084bee53-3380-4e44-bd6f-7eeb6824bd54 200
2026-06-27 14:11:24 - GET /api/v1/teams/e8108cb3-120f-485c-928f-56e159e733bd 200
2026-06-27 14:11:24 - POST /api/v1/matches/a8d333d2-6d5d-42f6-9cb4-35e881f1c2f4/squads 200
2026-06-27 14:11:24 - POST /api/v1/matches/a8d333d2-6d5d-42f6-9cb4-35e881f1c2f4/squads 200
2026-06-27 14:11:24 - POST /api/v1/matches/a8d333d2-6d5d-42f6-9cb4-35e881f1c2f4/balls 201
2026-06-27 14:11:24 - POST /api/v1/matches/a8d333d2-6d5d-42f6-9cb4-35e881f1c2f4/balls 201
2026-06-27 14:11:24 - POST /api/v1/matches/a8d333d2-6d5d-42f6-9cb4-35e881f1c2f4/balls 201
2026-06-27 14:11:24 - POST /api/v1/matches/a8d333d2-6d5d-42f6-9cb4-35e881f1c2f4/balls 201
2026-06-27 14:11:24 - POST /api/v1/matches/a8d333d2-6d5d-42f6-9cb4-35e881f1c2f4/balls 201
2026-06-27 14:11:24 - POST /api/v1/matches/a8d333d2-6d5d-42f6-9cb4-35e881f1c2f4/balls 201
2026-06-27 14:11:24 - POST /api/v1/matches/a8d333d2-6d5d-42f6-9cb4-35e881f1c2f4/balls 201
2026-06-27 14:11:24 - POST /api/v1/matches/a8d333d2-6d5d-42f6-9cb4-35e881f1c2f4/balls 201
2026-06-27 14:11:24 - POST /api/v1/matches/a8d333d2-6d5d-42f6-9cb4-35e881f1c2f4/balls 201
2026-06-27 14:11:25 - POST /api/v1/matches/a8d333d2-6d5d-42f6-9cb4-35e881f1c2f4/balls 201
2026-06-27 14:11:25 - POST /api/v1/matches/a8d333d2-6d5d-42f6-9cb4-35e881f1c2f4/balls 201
2026-06-27 14:11:25 - POST /api/v1/matches/a8d333d2-6d5d-42f6-9cb4-35e881f1c2f4/balls 201
2026-06-27 14:11:25 - GET /api/v1/tournaments/0acd6466-08bf-4a2b-922d-2cfb2f29ec23/dashboard 200
2026-06-27 14:11:25 - POST /api/v1/matches/0d7e6ab6-4443-4234-be42-41f38788789a/toss 200
2026-06-27 14:11:25 - GET /api/v1/teams/b67a45d5-eebc-472f-82c9-becd2e38925c 200
2026-06-27 14:11:25 - GET /api/v1/teams/084bee53-3380-4e44-bd6f-7eeb6824bd54 200
2026-06-27 14:11:25 - POST /api/v1/matches/0d7e6ab6-4443-4234-be42-41f38788789a/squads 200
2026-06-27 14:11:25 - POST /api/v1/matches/0d7e6ab6-4443-4234-be42-41f38788789a/squads 200
2026-06-27 14:11:25 - POST /api/v1/matches/0d7e6ab6-4443-4234-be42-41f38788789a/balls 201
2026-06-27 14:11:25 - POST /api/v1/matches/0d7e6ab6-4443-4234-be42-41f38788789a/balls 201
2026-06-27 14:11:25 - POST /api/v1/matches/0d7e6ab6-4443-4234-be42-41f38788789a/balls 201
2026-06-27 14:11:25 - POST /api/v1/matches/0d7e6ab6-4443-4234-be42-41f38788789a/balls 201
2026-06-27 14:11:25 - POST /api/v1/matches/0d7e6ab6-4443-4234-be42-41f38788789a/balls 201
2026-06-27 14:11:25 - POST /api/v1/matches/0d7e6ab6-4443-4234-be42-41f38788789a/balls 201
2026-06-27 14:11:25 - POST /api/v1/matches/0d7e6ab6-4443-4234-be42-41f38788789a/balls 201
2026-06-27 14:11:25 - POST /api/v1/matches/0d7e6ab6-4443-4234-be42-41f38788789a/balls 201
2026-06-27 14:11:25 - POST /api/v1/matches/0d7e6ab6-4443-4234-be42-41f38788789a/balls 201
2026-06-27 14:11:25 - POST /api/v1/matches/0d7e6ab6-4443-4234-be42-41f38788789a/balls 201
2026-06-27 14:11:25 - POST /api/v1/matches/0d7e6ab6-4443-4234-be42-41f38788789a/balls 201
2026-06-27 14:11:25 - POST /api/v1/matches/0d7e6ab6-4443-4234-be42-41f38788789a/balls 201
2026-06-27 14:11:25 - GET /api/v1/tournaments/0acd6466-08bf-4a2b-922d-2cfb2f29ec23/dashboard 200
2026-06-27 14:28:14 - POST /api/v1/auth/signup 422
2026-06-27 14:28:14 - POST /api/v1/auth/signup 422
2026-06-27 14:28:14 - POST /api/v1/auth/signup 422
2026-06-27 14:28:14 - POST /api/v1/auth/signup 422
2026-06-27 14:28:14 - POST /api/v1/auth/signup 201
2026-06-27 14:28:14 - POST /api/v1/auth/login 400
2026-06-27 14:28:14 - POST /api/v1/auth/verify-otp 200
2026-06-27 14:28:14 - POST /api/v1/auth/signup 201
2026-06-27 14:28:14 - POST /api/v1/auth/resend-otp 429
2026-06-27 14:28:14 - POST /api/v1/auth/resend-otp 200
2026-06-27 14:28:15 - POST /api/v1/auth/login 400
2026-06-27 14:28:15 - POST /api/v1/auth/login 400
2026-06-27 14:28:16 - POST /api/v1/auth/login 400
2026-06-27 14:28:16 - POST /api/v1/auth/login 400
2026-06-27 14:28:17 - POST /api/v1/auth/login 400
2026-06-27 14:28:17 - POST /api/v1/auth/login 403
2026-06-27 14:28:17 - POST /api/v1/auth/login 200
2026-06-27 14:28:17 - POST /api/v1/auth/forgot-password 404
2026-06-27 14:28:18 - POST /api/v1/auth/forgot-password 200
2026-06-27 14:28:18 - POST /api/v1/auth/verify-reset-otp 400
2026-06-27 14:28:18 - POST /api/v1/auth/verify-reset-otp 200
2026-06-27 14:28:18 - POST /api/v1/auth/reset-password 422
2026-06-27 14:28:18 - POST /api/v1/auth/reset-password 200
2026-06-27 14:28:18 - POST /api/v1/auth/login 200
2026-06-27 14:28:19 - POST /api/v1/auth/login 200
2026-06-27 14:28:19 - POST /api/v1/auth/complete-profile 200
2026-06-27 14:28:20 - POST /api/v1/auth/login 200
2026-06-27 14:28:20 - POST /api/v1/auth/refresh 200
2026-06-27 14:28:20 - POST /api/v1/auth/logout 200
2026-06-27 14:28:20 - POST /api/v1/auth/refresh 401
2026-06-27 14:28:20 - POST /api/v1/auth/signup 201
2026-06-27 14:28:20 - POST /api/v1/auth/signup 400
2026-06-27 14:28:21 - POST /api/v1/auth/login 400
2026-06-27 14:28:21 - POST /api/v1/auth/forgot-password 400
2026-06-27 14:28:21 - POST /api/v1/auth/verify-reset-otp 400
2026-06-27 14:28:21 - POST /api/v1/auth/reset-password 400
2026-06-27 14:28:22 - POST /api/v1/auth/signup 400
2026-06-27 14:28:22 - POST /api/v1/auth/signup 201
2026-06-27 14:28:23 - POST /api/v1/auth/signup 201
2026-06-27 14:28:24 - POST /api/v1/auth/login 200
2026-06-27 14:28:24 - POST /api/v1/auth/login 200
2026-06-27 14:28:24 - POST /api/v1/teams/ 201
2026-06-27 14:28:24 - GET /api/v1/teams/ 200
2026-06-27 14:28:24 - PUT /api/v1/teams/7c46a57f-cf03-465c-aad0-14545fbf78ce 403
2026-06-27 14:28:24 - DELETE /api/v1/teams/7c46a57f-cf03-465c-aad0-14545fbf78ce 403
2026-06-27 14:28:24 - POST /api/v1/players/ 201
2026-06-27 14:28:24 - GET /api/v1/players/ 200
2026-06-27 14:28:24 - PUT /api/v1/players/ca6c21d4-7898-43ec-9f1e-a80ff3666228 403
2026-06-27 14:28:24 - DELETE /api/v1/players/ca6c21d4-7898-43ec-9f1e-a80ff3666228 403
2026-06-27 14:28:25 - POST /api/v1/auth/signup 201
2026-06-27 14:28:25 - POST /api/v1/auth/login 200
2026-06-27 14:28:25 - POST /api/v1/teams/ 201
2026-06-27 14:28:25 - POST /api/v1/teams/ 201
2026-06-27 14:28:25 - POST /api/v1/players/ 201
2026-06-27 14:28:25 - POST /api/v1/players/ 201
2026-06-27 14:28:25 - POST /api/v1/players/ 201
2026-06-27 14:28:25 - POST /api/v1/teams/874376d3-eb8b-482a-9cd5-28eb56b4bb39/players/bulk 200
2026-06-27 14:28:25 - POST /api/v1/teams/790687af-5ac4-4076-bfed-43bcaa2ae6b6/players/bulk 400
2026-06-27 14:28:26 - POST /api/v1/auth/signup 201
2026-06-27 14:28:26 - POST /api/v1/auth/signup 201
2026-06-27 14:28:26 - POST /api/v1/auth/login 200
2026-06-27 14:28:27 - POST /api/v1/auth/login 200
2026-06-27 14:28:27 - POST /api/v1/teams/ 201
2026-06-27 14:28:27 - POST /api/v1/teams/ 201
2026-06-27 14:28:27 - POST /api/v1/matches/ 201
2026-06-27 14:28:27 - POST /api/v1/matches/f64be19a-20fd-4f46-b1da-6b3f3ff36054/toss 403
2026-06-27 14:28:27 - POST /api/v1/matches/f64be19a-20fd-4f46-b1da-6b3f3ff36054/toss 200
2026-06-27 14:28:28 - GET /api/v1/debug-env 200
2026-06-27 14:28:28 - GET /api/v1/debug-env 404
2026-06-27 14:28:30 - POST /api/v1/auth/login 200
2026-06-27 14:28:30 - POST /api/v1/players/ 201
2026-06-27 14:28:30 - POST /api/v1/players/ 201
2026-06-27 14:28:30 - POST /api/v1/players/ 201
2026-06-27 14:28:30 - POST /api/v1/players/ 201
2026-06-27 14:28:30 - POST /api/v1/teams/ 201
2026-06-27 14:28:30 - POST /api/v1/teams/ 201
2026-06-27 14:28:30 - POST /api/v1/teams/78587af8-da0c-45fa-967e-b088141a118c/players 200
2026-06-27 14:28:30 - POST /api/v1/teams/78587af8-da0c-45fa-967e-b088141a118c/players 200
2026-06-27 14:28:30 - POST /api/v1/teams/150f28eb-6b3f-4426-811a-f9d8ea38d55c/players 200
2026-06-27 14:28:30 - POST /api/v1/teams/150f28eb-6b3f-4426-811a-f9d8ea38d55c/players 200
2026-06-27 14:28:30 - POST /api/v1/matches/ 201
2026-06-27 14:28:30 - POST /api/v1/matches/bc4a2450-ccb3-405b-995a-872b41341eb0/toss 200
2026-06-27 14:28:30 - POST /api/v1/matches/bc4a2450-ccb3-405b-995a-872b41341eb0/squads 400
2026-06-27 14:28:30 - POST /api/v1/matches/bc4a2450-ccb3-405b-995a-872b41341eb0/squads 200
2026-06-27 14:28:30 - POST /api/v1/matches/bc4a2450-ccb3-405b-995a-872b41341eb0/squads 400
2026-06-27 14:28:30 - POST /api/v1/matches/bc4a2450-ccb3-405b-995a-872b41341eb0/squads 200
2026-06-27 14:28:30 - POST /api/v1/auth/google 200
2026-06-27 14:28:30 - POST /api/v1/auth/google 400
2026-06-27 14:28:31 - POST /api/v1/auth/google 400
2026-06-27 14:28:31 - POST /api/v1/auth/google 400
2026-06-27 14:28:31 - POST /api/v1/auth/google 400
2026-06-27 14:28:32 - POST /api/v1/auth/login 200
2026-06-27 14:28:32 - POST /api/v1/players/ 201
2026-06-27 14:28:32 - POST /api/v1/players/ 201
2026-06-27 14:28:32 - POST /api/v1/teams/ 201
2026-06-27 14:28:32 - POST /api/v1/teams/ 201
2026-06-27 14:28:32 - POST /api/v1/matches/ 201
2026-06-27 14:28:32 - GET /api/v1/matches/ 200
2026-06-27 14:28:34 - POST /api/v1/auth/login 200
2026-06-27 14:28:34 - POST /api/v1/auth/login 200
2026-06-27 14:28:34 - POST /api/v1/auth/login 200
2026-06-27 14:28:34 - POST /api/v1/matches/ 201
2026-06-27 14:28:34 - POST /api/v1/matches/817c4530-3fd8-4174-ad3a-01ab04c45677/toss 200
2026-06-27 14:28:34 - POST /api/v1/matches/817c4530-3fd8-4174-ad3a-01ab04c45677/toss 403
2026-06-27 14:28:34 - POST /api/v1/matches/ 201
2026-06-27 14:28:34 - POST /api/v1/matches/ba0ab34e-e8ad-41e2-b2ff-eb45b16762ee/toss 200
2026-06-27 14:28:34 - POST /api/v1/matches/ 201
2026-06-27 14:28:34 - POST /api/v1/matches/b898f0c5-d3b4-4239-9a5c-d72611b1ddd3/toss 200
2026-06-27 14:28:35 - POST /api/v1/matches/b898f0c5-d3b4-4239-9a5c-d72611b1ddd3/toss 403
2026-06-27 14:28:35 - POST /api/v1/auth/login 200
2026-06-27 14:28:37 - GET /api/v1/admin/analytics 200
2026-06-27 14:28:37 - GET /api/v1/admin/team-members 200
2026-06-27 14:28:37 - GET /api/v1/admin/team-members 200
2026-06-27 14:28:37 - GET /api/v1/admin/team-members 200
2026-06-27 14:28:37 - DELETE /api/v1/admin/team-members/80219c11-c8bb-4f7f-b5cc-1beebc87ea2b 204
2026-06-27 14:28:38 - POST /api/v1/auth/login 200
2026-06-27 14:28:39 - POST /api/v1/admin/tournaments/bulk-delete 204
2026-06-27 14:28:39 - POST /api/v1/admin/matches/bulk-delete 204
2026-06-27 14:28:39 - POST /api/v1/admin/teams/bulk-delete 204
2026-06-27 14:28:39 - POST /api/v1/admin/users/bulk-delete 204
2026-06-27 14:28:40 - POST /api/v1/auth/login 200
2026-06-27 14:28:40 - POST /api/v1/players/ 201
2026-06-27 14:28:40 - POST /api/v1/players/ 201
2026-06-27 14:28:40 - POST /api/v1/players/ 422
2026-06-27 14:28:40 - POST /api/v1/players/ 422
2026-06-27 14:28:40 - GET /api/v1/players/cca465a4-1d31-452a-ae3e-fd8f2f662df6 200
2026-06-27 14:28:40 - PUT /api/v1/players/cca465a4-1d31-452a-ae3e-fd8f2f662df6 200
2026-06-27 14:28:40 - DELETE /api/v1/players/cca465a4-1d31-452a-ae3e-fd8f2f662df6 204
2026-06-27 14:28:40 - GET /api/v1/players/cca465a4-1d31-452a-ae3e-fd8f2f662df6 404
2026-06-27 14:28:42 - POST /api/v1/auth/login 200
2026-06-27 14:28:42 - POST /api/v1/players/ 201
2026-06-27 14:28:42 - POST /api/v1/players/ 201
2026-06-27 14:28:42 - POST /api/v1/teams/ 201
2026-06-27 14:28:42 - POST /api/v1/teams/2b30a605-26dd-4463-9f5c-392cddbd1826/players 200
2026-06-27 14:28:42 - PUT /api/v1/teams/2b30a605-26dd-4463-9f5c-392cddbd1826 200
2026-06-27 14:28:42 - PUT /api/v1/teams/2b30a605-26dd-4463-9f5c-392cddbd1826 400
2026-06-27 14:28:42 - POST /api/v1/teams/ 201
2026-06-27 14:28:42 - POST /api/v1/teams/75fd2487-b231-4d67-81dd-9f777daaaaac/players 400
2026-06-27 14:28:42 - DELETE /api/v1/teams/2b30a605-26dd-4463-9f5c-392cddbd1826/players/a2c96f1a-d471-4822-9296-dc91f4282aa3 200
2026-06-27 14:28:42 - DELETE /api/v1/teams/2b30a605-26dd-4463-9f5c-392cddbd1826 204
2026-06-27 14:28:42 - POST /api/v1/auth/login 200
2026-06-27 14:28:42 - POST /api/v1/players/ 201
2026-06-27 14:28:42 - POST /api/v1/players/ 201
2026-06-27 14:28:42 - POST /api/v1/teams/ 201
2026-06-27 14:28:43 - POST /api/v1/teams/ 201
2026-06-27 14:28:43 - POST /api/v1/teams/06692d87-9116-4a1b-a99d-3b47eb0e84e6/players 200
2026-06-27 14:28:43 - POST /api/v1/teams/b16ea605-c2f6-43a3-b783-68d9e960edf1/players 200
2026-06-27 14:28:43 - POST /api/v1/matches/ 201
2026-06-27 14:28:43 - POST /api/v1/matches/e5407b64-874c-4b61-aa71-fb2d0a8eb1cc/squads 200
2026-06-27 14:28:43 - POST /api/v1/matches/e5407b64-874c-4b61-aa71-fb2d0a8eb1cc/toss 200
2026-06-27 14:28:43 - DELETE /api/v1/players/1523bcdc-ff21-4559-933f-8a24cd12c72a 400
2026-06-27 14:28:43 - DELETE /api/v1/teams/06692d87-9116-4a1b-a99d-3b47eb0e84e6/players/1523bcdc-ff21-4559-933f-8a24cd12c72a 400
2026-06-27 14:28:43 - DELETE /api/v1/teams/06692d87-9116-4a1b-a99d-3b47eb0e84e6 400
2026-06-27 14:28:43 - POST /api/v1/auth/login 200
2026-06-27 14:28:43 - GET /api/v1/profile/ 200
2026-06-27 14:28:44 - POST /api/v1/auth/login 200
2026-06-27 14:28:44 - PUT /api/v1/profile/ 200
2026-06-27 14:28:44 - PUT /api/v1/profile/ 400
2026-06-27 14:28:46 - POST /api/v1/auth/login 200
2026-06-27 14:28:46 - GET /api/v1/profile/stats 200
2026-06-27 14:28:47 - POST /api/v1/auth/login 200
2026-06-27 14:28:47 - GET /api/v1/profile/activity 200
2026-06-27 14:28:47 - GET /api/v1/profile/achievements 200
2026-06-27 14:28:48 - POST /api/v1/auth/login 200
2026-06-27 14:28:48 - POST /api/v1/profile/upload-photo 200
2026-06-27 14:28:48 - GET /api/v1/profile/ 200
2026-06-27 14:28:49 - POST /api/v1/auth/login 200
2026-06-27 14:28:49 - POST /api/v1/players/ 201
2026-06-27 14:28:49 - POST /api/v1/players/ 201
2026-06-27 14:28:49 - POST /api/v1/players/ 201
2026-06-27 14:28:49 - POST /api/v1/players/ 201
2026-06-27 14:28:49 - POST /api/v1/players/ 201
2026-06-27 14:28:49 - POST /api/v1/teams/ 201
2026-06-27 14:28:49 - POST /api/v1/teams/ 201
2026-06-27 14:28:49 - POST /api/v1/teams/c900c8ae-d323-4bb1-92c2-3e25925d660f/players 200
2026-06-27 14:28:49 - POST /api/v1/teams/c900c8ae-d323-4bb1-92c2-3e25925d660f/players 200
2026-06-27 14:28:49 - POST /api/v1/teams/c900c8ae-d323-4bb1-92c2-3e25925d660f/players 200
2026-06-27 14:28:49 - POST /api/v1/teams/d2b53446-5a9e-4508-a8fe-0e56252b6d27/players 200
2026-06-27 14:28:49 - POST /api/v1/teams/d2b53446-5a9e-4508-a8fe-0e56252b6d27/players 200
2026-06-27 14:28:49 - POST /api/v1/matches/ 201
2026-06-27 14:28:49 - POST /api/v1/matches/33671a4d-4e7c-4b5d-8e33-eda5783d58c2/toss 200
2026-06-27 14:28:49 - POST /api/v1/matches/33671a4d-4e7c-4b5d-8e33-eda5783d58c2/squads 200
2026-06-27 14:28:49 - POST /api/v1/matches/33671a4d-4e7c-4b5d-8e33-eda5783d58c2/squads 200
2026-06-27 14:28:49 - POST /api/v1/matches/33671a4d-4e7c-4b5d-8e33-eda5783d58c2/balls 201
2026-06-27 14:28:49 - POST /api/v1/matches/33671a4d-4e7c-4b5d-8e33-eda5783d58c2/balls 201
2026-06-27 14:28:49 - POST /api/v1/matches/33671a4d-4e7c-4b5d-8e33-eda5783d58c2/balls 201
2026-06-27 14:28:49 - POST /api/v1/matches/33671a4d-4e7c-4b5d-8e33-eda5783d58c2/balls 201
2026-06-27 14:28:49 - POST /api/v1/matches/33671a4d-4e7c-4b5d-8e33-eda5783d58c2/balls 201
2026-06-27 14:28:49 - POST /api/v1/matches/33671a4d-4e7c-4b5d-8e33-eda5783d58c2/balls 201
2026-06-27 14:28:49 - POST /api/v1/matches/33671a4d-4e7c-4b5d-8e33-eda5783d58c2/balls 201
2026-06-27 14:28:49 - POST /api/v1/matches/33671a4d-4e7c-4b5d-8e33-eda5783d58c2/balls 201
2026-06-27 14:28:49 - POST /api/v1/matches/33671a4d-4e7c-4b5d-8e33-eda5783d58c2/balls 201
2026-06-27 14:28:49 - POST /api/v1/matches/33671a4d-4e7c-4b5d-8e33-eda5783d58c2/balls 201
2026-06-27 14:28:49 - POST /api/v1/matches/33671a4d-4e7c-4b5d-8e33-eda5783d58c2/balls 201
2026-06-27 14:28:49 - POST /api/v1/matches/33671a4d-4e7c-4b5d-8e33-eda5783d58c2/balls 201
2026-06-27 14:28:49 - GET /api/v1/matches/33671a4d-4e7c-4b5d-8e33-eda5783d58c2/scorecard 200
2026-06-27 14:28:49 - GET /api/v1/players/4e734892-2b0a-4cf1-991f-34e5b2af5de2 200
2026-06-27 14:28:50 - POST /api/v1/auth/login 200
2026-06-27 14:28:50 - POST /api/v1/players/ 201
2026-06-27 14:28:50 - POST /api/v1/players/ 201
2026-06-27 14:28:50 - POST /api/v1/players/ 201
2026-06-27 14:28:50 - POST /api/v1/players/ 201
2026-06-27 14:28:50 - POST /api/v1/players/ 201
2026-06-27 14:28:50 - POST /api/v1/teams/ 201
2026-06-27 14:28:50 - POST /api/v1/teams/ 201
2026-06-27 14:28:50 - POST /api/v1/teams/62bff0d3-a03a-41b2-aa55-878b4d58c7c6/players 200
2026-06-27 14:28:50 - POST /api/v1/teams/62bff0d3-a03a-41b2-aa55-878b4d58c7c6/players 200
2026-06-27 14:28:50 - POST /api/v1/teams/62bff0d3-a03a-41b2-aa55-878b4d58c7c6/players 200
2026-06-27 14:28:50 - POST /api/v1/teams/38a9b766-43e4-448b-b688-3f215284fdb9/players 200
2026-06-27 14:28:50 - POST /api/v1/teams/38a9b766-43e4-448b-b688-3f215284fdb9/players 200
2026-06-27 14:28:50 - POST /api/v1/matches/ 201
2026-06-27 14:28:50 - POST /api/v1/matches/76e6e4c7-0b71-4b87-8a6d-1e24773b5d63/toss 200
2026-06-27 14:28:50 - POST /api/v1/matches/76e6e4c7-0b71-4b87-8a6d-1e24773b5d63/squads 200
2026-06-27 14:28:50 - POST /api/v1/matches/76e6e4c7-0b71-4b87-8a6d-1e24773b5d63/squads 200
2026-06-27 14:28:50 - POST /api/v1/matches/76e6e4c7-0b71-4b87-8a6d-1e24773b5d63/balls 201
2026-06-27 14:28:50 - POST /api/v1/matches/76e6e4c7-0b71-4b87-8a6d-1e24773b5d63/balls 201
2026-06-27 14:28:50 - POST /api/v1/matches/76e6e4c7-0b71-4b87-8a6d-1e24773b5d63/balls 201
2026-06-27 14:28:50 - POST /api/v1/matches/76e6e4c7-0b71-4b87-8a6d-1e24773b5d63/balls 201
2026-06-27 14:28:50 - POST /api/v1/matches/76e6e4c7-0b71-4b87-8a6d-1e24773b5d63/balls 201
2026-06-27 14:28:50 - GET /api/v1/matches/76e6e4c7-0b71-4b87-8a6d-1e24773b5d63/scorecard 200
2026-06-27 14:28:50 - POST /api/v1/auth/login 200
2026-06-27 14:28:50 - POST /api/v1/players/ 201
2026-06-27 14:28:50 - POST /api/v1/players/ 201
2026-06-27 14:28:50 - POST /api/v1/players/ 201
2026-06-27 14:28:50 - POST /api/v1/players/ 201
2026-06-27 14:28:50 - POST /api/v1/teams/ 201
2026-06-27 14:28:50 - POST /api/v1/teams/ 201
2026-06-27 14:28:50 - POST /api/v1/teams/5352327f-6f85-4dff-bff8-5fcfb1989fe9/players 200
2026-06-27 14:28:50 - POST /api/v1/teams/5352327f-6f85-4dff-bff8-5fcfb1989fe9/players 200
2026-06-27 14:28:50 - POST /api/v1/teams/efdd0e16-fa13-45ca-8481-e4207e809594/players 200
2026-06-27 14:28:50 - POST /api/v1/teams/efdd0e16-fa13-45ca-8481-e4207e809594/players 200
2026-06-27 14:28:50 - POST /api/v1/matches/ 201
2026-06-27 14:28:50 - POST /api/v1/matches/aed727a1-76aa-46a4-873f-f16e3e460220/toss 200
2026-06-27 14:28:50 - POST /api/v1/matches/aed727a1-76aa-46a4-873f-f16e3e460220/squads 200
2026-06-27 14:28:50 - POST /api/v1/matches/aed727a1-76aa-46a4-873f-f16e3e460220/squads 200
2026-06-27 14:28:50 - POST /api/v1/matches/aed727a1-76aa-46a4-873f-f16e3e460220/balls 201
2026-06-27 14:28:50 - POST /api/v1/matches/aed727a1-76aa-46a4-873f-f16e3e460220/balls 201
2026-06-27 14:28:50 - POST /api/v1/matches/aed727a1-76aa-46a4-873f-f16e3e460220/balls 201
2026-06-27 14:28:50 - POST /api/v1/matches/aed727a1-76aa-46a4-873f-f16e3e460220/balls 201
2026-06-27 14:28:51 - POST /api/v1/matches/aed727a1-76aa-46a4-873f-f16e3e460220/balls 201
2026-06-27 14:28:51 - POST /api/v1/matches/aed727a1-76aa-46a4-873f-f16e3e460220/balls 201
2026-06-27 14:28:51 - POST /api/v1/matches/aed727a1-76aa-46a4-873f-f16e3e460220/balls 201
2026-06-27 14:28:51 - GET /api/v1/matches/aed727a1-76aa-46a4-873f-f16e3e460220/scorecard 200
2026-06-27 14:28:52 - POST /api/v1/auth/signup 201
2026-06-27 14:28:52 - POST /api/v1/auth/login 200
2026-06-27 14:28:53 - POST /api/v1/auth/login 200
2026-06-27 14:28:53 - POST /api/v1/players/ 201
2026-06-27 14:28:53 - POST /api/v1/players/ 201
2026-06-27 14:28:53 - POST /api/v1/players/ 201
2026-06-27 14:28:53 - POST /api/v1/players/ 201
2026-06-27 14:28:53 - POST /api/v1/players/ 201
2026-06-27 14:28:53 - POST /api/v1/teams/ 201
2026-06-27 14:28:53 - POST /api/v1/teams/ 201
2026-06-27 14:28:53 - POST /api/v1/teams/cf191146-2e09-4f5f-99c4-2a72188e8e8e/players 200
2026-06-27 14:28:53 - POST /api/v1/teams/cf191146-2e09-4f5f-99c4-2a72188e8e8e/players 200
2026-06-27 14:28:53 - POST /api/v1/teams/cf191146-2e09-4f5f-99c4-2a72188e8e8e/players 200
2026-06-27 14:28:53 - POST /api/v1/teams/2db8032f-d9c8-4b60-86ed-9634e853492b/players 200
2026-06-27 14:28:53 - POST /api/v1/teams/2db8032f-d9c8-4b60-86ed-9634e853492b/players 200
2026-06-27 14:28:53 - POST /api/v1/matches/ 201
2026-06-27 14:28:53 - POST /api/v1/matches/1b346170-c482-4190-8961-95778f8db6fd/toss 200
2026-06-27 14:28:53 - POST /api/v1/matches/1b346170-c482-4190-8961-95778f8db6fd/squads 200
2026-06-27 14:28:53 - POST /api/v1/matches/1b346170-c482-4190-8961-95778f8db6fd/squads 200
2026-06-27 14:28:53 - POST /api/v1/matches/1b346170-c482-4190-8961-95778f8db6fd/balls 201
2026-06-27 14:28:53 - GET /api/v1/matches/1b346170-c482-4190-8961-95778f8db6fd/live 200
2026-06-27 14:28:53 - POST /api/v1/matches/1b346170-c482-4190-8961-95778f8db6fd/balls 201
2026-06-27 14:28:53 - GET /api/v1/matches/1b346170-c482-4190-8961-95778f8db6fd/live 200
2026-06-27 14:28:53 - POST /api/v1/matches/1b346170-c482-4190-8961-95778f8db6fd/balls 201
2026-06-27 14:28:53 - GET /api/v1/matches/1b346170-c482-4190-8961-95778f8db6fd/live 200
2026-06-27 14:28:53 - POST /api/v1/matches/1b346170-c482-4190-8961-95778f8db6fd/balls 201
2026-06-27 14:28:53 - GET /api/v1/matches/1b346170-c482-4190-8961-95778f8db6fd/live 200
2026-06-27 14:28:53 - POST /api/v1/matches/1b346170-c482-4190-8961-95778f8db6fd/undo 200
2026-06-27 14:28:53 - GET /api/v1/matches/1b346170-c482-4190-8961-95778f8db6fd/live 200
2026-06-27 14:28:53 - GET /api/v1/auth/me 401
2026-06-27 14:28:54 - GET /api/v1/auth/me 401
2026-06-27 14:28:54 - POST /api/v1/auth/login 200
2026-06-27 14:28:54 - POST /api/v1/players/ 201
2026-06-27 14:28:54 - POST /api/v1/players/ 201
2026-06-27 14:28:54 - POST /api/v1/players/ 201
2026-06-27 14:28:54 - POST /api/v1/players/ 201
2026-06-27 14:28:54 - POST /api/v1/players/ 201
2026-06-27 14:28:54 - POST /api/v1/teams/ 201
2026-06-27 14:28:54 - POST /api/v1/teams/ 201
2026-06-27 14:28:54 - POST /api/v1/teams/7c79170b-d8a8-44cd-9e94-bb84cdbc519f/players 200
2026-06-27 14:28:54 - POST /api/v1/teams/7c79170b-d8a8-44cd-9e94-bb84cdbc519f/players 200
2026-06-27 14:28:54 - POST /api/v1/teams/7c79170b-d8a8-44cd-9e94-bb84cdbc519f/players 200
2026-06-27 14:28:54 - POST /api/v1/teams/133cb8e9-cce8-4084-9358-6c039dbc1f1b/players 200
2026-06-27 14:28:54 - POST /api/v1/teams/133cb8e9-cce8-4084-9358-6c039dbc1f1b/players 200
2026-06-27 14:28:54 - POST /api/v1/matches/ 201
2026-06-27 14:28:54 - POST /api/v1/matches/bac18956-23f5-4f22-a9fa-82fe62187bd6/toss 200
2026-06-27 14:28:54 - POST /api/v1/matches/bac18956-23f5-4f22-a9fa-82fe62187bd6/squads 200
2026-06-27 14:28:54 - POST /api/v1/matches/bac18956-23f5-4f22-a9fa-82fe62187bd6/squads 200
2026-06-27 14:28:54 - POST /api/v1/matches/bac18956-23f5-4f22-a9fa-82fe62187bd6/balls 201
2026-06-27 14:28:54 - GET /api/v1/matches/bac18956-23f5-4f22-a9fa-82fe62187bd6/live 200
2026-06-27 14:28:54 - POST /api/v1/matches/bac18956-23f5-4f22-a9fa-82fe62187bd6/balls 201
2026-06-27 14:28:54 - GET /api/v1/matches/bac18956-23f5-4f22-a9fa-82fe62187bd6/live 200
2026-06-27 14:28:54 - POST /api/v1/matches/bac18956-23f5-4f22-a9fa-82fe62187bd6/balls 201
2026-06-27 14:28:54 - GET /api/v1/matches/bac18956-23f5-4f22-a9fa-82fe62187bd6/live 200
2026-06-27 14:28:54 - POST /api/v1/matches/bac18956-23f5-4f22-a9fa-82fe62187bd6/balls 201
2026-06-27 14:28:54 - GET /api/v1/matches/bac18956-23f5-4f22-a9fa-82fe62187bd6/live 200
2026-06-27 14:28:54 - POST /api/v1/matches/bac18956-23f5-4f22-a9fa-82fe62187bd6/balls 201
2026-06-27 14:28:54 - GET /api/v1/matches/bac18956-23f5-4f22-a9fa-82fe62187bd6/live 200
2026-06-27 14:28:54 - POST /api/v1/matches/bac18956-23f5-4f22-a9fa-82fe62187bd6/balls 201
2026-06-27 14:28:54 - GET /api/v1/matches/bac18956-23f5-4f22-a9fa-82fe62187bd6/live 200
2026-06-27 14:28:54 - POST /api/v1/matches/bac18956-23f5-4f22-a9fa-82fe62187bd6/balls 201
2026-06-27 14:28:54 - GET /api/v1/matches/bac18956-23f5-4f22-a9fa-82fe62187bd6/live 200
2026-06-27 14:28:54 - GET /api/v1/matches/bac18956-23f5-4f22-a9fa-82fe62187bd6/scorecard 200
2026-06-27 14:28:56 - POST /api/v1/auth/signup 201
2026-06-27 14:28:59 - POST /api/v1/auth/signup 201
2026-06-27 14:29:00 - POST /api/v1/auth/signup 201
2026-06-27 14:29:01 - POST /api/v1/auth/login 200
2026-06-27 14:29:02 - POST /api/v1/auth/login 200
2026-06-27 14:29:02 - POST /api/v1/auth/login 200
2026-06-27 14:29:02 - POST /api/v1/teams/ 201
2026-06-27 14:29:02 - GET /api/v1/teams/my-teams 200
2026-06-27 14:29:02 - POST /api/v1/teams/73858f97-c10b-464d-a222-7d43d7c7a6c6/join-request 200
2026-06-27 14:29:02 - GET /api/v1/teams/my-teams 200
2026-06-27 14:29:02 - POST /api/v1/teams/73858f97-c10b-464d-a222-7d43d7c7a6c6/approve-request 403
2026-06-27 14:29:02 - POST /api/v1/teams/73858f97-c10b-464d-a222-7d43d7c7a6c6/approve-request 200
2026-06-27 14:29:02 - POST /api/v1/teams/73858f97-c10b-464d-a222-7d43d7c7a6c6/members 200
2026-06-27 14:29:02 - POST /api/v1/teams/73858f97-c10b-464d-a222-7d43d7c7a6c6/invitations/accept 200
2026-06-27 14:29:02 - GET /api/v1/teams/73858f97-c10b-464d-a222-7d43d7c7a6c6/members 200
2026-06-27 14:29:02 - DELETE /api/v1/teams/73858f97-c10b-464d-a222-7d43d7c7a6c6/members/3adaf4bd-5c87-4fbc-acaf-c5959ba789d6 204
2026-06-27 14:29:02 - GET /api/v1/teams/73858f97-c10b-464d-a222-7d43d7c7a6c6/members 200
2026-06-27 14:29:04 - POST /api/v1/auth/login 200
2026-06-27 14:29:04 - POST /api/v1/teams/ 201
2026-06-27 14:29:05 - POST /api/v1/auth/login 200
2026-06-27 14:29:05 - POST /api/v1/teams/2a01ea39-39e5-41dc-be79-75beaa348271/members 200
2026-06-27 14:29:05 - GET /api/v1/notifications/ 200
2026-06-27 14:29:05 - GET /api/v1/teams/my-invitations 200
2026-06-27 14:29:05 - POST /api/v1/notifications/9cbec395-e0d5-4219-800a-b78388fff7f6/read 200
2026-06-27 14:29:05 - POST /api/v1/teams/2a01ea39-39e5-41dc-be79-75beaa348271/invitations/accept 200
2026-06-27 14:29:05 - GET /api/v1/notifications/ 200
2026-06-27 14:29:06 - POST /api/v1/auth/login 200
2026-06-27 14:29:06 - POST /api/v1/teams/ 201
2026-06-27 14:29:07 - POST /api/v1/auth/login 200
2026-06-27 14:29:07 - POST /api/v1/teams/f67d050a-30df-4f6e-8394-f0b3b355b26c/members 200
2026-06-27 14:29:07 - POST /api/v1/teams/f67d050a-30df-4f6e-8394-f0b3b355b26c/invitations/reject 204
2026-06-27 14:29:07 - GET /api/v1/notifications/ 200
2026-06-27 14:29:08 - POST /api/v1/auth/login 200
2026-06-27 14:29:08 - POST /api/v1/teams/ 201
2026-06-27 14:29:08 - POST /api/v1/auth/login 200
2026-06-27 14:29:08 - POST /api/v1/teams/c7ac98a5-8064-45c5-a870-d1b2cd224882/join-request 200
2026-06-27 14:29:08 - POST /api/v1/teams/c7ac98a5-8064-45c5-a870-d1b2cd224882/reject-request 204
2026-06-27 14:29:08 - GET /api/v1/notifications/ 200
2026-06-27 14:29:09 - POST /api/v1/auth/login 200
2026-06-27 14:29:09 - POST /api/v1/teams/ 201
2026-06-27 14:29:09 - POST /api/v1/auth/login 200
2026-06-27 14:29:09 - PUT /api/v1/teams/5530e814-9d69-458f-b23c-7b2fca7f8901 403
2026-06-27 14:29:09 - DELETE /api/v1/teams/5530e814-9d69-458f-b23c-7b2fca7f8901 403
2026-06-27 14:29:09 - PUT /api/v1/teams/5530e814-9d69-458f-b23c-7b2fca7f8901 200
2026-06-27 14:29:09 - DELETE /api/v1/teams/5530e814-9d69-458f-b23c-7b2fca7f8901 204
2026-06-27 14:29:09 - GET /api/v1/teams/5530e814-9d69-458f-b23c-7b2fca7f8901 404
2026-06-27 14:29:10 - POST /api/v1/auth/login 200
2026-06-27 14:29:10 - GET /api/v1/notifications/ 200
2026-06-27 14:29:10 - POST /api/v1/notifications/read-all 204
2026-06-27 14:29:10 - GET /api/v1/notifications/ 200
2026-06-27 14:29:11 - POST /api/v1/auth/login 200
2026-06-27 14:29:11 - POST /api/v1/tournaments/ 201
2026-06-27 14:29:11 - POST /api/v1/players/ 201
2026-06-27 14:29:11 - POST /api/v1/players/ 201
2026-06-27 14:29:11 - POST /api/v1/players/ 201
2026-06-27 14:29:11 - POST /api/v1/players/ 201
2026-06-27 14:29:11 - POST /api/v1/teams/ 201
2026-06-27 14:29:11 - POST /api/v1/teams/42e50e89-c1bb-48c1-ac89-08ef9db8ede2/players 200
2026-06-27 14:29:11 - POST /api/v1/teams/42e50e89-c1bb-48c1-ac89-08ef9db8ede2/players 200
2026-06-27 14:29:11 - POST /api/v1/teams/42e50e89-c1bb-48c1-ac89-08ef9db8ede2/players 200
2026-06-27 14:29:11 - POST /api/v1/teams/42e50e89-c1bb-48c1-ac89-08ef9db8ede2/players 200
2026-06-27 14:29:11 - POST /api/v1/tournaments/025c837f-652c-45df-96fa-fe47db5f0041/teams 400
2026-06-27 14:29:11 - POST /api/v1/players/ 201
2026-06-27 14:29:11 - POST /api/v1/teams/42e50e89-c1bb-48c1-ac89-08ef9db8ede2/players 200
2026-06-27 14:29:11 - POST /api/v1/tournaments/025c837f-652c-45df-96fa-fe47db5f0041/teams 200
2026-06-27 14:29:11 - DELETE /api/v1/tournaments/025c837f-652c-45df-96fa-fe47db5f0041/teams/42e50e89-c1bb-48c1-ac89-08ef9db8ede2 200
2026-06-27 14:29:12 - POST /api/v1/auth/login 200
2026-06-27 14:29:12 - POST /api/v1/teams/ 201
2026-06-27 14:29:12 - POST /api/v1/players/ 201
2026-06-27 14:29:12 - POST /api/v1/teams/24f9d145-ad4d-474a-9cb3-b06ee8812e1a/players 200
2026-06-27 14:29:12 - POST /api/v1/players/ 201
2026-06-27 14:29:12 - POST /api/v1/teams/24f9d145-ad4d-474a-9cb3-b06ee8812e1a/players 200
2026-06-27 14:29:12 - POST /api/v1/players/ 201
2026-06-27 14:29:12 - POST /api/v1/teams/24f9d145-ad4d-474a-9cb3-b06ee8812e1a/players 200
2026-06-27 14:29:12 - POST /api/v1/players/ 201
2026-06-27 14:29:12 - POST /api/v1/teams/24f9d145-ad4d-474a-9cb3-b06ee8812e1a/players 200
2026-06-27 14:29:12 - POST /api/v1/players/ 201
2026-06-27 14:29:12 - POST /api/v1/teams/24f9d145-ad4d-474a-9cb3-b06ee8812e1a/players 200
2026-06-27 14:29:12 - POST /api/v1/teams/ 201
2026-06-27 14:29:12 - POST /api/v1/players/ 201
2026-06-27 14:29:12 - POST /api/v1/teams/e75a0b81-d481-44c5-9a2f-17db1a890d53/players 200
2026-06-27 14:29:12 - POST /api/v1/players/ 201
2026-06-27 14:29:12 - POST /api/v1/teams/e75a0b81-d481-44c5-9a2f-17db1a890d53/players 200
2026-06-27 14:29:12 - POST /api/v1/players/ 201
2026-06-27 14:29:12 - POST /api/v1/teams/e75a0b81-d481-44c5-9a2f-17db1a890d53/players 200
2026-06-27 14:29:12 - POST /api/v1/players/ 201
2026-06-27 14:29:12 - POST /api/v1/teams/e75a0b81-d481-44c5-9a2f-17db1a890d53/players 200
2026-06-27 14:29:12 - POST /api/v1/players/ 201
2026-06-27 14:29:12 - POST /api/v1/teams/e75a0b81-d481-44c5-9a2f-17db1a890d53/players 200
2026-06-27 14:29:13 - POST /api/v1/tournaments/ 201
2026-06-27 14:29:13 - POST /api/v1/tournaments/b76ca068-f184-4da4-87a7-7f6957f9171a/teams 200
2026-06-27 14:29:13 - POST /api/v1/tournaments/b76ca068-f184-4da4-87a7-7f6957f9171a/teams 200
2026-06-27 14:29:13 - POST /api/v1/tournaments/b76ca068-f184-4da4-87a7-7f6957f9171a/fixtures/generate 201
2026-06-27 14:29:13 - GET /api/v1/tournaments/b76ca068-f184-4da4-87a7-7f6957f9171a/dashboard 200
2026-06-27 14:29:13 - POST /api/v1/matches/7b71aa35-a706-43da-9512-fd4399e92c87/toss 200
2026-06-27 14:29:13 - GET /api/v1/teams/24f9d145-ad4d-474a-9cb3-b06ee8812e1a 200
2026-06-27 14:29:13 - GET /api/v1/teams/e75a0b81-d481-44c5-9a2f-17db1a890d53 200
2026-06-27 14:29:13 - POST /api/v1/matches/7b71aa35-a706-43da-9512-fd4399e92c87/squads 200
2026-06-27 14:29:13 - POST /api/v1/matches/7b71aa35-a706-43da-9512-fd4399e92c87/squads 200
2026-06-27 14:29:13 - POST /api/v1/matches/7b71aa35-a706-43da-9512-fd4399e92c87/balls 201
2026-06-27 14:29:13 - POST /api/v1/matches/7b71aa35-a706-43da-9512-fd4399e92c87/balls 201
2026-06-27 14:29:13 - POST /api/v1/matches/7b71aa35-a706-43da-9512-fd4399e92c87/balls 201
2026-06-27 14:29:13 - POST /api/v1/matches/7b71aa35-a706-43da-9512-fd4399e92c87/balls 201
2026-06-27 14:29:13 - POST /api/v1/matches/7b71aa35-a706-43da-9512-fd4399e92c87/balls 201
2026-06-27 14:29:13 - POST /api/v1/matches/7b71aa35-a706-43da-9512-fd4399e92c87/balls 201
2026-06-27 14:29:13 - POST /api/v1/matches/7b71aa35-a706-43da-9512-fd4399e92c87/balls 201
2026-06-27 14:29:13 - POST /api/v1/matches/7b71aa35-a706-43da-9512-fd4399e92c87/balls 201
2026-06-27 14:29:13 - POST /api/v1/matches/7b71aa35-a706-43da-9512-fd4399e92c87/balls 201
2026-06-27 14:29:13 - GET /api/v1/tournaments/b76ca068-f184-4da4-87a7-7f6957f9171a/points-table 200
2026-06-27 14:29:13 - GET /api/v1/tournaments/b76ca068-f184-4da4-87a7-7f6957f9171a/leaderboards 200
2026-06-27 14:29:14 - POST /api/v1/auth/login 200
2026-06-27 14:29:14 - POST /api/v1/teams/ 201
2026-06-27 14:29:14 - POST /api/v1/players/ 201
2026-06-27 14:29:14 - POST /api/v1/teams/f76f673d-4e80-4c53-89e2-6c790d7be253/players 200
2026-06-27 14:29:14 - POST /api/v1/players/ 201
2026-06-27 14:29:14 - POST /api/v1/teams/f76f673d-4e80-4c53-89e2-6c790d7be253/players 200
2026-06-27 14:29:14 - POST /api/v1/players/ 201
2026-06-27 14:29:14 - POST /api/v1/teams/f76f673d-4e80-4c53-89e2-6c790d7be253/players 200
2026-06-27 14:29:14 - POST /api/v1/players/ 201
2026-06-27 14:29:14 - POST /api/v1/teams/f76f673d-4e80-4c53-89e2-6c790d7be253/players 200
2026-06-27 14:29:14 - POST /api/v1/players/ 201
2026-06-27 14:29:14 - POST /api/v1/teams/f76f673d-4e80-4c53-89e2-6c790d7be253/players 200
2026-06-27 14:29:14 - POST /api/v1/teams/ 201
2026-06-27 14:29:14 - POST /api/v1/players/ 201
2026-06-27 14:29:14 - POST /api/v1/teams/176059b9-c244-4197-8eb8-78a7e13a9910/players 200
2026-06-27 14:29:14 - POST /api/v1/players/ 201
2026-06-27 14:29:14 - POST /api/v1/teams/176059b9-c244-4197-8eb8-78a7e13a9910/players 200
2026-06-27 14:29:14 - POST /api/v1/players/ 201
2026-06-27 14:29:15 - POST /api/v1/teams/176059b9-c244-4197-8eb8-78a7e13a9910/players 200
2026-06-27 14:29:15 - POST /api/v1/players/ 201
2026-06-27 14:29:15 - POST /api/v1/teams/176059b9-c244-4197-8eb8-78a7e13a9910/players 200
2026-06-27 14:29:15 - POST /api/v1/players/ 201
2026-06-27 14:29:15 - POST /api/v1/teams/176059b9-c244-4197-8eb8-78a7e13a9910/players 200
2026-06-27 14:29:15 - POST /api/v1/teams/ 201
2026-06-27 14:29:15 - POST /api/v1/players/ 201
2026-06-27 14:29:15 - POST /api/v1/teams/17d2210c-1553-4463-8769-cae40f07c8da/players 200
2026-06-27 14:29:15 - POST /api/v1/players/ 201
2026-06-27 14:29:15 - POST /api/v1/teams/17d2210c-1553-4463-8769-cae40f07c8da/players 200
2026-06-27 14:29:15 - POST /api/v1/players/ 201
2026-06-27 14:29:15 - POST /api/v1/teams/17d2210c-1553-4463-8769-cae40f07c8da/players 200
2026-06-27 14:29:15 - POST /api/v1/players/ 201
2026-06-27 14:29:15 - POST /api/v1/teams/17d2210c-1553-4463-8769-cae40f07c8da/players 200
2026-06-27 14:29:15 - POST /api/v1/players/ 201
2026-06-27 14:29:15 - POST /api/v1/teams/17d2210c-1553-4463-8769-cae40f07c8da/players 200
2026-06-27 14:29:15 - POST /api/v1/teams/ 201
2026-06-27 14:29:15 - POST /api/v1/players/ 201
2026-06-27 14:29:15 - POST /api/v1/teams/aad44372-4850-4435-937e-c1747faa3470/players 200
2026-06-27 14:29:15 - POST /api/v1/players/ 201
2026-06-27 14:29:15 - POST /api/v1/teams/aad44372-4850-4435-937e-c1747faa3470/players 200
2026-06-27 14:29:15 - POST /api/v1/players/ 201
2026-06-27 14:29:15 - POST /api/v1/teams/aad44372-4850-4435-937e-c1747faa3470/players 200
2026-06-27 14:29:15 - POST /api/v1/players/ 201
2026-06-27 14:29:15 - POST /api/v1/teams/aad44372-4850-4435-937e-c1747faa3470/players 200
2026-06-27 14:29:15 - POST /api/v1/players/ 201
2026-06-27 14:29:15 - POST /api/v1/teams/aad44372-4850-4435-937e-c1747faa3470/players 200
2026-06-27 14:29:15 - POST /api/v1/tournaments/ 201
2026-06-27 14:29:15 - POST /api/v1/tournaments/2f078400-3839-4d55-940e-a4c31d2f46dc/teams 200
2026-06-27 14:29:15 - POST /api/v1/tournaments/2f078400-3839-4d55-940e-a4c31d2f46dc/teams 200
2026-06-27 14:29:15 - POST /api/v1/tournaments/2f078400-3839-4d55-940e-a4c31d2f46dc/teams 200
2026-06-27 14:29:15 - POST /api/v1/tournaments/2f078400-3839-4d55-940e-a4c31d2f46dc/teams 200
2026-06-27 14:29:15 - POST /api/v1/tournaments/2f078400-3839-4d55-940e-a4c31d2f46dc/fixtures/generate 201
2026-06-27 14:29:15 - GET /api/v1/tournaments/2f078400-3839-4d55-940e-a4c31d2f46dc/dashboard 200
2026-06-27 14:29:15 - GET /api/v1/tournaments/2f078400-3839-4d55-940e-a4c31d2f46dc/dashboard 200
2026-06-27 14:29:15 - POST /api/v1/matches/b352f5d2-8aa5-4b50-91ce-418cd7bce24f/toss 200
2026-06-27 14:29:15 - GET /api/v1/teams/176059b9-c244-4197-8eb8-78a7e13a9910 200
2026-06-27 14:29:15 - GET /api/v1/teams/17d2210c-1553-4463-8769-cae40f07c8da 200
2026-06-27 14:29:15 - POST /api/v1/matches/b352f5d2-8aa5-4b50-91ce-418cd7bce24f/squads 200
2026-06-27 14:29:15 - POST /api/v1/matches/b352f5d2-8aa5-4b50-91ce-418cd7bce24f/squads 200
2026-06-27 14:29:15 - POST /api/v1/matches/b352f5d2-8aa5-4b50-91ce-418cd7bce24f/balls 201
2026-06-27 14:29:15 - POST /api/v1/matches/b352f5d2-8aa5-4b50-91ce-418cd7bce24f/balls 201
2026-06-27 14:29:15 - POST /api/v1/matches/b352f5d2-8aa5-4b50-91ce-418cd7bce24f/balls 201
2026-06-27 14:29:15 - POST /api/v1/matches/b352f5d2-8aa5-4b50-91ce-418cd7bce24f/balls 201
2026-06-27 14:29:15 - POST /api/v1/matches/b352f5d2-8aa5-4b50-91ce-418cd7bce24f/balls 201
2026-06-27 14:29:15 - POST /api/v1/matches/b352f5d2-8aa5-4b50-91ce-418cd7bce24f/balls 201
2026-06-27 14:29:15 - POST /api/v1/matches/b352f5d2-8aa5-4b50-91ce-418cd7bce24f/balls 201
2026-06-27 14:29:15 - POST /api/v1/matches/b352f5d2-8aa5-4b50-91ce-418cd7bce24f/balls 201
2026-06-27 14:29:15 - POST /api/v1/matches/b352f5d2-8aa5-4b50-91ce-418cd7bce24f/balls 201
2026-06-27 14:29:15 - POST /api/v1/matches/b352f5d2-8aa5-4b50-91ce-418cd7bce24f/balls 201
2026-06-27 14:29:15 - POST /api/v1/matches/b352f5d2-8aa5-4b50-91ce-418cd7bce24f/balls 201
2026-06-27 14:29:15 - POST /api/v1/matches/b352f5d2-8aa5-4b50-91ce-418cd7bce24f/balls 201
2026-06-27 14:29:15 - POST /api/v1/matches/4d09fab1-67ff-49cf-9507-e0c6774cf05d/toss 200
2026-06-27 14:29:15 - GET /api/v1/teams/176059b9-c244-4197-8eb8-78a7e13a9910 200
2026-06-27 14:29:16 - GET /api/v1/teams/aad44372-4850-4435-937e-c1747faa3470 200
2026-06-27 14:29:16 - POST /api/v1/matches/4d09fab1-67ff-49cf-9507-e0c6774cf05d/squads 200
2026-06-27 14:29:16 - POST /api/v1/matches/4d09fab1-67ff-49cf-9507-e0c6774cf05d/squads 200
2026-06-27 14:29:16 - POST /api/v1/matches/4d09fab1-67ff-49cf-9507-e0c6774cf05d/balls 201
2026-06-27 14:29:16 - POST /api/v1/matches/4d09fab1-67ff-49cf-9507-e0c6774cf05d/balls 201
2026-06-27 14:29:16 - POST /api/v1/matches/4d09fab1-67ff-49cf-9507-e0c6774cf05d/balls 201
2026-06-27 14:29:16 - POST /api/v1/matches/4d09fab1-67ff-49cf-9507-e0c6774cf05d/balls 201
2026-06-27 14:29:16 - POST /api/v1/matches/4d09fab1-67ff-49cf-9507-e0c6774cf05d/balls 201
2026-06-27 14:29:16 - POST /api/v1/matches/4d09fab1-67ff-49cf-9507-e0c6774cf05d/balls 201
2026-06-27 14:29:16 - POST /api/v1/matches/4d09fab1-67ff-49cf-9507-e0c6774cf05d/balls 201
2026-06-27 14:29:16 - POST /api/v1/matches/4d09fab1-67ff-49cf-9507-e0c6774cf05d/balls 201
2026-06-27 14:29:16 - POST /api/v1/matches/4d09fab1-67ff-49cf-9507-e0c6774cf05d/balls 201
2026-06-27 14:29:16 - POST /api/v1/matches/4d09fab1-67ff-49cf-9507-e0c6774cf05d/balls 201
2026-06-27 14:29:16 - POST /api/v1/matches/4d09fab1-67ff-49cf-9507-e0c6774cf05d/balls 201
2026-06-27 14:29:16 - POST /api/v1/matches/4d09fab1-67ff-49cf-9507-e0c6774cf05d/balls 201
2026-06-27 14:29:16 - POST /api/v1/matches/82387319-434b-47d2-8c86-407608008746/toss 200
2026-06-27 14:29:16 - GET /api/v1/teams/f76f673d-4e80-4c53-89e2-6c790d7be253 200
2026-06-27 14:29:16 - GET /api/v1/teams/176059b9-c244-4197-8eb8-78a7e13a9910 200
2026-06-27 14:29:16 - POST /api/v1/matches/82387319-434b-47d2-8c86-407608008746/squads 200
2026-06-27 14:29:16 - POST /api/v1/matches/82387319-434b-47d2-8c86-407608008746/squads 200
2026-06-27 14:29:16 - POST /api/v1/matches/82387319-434b-47d2-8c86-407608008746/balls 201
2026-06-27 14:29:16 - POST /api/v1/matches/82387319-434b-47d2-8c86-407608008746/balls 201
2026-06-27 14:29:16 - POST /api/v1/matches/82387319-434b-47d2-8c86-407608008746/balls 201
2026-06-27 14:29:16 - POST /api/v1/matches/82387319-434b-47d2-8c86-407608008746/balls 201
2026-06-27 14:29:16 - POST /api/v1/matches/82387319-434b-47d2-8c86-407608008746/balls 201
2026-06-27 14:29:16 - POST /api/v1/matches/82387319-434b-47d2-8c86-407608008746/balls 201
2026-06-27 14:29:16 - POST /api/v1/matches/82387319-434b-47d2-8c86-407608008746/balls 201
2026-06-27 14:29:16 - POST /api/v1/matches/82387319-434b-47d2-8c86-407608008746/balls 201
2026-06-27 14:29:16 - POST /api/v1/matches/82387319-434b-47d2-8c86-407608008746/balls 201
2026-06-27 14:29:16 - POST /api/v1/matches/82387319-434b-47d2-8c86-407608008746/balls 201
2026-06-27 14:29:16 - POST /api/v1/matches/82387319-434b-47d2-8c86-407608008746/balls 201
2026-06-27 14:29:16 - POST /api/v1/matches/82387319-434b-47d2-8c86-407608008746/balls 201
2026-06-27 14:29:16 - POST /api/v1/matches/c0c9b620-7814-4730-b3e9-faca524b5e68/toss 200
2026-06-27 14:29:16 - GET /api/v1/teams/17d2210c-1553-4463-8769-cae40f07c8da 200
2026-06-27 14:29:16 - GET /api/v1/teams/aad44372-4850-4435-937e-c1747faa3470 200
2026-06-27 14:29:16 - POST /api/v1/matches/c0c9b620-7814-4730-b3e9-faca524b5e68/squads 200
2026-06-27 14:29:16 - POST /api/v1/matches/c0c9b620-7814-4730-b3e9-faca524b5e68/squads 200
2026-06-27 14:29:17 - POST /api/v1/matches/c0c9b620-7814-4730-b3e9-faca524b5e68/balls 201
2026-06-27 14:29:17 - POST /api/v1/matches/c0c9b620-7814-4730-b3e9-faca524b5e68/balls 201
2026-06-27 14:29:17 - POST /api/v1/matches/c0c9b620-7814-4730-b3e9-faca524b5e68/balls 201
2026-06-27 14:29:17 - POST /api/v1/matches/c0c9b620-7814-4730-b3e9-faca524b5e68/balls 201
2026-06-27 14:29:17 - POST /api/v1/matches/c0c9b620-7814-4730-b3e9-faca524b5e68/balls 201
2026-06-27 14:29:17 - POST /api/v1/matches/c0c9b620-7814-4730-b3e9-faca524b5e68/balls 201
2026-06-27 14:29:17 - POST /api/v1/matches/c0c9b620-7814-4730-b3e9-faca524b5e68/balls 201
2026-06-27 14:29:17 - POST /api/v1/matches/c0c9b620-7814-4730-b3e9-faca524b5e68/balls 201
2026-06-27 14:29:17 - POST /api/v1/matches/c0c9b620-7814-4730-b3e9-faca524b5e68/balls 201
2026-06-27 14:29:17 - POST /api/v1/matches/c0c9b620-7814-4730-b3e9-faca524b5e68/balls 201
2026-06-27 14:29:17 - POST /api/v1/matches/c0c9b620-7814-4730-b3e9-faca524b5e68/balls 201
2026-06-27 14:29:17 - POST /api/v1/matches/c0c9b620-7814-4730-b3e9-faca524b5e68/balls 201
2026-06-27 14:29:17 - POST /api/v1/matches/ce949074-b005-49de-ae61-71cb083ab9d4/toss 200
2026-06-27 14:29:17 - GET /api/v1/teams/f76f673d-4e80-4c53-89e2-6c790d7be253 200
2026-06-27 14:29:17 - GET /api/v1/teams/17d2210c-1553-4463-8769-cae40f07c8da 200
2026-06-27 14:29:17 - POST /api/v1/matches/ce949074-b005-49de-ae61-71cb083ab9d4/squads 200
2026-06-27 14:29:17 - POST /api/v1/matches/ce949074-b005-49de-ae61-71cb083ab9d4/squads 200
2026-06-27 14:29:17 - POST /api/v1/matches/ce949074-b005-49de-ae61-71cb083ab9d4/balls 201
2026-06-27 14:29:17 - POST /api/v1/matches/ce949074-b005-49de-ae61-71cb083ab9d4/balls 201
2026-06-27 14:29:17 - POST /api/v1/matches/ce949074-b005-49de-ae61-71cb083ab9d4/balls 201
2026-06-27 14:29:17 - POST /api/v1/matches/ce949074-b005-49de-ae61-71cb083ab9d4/balls 201
2026-06-27 14:29:17 - POST /api/v1/matches/ce949074-b005-49de-ae61-71cb083ab9d4/balls 201
2026-06-27 14:29:17 - POST /api/v1/matches/ce949074-b005-49de-ae61-71cb083ab9d4/balls 201
2026-06-27 14:29:17 - POST /api/v1/matches/ce949074-b005-49de-ae61-71cb083ab9d4/balls 201
2026-06-27 14:29:17 - POST /api/v1/matches/ce949074-b005-49de-ae61-71cb083ab9d4/balls 201
2026-06-27 14:29:17 - POST /api/v1/matches/ce949074-b005-49de-ae61-71cb083ab9d4/balls 201
2026-06-27 14:29:17 - POST /api/v1/matches/ce949074-b005-49de-ae61-71cb083ab9d4/balls 201
2026-06-27 14:29:17 - POST /api/v1/matches/ce949074-b005-49de-ae61-71cb083ab9d4/balls 201
2026-06-27 14:29:17 - POST /api/v1/matches/ce949074-b005-49de-ae61-71cb083ab9d4/balls 201
2026-06-27 14:29:17 - POST /api/v1/matches/1ed5d77a-df16-44b4-be36-8f51065691ef/toss 200
2026-06-27 14:29:17 - GET /api/v1/teams/f76f673d-4e80-4c53-89e2-6c790d7be253 200
2026-06-27 14:29:17 - GET /api/v1/teams/aad44372-4850-4435-937e-c1747faa3470 200
2026-06-27 14:29:17 - POST /api/v1/matches/1ed5d77a-df16-44b4-be36-8f51065691ef/squads 200
2026-06-27 14:29:17 - POST /api/v1/matches/1ed5d77a-df16-44b4-be36-8f51065691ef/squads 200
2026-06-27 14:29:17 - POST /api/v1/matches/1ed5d77a-df16-44b4-be36-8f51065691ef/balls 201
2026-06-27 14:29:17 - POST /api/v1/matches/1ed5d77a-df16-44b4-be36-8f51065691ef/balls 201
2026-06-27 14:29:17 - POST /api/v1/matches/1ed5d77a-df16-44b4-be36-8f51065691ef/balls 201
2026-06-27 14:29:17 - POST /api/v1/matches/1ed5d77a-df16-44b4-be36-8f51065691ef/balls 201
2026-06-27 14:29:17 - POST /api/v1/matches/1ed5d77a-df16-44b4-be36-8f51065691ef/balls 201
2026-06-27 14:29:17 - POST /api/v1/matches/1ed5d77a-df16-44b4-be36-8f51065691ef/balls 201
2026-06-27 14:29:17 - POST /api/v1/matches/1ed5d77a-df16-44b4-be36-8f51065691ef/balls 201
2026-06-27 14:29:17 - POST /api/v1/matches/1ed5d77a-df16-44b4-be36-8f51065691ef/balls 201
2026-06-27 14:29:18 - POST /api/v1/matches/1ed5d77a-df16-44b4-be36-8f51065691ef/balls 201
2026-06-27 14:29:18 - POST /api/v1/matches/1ed5d77a-df16-44b4-be36-8f51065691ef/balls 201
2026-06-27 14:29:18 - POST /api/v1/matches/1ed5d77a-df16-44b4-be36-8f51065691ef/balls 201
2026-06-27 14:29:18 - POST /api/v1/matches/1ed5d77a-df16-44b4-be36-8f51065691ef/balls 201
2026-06-27 14:29:18 - GET /api/v1/tournaments/2f078400-3839-4d55-940e-a4c31d2f46dc/dashboard 200
2026-06-27 14:29:18 - POST /api/v1/matches/bb88a455-51a4-4d8f-9164-5be94147652d/toss 200
2026-06-27 14:29:18 - GET /api/v1/teams/f76f673d-4e80-4c53-89e2-6c790d7be253 200
2026-06-27 14:29:18 - GET /api/v1/teams/aad44372-4850-4435-937e-c1747faa3470 200
2026-06-27 14:29:18 - POST /api/v1/matches/bb88a455-51a4-4d8f-9164-5be94147652d/squads 200
2026-06-27 14:29:18 - POST /api/v1/matches/bb88a455-51a4-4d8f-9164-5be94147652d/squads 200
2026-06-27 14:29:18 - POST /api/v1/matches/bb88a455-51a4-4d8f-9164-5be94147652d/balls 201
2026-06-27 14:29:18 - POST /api/v1/matches/bb88a455-51a4-4d8f-9164-5be94147652d/balls 201
2026-06-27 14:29:18 - POST /api/v1/matches/bb88a455-51a4-4d8f-9164-5be94147652d/balls 201
2026-06-27 14:29:18 - POST /api/v1/matches/bb88a455-51a4-4d8f-9164-5be94147652d/balls 201
2026-06-27 14:29:18 - POST /api/v1/matches/bb88a455-51a4-4d8f-9164-5be94147652d/balls 201
2026-06-27 14:29:18 - POST /api/v1/matches/bb88a455-51a4-4d8f-9164-5be94147652d/balls 201
2026-06-27 14:29:18 - POST /api/v1/matches/bb88a455-51a4-4d8f-9164-5be94147652d/balls 201
2026-06-27 14:29:18 - POST /api/v1/matches/bb88a455-51a4-4d8f-9164-5be94147652d/balls 201
2026-06-27 14:29:18 - POST /api/v1/matches/bb88a455-51a4-4d8f-9164-5be94147652d/balls 201
2026-06-27 14:29:18 - POST /api/v1/matches/bb88a455-51a4-4d8f-9164-5be94147652d/balls 201
2026-06-27 14:29:18 - POST /api/v1/matches/bb88a455-51a4-4d8f-9164-5be94147652d/balls 201
2026-06-27 14:29:18 - POST /api/v1/matches/bb88a455-51a4-4d8f-9164-5be94147652d/balls 201
2026-06-27 14:29:18 - POST /api/v1/matches/8b4f6c43-9985-43ed-82ed-a3a5b2910d55/toss 200
2026-06-27 14:29:18 - GET /api/v1/teams/176059b9-c244-4197-8eb8-78a7e13a9910 200
2026-06-27 14:29:18 - GET /api/v1/teams/17d2210c-1553-4463-8769-cae40f07c8da 200
2026-06-27 14:29:18 - POST /api/v1/matches/8b4f6c43-9985-43ed-82ed-a3a5b2910d55/squads 200
2026-06-27 14:29:18 - POST /api/v1/matches/8b4f6c43-9985-43ed-82ed-a3a5b2910d55/squads 200
2026-06-27 14:29:18 - POST /api/v1/matches/8b4f6c43-9985-43ed-82ed-a3a5b2910d55/balls 201
2026-06-27 14:29:18 - POST /api/v1/matches/8b4f6c43-9985-43ed-82ed-a3a5b2910d55/balls 201
2026-06-27 14:29:19 - POST /api/v1/matches/8b4f6c43-9985-43ed-82ed-a3a5b2910d55/balls 201
2026-06-27 14:29:19 - POST /api/v1/matches/8b4f6c43-9985-43ed-82ed-a3a5b2910d55/balls 201
2026-06-27 14:29:19 - POST /api/v1/matches/8b4f6c43-9985-43ed-82ed-a3a5b2910d55/balls 201
2026-06-27 14:29:19 - POST /api/v1/matches/8b4f6c43-9985-43ed-82ed-a3a5b2910d55/balls 201
2026-06-27 14:29:19 - POST /api/v1/matches/8b4f6c43-9985-43ed-82ed-a3a5b2910d55/balls 201
2026-06-27 14:29:19 - POST /api/v1/matches/8b4f6c43-9985-43ed-82ed-a3a5b2910d55/balls 201
2026-06-27 14:29:19 - POST /api/v1/matches/8b4f6c43-9985-43ed-82ed-a3a5b2910d55/balls 201
2026-06-27 14:29:19 - POST /api/v1/matches/8b4f6c43-9985-43ed-82ed-a3a5b2910d55/balls 201
2026-06-27 14:29:19 - POST /api/v1/matches/8b4f6c43-9985-43ed-82ed-a3a5b2910d55/balls 201
2026-06-27 14:29:19 - POST /api/v1/matches/8b4f6c43-9985-43ed-82ed-a3a5b2910d55/balls 201
2026-06-27 14:29:19 - GET /api/v1/tournaments/2f078400-3839-4d55-940e-a4c31d2f46dc/dashboard 200
2026-06-27 14:29:19 - POST /api/v1/matches/60ba27b1-c5ee-4582-b5f0-1a8cb219740e/toss 200
2026-06-27 14:29:19 - GET /api/v1/teams/f76f673d-4e80-4c53-89e2-6c790d7be253 200
2026-06-27 14:29:19 - GET /api/v1/teams/176059b9-c244-4197-8eb8-78a7e13a9910 200
2026-06-27 14:29:19 - POST /api/v1/matches/60ba27b1-c5ee-4582-b5f0-1a8cb219740e/squads 200
2026-06-27 14:29:19 - POST /api/v1/matches/60ba27b1-c5ee-4582-b5f0-1a8cb219740e/squads 200
2026-06-27 14:29:19 - POST /api/v1/matches/60ba27b1-c5ee-4582-b5f0-1a8cb219740e/balls 201
2026-06-27 14:29:19 - POST /api/v1/matches/60ba27b1-c5ee-4582-b5f0-1a8cb219740e/balls 201
2026-06-27 14:29:19 - POST /api/v1/matches/60ba27b1-c5ee-4582-b5f0-1a8cb219740e/balls 201
2026-06-27 14:29:19 - POST /api/v1/matches/60ba27b1-c5ee-4582-b5f0-1a8cb219740e/balls 201
2026-06-27 14:29:19 - POST /api/v1/matches/60ba27b1-c5ee-4582-b5f0-1a8cb219740e/balls 201
2026-06-27 14:29:19 - POST /api/v1/matches/60ba27b1-c5ee-4582-b5f0-1a8cb219740e/balls 201
2026-06-27 14:29:19 - POST /api/v1/matches/60ba27b1-c5ee-4582-b5f0-1a8cb219740e/balls 201
2026-06-27 14:29:19 - POST /api/v1/matches/60ba27b1-c5ee-4582-b5f0-1a8cb219740e/balls 201
2026-06-27 14:29:19 - POST /api/v1/matches/60ba27b1-c5ee-4582-b5f0-1a8cb219740e/balls 201
2026-06-27 14:29:19 - POST /api/v1/matches/60ba27b1-c5ee-4582-b5f0-1a8cb219740e/balls 201
2026-06-27 14:29:19 - POST /api/v1/matches/60ba27b1-c5ee-4582-b5f0-1a8cb219740e/balls 201
2026-06-27 14:29:19 - POST /api/v1/matches/60ba27b1-c5ee-4582-b5f0-1a8cb219740e/balls 201
2026-06-27 14:29:19 - GET /api/v1/tournaments/2f078400-3839-4d55-940e-a4c31d2f46dc/dashboard 200
2026-06-27 17:06:52 - POST /api/v1/auth/signup 422
2026-06-27 17:06:52 - POST /api/v1/auth/signup 422
2026-06-27 17:06:52 - POST /api/v1/auth/signup 422
2026-06-27 17:06:52 - POST /api/v1/auth/signup 422
2026-06-27 17:06:53 - POST /api/v1/auth/signup 201
2026-06-27 17:06:53 - POST /api/v1/auth/login 400
2026-06-27 17:06:53 - POST /api/v1/auth/verify-otp 200
2026-06-27 17:06:54 - POST /api/v1/auth/signup 201
2026-06-27 17:06:54 - POST /api/v1/auth/resend-otp 429
2026-06-27 17:06:54 - POST /api/v1/auth/resend-otp 200
2026-06-27 17:06:55 - POST /api/v1/auth/login 400
2026-06-27 17:06:55 - POST /api/v1/auth/login 400
2026-06-27 17:06:56 - POST /api/v1/auth/login 400
2026-06-27 17:06:56 - POST /api/v1/auth/login 400
2026-06-27 17:06:57 - POST /api/v1/auth/login 400
2026-06-27 17:06:57 - POST /api/v1/auth/login 403
2026-06-27 17:06:58 - POST /api/v1/auth/login 200
2026-06-27 17:06:58 - POST /api/v1/auth/forgot-password 404
2026-06-27 17:06:58 - POST /api/v1/auth/forgot-password 200
2026-06-27 17:06:58 - POST /api/v1/auth/verify-reset-otp 400
2026-06-27 17:06:58 - POST /api/v1/auth/verify-reset-otp 200
2026-06-27 17:06:58 - POST /api/v1/auth/reset-password 422
2026-06-27 17:06:59 - POST /api/v1/auth/reset-password 200
2026-06-27 17:06:59 - POST /api/v1/auth/login 200
2026-06-27 17:07:01 - POST /api/v1/auth/login 200
2026-06-27 17:07:01 - POST /api/v1/auth/complete-profile 200
2026-06-27 17:07:02 - POST /api/v1/auth/login 200
2026-06-27 17:07:02 - POST /api/v1/auth/refresh 200
2026-06-27 17:07:02 - POST /api/v1/auth/logout 200
2026-06-27 17:07:02 - POST /api/v1/auth/refresh 401
2026-06-27 17:07:03 - POST /api/v1/auth/signup 201
2026-06-27 17:07:03 - POST /api/v1/auth/signup 400
2026-06-27 17:07:03 - POST /api/v1/auth/login 400
2026-06-27 17:07:03 - POST /api/v1/auth/forgot-password 400
2026-06-27 17:07:03 - POST /api/v1/auth/verify-reset-otp 400
2026-06-27 17:07:03 - POST /api/v1/auth/reset-password 400
2026-06-27 17:07:04 - POST /api/v1/auth/signup 400
2026-06-27 17:07:04 - POST /api/v1/auth/signup 201
2026-06-27 17:07:05 - POST /api/v1/auth/signup 201
2026-06-27 17:07:06 - POST /api/v1/auth/login 200
2026-06-27 17:07:06 - POST /api/v1/auth/login 200
2026-06-27 17:07:06 - POST /api/v1/teams/ 201
2026-06-27 17:07:06 - GET /api/v1/teams/ 200
2026-06-27 17:07:06 - PUT /api/v1/teams/c3f105cd-76ff-4083-a454-227e256935c5 403
2026-06-27 17:07:06 - DELETE /api/v1/teams/c3f105cd-76ff-4083-a454-227e256935c5 403
2026-06-27 17:07:06 - POST /api/v1/players/ 201
2026-06-27 17:07:06 - GET /api/v1/players/ 200
2026-06-27 17:07:06 - PUT /api/v1/players/71997f81-b025-451a-8b27-3230cbc57946 403
2026-06-27 17:07:06 - DELETE /api/v1/players/71997f81-b025-451a-8b27-3230cbc57946 403
2026-06-27 17:07:07 - POST /api/v1/auth/signup 201
2026-06-27 17:07:07 - POST /api/v1/auth/login 200
2026-06-27 17:07:08 - POST /api/v1/teams/ 201
2026-06-27 17:07:08 - POST /api/v1/teams/ 201
2026-06-27 17:07:08 - POST /api/v1/players/ 201
2026-06-27 17:07:08 - POST /api/v1/players/ 201
2026-06-27 17:07:08 - POST /api/v1/players/ 201
2026-06-27 17:07:08 - POST /api/v1/teams/54171218-a58c-4034-91c1-82fcd72fe750/players/bulk 200
2026-06-27 17:07:08 - POST /api/v1/teams/cbef958a-6238-4afd-b34f-e5375129017d/players/bulk 400
2026-06-27 17:07:08 - POST /api/v1/auth/signup 201
2026-06-27 17:07:09 - POST /api/v1/auth/signup 201
2026-06-27 17:07:09 - POST /api/v1/auth/login 200
2026-06-27 17:07:10 - POST /api/v1/auth/login 200
2026-06-27 17:07:10 - POST /api/v1/teams/ 201
2026-06-27 17:07:10 - POST /api/v1/teams/ 201
2026-06-27 17:07:10 - POST /api/v1/matches/ 201
2026-06-27 17:07:10 - POST /api/v1/matches/81fe3897-7ded-4d55-a663-2cc41169e167/toss 403
2026-06-27 17:07:10 - POST /api/v1/matches/81fe3897-7ded-4d55-a663-2cc41169e167/toss 200
2026-06-27 17:07:12 - GET /api/v1/debug-env 200
2026-06-27 17:07:12 - GET /api/v1/debug-env 404
2026-06-27 17:07:13 - POST /api/v1/auth/login 200
2026-06-27 17:07:13 - POST /api/v1/players/ 201
2026-06-27 17:07:13 - POST /api/v1/players/ 201
2026-06-27 17:07:13 - POST /api/v1/players/ 201
2026-06-27 17:07:13 - POST /api/v1/players/ 201
2026-06-27 17:07:13 - POST /api/v1/teams/ 201
2026-06-27 17:07:13 - POST /api/v1/teams/ 201
2026-06-27 17:07:13 - POST /api/v1/teams/dcb1c32e-5a8d-48cd-a7c2-a3b766a720a5/players 200
2026-06-27 17:07:13 - POST /api/v1/teams/dcb1c32e-5a8d-48cd-a7c2-a3b766a720a5/players 200
2026-06-27 17:07:13 - POST /api/v1/teams/cf4482c6-f1f7-4457-b012-33c8c5c6c7a6/players 200
2026-06-27 17:07:13 - POST /api/v1/teams/cf4482c6-f1f7-4457-b012-33c8c5c6c7a6/players 200
2026-06-27 17:07:13 - POST /api/v1/matches/ 201
2026-06-27 17:07:13 - POST /api/v1/matches/60d04aed-636d-42c1-920c-73167b8913ae/toss 200
2026-06-27 17:07:13 - POST /api/v1/matches/60d04aed-636d-42c1-920c-73167b8913ae/squads 400
2026-06-27 17:07:14 - POST /api/v1/matches/60d04aed-636d-42c1-920c-73167b8913ae/squads 200
2026-06-27 17:07:14 - POST /api/v1/matches/60d04aed-636d-42c1-920c-73167b8913ae/squads 400
2026-06-27 17:07:14 - POST /api/v1/matches/60d04aed-636d-42c1-920c-73167b8913ae/squads 200
2026-06-27 17:07:14 - POST /api/v1/auth/google 200
2026-06-27 17:07:14 - POST /api/v1/auth/google 400
2026-06-27 17:07:14 - POST /api/v1/auth/google 400
2026-06-27 17:07:15 - POST /api/v1/auth/google 400
2026-06-27 17:07:15 - POST /api/v1/auth/google 400
2026-06-27 17:07:16 - POST /api/v1/auth/login 200
2026-06-27 17:07:16 - POST /api/v1/players/ 201
2026-06-27 17:07:16 - POST /api/v1/players/ 201
2026-06-27 17:07:16 - POST /api/v1/teams/ 201
2026-06-27 17:07:16 - POST /api/v1/teams/ 201
2026-06-27 17:07:16 - POST /api/v1/matches/ 201
2026-06-27 17:07:16 - GET /api/v1/matches/ 200
2026-06-27 17:07:17 - POST /api/v1/auth/login 200
2026-06-27 17:07:18 - POST /api/v1/auth/login 200
2026-06-27 17:07:20 - POST /api/v1/auth/login 200
2026-06-27 17:07:20 - POST /api/v1/matches/ 201
2026-06-27 17:07:20 - POST /api/v1/matches/ea086652-6625-4809-a056-7561ae7077c5/toss 200
2026-06-27 17:07:20 - POST /api/v1/matches/ea086652-6625-4809-a056-7561ae7077c5/toss 403
2026-06-27 17:07:20 - POST /api/v1/matches/ 201
2026-06-27 17:07:20 - POST /api/v1/matches/7de14869-4d44-42dd-b633-303aa49b5730/toss 200
2026-06-27 17:07:20 - POST /api/v1/matches/ 201
2026-06-27 17:07:20 - POST /api/v1/matches/954749ed-f403-44fa-8f39-a94505c9257a/toss 200
2026-06-27 17:07:20 - POST /api/v1/matches/954749ed-f403-44fa-8f39-a94505c9257a/toss 403
2026-06-27 17:07:21 - POST /api/v1/auth/login 200
2026-06-27 17:07:22 - GET /api/v1/admin/analytics 200
2026-06-27 17:07:22 - GET /api/v1/admin/team-members 200
2026-06-27 17:07:22 - GET /api/v1/admin/team-members 200
2026-06-27 17:07:22 - GET /api/v1/admin/team-members 200
2026-06-27 17:07:22 - DELETE /api/v1/admin/team-members/b7604099-89e1-413a-82b7-5e45e52aee1e 204
2026-06-27 17:07:23 - POST /api/v1/auth/login 200
2026-06-27 17:07:24 - POST /api/v1/admin/tournaments/bulk-delete 204
2026-06-27 17:07:24 - POST /api/v1/admin/matches/bulk-delete 204
2026-06-27 17:07:24 - POST /api/v1/admin/teams/bulk-delete 204
2026-06-27 17:07:24 - POST /api/v1/admin/users/bulk-delete 204
2026-06-27 17:07:25 - POST /api/v1/auth/login 200
2026-06-27 17:07:25 - POST /api/v1/players/ 201
2026-06-27 17:07:25 - POST /api/v1/players/ 201
2026-06-27 17:07:25 - POST /api/v1/players/ 422
2026-06-27 17:07:25 - POST /api/v1/players/ 422
2026-06-27 17:07:25 - GET /api/v1/players/15d93359-d4fe-4116-aa11-d72a4e5114b8 200
2026-06-27 17:07:26 - PUT /api/v1/players/15d93359-d4fe-4116-aa11-d72a4e5114b8 200
2026-06-27 17:07:26 - DELETE /api/v1/players/15d93359-d4fe-4116-aa11-d72a4e5114b8 204
2026-06-27 17:07:26 - GET /api/v1/players/15d93359-d4fe-4116-aa11-d72a4e5114b8 404
2026-06-27 17:07:27 - POST /api/v1/auth/login 200
2026-06-27 17:07:27 - POST /api/v1/players/ 201
2026-06-27 17:07:27 - POST /api/v1/players/ 201
2026-06-27 17:07:27 - POST /api/v1/teams/ 201
2026-06-27 17:07:27 - POST /api/v1/teams/c96c7b30-c3c3-4cbd-9365-2cab6755c6c8/players 200
2026-06-27 17:07:27 - PUT /api/v1/teams/c96c7b30-c3c3-4cbd-9365-2cab6755c6c8 200
2026-06-27 17:07:27 - PUT /api/v1/teams/c96c7b30-c3c3-4cbd-9365-2cab6755c6c8 400
2026-06-27 17:07:27 - POST /api/v1/teams/ 201
2026-06-27 17:07:27 - POST /api/v1/teams/c887ba28-198b-42c0-ae33-8ae021cdba96/players 400
2026-06-27 17:07:27 - DELETE /api/v1/teams/c96c7b30-c3c3-4cbd-9365-2cab6755c6c8/players/d909fc74-17e6-4389-9ccc-bc61fcfc99d0 200
2026-06-27 17:07:27 - DELETE /api/v1/teams/c96c7b30-c3c3-4cbd-9365-2cab6755c6c8 204
2026-06-27 17:07:28 - POST /api/v1/auth/login 200
2026-06-27 17:07:28 - POST /api/v1/players/ 201
2026-06-27 17:07:28 - POST /api/v1/players/ 201
2026-06-27 17:07:28 - POST /api/v1/teams/ 201
2026-06-27 17:07:28 - POST /api/v1/teams/ 201
2026-06-27 17:07:28 - POST /api/v1/teams/ee46e79c-6bde-4a81-aee8-cc3a24d0e43b/players 200
2026-06-27 17:07:28 - POST /api/v1/teams/03bbee64-aa2c-43d0-a060-f142d807a1ed/players 200
2026-06-27 17:07:28 - POST /api/v1/matches/ 201
2026-06-27 17:07:28 - POST /api/v1/matches/0c0bbdfd-f074-4094-a665-85d7c6b87f56/squads 200
2026-06-27 17:07:28 - POST /api/v1/matches/0c0bbdfd-f074-4094-a665-85d7c6b87f56/toss 200
2026-06-27 17:07:28 - DELETE /api/v1/players/c79ced9a-2afb-499e-8fd9-6f740388c414 400
2026-06-27 17:07:28 - DELETE /api/v1/teams/ee46e79c-6bde-4a81-aee8-cc3a24d0e43b/players/c79ced9a-2afb-499e-8fd9-6f740388c414 400
2026-06-27 17:07:28 - DELETE /api/v1/teams/ee46e79c-6bde-4a81-aee8-cc3a24d0e43b 400
2026-06-27 17:07:29 - POST /api/v1/auth/login 200
2026-06-27 17:07:29 - GET /api/v1/profile/ 200
2026-06-27 17:07:29 - POST /api/v1/auth/login 200
2026-06-27 17:07:29 - PUT /api/v1/profile/ 200
2026-06-27 17:07:29 - PUT /api/v1/profile/ 400
2026-06-27 17:07:30 - POST /api/v1/auth/login 200
2026-06-27 17:07:30 - GET /api/v1/profile/stats 200
2026-06-27 17:07:30 - POST /api/v1/auth/login 200
2026-06-27 17:07:30 - GET /api/v1/profile/activity 200
2026-06-27 17:07:30 - GET /api/v1/profile/achievements 200
2026-06-27 17:07:31 - POST /api/v1/auth/login 200
2026-06-27 17:07:31 - POST /api/v1/profile/upload-photo 200
2026-06-27 17:07:31 - GET /api/v1/profile/ 200
2026-06-27 17:07:32 - POST /api/v1/auth/login 200
2026-06-27 17:07:32 - POST /api/v1/players/ 201
2026-06-27 17:07:32 - POST /api/v1/players/ 201
2026-06-27 17:07:32 - POST /api/v1/players/ 201
2026-06-27 17:07:32 - POST /api/v1/players/ 201
2026-06-27 17:07:32 - POST /api/v1/players/ 201
2026-06-27 17:07:32 - POST /api/v1/teams/ 201
2026-06-27 17:07:32 - POST /api/v1/teams/ 201
2026-06-27 17:07:32 - POST /api/v1/teams/1efd591d-bfe9-4a31-a3ca-bc23bf7eceac/players 200
2026-06-27 17:07:32 - POST /api/v1/teams/1efd591d-bfe9-4a31-a3ca-bc23bf7eceac/players 200
2026-06-27 17:07:32 - POST /api/v1/teams/1efd591d-bfe9-4a31-a3ca-bc23bf7eceac/players 200
2026-06-27 17:07:32 - POST /api/v1/teams/488fee1a-bec3-4d40-b0af-aaa5f5126ad3/players 200
2026-06-27 17:07:32 - POST /api/v1/teams/488fee1a-bec3-4d40-b0af-aaa5f5126ad3/players 200
2026-06-27 17:07:32 - POST /api/v1/matches/ 201
2026-06-27 17:07:32 - POST /api/v1/matches/6b967ccc-adbb-4871-bb8a-a54e7f4b4638/toss 200
2026-06-27 17:07:32 - POST /api/v1/matches/6b967ccc-adbb-4871-bb8a-a54e7f4b4638/squads 200
2026-06-27 17:07:32 - POST /api/v1/matches/6b967ccc-adbb-4871-bb8a-a54e7f4b4638/squads 200
2026-06-27 17:07:32 - POST /api/v1/matches/6b967ccc-adbb-4871-bb8a-a54e7f4b4638/balls 201
2026-06-27 17:07:32 - POST /api/v1/matches/6b967ccc-adbb-4871-bb8a-a54e7f4b4638/balls 201
2026-06-27 17:07:32 - POST /api/v1/matches/6b967ccc-adbb-4871-bb8a-a54e7f4b4638/balls 201
2026-06-27 17:07:32 - POST /api/v1/matches/6b967ccc-adbb-4871-bb8a-a54e7f4b4638/balls 201
2026-06-27 17:07:32 - POST /api/v1/matches/6b967ccc-adbb-4871-bb8a-a54e7f4b4638/balls 201
2026-06-27 17:07:32 - POST /api/v1/matches/6b967ccc-adbb-4871-bb8a-a54e7f4b4638/balls 201
2026-06-27 17:07:33 - POST /api/v1/matches/6b967ccc-adbb-4871-bb8a-a54e7f4b4638/balls 201
2026-06-27 17:07:33 - POST /api/v1/matches/6b967ccc-adbb-4871-bb8a-a54e7f4b4638/balls 201
2026-06-27 17:07:33 - POST /api/v1/matches/6b967ccc-adbb-4871-bb8a-a54e7f4b4638/balls 201
2026-06-27 17:07:33 - POST /api/v1/matches/6b967ccc-adbb-4871-bb8a-a54e7f4b4638/balls 201
2026-06-27 17:07:33 - POST /api/v1/matches/6b967ccc-adbb-4871-bb8a-a54e7f4b4638/balls 201
2026-06-27 17:07:33 - POST /api/v1/matches/6b967ccc-adbb-4871-bb8a-a54e7f4b4638/balls 201
2026-06-27 17:07:33 - GET /api/v1/matches/6b967ccc-adbb-4871-bb8a-a54e7f4b4638/scorecard 200
2026-06-27 17:07:33 - GET /api/v1/players/4022b0eb-799a-4745-962a-d58369a29f15 200
2026-06-27 17:07:34 - POST /api/v1/auth/login 200
2026-06-27 17:07:34 - POST /api/v1/players/ 201
2026-06-27 17:07:34 - POST /api/v1/players/ 201
2026-06-27 17:07:34 - POST /api/v1/players/ 201
2026-06-27 17:07:34 - POST /api/v1/players/ 201
2026-06-27 17:07:34 - POST /api/v1/players/ 201
2026-06-27 17:07:34 - POST /api/v1/teams/ 201
2026-06-27 17:07:34 - POST /api/v1/teams/ 201
2026-06-27 17:07:34 - POST /api/v1/teams/7aa882f8-4ae0-476a-94d0-68fec32433a7/players 200
2026-06-27 17:07:34 - POST /api/v1/teams/7aa882f8-4ae0-476a-94d0-68fec32433a7/players 200
2026-06-27 17:07:34 - POST /api/v1/teams/7aa882f8-4ae0-476a-94d0-68fec32433a7/players 200
2026-06-27 17:07:34 - POST /api/v1/teams/01553ddf-b214-4f84-bc93-24114b02fce1/players 200
2026-06-27 17:07:34 - POST /api/v1/teams/01553ddf-b214-4f84-bc93-24114b02fce1/players 200
2026-06-27 17:07:34 - POST /api/v1/matches/ 201
2026-06-27 17:07:34 - POST /api/v1/matches/28eb9ced-5276-475b-85b2-a3e2f01f44f8/toss 200
2026-06-27 17:07:34 - POST /api/v1/matches/28eb9ced-5276-475b-85b2-a3e2f01f44f8/squads 200
2026-06-27 17:07:34 - POST /api/v1/matches/28eb9ced-5276-475b-85b2-a3e2f01f44f8/squads 200
2026-06-27 17:07:34 - POST /api/v1/matches/28eb9ced-5276-475b-85b2-a3e2f01f44f8/balls 201
2026-06-27 17:07:34 - POST /api/v1/matches/28eb9ced-5276-475b-85b2-a3e2f01f44f8/balls 201
2026-06-27 17:07:34 - POST /api/v1/matches/28eb9ced-5276-475b-85b2-a3e2f01f44f8/balls 201
2026-06-27 17:07:34 - POST /api/v1/matches/28eb9ced-5276-475b-85b2-a3e2f01f44f8/balls 201
2026-06-27 17:07:34 - POST /api/v1/matches/28eb9ced-5276-475b-85b2-a3e2f01f44f8/balls 201
2026-06-27 17:07:34 - GET /api/v1/matches/28eb9ced-5276-475b-85b2-a3e2f01f44f8/scorecard 200
2026-06-27 17:07:36 - POST /api/v1/auth/login 200
2026-06-27 17:07:36 - POST /api/v1/players/ 201
2026-06-27 17:07:36 - POST /api/v1/players/ 201
2026-06-27 17:07:36 - POST /api/v1/players/ 201
2026-06-27 17:07:36 - POST /api/v1/players/ 201
2026-06-27 17:07:36 - POST /api/v1/teams/ 201
2026-06-27 17:07:36 - POST /api/v1/teams/ 201
2026-06-27 17:07:36 - POST /api/v1/teams/1776e5ee-93c4-4beb-8f81-3346aafce673/players 200
2026-06-27 17:07:36 - POST /api/v1/teams/1776e5ee-93c4-4beb-8f81-3346aafce673/players 200
2026-06-27 17:07:36 - POST /api/v1/teams/0a186cea-b859-4c0b-8521-84c42d546168/players 200
2026-06-27 17:07:36 - POST /api/v1/teams/0a186cea-b859-4c0b-8521-84c42d546168/players 200
2026-06-27 17:07:36 - POST /api/v1/matches/ 201
2026-06-27 17:07:36 - POST /api/v1/matches/4ae1a141-a5a8-408f-9fdd-77d884539655/toss 200
2026-06-27 17:07:36 - POST /api/v1/matches/4ae1a141-a5a8-408f-9fdd-77d884539655/squads 200
2026-06-27 17:07:36 - POST /api/v1/matches/4ae1a141-a5a8-408f-9fdd-77d884539655/squads 200
2026-06-27 17:07:36 - POST /api/v1/matches/4ae1a141-a5a8-408f-9fdd-77d884539655/balls 201
2026-06-27 17:07:36 - POST /api/v1/matches/4ae1a141-a5a8-408f-9fdd-77d884539655/balls 201
2026-06-27 17:07:36 - POST /api/v1/matches/4ae1a141-a5a8-408f-9fdd-77d884539655/balls 201
2026-06-27 17:07:36 - POST /api/v1/matches/4ae1a141-a5a8-408f-9fdd-77d884539655/balls 201
2026-06-27 17:07:36 - POST /api/v1/matches/4ae1a141-a5a8-408f-9fdd-77d884539655/balls 201
2026-06-27 17:07:36 - POST /api/v1/matches/4ae1a141-a5a8-408f-9fdd-77d884539655/balls 201
2026-06-27 17:07:36 - POST /api/v1/matches/4ae1a141-a5a8-408f-9fdd-77d884539655/balls 201
2026-06-27 17:07:36 - GET /api/v1/matches/4ae1a141-a5a8-408f-9fdd-77d884539655/scorecard 200
2026-06-27 17:07:38 - POST /api/v1/auth/signup 201
2026-06-27 17:07:39 - POST /api/v1/auth/login 200
2026-06-27 17:07:40 - POST /api/v1/auth/login 200
2026-06-27 17:07:40 - POST /api/v1/players/ 201
2026-06-27 17:07:40 - POST /api/v1/players/ 201
2026-06-27 17:07:40 - POST /api/v1/players/ 201
2026-06-27 17:07:40 - POST /api/v1/players/ 201
2026-06-27 17:07:40 - POST /api/v1/players/ 201
2026-06-27 17:07:40 - POST /api/v1/teams/ 201
2026-06-27 17:07:40 - POST /api/v1/teams/ 201
2026-06-27 17:07:40 - POST /api/v1/teams/36cc71c2-88dc-4a1a-a566-5dae587d7e3f/players 200
2026-06-27 17:07:40 - POST /api/v1/teams/36cc71c2-88dc-4a1a-a566-5dae587d7e3f/players 200
2026-06-27 17:07:40 - POST /api/v1/teams/36cc71c2-88dc-4a1a-a566-5dae587d7e3f/players 200
2026-06-27 17:07:40 - POST /api/v1/teams/68e1cbc5-6a86-40ab-b5d9-e6d922559c49/players 200
2026-06-27 17:07:40 - POST /api/v1/teams/68e1cbc5-6a86-40ab-b5d9-e6d922559c49/players 200
2026-06-27 17:07:40 - POST /api/v1/matches/ 201
2026-06-27 17:07:40 - POST /api/v1/matches/4cbf909b-8e11-4d17-90ff-1495629d246a/toss 200
2026-06-27 17:07:40 - POST /api/v1/matches/4cbf909b-8e11-4d17-90ff-1495629d246a/squads 200
2026-06-27 17:07:40 - POST /api/v1/matches/4cbf909b-8e11-4d17-90ff-1495629d246a/squads 200
2026-06-27 17:07:40 - POST /api/v1/matches/4cbf909b-8e11-4d17-90ff-1495629d246a/balls 201
2026-06-27 17:07:41 - GET /api/v1/matches/4cbf909b-8e11-4d17-90ff-1495629d246a/live 200
2026-06-27 17:07:41 - POST /api/v1/matches/4cbf909b-8e11-4d17-90ff-1495629d246a/balls 201
2026-06-27 17:07:41 - GET /api/v1/matches/4cbf909b-8e11-4d17-90ff-1495629d246a/live 200
2026-06-27 17:07:41 - POST /api/v1/matches/4cbf909b-8e11-4d17-90ff-1495629d246a/balls 201
2026-06-27 17:07:41 - GET /api/v1/matches/4cbf909b-8e11-4d17-90ff-1495629d246a/live 200
2026-06-27 17:07:41 - POST /api/v1/matches/4cbf909b-8e11-4d17-90ff-1495629d246a/balls 201
2026-06-27 17:07:41 - GET /api/v1/matches/4cbf909b-8e11-4d17-90ff-1495629d246a/live 200
2026-06-27 17:07:41 - POST /api/v1/matches/4cbf909b-8e11-4d17-90ff-1495629d246a/undo 200
2026-06-27 17:07:41 - GET /api/v1/matches/4cbf909b-8e11-4d17-90ff-1495629d246a/live 200
2026-06-27 17:07:41 - GET /api/v1/auth/me 401
2026-06-27 17:07:41 - GET /api/v1/auth/me 401
2026-06-27 17:07:42 - POST /api/v1/auth/login 200
2026-06-27 17:07:42 - POST /api/v1/players/ 201
2026-06-27 17:07:42 - POST /api/v1/players/ 201
2026-06-27 17:07:42 - POST /api/v1/players/ 201
2026-06-27 17:07:42 - POST /api/v1/players/ 201
2026-06-27 17:07:42 - POST /api/v1/players/ 201
2026-06-27 17:07:42 - POST /api/v1/teams/ 201
2026-06-27 17:07:42 - POST /api/v1/teams/ 201
2026-06-27 17:07:42 - POST /api/v1/teams/d901bd00-cccd-4019-a289-ba15286a9167/players 200
2026-06-27 17:07:42 - POST /api/v1/teams/d901bd00-cccd-4019-a289-ba15286a9167/players 200
2026-06-27 17:07:42 - POST /api/v1/teams/d901bd00-cccd-4019-a289-ba15286a9167/players 200
2026-06-27 17:07:42 - POST /api/v1/teams/ab366915-396b-41b8-9e8b-55986900a203/players 200
2026-06-27 17:07:42 - POST /api/v1/teams/ab366915-396b-41b8-9e8b-55986900a203/players 200
2026-06-27 17:07:42 - POST /api/v1/matches/ 201
2026-06-27 17:07:42 - POST /api/v1/matches/3e556916-3463-47c8-9821-c37c8c465bfe/toss 200
2026-06-27 17:07:42 - POST /api/v1/matches/3e556916-3463-47c8-9821-c37c8c465bfe/squads 200
2026-06-27 17:07:42 - POST /api/v1/matches/3e556916-3463-47c8-9821-c37c8c465bfe/squads 200
2026-06-27 17:07:42 - POST /api/v1/matches/3e556916-3463-47c8-9821-c37c8c465bfe/balls 201
2026-06-27 17:07:42 - GET /api/v1/matches/3e556916-3463-47c8-9821-c37c8c465bfe/live 200
2026-06-27 17:07:42 - POST /api/v1/matches/3e556916-3463-47c8-9821-c37c8c465bfe/balls 201
2026-06-27 17:07:42 - GET /api/v1/matches/3e556916-3463-47c8-9821-c37c8c465bfe/live 200
2026-06-27 17:07:42 - POST /api/v1/matches/3e556916-3463-47c8-9821-c37c8c465bfe/balls 201
2026-06-27 17:07:42 - GET /api/v1/matches/3e556916-3463-47c8-9821-c37c8c465bfe/live 200
2026-06-27 17:07:43 - POST /api/v1/matches/3e556916-3463-47c8-9821-c37c8c465bfe/balls 201
2026-06-27 17:07:43 - GET /api/v1/matches/3e556916-3463-47c8-9821-c37c8c465bfe/live 200
2026-06-27 17:07:43 - POST /api/v1/matches/3e556916-3463-47c8-9821-c37c8c465bfe/balls 201
2026-06-27 17:07:43 - GET /api/v1/matches/3e556916-3463-47c8-9821-c37c8c465bfe/live 200
2026-06-27 17:07:43 - POST /api/v1/matches/3e556916-3463-47c8-9821-c37c8c465bfe/balls 201
2026-06-27 17:07:43 - GET /api/v1/matches/3e556916-3463-47c8-9821-c37c8c465bfe/live 200
2026-06-27 17:07:43 - POST /api/v1/matches/3e556916-3463-47c8-9821-c37c8c465bfe/balls 201
2026-06-27 17:07:43 - GET /api/v1/matches/3e556916-3463-47c8-9821-c37c8c465bfe/live 200
2026-06-27 17:07:43 - GET /api/v1/matches/3e556916-3463-47c8-9821-c37c8c465bfe/scorecard 200
2026-06-27 17:07:45 - POST /api/v1/auth/signup 201
2026-06-27 17:07:47 - POST /api/v1/auth/signup 201
2026-06-27 17:07:49 - POST /api/v1/auth/signup 201
2026-06-27 17:07:50 - POST /api/v1/auth/login 200
2026-06-27 17:07:50 - POST /api/v1/auth/login 200
2026-06-27 17:07:51 - POST /api/v1/auth/login 200
2026-06-27 17:07:51 - POST /api/v1/teams/ 201
2026-06-27 17:07:51 - GET /api/v1/teams/my-teams 200
2026-06-27 17:07:51 - POST /api/v1/teams/9afe6b9e-f2c1-49c7-b571-7bc4abb737f5/join-request 200
2026-06-27 17:07:51 - GET /api/v1/teams/my-teams 200
2026-06-27 17:07:51 - POST /api/v1/teams/9afe6b9e-f2c1-49c7-b571-7bc4abb737f5/approve-request 403
2026-06-27 17:07:51 - POST /api/v1/teams/9afe6b9e-f2c1-49c7-b571-7bc4abb737f5/approve-request 200
2026-06-27 17:07:51 - POST /api/v1/teams/9afe6b9e-f2c1-49c7-b571-7bc4abb737f5/members 200
2026-06-27 17:07:51 - POST /api/v1/teams/9afe6b9e-f2c1-49c7-b571-7bc4abb737f5/invitations/accept 200
2026-06-27 17:07:51 - GET /api/v1/teams/9afe6b9e-f2c1-49c7-b571-7bc4abb737f5/members 200
2026-06-27 17:07:51 - DELETE /api/v1/teams/9afe6b9e-f2c1-49c7-b571-7bc4abb737f5/members/31f91f3a-9d1d-4f47-9004-fdfbece11faf 204
2026-06-27 17:07:51 - GET /api/v1/teams/9afe6b9e-f2c1-49c7-b571-7bc4abb737f5/members 200
2026-06-27 17:07:52 - POST /api/v1/auth/login 200
2026-06-27 17:07:52 - POST /api/v1/teams/ 201
2026-06-27 17:07:53 - POST /api/v1/auth/login 200
2026-06-27 17:07:53 - POST /api/v1/teams/3086a6cf-3314-4930-b3d1-26865dd42de9/members 200
2026-06-27 17:07:53 - GET /api/v1/notifications/ 200
2026-06-27 17:07:53 - GET /api/v1/teams/my-invitations 200
2026-06-27 17:07:53 - POST /api/v1/notifications/ab5eeee6-d970-4908-a871-6356063facfc/read 200
2026-06-27 17:07:53 - POST /api/v1/teams/3086a6cf-3314-4930-b3d1-26865dd42de9/invitations/accept 200
2026-06-27 17:07:53 - GET /api/v1/notifications/ 200
2026-06-27 17:07:55 - POST /api/v1/auth/login 200
2026-06-27 17:07:55 - POST /api/v1/teams/ 201
2026-06-27 17:07:56 - POST /api/v1/auth/login 200
2026-06-27 17:07:56 - POST /api/v1/teams/2a800c3d-ff64-43a4-8e41-1fb619129101/members 200
2026-06-27 17:07:56 - POST /api/v1/teams/2a800c3d-ff64-43a4-8e41-1fb619129101/invitations/reject 204
2026-06-27 17:07:56 - GET /api/v1/notifications/ 200
2026-06-27 17:07:57 - POST /api/v1/auth/login 200
2026-06-27 17:07:57 - POST /api/v1/teams/ 201
2026-06-27 17:07:58 - POST /api/v1/auth/login 200
2026-06-27 17:07:58 - POST /api/v1/teams/1c40aa5f-9642-44d0-88b8-6b1112dfd792/join-request 200
2026-06-27 17:07:58 - POST /api/v1/teams/1c40aa5f-9642-44d0-88b8-6b1112dfd792/reject-request 204
2026-06-27 17:07:58 - GET /api/v1/notifications/ 200
2026-06-27 17:07:59 - POST /api/v1/auth/login 200
2026-06-27 17:07:59 - POST /api/v1/teams/ 201
2026-06-27 17:08:00 - POST /api/v1/auth/login 200
2026-06-27 17:08:00 - PUT /api/v1/teams/78264edf-061c-4797-90d5-585f8fc71bb3 403
2026-06-27 17:08:00 - DELETE /api/v1/teams/78264edf-061c-4797-90d5-585f8fc71bb3 403
2026-06-27 17:08:00 - PUT /api/v1/teams/78264edf-061c-4797-90d5-585f8fc71bb3 200
2026-06-27 17:08:00 - DELETE /api/v1/teams/78264edf-061c-4797-90d5-585f8fc71bb3 204
2026-06-27 17:08:00 - GET /api/v1/teams/78264edf-061c-4797-90d5-585f8fc71bb3 404
2026-06-27 17:08:02 - POST /api/v1/auth/login 200
2026-06-27 17:08:02 - GET /api/v1/notifications/ 200
2026-06-27 17:08:02 - POST /api/v1/notifications/read-all 204
2026-06-27 17:08:02 - GET /api/v1/notifications/ 200
2026-06-27 17:08:03 - POST /api/v1/auth/login 200
2026-06-27 17:08:03 - POST /api/v1/tournaments/ 201
2026-06-27 17:08:03 - POST /api/v1/players/ 201
2026-06-27 17:08:03 - POST /api/v1/players/ 201
2026-06-27 17:08:03 - POST /api/v1/players/ 201
2026-06-27 17:08:03 - POST /api/v1/players/ 201
2026-06-27 17:08:03 - POST /api/v1/teams/ 201
2026-06-27 17:08:03 - POST /api/v1/teams/10f00b08-2e08-4d83-9fb8-530dfb245d8f/players 200
2026-06-27 17:08:03 - POST /api/v1/teams/10f00b08-2e08-4d83-9fb8-530dfb245d8f/players 200
2026-06-27 17:08:03 - POST /api/v1/teams/10f00b08-2e08-4d83-9fb8-530dfb245d8f/players 200
2026-06-27 17:08:03 - POST /api/v1/teams/10f00b08-2e08-4d83-9fb8-530dfb245d8f/players 200
2026-06-27 17:08:03 - POST /api/v1/tournaments/3ed6c3e0-3d46-43c7-b916-9cf16fc1c741/teams 400
2026-06-27 17:08:03 - POST /api/v1/players/ 201
2026-06-27 17:08:03 - POST /api/v1/teams/10f00b08-2e08-4d83-9fb8-530dfb245d8f/players 200
2026-06-27 17:08:03 - POST /api/v1/tournaments/3ed6c3e0-3d46-43c7-b916-9cf16fc1c741/teams 200
2026-06-27 17:08:03 - DELETE /api/v1/tournaments/3ed6c3e0-3d46-43c7-b916-9cf16fc1c741/teams/10f00b08-2e08-4d83-9fb8-530dfb245d8f 200
2026-06-27 17:08:04 - POST /api/v1/auth/login 200
2026-06-27 17:08:04 - POST /api/v1/teams/ 201
2026-06-27 17:08:04 - POST /api/v1/players/ 201
2026-06-27 17:08:04 - POST /api/v1/teams/61f96964-373a-4a78-8b5b-d70c326f8902/players 200
2026-06-27 17:08:04 - POST /api/v1/players/ 201
2026-06-27 17:08:04 - POST /api/v1/teams/61f96964-373a-4a78-8b5b-d70c326f8902/players 200
2026-06-27 17:08:04 - POST /api/v1/players/ 201
2026-06-27 17:08:04 - POST /api/v1/teams/61f96964-373a-4a78-8b5b-d70c326f8902/players 200
2026-06-27 17:08:04 - POST /api/v1/players/ 201
2026-06-27 17:08:04 - POST /api/v1/teams/61f96964-373a-4a78-8b5b-d70c326f8902/players 200
2026-06-27 17:08:04 - POST /api/v1/players/ 201
2026-06-27 17:08:04 - POST /api/v1/teams/61f96964-373a-4a78-8b5b-d70c326f8902/players 200
2026-06-27 17:08:04 - POST /api/v1/teams/ 201
2026-06-27 17:08:04 - POST /api/v1/players/ 201
2026-06-27 17:08:04 - POST /api/v1/teams/018accb7-ad30-417f-ae3b-e2ad076ef6f0/players 200
2026-06-27 17:08:04 - POST /api/v1/players/ 201
2026-06-27 17:08:05 - POST /api/v1/teams/018accb7-ad30-417f-ae3b-e2ad076ef6f0/players 200
2026-06-27 17:08:05 - POST /api/v1/players/ 201
2026-06-27 17:08:05 - POST /api/v1/teams/018accb7-ad30-417f-ae3b-e2ad076ef6f0/players 200
2026-06-27 17:08:05 - POST /api/v1/players/ 201
2026-06-27 17:08:05 - POST /api/v1/teams/018accb7-ad30-417f-ae3b-e2ad076ef6f0/players 200
2026-06-27 17:08:05 - POST /api/v1/players/ 201
2026-06-27 17:08:05 - POST /api/v1/teams/018accb7-ad30-417f-ae3b-e2ad076ef6f0/players 200
2026-06-27 17:08:05 - POST /api/v1/tournaments/ 201
2026-06-27 17:08:05 - POST /api/v1/tournaments/f208c10b-be0a-48c8-8af3-70d24c1e977b/teams 200
2026-06-27 17:08:05 - POST /api/v1/tournaments/f208c10b-be0a-48c8-8af3-70d24c1e977b/teams 200
2026-06-27 17:08:05 - POST /api/v1/tournaments/f208c10b-be0a-48c8-8af3-70d24c1e977b/fixtures/generate 201
2026-06-27 17:08:05 - GET /api/v1/tournaments/f208c10b-be0a-48c8-8af3-70d24c1e977b/dashboard 200
2026-06-27 17:08:05 - POST /api/v1/matches/934565a4-e60f-492a-8bf7-4302176a2388/toss 200
2026-06-27 17:08:05 - GET /api/v1/teams/61f96964-373a-4a78-8b5b-d70c326f8902 200
2026-06-27 17:08:05 - GET /api/v1/teams/018accb7-ad30-417f-ae3b-e2ad076ef6f0 200
2026-06-27 17:08:05 - POST /api/v1/matches/934565a4-e60f-492a-8bf7-4302176a2388/squads 200
2026-06-27 17:08:05 - POST /api/v1/matches/934565a4-e60f-492a-8bf7-4302176a2388/squads 200
2026-06-27 17:08:05 - POST /api/v1/matches/934565a4-e60f-492a-8bf7-4302176a2388/balls 201
2026-06-27 17:08:05 - POST /api/v1/matches/934565a4-e60f-492a-8bf7-4302176a2388/balls 201
2026-06-27 17:08:05 - POST /api/v1/matches/934565a4-e60f-492a-8bf7-4302176a2388/balls 201
2026-06-27 17:08:05 - POST /api/v1/matches/934565a4-e60f-492a-8bf7-4302176a2388/balls 201
2026-06-27 17:08:05 - POST /api/v1/matches/934565a4-e60f-492a-8bf7-4302176a2388/balls 201
2026-06-27 17:08:05 - POST /api/v1/matches/934565a4-e60f-492a-8bf7-4302176a2388/balls 201
2026-06-27 17:08:05 - POST /api/v1/matches/934565a4-e60f-492a-8bf7-4302176a2388/balls 201
2026-06-27 17:08:05 - POST /api/v1/matches/934565a4-e60f-492a-8bf7-4302176a2388/balls 201
2026-06-27 17:08:05 - POST /api/v1/matches/934565a4-e60f-492a-8bf7-4302176a2388/balls 201
2026-06-27 17:08:05 - GET /api/v1/tournaments/f208c10b-be0a-48c8-8af3-70d24c1e977b/points-table 200
2026-06-27 17:08:05 - GET /api/v1/tournaments/f208c10b-be0a-48c8-8af3-70d24c1e977b/leaderboards 200
2026-06-27 17:08:06 - POST /api/v1/auth/login 200
2026-06-27 17:08:06 - POST /api/v1/teams/ 201
2026-06-27 17:08:06 - POST /api/v1/players/ 201
2026-06-27 17:08:06 - POST /api/v1/teams/d667acbf-b3c7-430e-ba65-3cbcd934793e/players 200
2026-06-27 17:08:06 - POST /api/v1/players/ 201
2026-06-27 17:08:06 - POST /api/v1/teams/d667acbf-b3c7-430e-ba65-3cbcd934793e/players 200
2026-06-27 17:08:06 - POST /api/v1/players/ 201
2026-06-27 17:08:06 - POST /api/v1/teams/d667acbf-b3c7-430e-ba65-3cbcd934793e/players 200
2026-06-27 17:08:06 - POST /api/v1/players/ 201
2026-06-27 17:08:06 - POST /api/v1/teams/d667acbf-b3c7-430e-ba65-3cbcd934793e/players 200
2026-06-27 17:08:06 - POST /api/v1/players/ 201
2026-06-27 17:08:06 - POST /api/v1/teams/d667acbf-b3c7-430e-ba65-3cbcd934793e/players 200
2026-06-27 17:08:06 - POST /api/v1/teams/ 201
2026-06-27 17:08:06 - POST /api/v1/players/ 201
2026-06-27 17:08:06 - POST /api/v1/teams/cd0ee358-747d-4fb2-86cb-dfcc3ac307a4/players 200
2026-06-27 17:08:06 - POST /api/v1/players/ 201
2026-06-27 17:08:07 - POST /api/v1/teams/cd0ee358-747d-4fb2-86cb-dfcc3ac307a4/players 200
2026-06-27 17:08:07 - POST /api/v1/players/ 201
2026-06-27 17:08:07 - POST /api/v1/teams/cd0ee358-747d-4fb2-86cb-dfcc3ac307a4/players 200
2026-06-27 17:08:07 - POST /api/v1/players/ 201
2026-06-27 17:08:07 - POST /api/v1/teams/cd0ee358-747d-4fb2-86cb-dfcc3ac307a4/players 200
2026-06-27 17:08:07 - POST /api/v1/players/ 201
2026-06-27 17:08:07 - POST /api/v1/teams/cd0ee358-747d-4fb2-86cb-dfcc3ac307a4/players 200
2026-06-27 17:08:07 - POST /api/v1/teams/ 201
2026-06-27 17:08:07 - POST /api/v1/players/ 201
2026-06-27 17:08:07 - POST /api/v1/teams/13671edf-cb73-4362-9d1c-65f5ac6bb3c9/players 200
2026-06-27 17:08:07 - POST /api/v1/players/ 201
2026-06-27 17:08:07 - POST /api/v1/teams/13671edf-cb73-4362-9d1c-65f5ac6bb3c9/players 200
2026-06-27 17:08:07 - POST /api/v1/players/ 201
2026-06-27 17:08:07 - POST /api/v1/teams/13671edf-cb73-4362-9d1c-65f5ac6bb3c9/players 200
2026-06-27 17:08:07 - POST /api/v1/players/ 201
2026-06-27 17:08:07 - POST /api/v1/teams/13671edf-cb73-4362-9d1c-65f5ac6bb3c9/players 200
2026-06-27 17:08:07 - POST /api/v1/players/ 201
2026-06-27 17:08:07 - POST /api/v1/teams/13671edf-cb73-4362-9d1c-65f5ac6bb3c9/players 200
2026-06-27 17:08:07 - POST /api/v1/teams/ 201
2026-06-27 17:08:07 - POST /api/v1/players/ 201
2026-06-27 17:08:07 - POST /api/v1/teams/0c6b8272-beb0-4ed3-a5a8-941b0dcf3ee4/players 200
2026-06-27 17:08:07 - POST /api/v1/players/ 201
2026-06-27 17:08:07 - POST /api/v1/teams/0c6b8272-beb0-4ed3-a5a8-941b0dcf3ee4/players 200
2026-06-27 17:08:07 - POST /api/v1/players/ 201
2026-06-27 17:08:07 - POST /api/v1/teams/0c6b8272-beb0-4ed3-a5a8-941b0dcf3ee4/players 200
2026-06-27 17:08:07 - POST /api/v1/players/ 201
2026-06-27 17:08:07 - POST /api/v1/teams/0c6b8272-beb0-4ed3-a5a8-941b0dcf3ee4/players 200
2026-06-27 17:08:07 - POST /api/v1/players/ 201
2026-06-27 17:08:07 - POST /api/v1/teams/0c6b8272-beb0-4ed3-a5a8-941b0dcf3ee4/players 200
2026-06-27 17:08:07 - POST /api/v1/tournaments/ 201
2026-06-27 17:08:07 - POST /api/v1/tournaments/b870fdf3-0c68-46e8-9650-2b5cc5727ce5/teams 200
2026-06-27 17:08:07 - POST /api/v1/tournaments/b870fdf3-0c68-46e8-9650-2b5cc5727ce5/teams 200
2026-06-27 17:08:07 - POST /api/v1/tournaments/b870fdf3-0c68-46e8-9650-2b5cc5727ce5/teams 200
2026-06-27 17:08:07 - POST /api/v1/tournaments/b870fdf3-0c68-46e8-9650-2b5cc5727ce5/teams 200
2026-06-27 17:08:07 - POST /api/v1/tournaments/b870fdf3-0c68-46e8-9650-2b5cc5727ce5/fixtures/generate 201
2026-06-27 17:08:07 - GET /api/v1/tournaments/b870fdf3-0c68-46e8-9650-2b5cc5727ce5/dashboard 200
2026-06-27 17:08:07 - GET /api/v1/tournaments/b870fdf3-0c68-46e8-9650-2b5cc5727ce5/dashboard 200
2026-06-27 17:08:07 - POST /api/v1/matches/f8e8bb3a-3198-45e3-a155-66f0a87cdcae/toss 200
2026-06-27 17:08:07 - GET /api/v1/teams/13671edf-cb73-4362-9d1c-65f5ac6bb3c9 200
2026-06-27 17:08:07 - GET /api/v1/teams/0c6b8272-beb0-4ed3-a5a8-941b0dcf3ee4 200
2026-06-27 17:08:07 - POST /api/v1/matches/f8e8bb3a-3198-45e3-a155-66f0a87cdcae/squads 200
2026-06-27 17:08:07 - POST /api/v1/matches/f8e8bb3a-3198-45e3-a155-66f0a87cdcae/squads 200
2026-06-27 17:08:07 - POST /api/v1/matches/f8e8bb3a-3198-45e3-a155-66f0a87cdcae/balls 201
2026-06-27 17:08:07 - POST /api/v1/matches/f8e8bb3a-3198-45e3-a155-66f0a87cdcae/balls 201
2026-06-27 17:08:07 - POST /api/v1/matches/f8e8bb3a-3198-45e3-a155-66f0a87cdcae/balls 201
2026-06-27 17:08:07 - POST /api/v1/matches/f8e8bb3a-3198-45e3-a155-66f0a87cdcae/balls 201
2026-06-27 17:08:07 - POST /api/v1/matches/f8e8bb3a-3198-45e3-a155-66f0a87cdcae/balls 201
2026-06-27 17:08:07 - POST /api/v1/matches/f8e8bb3a-3198-45e3-a155-66f0a87cdcae/balls 201
2026-06-27 17:08:07 - POST /api/v1/matches/f8e8bb3a-3198-45e3-a155-66f0a87cdcae/balls 201
2026-06-27 17:08:07 - POST /api/v1/matches/f8e8bb3a-3198-45e3-a155-66f0a87cdcae/balls 201
2026-06-27 17:08:07 - POST /api/v1/matches/f8e8bb3a-3198-45e3-a155-66f0a87cdcae/balls 201
2026-06-27 17:08:07 - POST /api/v1/matches/f8e8bb3a-3198-45e3-a155-66f0a87cdcae/balls 201
2026-06-27 17:08:07 - POST /api/v1/matches/f8e8bb3a-3198-45e3-a155-66f0a87cdcae/balls 201
2026-06-27 17:08:07 - POST /api/v1/matches/f8e8bb3a-3198-45e3-a155-66f0a87cdcae/balls 201
2026-06-27 17:08:07 - POST /api/v1/matches/72d3d153-2854-4d22-97c1-e47b68a95918/toss 200
2026-06-27 17:08:07 - GET /api/v1/teams/cd0ee358-747d-4fb2-86cb-dfcc3ac307a4 200
2026-06-27 17:08:08 - GET /api/v1/teams/0c6b8272-beb0-4ed3-a5a8-941b0dcf3ee4 200
2026-06-27 17:08:08 - POST /api/v1/matches/72d3d153-2854-4d22-97c1-e47b68a95918/squads 200
2026-06-27 17:08:08 - POST /api/v1/matches/72d3d153-2854-4d22-97c1-e47b68a95918/squads 200
2026-06-27 17:08:08 - POST /api/v1/matches/72d3d153-2854-4d22-97c1-e47b68a95918/balls 201
2026-06-27 17:08:08 - POST /api/v1/matches/72d3d153-2854-4d22-97c1-e47b68a95918/balls 201
2026-06-27 17:08:08 - POST /api/v1/matches/72d3d153-2854-4d22-97c1-e47b68a95918/balls 201
2026-06-27 17:08:08 - POST /api/v1/matches/72d3d153-2854-4d22-97c1-e47b68a95918/balls 201
2026-06-27 17:08:08 - POST /api/v1/matches/72d3d153-2854-4d22-97c1-e47b68a95918/balls 201
2026-06-27 17:08:08 - POST /api/v1/matches/72d3d153-2854-4d22-97c1-e47b68a95918/balls 201
2026-06-27 17:08:08 - POST /api/v1/matches/72d3d153-2854-4d22-97c1-e47b68a95918/balls 201
2026-06-27 17:08:08 - POST /api/v1/matches/72d3d153-2854-4d22-97c1-e47b68a95918/balls 201
2026-06-27 17:08:08 - POST /api/v1/matches/72d3d153-2854-4d22-97c1-e47b68a95918/balls 201
2026-06-27 17:08:08 - POST /api/v1/matches/72d3d153-2854-4d22-97c1-e47b68a95918/balls 201
2026-06-27 17:08:08 - POST /api/v1/matches/72d3d153-2854-4d22-97c1-e47b68a95918/balls 201
2026-06-27 17:08:08 - POST /api/v1/matches/72d3d153-2854-4d22-97c1-e47b68a95918/balls 201
2026-06-27 17:08:08 - POST /api/v1/matches/3a4c1fac-e7ea-4a83-a7df-b32edf7ca886/toss 200
2026-06-27 17:08:08 - GET /api/v1/teams/d667acbf-b3c7-430e-ba65-3cbcd934793e 200
2026-06-27 17:08:08 - GET /api/v1/teams/0c6b8272-beb0-4ed3-a5a8-941b0dcf3ee4 200
2026-06-27 17:08:08 - POST /api/v1/matches/3a4c1fac-e7ea-4a83-a7df-b32edf7ca886/squads 200
2026-06-27 17:08:08 - POST /api/v1/matches/3a4c1fac-e7ea-4a83-a7df-b32edf7ca886/squads 200
2026-06-27 17:08:08 - POST /api/v1/matches/3a4c1fac-e7ea-4a83-a7df-b32edf7ca886/balls 201
2026-06-27 17:08:08 - POST /api/v1/matches/3a4c1fac-e7ea-4a83-a7df-b32edf7ca886/balls 201
2026-06-27 17:08:08 - POST /api/v1/matches/3a4c1fac-e7ea-4a83-a7df-b32edf7ca886/balls 201
2026-06-27 17:08:08 - POST /api/v1/matches/3a4c1fac-e7ea-4a83-a7df-b32edf7ca886/balls 201
2026-06-27 17:08:08 - POST /api/v1/matches/3a4c1fac-e7ea-4a83-a7df-b32edf7ca886/balls 201
2026-06-27 17:08:08 - POST /api/v1/matches/3a4c1fac-e7ea-4a83-a7df-b32edf7ca886/balls 201
2026-06-27 17:08:08 - POST /api/v1/matches/3a4c1fac-e7ea-4a83-a7df-b32edf7ca886/balls 201
2026-06-27 17:08:08 - POST /api/v1/matches/3a4c1fac-e7ea-4a83-a7df-b32edf7ca886/balls 201
2026-06-27 17:08:08 - POST /api/v1/matches/3a4c1fac-e7ea-4a83-a7df-b32edf7ca886/balls 201
2026-06-27 17:08:08 - POST /api/v1/matches/3a4c1fac-e7ea-4a83-a7df-b32edf7ca886/balls 201
2026-06-27 17:08:08 - POST /api/v1/matches/3a4c1fac-e7ea-4a83-a7df-b32edf7ca886/balls 201
2026-06-27 17:08:08 - POST /api/v1/matches/3a4c1fac-e7ea-4a83-a7df-b32edf7ca886/balls 201
2026-06-27 17:08:08 - POST /api/v1/matches/54563873-c562-4298-91e7-2414df2db528/toss 200
2026-06-27 17:08:08 - GET /api/v1/teams/cd0ee358-747d-4fb2-86cb-dfcc3ac307a4 200
2026-06-27 17:08:08 - GET /api/v1/teams/13671edf-cb73-4362-9d1c-65f5ac6bb3c9 200
2026-06-27 17:08:08 - POST /api/v1/matches/54563873-c562-4298-91e7-2414df2db528/squads 200
2026-06-27 17:08:08 - POST /api/v1/matches/54563873-c562-4298-91e7-2414df2db528/squads 200
2026-06-27 17:08:08 - POST /api/v1/matches/54563873-c562-4298-91e7-2414df2db528/balls 201
2026-06-27 17:08:09 - POST /api/v1/matches/54563873-c562-4298-91e7-2414df2db528/balls 201
2026-06-27 17:08:09 - POST /api/v1/matches/54563873-c562-4298-91e7-2414df2db528/balls 201
2026-06-27 17:08:09 - POST /api/v1/matches/54563873-c562-4298-91e7-2414df2db528/balls 201
2026-06-27 17:08:09 - POST /api/v1/matches/54563873-c562-4298-91e7-2414df2db528/balls 201
2026-06-27 17:08:09 - POST /api/v1/matches/54563873-c562-4298-91e7-2414df2db528/balls 201
2026-06-27 17:08:09 - POST /api/v1/matches/54563873-c562-4298-91e7-2414df2db528/balls 201
2026-06-27 17:08:09 - POST /api/v1/matches/54563873-c562-4298-91e7-2414df2db528/balls 201
2026-06-27 17:08:09 - POST /api/v1/matches/54563873-c562-4298-91e7-2414df2db528/balls 201
2026-06-27 17:08:09 - POST /api/v1/matches/54563873-c562-4298-91e7-2414df2db528/balls 201
2026-06-27 17:08:09 - POST /api/v1/matches/54563873-c562-4298-91e7-2414df2db528/balls 201
2026-06-27 17:08:09 - POST /api/v1/matches/54563873-c562-4298-91e7-2414df2db528/balls 201
2026-06-27 17:08:09 - POST /api/v1/matches/de4f4126-32e9-45a9-b80d-5c55f06a271f/toss 200
2026-06-27 17:08:09 - GET /api/v1/teams/d667acbf-b3c7-430e-ba65-3cbcd934793e 200
2026-06-27 17:08:09 - GET /api/v1/teams/13671edf-cb73-4362-9d1c-65f5ac6bb3c9 200
2026-06-27 17:08:09 - POST /api/v1/matches/de4f4126-32e9-45a9-b80d-5c55f06a271f/squads 200
2026-06-27 17:08:09 - POST /api/v1/matches/de4f4126-32e9-45a9-b80d-5c55f06a271f/squads 200
2026-06-27 17:08:09 - POST /api/v1/matches/de4f4126-32e9-45a9-b80d-5c55f06a271f/balls 201
2026-06-27 17:08:09 - POST /api/v1/matches/de4f4126-32e9-45a9-b80d-5c55f06a271f/balls 201
2026-06-27 17:08:09 - POST /api/v1/matches/de4f4126-32e9-45a9-b80d-5c55f06a271f/balls 201
2026-06-27 17:08:09 - POST /api/v1/matches/de4f4126-32e9-45a9-b80d-5c55f06a271f/balls 201
2026-06-27 17:08:09 - POST /api/v1/matches/de4f4126-32e9-45a9-b80d-5c55f06a271f/balls 201
2026-06-27 17:08:09 - POST /api/v1/matches/de4f4126-32e9-45a9-b80d-5c55f06a271f/balls 201
2026-06-27 17:08:09 - POST /api/v1/matches/de4f4126-32e9-45a9-b80d-5c55f06a271f/balls 201
2026-06-27 17:08:09 - POST /api/v1/matches/de4f4126-32e9-45a9-b80d-5c55f06a271f/balls 201
2026-06-27 17:08:09 - POST /api/v1/matches/de4f4126-32e9-45a9-b80d-5c55f06a271f/balls 201
2026-06-27 17:08:09 - POST /api/v1/matches/de4f4126-32e9-45a9-b80d-5c55f06a271f/balls 201
2026-06-27 17:08:09 - POST /api/v1/matches/de4f4126-32e9-45a9-b80d-5c55f06a271f/balls 201
2026-06-27 17:08:09 - POST /api/v1/matches/de4f4126-32e9-45a9-b80d-5c55f06a271f/balls 201
2026-06-27 17:08:09 - POST /api/v1/matches/490239a6-6ea6-4e1d-9a0c-a8730873a929/toss 200
2026-06-27 17:08:09 - GET /api/v1/teams/d667acbf-b3c7-430e-ba65-3cbcd934793e 200
2026-06-27 17:08:09 - GET /api/v1/teams/cd0ee358-747d-4fb2-86cb-dfcc3ac307a4 200
2026-06-27 17:08:09 - POST /api/v1/matches/490239a6-6ea6-4e1d-9a0c-a8730873a929/squads 200
2026-06-27 17:08:09 - POST /api/v1/matches/490239a6-6ea6-4e1d-9a0c-a8730873a929/squads 200
2026-06-27 17:08:09 - POST /api/v1/matches/490239a6-6ea6-4e1d-9a0c-a8730873a929/balls 201
2026-06-27 17:08:09 - POST /api/v1/matches/490239a6-6ea6-4e1d-9a0c-a8730873a929/balls 201
2026-06-27 17:08:09 - POST /api/v1/matches/490239a6-6ea6-4e1d-9a0c-a8730873a929/balls 201
2026-06-27 17:08:09 - POST /api/v1/matches/490239a6-6ea6-4e1d-9a0c-a8730873a929/balls 201
2026-06-27 17:08:09 - POST /api/v1/matches/490239a6-6ea6-4e1d-9a0c-a8730873a929/balls 201
2026-06-27 17:08:09 - POST /api/v1/matches/490239a6-6ea6-4e1d-9a0c-a8730873a929/balls 201
2026-06-27 17:08:09 - POST /api/v1/matches/490239a6-6ea6-4e1d-9a0c-a8730873a929/balls 201
2026-06-27 17:08:09 - POST /api/v1/matches/490239a6-6ea6-4e1d-9a0c-a8730873a929/balls 201
2026-06-27 17:08:10 - POST /api/v1/matches/490239a6-6ea6-4e1d-9a0c-a8730873a929/balls 201
2026-06-27 17:08:10 - POST /api/v1/matches/490239a6-6ea6-4e1d-9a0c-a8730873a929/balls 201
2026-06-27 17:08:10 - POST /api/v1/matches/490239a6-6ea6-4e1d-9a0c-a8730873a929/balls 201
2026-06-27 17:08:10 - POST /api/v1/matches/490239a6-6ea6-4e1d-9a0c-a8730873a929/balls 201
2026-06-27 17:08:10 - GET /api/v1/tournaments/b870fdf3-0c68-46e8-9650-2b5cc5727ce5/dashboard 200
2026-06-27 17:08:10 - POST /api/v1/matches/26a7b4e4-550b-44f4-a9d0-de9124bdc9aa/toss 200
2026-06-27 17:08:10 - GET /api/v1/teams/d667acbf-b3c7-430e-ba65-3cbcd934793e 200
2026-06-27 17:08:10 - GET /api/v1/teams/0c6b8272-beb0-4ed3-a5a8-941b0dcf3ee4 200
2026-06-27 17:08:10 - POST /api/v1/matches/26a7b4e4-550b-44f4-a9d0-de9124bdc9aa/squads 200
2026-06-27 17:08:10 - POST /api/v1/matches/26a7b4e4-550b-44f4-a9d0-de9124bdc9aa/squads 200
2026-06-27 17:08:10 - POST /api/v1/matches/26a7b4e4-550b-44f4-a9d0-de9124bdc9aa/balls 201
2026-06-27 17:08:10 - POST /api/v1/matches/26a7b4e4-550b-44f4-a9d0-de9124bdc9aa/balls 201
2026-06-27 17:08:10 - POST /api/v1/matches/26a7b4e4-550b-44f4-a9d0-de9124bdc9aa/balls 201
2026-06-27 17:08:10 - POST /api/v1/matches/26a7b4e4-550b-44f4-a9d0-de9124bdc9aa/balls 201
2026-06-27 17:08:10 - POST /api/v1/matches/26a7b4e4-550b-44f4-a9d0-de9124bdc9aa/balls 201
2026-06-27 17:08:10 - POST /api/v1/matches/26a7b4e4-550b-44f4-a9d0-de9124bdc9aa/balls 201
2026-06-27 17:08:10 - POST /api/v1/matches/26a7b4e4-550b-44f4-a9d0-de9124bdc9aa/balls 201
2026-06-27 17:08:10 - POST /api/v1/matches/26a7b4e4-550b-44f4-a9d0-de9124bdc9aa/balls 201
2026-06-27 17:08:10 - POST /api/v1/matches/26a7b4e4-550b-44f4-a9d0-de9124bdc9aa/balls 201
2026-06-27 17:08:10 - POST /api/v1/matches/26a7b4e4-550b-44f4-a9d0-de9124bdc9aa/balls 201
2026-06-27 17:08:10 - POST /api/v1/matches/26a7b4e4-550b-44f4-a9d0-de9124bdc9aa/balls 201
2026-06-27 17:08:10 - POST /api/v1/matches/26a7b4e4-550b-44f4-a9d0-de9124bdc9aa/balls 201
2026-06-27 17:08:10 - POST /api/v1/matches/a366d4f3-9976-4656-aba5-aa0aca56acb4/toss 200
2026-06-27 17:08:10 - GET /api/v1/teams/cd0ee358-747d-4fb2-86cb-dfcc3ac307a4 200
2026-06-27 17:08:10 - GET /api/v1/teams/13671edf-cb73-4362-9d1c-65f5ac6bb3c9 200
2026-06-27 17:08:10 - POST /api/v1/matches/a366d4f3-9976-4656-aba5-aa0aca56acb4/squads 200
2026-06-27 17:08:10 - POST /api/v1/matches/a366d4f3-9976-4656-aba5-aa0aca56acb4/squads 200
2026-06-27 17:08:10 - POST /api/v1/matches/a366d4f3-9976-4656-aba5-aa0aca56acb4/balls 201
2026-06-27 17:08:10 - POST /api/v1/matches/a366d4f3-9976-4656-aba5-aa0aca56acb4/balls 201
2026-06-27 17:08:10 - POST /api/v1/matches/a366d4f3-9976-4656-aba5-aa0aca56acb4/balls 201
2026-06-27 17:08:10 - POST /api/v1/matches/a366d4f3-9976-4656-aba5-aa0aca56acb4/balls 201
2026-06-27 17:08:10 - POST /api/v1/matches/a366d4f3-9976-4656-aba5-aa0aca56acb4/balls 201
2026-06-27 17:08:10 - POST /api/v1/matches/a366d4f3-9976-4656-aba5-aa0aca56acb4/balls 201
2026-06-27 17:08:10 - POST /api/v1/matches/a366d4f3-9976-4656-aba5-aa0aca56acb4/balls 201
2026-06-27 17:08:10 - POST /api/v1/matches/a366d4f3-9976-4656-aba5-aa0aca56acb4/balls 201
2026-06-27 17:08:10 - POST /api/v1/matches/a366d4f3-9976-4656-aba5-aa0aca56acb4/balls 201
2026-06-27 17:08:10 - POST /api/v1/matches/a366d4f3-9976-4656-aba5-aa0aca56acb4/balls 201
2026-06-27 17:08:10 - POST /api/v1/matches/a366d4f3-9976-4656-aba5-aa0aca56acb4/balls 201
2026-06-27 17:08:10 - POST /api/v1/matches/a366d4f3-9976-4656-aba5-aa0aca56acb4/balls 201
2026-06-27 17:08:11 - GET /api/v1/tournaments/b870fdf3-0c68-46e8-9650-2b5cc5727ce5/dashboard 200
2026-06-27 17:08:11 - POST /api/v1/matches/1bcd8106-38ed-4cd7-81f6-a2d4ebb56db0/toss 200
2026-06-27 17:08:11 - GET /api/v1/teams/d667acbf-b3c7-430e-ba65-3cbcd934793e 200
2026-06-27 17:08:11 - GET /api/v1/teams/cd0ee358-747d-4fb2-86cb-dfcc3ac307a4 200
2026-06-27 17:08:11 - POST /api/v1/matches/1bcd8106-38ed-4cd7-81f6-a2d4ebb56db0/squads 200
2026-06-27 17:08:11 - POST /api/v1/matches/1bcd8106-38ed-4cd7-81f6-a2d4ebb56db0/squads 200
2026-06-27 17:08:11 - POST /api/v1/matches/1bcd8106-38ed-4cd7-81f6-a2d4ebb56db0/balls 201
2026-06-27 17:08:11 - POST /api/v1/matches/1bcd8106-38ed-4cd7-81f6-a2d4ebb56db0/balls 201
2026-06-27 17:08:11 - POST /api/v1/matches/1bcd8106-38ed-4cd7-81f6-a2d4ebb56db0/balls 201
2026-06-27 17:08:11 - POST /api/v1/matches/1bcd8106-38ed-4cd7-81f6-a2d4ebb56db0/balls 201
2026-06-27 17:08:11 - POST /api/v1/matches/1bcd8106-38ed-4cd7-81f6-a2d4ebb56db0/balls 201
2026-06-27 17:08:11 - POST /api/v1/matches/1bcd8106-38ed-4cd7-81f6-a2d4ebb56db0/balls 201
2026-06-27 17:08:11 - POST /api/v1/matches/1bcd8106-38ed-4cd7-81f6-a2d4ebb56db0/balls 201
2026-06-27 17:08:11 - POST /api/v1/matches/1bcd8106-38ed-4cd7-81f6-a2d4ebb56db0/balls 201
2026-06-27 17:08:11 - POST /api/v1/matches/1bcd8106-38ed-4cd7-81f6-a2d4ebb56db0/balls 201
2026-06-27 17:08:11 - POST /api/v1/matches/1bcd8106-38ed-4cd7-81f6-a2d4ebb56db0/balls 201
2026-06-27 17:08:11 - POST /api/v1/matches/1bcd8106-38ed-4cd7-81f6-a2d4ebb56db0/balls 201
2026-06-27 17:08:11 - POST /api/v1/matches/1bcd8106-38ed-4cd7-81f6-a2d4ebb56db0/balls 201
2026-06-27 17:08:11 - GET /api/v1/tournaments/b870fdf3-0c68-46e8-9650-2b5cc5727ce5/dashboard 200
2026-06-27 19:50:41 - POST /api/v1/auth/signup 422
2026-06-27 19:50:41 - POST /api/v1/auth/signup 422
2026-06-27 19:50:41 - POST /api/v1/auth/signup 422
2026-06-27 19:50:41 - POST /api/v1/auth/signup 422
2026-06-27 19:50:42 - POST /api/v1/auth/signup 201
2026-06-27 19:50:42 - POST /api/v1/auth/login 400
2026-06-27 19:50:42 - POST /api/v1/auth/verify-otp 200
2026-06-27 19:50:42 - POST /api/v1/auth/signup 201
2026-06-27 19:50:42 - POST /api/v1/auth/resend-otp 429
2026-06-27 19:50:42 - POST /api/v1/auth/resend-otp 200
2026-06-27 19:50:43 - POST /api/v1/auth/login 400
2026-06-27 19:50:43 - POST /api/v1/auth/login 400
2026-06-27 19:50:43 - POST /api/v1/auth/login 400
2026-06-27 19:50:43 - POST /api/v1/auth/login 400
2026-06-27 19:50:43 - POST /api/v1/auth/login 400
2026-06-27 19:50:43 - POST /api/v1/auth/login 403
2026-06-27 19:50:44 - POST /api/v1/auth/login 200
2026-06-27 19:50:44 - POST /api/v1/auth/forgot-password 404
2026-06-27 19:50:44 - POST /api/v1/auth/forgot-password 200
2026-06-27 19:50:44 - POST /api/v1/auth/verify-reset-otp 400
2026-06-27 19:50:44 - POST /api/v1/auth/verify-reset-otp 200
2026-06-27 19:50:44 - POST /api/v1/auth/reset-password 422
2026-06-27 19:50:44 - POST /api/v1/auth/reset-password 200
2026-06-27 19:50:44 - POST /api/v1/auth/login 200
2026-06-27 19:50:45 - POST /api/v1/auth/login 200
2026-06-27 19:50:45 - POST /api/v1/auth/complete-profile 200
2026-06-27 19:50:45 - POST /api/v1/auth/login 200
2026-06-27 19:50:45 - POST /api/v1/auth/refresh 200
2026-06-27 19:50:45 - POST /api/v1/auth/logout 200
2026-06-27 19:50:45 - POST /api/v1/auth/refresh 401
2026-06-27 19:50:45 - POST /api/v1/auth/signup 201
2026-06-27 19:50:45 - POST /api/v1/auth/signup 400
2026-06-27 19:50:46 - POST /api/v1/auth/login 400
2026-06-27 19:50:46 - POST /api/v1/auth/forgot-password 400
2026-06-27 19:50:46 - POST /api/v1/auth/verify-reset-otp 400
2026-06-27 19:50:46 - POST /api/v1/auth/reset-password 400
2026-06-27 19:50:46 - POST /api/v1/auth/signup 400
2026-06-27 19:50:46 - POST /api/v1/auth/signup 201
2026-06-27 19:50:46 - POST /api/v1/auth/signup 201
2026-06-27 19:50:47 - POST /api/v1/auth/login 200
2026-06-27 19:50:47 - POST /api/v1/auth/login 200
2026-06-27 19:50:47 - POST /api/v1/teams/ 201
2026-06-27 19:50:47 - GET /api/v1/teams/ 200
2026-06-27 19:50:47 - PUT /api/v1/teams/0ed7de9e-3d2f-493b-876f-e9abc1ce2a7d 403
2026-06-27 19:50:47 - DELETE /api/v1/teams/0ed7de9e-3d2f-493b-876f-e9abc1ce2a7d 403
2026-06-27 19:50:47 - POST /api/v1/players/ 201
2026-06-27 19:50:47 - GET /api/v1/players/ 200
2026-06-27 19:50:47 - PUT /api/v1/players/229ed641-2bba-4ce2-8a8e-4c6320942499 403
2026-06-27 19:50:47 - DELETE /api/v1/players/229ed641-2bba-4ce2-8a8e-4c6320942499 403
2026-06-27 19:50:47 - POST /api/v1/auth/signup 201
2026-06-27 19:50:47 - POST /api/v1/auth/login 200
2026-06-27 19:50:47 - POST /api/v1/teams/ 201
2026-06-27 19:50:47 - POST /api/v1/teams/ 201
2026-06-27 19:50:47 - POST /api/v1/players/ 201
2026-06-27 19:50:47 - POST /api/v1/players/ 201
2026-06-27 19:50:47 - POST /api/v1/players/ 201
2026-06-27 19:50:47 - POST /api/v1/teams/7136d48a-21af-48d0-88f6-0c1202bd87b7/players/bulk 200
2026-06-27 19:50:47 - POST /api/v1/teams/78ee6c4a-dfd3-47bf-a7b9-3996bf988909/players/bulk 400
2026-06-27 19:50:48 - POST /api/v1/auth/signup 201
2026-06-27 19:50:48 - POST /api/v1/auth/signup 201
2026-06-27 19:50:48 - POST /api/v1/auth/login 200
2026-06-27 19:50:48 - POST /api/v1/auth/login 200
2026-06-27 19:50:48 - POST /api/v1/teams/ 201
2026-06-27 19:50:48 - POST /api/v1/teams/ 201
2026-06-27 19:50:48 - POST /api/v1/matches/ 201
2026-06-27 19:50:48 - POST /api/v1/matches/7bad11f9-8079-44e1-b790-6aa2e7ae182d/toss 403
2026-06-27 19:50:48 - POST /api/v1/matches/7bad11f9-8079-44e1-b790-6aa2e7ae182d/toss 200
2026-06-27 19:50:53 - GET /api/v1/debug-env 200
2026-06-27 19:50:53 - GET /api/v1/debug-env 404
2026-06-27 19:50:54 - POST /api/v1/auth/login 200
2026-06-27 19:50:54 - POST /api/v1/players/ 201
2026-06-27 19:50:54 - POST /api/v1/players/ 201
2026-06-27 19:50:54 - POST /api/v1/players/ 201
2026-06-27 19:50:54 - POST /api/v1/players/ 201
2026-06-27 19:50:54 - POST /api/v1/teams/ 201
2026-06-27 19:50:54 - POST /api/v1/teams/ 201
2026-06-27 19:50:54 - POST /api/v1/teams/f4f721be-f3e5-4835-bd50-7add094740b5/players 200
2026-06-27 19:50:54 - POST /api/v1/teams/f4f721be-f3e5-4835-bd50-7add094740b5/players 200
2026-06-27 19:50:54 - POST /api/v1/teams/c4fe89d8-04c5-4098-bab4-1e81a635f96b/players 200
2026-06-27 19:50:54 - POST /api/v1/teams/c4fe89d8-04c5-4098-bab4-1e81a635f96b/players 200
2026-06-27 19:50:54 - POST /api/v1/matches/ 201
2026-06-27 19:50:54 - POST /api/v1/matches/18aa4384-b0c7-4d21-ad35-d906d1482f8b/toss 200
2026-06-27 19:50:54 - POST /api/v1/matches/18aa4384-b0c7-4d21-ad35-d906d1482f8b/squads 400
2026-06-27 19:50:54 - POST /api/v1/matches/18aa4384-b0c7-4d21-ad35-d906d1482f8b/squads 200
2026-06-27 19:50:54 - POST /api/v1/matches/18aa4384-b0c7-4d21-ad35-d906d1482f8b/squads 400
2026-06-27 19:50:54 - POST /api/v1/matches/18aa4384-b0c7-4d21-ad35-d906d1482f8b/squads 200
2026-06-27 19:50:54 - POST /api/v1/auth/google 200
2026-06-27 19:50:54 - POST /api/v1/auth/google 400
2026-06-27 19:50:54 - POST /api/v1/auth/google 400
2026-06-27 19:50:54 - POST /api/v1/auth/google 400
2026-06-27 19:50:54 - POST /api/v1/auth/google 400
2026-06-27 19:50:55 - POST /api/v1/auth/login 200
2026-06-27 19:50:55 - POST /api/v1/players/ 201
2026-06-27 19:50:55 - POST /api/v1/players/ 201
2026-06-27 19:50:55 - POST /api/v1/teams/ 201
2026-06-27 19:50:55 - POST /api/v1/teams/ 201
2026-06-27 19:50:55 - POST /api/v1/matches/ 201
2026-06-27 19:50:55 - GET /api/v1/matches/ 200
2026-06-27 19:50:55 - POST /api/v1/auth/login 200
2026-06-27 19:50:55 - POST /api/v1/auth/login 200
2026-06-27 19:50:56 - POST /api/v1/auth/login 200
2026-06-27 19:50:56 - POST /api/v1/matches/ 201
2026-06-27 19:50:56 - POST /api/v1/matches/2bacdee7-9c66-45eb-bd02-7c1a29ecc58f/toss 200
2026-06-27 19:50:56 - POST /api/v1/matches/2bacdee7-9c66-45eb-bd02-7c1a29ecc58f/toss 403
2026-06-27 19:50:56 - POST /api/v1/matches/ 201
2026-06-27 19:50:56 - POST /api/v1/matches/825af1b2-c6b6-4c9a-af45-e48ca6137e9c/toss 200
2026-06-27 19:50:56 - POST /api/v1/matches/ 201
2026-06-27 19:50:56 - POST /api/v1/matches/f13906a7-f98f-4a52-8ca0-2fe82f8c6ad8/toss 200
2026-06-27 19:50:56 - POST /api/v1/matches/f13906a7-f98f-4a52-8ca0-2fe82f8c6ad8/toss 403
2026-06-27 19:50:56 - POST /api/v1/auth/login 200
2026-06-27 19:50:57 - GET /api/v1/admin/analytics 200
2026-06-27 19:50:57 - GET /api/v1/admin/team-members 200
2026-06-27 19:50:57 - GET /api/v1/admin/team-members 200
2026-06-27 19:50:57 - GET /api/v1/admin/team-members 200
2026-06-27 19:50:57 - DELETE /api/v1/admin/team-members/1a16bf13-bf01-4482-8236-ace4474ebec4 204
2026-06-27 19:50:57 - POST /api/v1/auth/login 200
2026-06-27 19:50:58 - POST /api/v1/admin/tournaments/bulk-delete 204
2026-06-27 19:50:58 - POST /api/v1/admin/matches/bulk-delete 204
2026-06-27 19:50:58 - POST /api/v1/admin/teams/bulk-delete 204
2026-06-27 19:50:58 - POST /api/v1/admin/users/bulk-delete 204
2026-06-27 19:50:58 - POST /api/v1/auth/login 200
2026-06-27 19:50:58 - POST /api/v1/players/ 201
2026-06-27 19:50:58 - POST /api/v1/players/ 201
2026-06-27 19:50:58 - POST /api/v1/players/ 422
2026-06-27 19:50:58 - POST /api/v1/players/ 422
2026-06-27 19:50:58 - GET /api/v1/players/2030d79c-1e4a-4a47-997b-a68d102a50be 200
2026-06-27 19:50:58 - PUT /api/v1/players/2030d79c-1e4a-4a47-997b-a68d102a50be 200
2026-06-27 19:50:58 - DELETE /api/v1/players/2030d79c-1e4a-4a47-997b-a68d102a50be 204
2026-06-27 19:50:58 - GET /api/v1/players/2030d79c-1e4a-4a47-997b-a68d102a50be 404
2026-06-27 19:50:59 - POST /api/v1/auth/login 200
2026-06-27 19:50:59 - POST /api/v1/players/ 201
2026-06-27 19:50:59 - POST /api/v1/players/ 201
2026-06-27 19:50:59 - POST /api/v1/teams/ 201
2026-06-27 19:50:59 - POST /api/v1/teams/bc720288-bec1-4c75-a623-e2827280094e/players 200
2026-06-27 19:50:59 - PUT /api/v1/teams/bc720288-bec1-4c75-a623-e2827280094e 200
2026-06-27 19:50:59 - PUT /api/v1/teams/bc720288-bec1-4c75-a623-e2827280094e 400
2026-06-27 19:50:59 - POST /api/v1/teams/ 201
2026-06-27 19:50:59 - POST /api/v1/teams/c0e27e83-f11a-4f2e-90fe-4b8484529b20/players 400
2026-06-27 19:50:59 - DELETE /api/v1/teams/bc720288-bec1-4c75-a623-e2827280094e/players/8f12e8c2-e69a-4c1c-b4a2-c2eb70fd491d 200
2026-06-27 19:50:59 - DELETE /api/v1/teams/bc720288-bec1-4c75-a623-e2827280094e 204
2026-06-27 19:50:59 - POST /api/v1/auth/login 200
2026-06-27 19:50:59 - POST /api/v1/players/ 201
2026-06-27 19:50:59 - POST /api/v1/players/ 201
2026-06-27 19:50:59 - POST /api/v1/teams/ 201
2026-06-27 19:50:59 - POST /api/v1/teams/ 201
2026-06-27 19:50:59 - POST /api/v1/teams/49c4cfed-404b-46aa-81bd-97fc32030561/players 200
2026-06-27 19:50:59 - POST /api/v1/teams/4c0cb606-0c1e-4a8c-a00e-f68851b3b43a/players 200
2026-06-27 19:50:59 - POST /api/v1/matches/ 201
2026-06-27 19:50:59 - POST /api/v1/matches/b7d3c653-d18a-41cd-a414-4a9e991cfcc0/squads 200
2026-06-27 19:50:59 - POST /api/v1/matches/b7d3c653-d18a-41cd-a414-4a9e991cfcc0/toss 200
2026-06-27 19:50:59 - DELETE /api/v1/players/1ad4d189-fd81-4f3a-8d66-a7e03c22eb2e 400
2026-06-27 19:50:59 - DELETE /api/v1/teams/49c4cfed-404b-46aa-81bd-97fc32030561/players/1ad4d189-fd81-4f3a-8d66-a7e03c22eb2e 400
2026-06-27 19:50:59 - DELETE /api/v1/teams/49c4cfed-404b-46aa-81bd-97fc32030561 400
2026-06-27 19:51:00 - POST /api/v1/auth/login 200
2026-06-27 19:51:00 - GET /api/v1/profile/ 200
2026-06-27 19:51:00 - POST /api/v1/auth/login 200
2026-06-27 19:51:00 - PUT /api/v1/profile/ 200
2026-06-27 19:51:00 - PUT /api/v1/profile/ 400
2026-06-27 19:51:01 - POST /api/v1/auth/login 200
2026-06-27 19:51:01 - GET /api/v1/profile/stats 200
2026-06-27 19:51:01 - POST /api/v1/auth/login 200
2026-06-27 19:51:01 - GET /api/v1/profile/activity 200
2026-06-27 19:51:01 - GET /api/v1/profile/achievements 200
2026-06-27 19:51:02 - POST /api/v1/auth/login 200
2026-06-27 19:51:02 - POST /api/v1/profile/upload-photo 200
2026-06-27 19:51:02 - GET /api/v1/profile/ 200
2026-06-27 19:51:02 - POST /api/v1/auth/login 200
2026-06-27 19:51:02 - POST /api/v1/players/ 201
2026-06-27 19:51:02 - POST /api/v1/players/ 201
2026-06-27 19:51:02 - POST /api/v1/players/ 201
2026-06-27 19:51:02 - POST /api/v1/players/ 201
2026-06-27 19:51:02 - POST /api/v1/players/ 201
2026-06-27 19:51:02 - POST /api/v1/teams/ 201
2026-06-27 19:51:02 - POST /api/v1/teams/ 201
2026-06-27 19:51:02 - POST /api/v1/teams/ebcebf22-0f21-4d65-b37f-c9b07193b3b8/players 200
2026-06-27 19:51:02 - POST /api/v1/teams/ebcebf22-0f21-4d65-b37f-c9b07193b3b8/players 200
2026-06-27 19:51:02 - POST /api/v1/teams/ebcebf22-0f21-4d65-b37f-c9b07193b3b8/players 200
2026-06-27 19:51:02 - POST /api/v1/teams/374ba8be-2023-4c25-b241-e7e9303f79af/players 200
2026-06-27 19:51:02 - POST /api/v1/teams/374ba8be-2023-4c25-b241-e7e9303f79af/players 200
2026-06-27 19:51:02 - POST /api/v1/matches/ 201
2026-06-27 19:51:02 - POST /api/v1/matches/3ca319d8-e4d9-490e-b33c-45f649911d7c/toss 200
2026-06-27 19:51:02 - POST /api/v1/matches/3ca319d8-e4d9-490e-b33c-45f649911d7c/squads 200
2026-06-27 19:51:02 - POST /api/v1/matches/3ca319d8-e4d9-490e-b33c-45f649911d7c/squads 200
2026-06-27 19:51:02 - POST /api/v1/matches/3ca319d8-e4d9-490e-b33c-45f649911d7c/balls 201
2026-06-27 19:51:02 - POST /api/v1/matches/3ca319d8-e4d9-490e-b33c-45f649911d7c/balls 201
2026-06-27 19:51:02 - POST /api/v1/matches/3ca319d8-e4d9-490e-b33c-45f649911d7c/balls 201
2026-06-27 19:51:02 - POST /api/v1/matches/3ca319d8-e4d9-490e-b33c-45f649911d7c/balls 201
2026-06-27 19:51:02 - POST /api/v1/matches/3ca319d8-e4d9-490e-b33c-45f649911d7c/balls 201
2026-06-27 19:51:02 - POST /api/v1/matches/3ca319d8-e4d9-490e-b33c-45f649911d7c/balls 201
2026-06-27 19:51:02 - POST /api/v1/matches/3ca319d8-e4d9-490e-b33c-45f649911d7c/balls 201
2026-06-27 19:51:02 - POST /api/v1/matches/3ca319d8-e4d9-490e-b33c-45f649911d7c/balls 201
2026-06-27 19:51:02 - POST /api/v1/matches/3ca319d8-e4d9-490e-b33c-45f649911d7c/balls 201
2026-06-27 19:51:02 - POST /api/v1/matches/3ca319d8-e4d9-490e-b33c-45f649911d7c/balls 201
2026-06-27 19:51:02 - POST /api/v1/matches/3ca319d8-e4d9-490e-b33c-45f649911d7c/balls 201
2026-06-27 19:51:02 - POST /api/v1/matches/3ca319d8-e4d9-490e-b33c-45f649911d7c/balls 201
2026-06-27 19:51:02 - GET /api/v1/matches/3ca319d8-e4d9-490e-b33c-45f649911d7c/scorecard 200
2026-06-27 19:51:02 - GET /api/v1/players/3859f56e-adc4-4981-b497-cbcc8e4646a3 200
2026-06-27 19:51:03 - POST /api/v1/auth/login 200
2026-06-27 19:51:03 - POST /api/v1/players/ 201
2026-06-27 19:51:03 - POST /api/v1/players/ 201
2026-06-27 19:51:03 - POST /api/v1/players/ 201
2026-06-27 19:51:03 - POST /api/v1/players/ 201
2026-06-27 19:51:03 - POST /api/v1/players/ 201
2026-06-27 19:51:03 - POST /api/v1/teams/ 201
2026-06-27 19:51:03 - POST /api/v1/teams/ 201
2026-06-27 19:51:03 - POST /api/v1/teams/da4b0b6f-37a2-422e-94ca-1f7e2253764c/players 200
2026-06-27 19:51:03 - POST /api/v1/teams/da4b0b6f-37a2-422e-94ca-1f7e2253764c/players 200
2026-06-27 19:51:03 - POST /api/v1/teams/da4b0b6f-37a2-422e-94ca-1f7e2253764c/players 200
2026-06-27 19:51:03 - POST /api/v1/teams/6313746b-cc6b-44be-94e0-41f101a0e28b/players 200
2026-06-27 19:51:03 - POST /api/v1/teams/6313746b-cc6b-44be-94e0-41f101a0e28b/players 200
2026-06-27 19:51:03 - POST /api/v1/matches/ 201
2026-06-27 19:51:03 - POST /api/v1/matches/972090c0-9c78-4166-8dbd-055a6c444d5e/toss 200
2026-06-27 19:51:03 - POST /api/v1/matches/972090c0-9c78-4166-8dbd-055a6c444d5e/squads 200
2026-06-27 19:51:03 - POST /api/v1/matches/972090c0-9c78-4166-8dbd-055a6c444d5e/squads 200
2026-06-27 19:51:03 - POST /api/v1/matches/972090c0-9c78-4166-8dbd-055a6c444d5e/balls 201
2026-06-27 19:51:03 - POST /api/v1/matches/972090c0-9c78-4166-8dbd-055a6c444d5e/balls 201
2026-06-27 19:51:03 - POST /api/v1/matches/972090c0-9c78-4166-8dbd-055a6c444d5e/balls 201
2026-06-27 19:51:03 - POST /api/v1/matches/972090c0-9c78-4166-8dbd-055a6c444d5e/balls 201
2026-06-27 19:51:03 - POST /api/v1/matches/972090c0-9c78-4166-8dbd-055a6c444d5e/balls 201
2026-06-27 19:51:03 - GET /api/v1/matches/972090c0-9c78-4166-8dbd-055a6c444d5e/scorecard 200
2026-06-27 19:51:03 - POST /api/v1/auth/login 200
2026-06-27 19:51:03 - POST /api/v1/players/ 201
2026-06-27 19:51:03 - POST /api/v1/players/ 201
2026-06-27 19:51:03 - POST /api/v1/players/ 201
2026-06-27 19:51:03 - POST /api/v1/players/ 201
2026-06-27 19:51:03 - POST /api/v1/teams/ 201
2026-06-27 19:51:03 - POST /api/v1/teams/ 201
2026-06-27 19:51:03 - POST /api/v1/teams/b01c6c9c-1461-441a-9423-ac9706c24cf1/players 200
2026-06-27 19:51:03 - POST /api/v1/teams/b01c6c9c-1461-441a-9423-ac9706c24cf1/players 200
2026-06-27 19:51:03 - POST /api/v1/teams/a77e6233-1b09-46b0-a283-0aa430c4fc1c/players 200
2026-06-27 19:51:03 - POST /api/v1/teams/a77e6233-1b09-46b0-a283-0aa430c4fc1c/players 200
2026-06-27 19:51:03 - POST /api/v1/matches/ 201
2026-06-27 19:51:03 - POST /api/v1/matches/3e56982d-4e57-451d-a12f-f8e896c0ea29/toss 200
2026-06-27 19:51:03 - POST /api/v1/matches/3e56982d-4e57-451d-a12f-f8e896c0ea29/squads 200
2026-06-27 19:51:03 - POST /api/v1/matches/3e56982d-4e57-451d-a12f-f8e896c0ea29/squads 200
2026-06-27 19:51:03 - POST /api/v1/matches/3e56982d-4e57-451d-a12f-f8e896c0ea29/balls 201
2026-06-27 19:51:03 - POST /api/v1/matches/3e56982d-4e57-451d-a12f-f8e896c0ea29/balls 201
2026-06-27 19:51:03 - POST /api/v1/matches/3e56982d-4e57-451d-a12f-f8e896c0ea29/balls 201
2026-06-27 19:51:03 - POST /api/v1/matches/3e56982d-4e57-451d-a12f-f8e896c0ea29/balls 201
2026-06-27 19:51:03 - POST /api/v1/matches/3e56982d-4e57-451d-a12f-f8e896c0ea29/balls 201
2026-06-27 19:51:04 - POST /api/v1/matches/3e56982d-4e57-451d-a12f-f8e896c0ea29/balls 201
2026-06-27 19:51:04 - POST /api/v1/matches/3e56982d-4e57-451d-a12f-f8e896c0ea29/balls 201
2026-06-27 19:51:04 - GET /api/v1/matches/3e56982d-4e57-451d-a12f-f8e896c0ea29/scorecard 200
2026-06-27 19:51:05 - POST /api/v1/auth/signup 201
2026-06-27 19:51:05 - POST /api/v1/auth/login 200
2026-06-27 19:51:06 - POST /api/v1/auth/login 200
2026-06-27 19:51:06 - POST /api/v1/players/ 201
2026-06-27 19:51:06 - POST /api/v1/players/ 201
2026-06-27 19:51:06 - POST /api/v1/players/ 201
2026-06-27 19:51:06 - POST /api/v1/players/ 201
2026-06-27 19:51:06 - POST /api/v1/players/ 201
2026-06-27 19:51:06 - POST /api/v1/teams/ 201
2026-06-27 19:51:06 - POST /api/v1/teams/ 201
2026-06-27 19:51:06 - POST /api/v1/teams/337dd26c-f622-4b2f-bbd7-ad8075451db9/players 200
2026-06-27 19:51:06 - POST /api/v1/teams/337dd26c-f622-4b2f-bbd7-ad8075451db9/players 200
2026-06-27 19:51:06 - POST /api/v1/teams/337dd26c-f622-4b2f-bbd7-ad8075451db9/players 200
2026-06-27 19:51:06 - POST /api/v1/teams/e360f327-4b2a-4c79-9234-dd5f7463158e/players 200
2026-06-27 19:51:06 - POST /api/v1/teams/e360f327-4b2a-4c79-9234-dd5f7463158e/players 200
2026-06-27 19:51:06 - POST /api/v1/matches/ 201
2026-06-27 19:51:06 - POST /api/v1/matches/8b182741-f364-4f64-bd62-ac683d732061/toss 200
2026-06-27 19:51:06 - POST /api/v1/matches/8b182741-f364-4f64-bd62-ac683d732061/squads 200
2026-06-27 19:51:06 - POST /api/v1/matches/8b182741-f364-4f64-bd62-ac683d732061/squads 200
2026-06-27 19:51:06 - POST /api/v1/matches/8b182741-f364-4f64-bd62-ac683d732061/balls 201
2026-06-27 19:51:06 - GET /api/v1/matches/8b182741-f364-4f64-bd62-ac683d732061/live 200
2026-06-27 19:51:06 - POST /api/v1/matches/8b182741-f364-4f64-bd62-ac683d732061/balls 201
2026-06-27 19:51:06 - GET /api/v1/matches/8b182741-f364-4f64-bd62-ac683d732061/live 200
2026-06-27 19:51:06 - POST /api/v1/matches/8b182741-f364-4f64-bd62-ac683d732061/balls 201
2026-06-27 19:51:06 - GET /api/v1/matches/8b182741-f364-4f64-bd62-ac683d732061/live 200
2026-06-27 19:51:06 - POST /api/v1/matches/8b182741-f364-4f64-bd62-ac683d732061/balls 201
2026-06-27 19:51:06 - GET /api/v1/matches/8b182741-f364-4f64-bd62-ac683d732061/live 200
2026-06-27 19:51:06 - POST /api/v1/matches/8b182741-f364-4f64-bd62-ac683d732061/undo 200
2026-06-27 19:51:06 - GET /api/v1/matches/8b182741-f364-4f64-bd62-ac683d732061/live 200
2026-06-27 19:51:06 - GET /api/v1/auth/me 401
2026-06-27 19:51:06 - GET /api/v1/auth/me 401
2026-06-27 19:51:07 - POST /api/v1/auth/login 200
2026-06-27 19:51:07 - POST /api/v1/players/ 201
2026-06-27 19:51:07 - POST /api/v1/players/ 201
2026-06-27 19:51:07 - POST /api/v1/players/ 201
2026-06-27 19:51:07 - POST /api/v1/players/ 201
2026-06-27 19:51:07 - POST /api/v1/players/ 201
2026-06-27 19:51:07 - POST /api/v1/teams/ 201
2026-06-27 19:51:07 - POST /api/v1/teams/ 201
2026-06-27 19:51:07 - POST /api/v1/teams/923e3440-2a89-4e83-b30b-3ea07cb51d05/players 200
2026-06-27 19:51:07 - POST /api/v1/teams/923e3440-2a89-4e83-b30b-3ea07cb51d05/players 200
2026-06-27 19:51:07 - POST /api/v1/teams/923e3440-2a89-4e83-b30b-3ea07cb51d05/players 200
2026-06-27 19:51:07 - POST /api/v1/teams/7d471955-d6a2-4277-bdf2-5dd29938cc38/players 200
2026-06-27 19:51:07 - POST /api/v1/teams/7d471955-d6a2-4277-bdf2-5dd29938cc38/players 200
2026-06-27 19:51:07 - POST /api/v1/matches/ 201
2026-06-27 19:51:07 - POST /api/v1/matches/5e0ff7b2-a393-4fa6-9a5c-38e26016b6b0/toss 200
2026-06-27 19:51:07 - POST /api/v1/matches/5e0ff7b2-a393-4fa6-9a5c-38e26016b6b0/squads 200
2026-06-27 19:51:07 - POST /api/v1/matches/5e0ff7b2-a393-4fa6-9a5c-38e26016b6b0/squads 200
2026-06-27 19:51:07 - POST /api/v1/matches/5e0ff7b2-a393-4fa6-9a5c-38e26016b6b0/balls 201
2026-06-27 19:51:07 - GET /api/v1/matches/5e0ff7b2-a393-4fa6-9a5c-38e26016b6b0/live 200
2026-06-27 19:51:07 - POST /api/v1/matches/5e0ff7b2-a393-4fa6-9a5c-38e26016b6b0/balls 201
2026-06-27 19:51:07 - GET /api/v1/matches/5e0ff7b2-a393-4fa6-9a5c-38e26016b6b0/live 200
2026-06-27 19:51:07 - POST /api/v1/matches/5e0ff7b2-a393-4fa6-9a5c-38e26016b6b0/balls 201
2026-06-27 19:51:07 - GET /api/v1/matches/5e0ff7b2-a393-4fa6-9a5c-38e26016b6b0/live 200
2026-06-27 19:51:07 - POST /api/v1/matches/5e0ff7b2-a393-4fa6-9a5c-38e26016b6b0/balls 201
2026-06-27 19:51:07 - GET /api/v1/matches/5e0ff7b2-a393-4fa6-9a5c-38e26016b6b0/live 200
2026-06-27 19:51:07 - POST /api/v1/matches/5e0ff7b2-a393-4fa6-9a5c-38e26016b6b0/balls 201
2026-06-27 19:51:07 - GET /api/v1/matches/5e0ff7b2-a393-4fa6-9a5c-38e26016b6b0/live 200
2026-06-27 19:51:07 - POST /api/v1/matches/5e0ff7b2-a393-4fa6-9a5c-38e26016b6b0/balls 201
2026-06-27 19:51:07 - GET /api/v1/matches/5e0ff7b2-a393-4fa6-9a5c-38e26016b6b0/live 200
2026-06-27 19:51:07 - POST /api/v1/matches/5e0ff7b2-a393-4fa6-9a5c-38e26016b6b0/balls 201
2026-06-27 19:51:07 - GET /api/v1/matches/5e0ff7b2-a393-4fa6-9a5c-38e26016b6b0/live 200
2026-06-27 19:51:07 - GET /api/v1/matches/5e0ff7b2-a393-4fa6-9a5c-38e26016b6b0/scorecard 200
2026-06-27 19:51:08 - POST /api/v1/auth/signup 201
2026-06-27 19:51:10 - POST /api/v1/auth/signup 201
2026-06-27 19:51:12 - POST /api/v1/auth/signup 201
2026-06-27 19:51:12 - POST /api/v1/auth/login 200
2026-06-27 19:51:13 - POST /api/v1/auth/login 200
2026-06-27 19:51:13 - POST /api/v1/auth/login 200
2026-06-27 19:51:13 - POST /api/v1/teams/ 201
2026-06-27 19:51:13 - GET /api/v1/teams/my-teams 200
2026-06-27 19:51:13 - POST /api/v1/teams/34d2653c-0b93-4c5b-b99f-d82f4c9d05de/join-request 200
2026-06-27 19:51:13 - GET /api/v1/teams/my-teams 200
2026-06-27 19:51:13 - POST /api/v1/teams/34d2653c-0b93-4c5b-b99f-d82f4c9d05de/approve-request 403
2026-06-27 19:51:13 - POST /api/v1/teams/34d2653c-0b93-4c5b-b99f-d82f4c9d05de/approve-request 200
2026-06-27 19:51:13 - POST /api/v1/teams/34d2653c-0b93-4c5b-b99f-d82f4c9d05de/members 200
2026-06-27 19:51:13 - POST /api/v1/teams/34d2653c-0b93-4c5b-b99f-d82f4c9d05de/invitations/accept 200
2026-06-27 19:51:13 - GET /api/v1/teams/34d2653c-0b93-4c5b-b99f-d82f4c9d05de/members 200
2026-06-27 19:51:13 - DELETE /api/v1/teams/34d2653c-0b93-4c5b-b99f-d82f4c9d05de/members/e8d595e5-0adf-4484-904e-85a2084d258e 204
2026-06-27 19:51:13 - GET /api/v1/teams/34d2653c-0b93-4c5b-b99f-d82f4c9d05de/members 200
2026-06-27 19:51:13 - POST /api/v1/auth/login 200
2026-06-27 19:51:13 - POST /api/v1/teams/ 201
2026-06-27 19:51:14 - POST /api/v1/auth/login 200
2026-06-27 19:51:14 - POST /api/v1/teams/5654d43f-c5ec-4e9b-95ea-52f85a3b4546/members 200
2026-06-27 19:51:14 - GET /api/v1/notifications/ 200
2026-06-27 19:51:14 - GET /api/v1/teams/my-invitations 200
2026-06-27 19:51:14 - POST /api/v1/notifications/d11cc1a1-9bad-4329-8c40-6086a406d301/read 200
2026-06-27 19:51:14 - POST /api/v1/teams/5654d43f-c5ec-4e9b-95ea-52f85a3b4546/invitations/accept 200
2026-06-27 19:51:14 - GET /api/v1/notifications/ 200
2026-06-27 19:51:14 - POST /api/v1/auth/login 200
2026-06-27 19:51:14 - POST /api/v1/teams/ 201
2026-06-27 19:51:15 - POST /api/v1/auth/login 200
2026-06-27 19:51:15 - POST /api/v1/teams/16b7bb2a-f378-4fa5-b18f-0a0ecc144293/members 200
2026-06-27 19:51:15 - POST /api/v1/teams/16b7bb2a-f378-4fa5-b18f-0a0ecc144293/invitations/reject 204
2026-06-27 19:51:15 - GET /api/v1/notifications/ 200
2026-06-27 19:51:15 - POST /api/v1/auth/login 200
2026-06-27 19:51:15 - POST /api/v1/teams/ 201
2026-06-27 19:51:16 - POST /api/v1/auth/login 200
2026-06-27 19:51:16 - POST /api/v1/teams/b7c13856-7844-4354-953b-5d59f01136e8/join-request 200
2026-06-27 19:51:16 - POST /api/v1/teams/b7c13856-7844-4354-953b-5d59f01136e8/reject-request 204
2026-06-27 19:51:16 - GET /api/v1/notifications/ 200
2026-06-27 19:51:16 - POST /api/v1/auth/login 200
2026-06-27 19:51:16 - POST /api/v1/teams/ 201
2026-06-27 19:51:17 - POST /api/v1/auth/login 200
2026-06-27 19:51:17 - PUT /api/v1/teams/b47bf1f1-d1d5-4ed7-a3d2-6caf0b3ef6a7 403
2026-06-27 19:51:17 - DELETE /api/v1/teams/b47bf1f1-d1d5-4ed7-a3d2-6caf0b3ef6a7 403
2026-06-27 19:51:17 - PUT /api/v1/teams/b47bf1f1-d1d5-4ed7-a3d2-6caf0b3ef6a7 200
2026-06-27 19:51:17 - DELETE /api/v1/teams/b47bf1f1-d1d5-4ed7-a3d2-6caf0b3ef6a7 204
2026-06-27 19:51:17 - GET /api/v1/teams/b47bf1f1-d1d5-4ed7-a3d2-6caf0b3ef6a7 404
2026-06-27 19:51:17 - POST /api/v1/auth/login 200
2026-06-27 19:51:17 - GET /api/v1/notifications/ 200
2026-06-27 19:51:17 - POST /api/v1/notifications/read-all 204
2026-06-27 19:51:17 - GET /api/v1/notifications/ 200
2026-06-27 19:51:18 - POST /api/v1/auth/login 200
2026-06-27 19:51:18 - POST /api/v1/tournaments/ 201
2026-06-27 19:51:18 - POST /api/v1/players/ 201
2026-06-27 19:51:18 - POST /api/v1/players/ 201
2026-06-27 19:51:18 - POST /api/v1/players/ 201
2026-06-27 19:51:18 - POST /api/v1/players/ 201
2026-06-27 19:51:18 - POST /api/v1/teams/ 201
2026-06-27 19:51:18 - POST /api/v1/teams/b209f0f7-20a2-4321-ba97-80a960d1a5bb/players 200
2026-06-27 19:51:18 - POST /api/v1/teams/b209f0f7-20a2-4321-ba97-80a960d1a5bb/players 200
2026-06-27 19:51:18 - POST /api/v1/teams/b209f0f7-20a2-4321-ba97-80a960d1a5bb/players 200
2026-06-27 19:51:18 - POST /api/v1/teams/b209f0f7-20a2-4321-ba97-80a960d1a5bb/players 200
2026-06-27 19:51:18 - POST /api/v1/tournaments/6f500767-0aa7-4aff-b695-2fd28c366fee/teams 400
2026-06-27 19:51:18 - POST /api/v1/players/ 201
2026-06-27 19:51:18 - POST /api/v1/teams/b209f0f7-20a2-4321-ba97-80a960d1a5bb/players 200
2026-06-27 19:51:18 - POST /api/v1/tournaments/6f500767-0aa7-4aff-b695-2fd28c366fee/teams 200
2026-06-27 19:51:18 - DELETE /api/v1/tournaments/6f500767-0aa7-4aff-b695-2fd28c366fee/teams/b209f0f7-20a2-4321-ba97-80a960d1a5bb 200
2026-06-27 19:51:18 - POST /api/v1/auth/login 200
2026-06-27 19:51:18 - POST /api/v1/teams/ 201
2026-06-27 19:51:18 - POST /api/v1/players/ 201
2026-06-27 19:51:18 - POST /api/v1/teams/c31ba9df-d874-474c-99ea-b787b87528e8/players 200
2026-06-27 19:51:18 - POST /api/v1/players/ 201
2026-06-27 19:51:18 - POST /api/v1/teams/c31ba9df-d874-474c-99ea-b787b87528e8/players 200
2026-06-27 19:51:18 - POST /api/v1/players/ 201
2026-06-27 19:51:18 - POST /api/v1/teams/c31ba9df-d874-474c-99ea-b787b87528e8/players 200
2026-06-27 19:51:18 - POST /api/v1/players/ 201
2026-06-27 19:51:18 - POST /api/v1/teams/c31ba9df-d874-474c-99ea-b787b87528e8/players 200
2026-06-27 19:51:18 - POST /api/v1/players/ 201
2026-06-27 19:51:18 - POST /api/v1/teams/c31ba9df-d874-474c-99ea-b787b87528e8/players 200
2026-06-27 19:51:18 - POST /api/v1/teams/ 201
2026-06-27 19:51:18 - POST /api/v1/players/ 201
2026-06-27 19:51:18 - POST /api/v1/teams/fa39e4a9-c768-41d1-84ed-92b046547635/players 200
2026-06-27 19:51:18 - POST /api/v1/players/ 201
2026-06-27 19:51:18 - POST /api/v1/teams/fa39e4a9-c768-41d1-84ed-92b046547635/players 200
2026-06-27 19:51:18 - POST /api/v1/players/ 201
2026-06-27 19:51:18 - POST /api/v1/teams/fa39e4a9-c768-41d1-84ed-92b046547635/players 200
2026-06-27 19:51:18 - POST /api/v1/players/ 201
2026-06-27 19:51:18 - POST /api/v1/teams/fa39e4a9-c768-41d1-84ed-92b046547635/players 200
2026-06-27 19:51:18 - POST /api/v1/players/ 201
2026-06-27 19:51:18 - POST /api/v1/teams/fa39e4a9-c768-41d1-84ed-92b046547635/players 200
2026-06-27 19:51:18 - POST /api/v1/tournaments/ 201
2026-06-27 19:51:18 - POST /api/v1/tournaments/512d6b9b-7589-4352-9ecf-ca574f7a62b2/teams 200
2026-06-27 19:51:18 - POST /api/v1/tournaments/512d6b9b-7589-4352-9ecf-ca574f7a62b2/teams 200
2026-06-27 19:51:18 - POST /api/v1/tournaments/512d6b9b-7589-4352-9ecf-ca574f7a62b2/fixtures/generate 201
2026-06-27 19:51:18 - GET /api/v1/tournaments/512d6b9b-7589-4352-9ecf-ca574f7a62b2/dashboard 200
2026-06-27 19:51:18 - POST /api/v1/matches/ebea5159-154e-4fb5-9170-467fb7874289/toss 200
2026-06-27 19:51:18 - GET /api/v1/teams/c31ba9df-d874-474c-99ea-b787b87528e8 200
2026-06-27 19:51:18 - GET /api/v1/teams/fa39e4a9-c768-41d1-84ed-92b046547635 200
2026-06-27 19:51:18 - POST /api/v1/matches/ebea5159-154e-4fb5-9170-467fb7874289/squads 200
2026-06-27 19:51:18 - POST /api/v1/matches/ebea5159-154e-4fb5-9170-467fb7874289/squads 200
2026-06-27 19:51:18 - POST /api/v1/matches/ebea5159-154e-4fb5-9170-467fb7874289/balls 201
2026-06-27 19:51:18 - POST /api/v1/matches/ebea5159-154e-4fb5-9170-467fb7874289/balls 201
2026-06-27 19:51:18 - POST /api/v1/matches/ebea5159-154e-4fb5-9170-467fb7874289/balls 201
2026-06-27 19:51:18 - POST /api/v1/matches/ebea5159-154e-4fb5-9170-467fb7874289/balls 201
2026-06-27 19:51:18 - POST /api/v1/matches/ebea5159-154e-4fb5-9170-467fb7874289/balls 201
2026-06-27 19:51:18 - POST /api/v1/matches/ebea5159-154e-4fb5-9170-467fb7874289/balls 201
2026-06-27 19:51:18 - POST /api/v1/matches/ebea5159-154e-4fb5-9170-467fb7874289/balls 201
2026-06-27 19:51:18 - POST /api/v1/matches/ebea5159-154e-4fb5-9170-467fb7874289/balls 201
2026-06-27 19:51:18 - POST /api/v1/matches/ebea5159-154e-4fb5-9170-467fb7874289/balls 201
2026-06-27 19:51:18 - GET /api/v1/tournaments/512d6b9b-7589-4352-9ecf-ca574f7a62b2/points-table 200
2026-06-27 19:51:18 - GET /api/v1/tournaments/512d6b9b-7589-4352-9ecf-ca574f7a62b2/leaderboards 200
2026-06-27 19:51:19 - POST /api/v1/auth/login 200
2026-06-27 19:51:19 - POST /api/v1/teams/ 201
2026-06-27 19:51:19 - POST /api/v1/players/ 201
2026-06-27 19:51:19 - POST /api/v1/teams/271c6b48-98ce-4706-839f-87400adf1771/players 200
2026-06-27 19:51:19 - POST /api/v1/players/ 201
2026-06-27 19:51:19 - POST /api/v1/teams/271c6b48-98ce-4706-839f-87400adf1771/players 200
2026-06-27 19:51:19 - POST /api/v1/players/ 201
2026-06-27 19:51:19 - POST /api/v1/teams/271c6b48-98ce-4706-839f-87400adf1771/players 200
2026-06-27 19:51:19 - POST /api/v1/players/ 201
2026-06-27 19:51:19 - POST /api/v1/teams/271c6b48-98ce-4706-839f-87400adf1771/players 200
2026-06-27 19:51:19 - POST /api/v1/players/ 201
2026-06-27 19:51:19 - POST /api/v1/teams/271c6b48-98ce-4706-839f-87400adf1771/players 200
2026-06-27 19:51:19 - POST /api/v1/teams/ 201
2026-06-27 19:51:19 - POST /api/v1/players/ 201
2026-06-27 19:51:19 - POST /api/v1/teams/934a37ce-188b-4407-af35-f7328df5ffb6/players 200
2026-06-27 19:51:19 - POST /api/v1/players/ 201
2026-06-27 19:51:19 - POST /api/v1/teams/934a37ce-188b-4407-af35-f7328df5ffb6/players 200
2026-06-27 19:51:19 - POST /api/v1/players/ 201
2026-06-27 19:51:19 - POST /api/v1/teams/934a37ce-188b-4407-af35-f7328df5ffb6/players 200
2026-06-27 19:51:19 - POST /api/v1/players/ 201
2026-06-27 19:51:19 - POST /api/v1/teams/934a37ce-188b-4407-af35-f7328df5ffb6/players 200
2026-06-27 19:51:19 - POST /api/v1/players/ 201
2026-06-27 19:51:19 - POST /api/v1/teams/934a37ce-188b-4407-af35-f7328df5ffb6/players 200
2026-06-27 19:51:19 - POST /api/v1/teams/ 201
2026-06-27 19:51:19 - POST /api/v1/players/ 201
2026-06-27 19:51:19 - POST /api/v1/teams/08a11518-21ec-46df-987a-5ba8efcbb62c/players 200
2026-06-27 19:51:19 - POST /api/v1/players/ 201
2026-06-27 19:51:19 - POST /api/v1/teams/08a11518-21ec-46df-987a-5ba8efcbb62c/players 200
2026-06-27 19:51:19 - POST /api/v1/players/ 201
2026-06-27 19:51:19 - POST /api/v1/teams/08a11518-21ec-46df-987a-5ba8efcbb62c/players 200
2026-06-27 19:51:19 - POST /api/v1/players/ 201
2026-06-27 19:51:19 - POST /api/v1/teams/08a11518-21ec-46df-987a-5ba8efcbb62c/players 200
2026-06-27 19:51:19 - POST /api/v1/players/ 201
2026-06-27 19:51:19 - POST /api/v1/teams/08a11518-21ec-46df-987a-5ba8efcbb62c/players 200
2026-06-27 19:51:19 - POST /api/v1/teams/ 201
2026-06-27 19:51:19 - POST /api/v1/players/ 201
2026-06-27 19:51:19 - POST /api/v1/teams/eaca5d18-c3eb-495e-8a31-306f92511e4c/players 200
2026-06-27 19:51:19 - POST /api/v1/players/ 201
2026-06-27 19:51:19 - POST /api/v1/teams/eaca5d18-c3eb-495e-8a31-306f92511e4c/players 200
2026-06-27 19:51:19 - POST /api/v1/players/ 201
2026-06-27 19:51:19 - POST /api/v1/teams/eaca5d18-c3eb-495e-8a31-306f92511e4c/players 200
2026-06-27 19:51:19 - POST /api/v1/players/ 201
2026-06-27 19:51:19 - POST /api/v1/teams/eaca5d18-c3eb-495e-8a31-306f92511e4c/players 200
2026-06-27 19:51:19 - POST /api/v1/players/ 201
2026-06-27 19:51:19 - POST /api/v1/teams/eaca5d18-c3eb-495e-8a31-306f92511e4c/players 200
2026-06-27 19:51:19 - POST /api/v1/tournaments/ 201
2026-06-27 19:51:19 - POST /api/v1/tournaments/f5fcf332-5030-4a8f-8db9-be5b00d29926/teams 200
2026-06-27 19:51:19 - POST /api/v1/tournaments/f5fcf332-5030-4a8f-8db9-be5b00d29926/teams 200
2026-06-27 19:51:19 - POST /api/v1/tournaments/f5fcf332-5030-4a8f-8db9-be5b00d29926/teams 200
2026-06-27 19:51:19 - POST /api/v1/tournaments/f5fcf332-5030-4a8f-8db9-be5b00d29926/teams 200
2026-06-27 19:51:19 - POST /api/v1/tournaments/f5fcf332-5030-4a8f-8db9-be5b00d29926/fixtures/generate 201
2026-06-27 19:51:19 - GET /api/v1/tournaments/f5fcf332-5030-4a8f-8db9-be5b00d29926/dashboard 200
2026-06-27 19:51:19 - GET /api/v1/tournaments/f5fcf332-5030-4a8f-8db9-be5b00d29926/dashboard 200
2026-06-27 19:51:19 - POST /api/v1/matches/637d57b0-2df4-41ad-a8fe-55627448f72f/toss 200
2026-06-27 19:51:19 - GET /api/v1/teams/271c6b48-98ce-4706-839f-87400adf1771 200
2026-06-27 19:51:19 - GET /api/v1/teams/08a11518-21ec-46df-987a-5ba8efcbb62c 200
2026-06-27 19:51:19 - POST /api/v1/matches/637d57b0-2df4-41ad-a8fe-55627448f72f/squads 200
2026-06-27 19:51:19 - POST /api/v1/matches/637d57b0-2df4-41ad-a8fe-55627448f72f/squads 200
2026-06-27 19:51:19 - POST /api/v1/matches/637d57b0-2df4-41ad-a8fe-55627448f72f/balls 201
2026-06-27 19:51:19 - POST /api/v1/matches/637d57b0-2df4-41ad-a8fe-55627448f72f/balls 201
2026-06-27 19:51:19 - POST /api/v1/matches/637d57b0-2df4-41ad-a8fe-55627448f72f/balls 201
2026-06-27 19:51:19 - POST /api/v1/matches/637d57b0-2df4-41ad-a8fe-55627448f72f/balls 201
2026-06-27 19:51:19 - POST /api/v1/matches/637d57b0-2df4-41ad-a8fe-55627448f72f/balls 201
2026-06-27 19:51:19 - POST /api/v1/matches/637d57b0-2df4-41ad-a8fe-55627448f72f/balls 201
2026-06-27 19:51:19 - POST /api/v1/matches/637d57b0-2df4-41ad-a8fe-55627448f72f/balls 201
2026-06-27 19:51:19 - POST /api/v1/matches/637d57b0-2df4-41ad-a8fe-55627448f72f/balls 201
2026-06-27 19:51:19 - POST /api/v1/matches/637d57b0-2df4-41ad-a8fe-55627448f72f/balls 201
2026-06-27 19:51:19 - POST /api/v1/matches/637d57b0-2df4-41ad-a8fe-55627448f72f/balls 201
2026-06-27 19:51:19 - POST /api/v1/matches/637d57b0-2df4-41ad-a8fe-55627448f72f/balls 201
2026-06-27 19:51:19 - POST /api/v1/matches/637d57b0-2df4-41ad-a8fe-55627448f72f/balls 201
2026-06-27 19:51:19 - POST /api/v1/matches/3352c2d3-fb58-4e2e-90b6-f67c10f71b43/toss 200
2026-06-27 19:51:19 - GET /api/v1/teams/934a37ce-188b-4407-af35-f7328df5ffb6 200
2026-06-27 19:51:19 - GET /api/v1/teams/08a11518-21ec-46df-987a-5ba8efcbb62c 200
2026-06-27 19:51:19 - POST /api/v1/matches/3352c2d3-fb58-4e2e-90b6-f67c10f71b43/squads 200
2026-06-27 19:51:19 - POST /api/v1/matches/3352c2d3-fb58-4e2e-90b6-f67c10f71b43/squads 200
2026-06-27 19:51:19 - POST /api/v1/matches/3352c2d3-fb58-4e2e-90b6-f67c10f71b43/balls 201
2026-06-27 19:51:19 - POST /api/v1/matches/3352c2d3-fb58-4e2e-90b6-f67c10f71b43/balls 201
2026-06-27 19:51:19 - POST /api/v1/matches/3352c2d3-fb58-4e2e-90b6-f67c10f71b43/balls 201
2026-06-27 19:51:19 - POST /api/v1/matches/3352c2d3-fb58-4e2e-90b6-f67c10f71b43/balls 201
2026-06-27 19:51:19 - POST /api/v1/matches/3352c2d3-fb58-4e2e-90b6-f67c10f71b43/balls 201
2026-06-27 19:51:19 - POST /api/v1/matches/3352c2d3-fb58-4e2e-90b6-f67c10f71b43/balls 201
2026-06-27 19:51:19 - POST /api/v1/matches/3352c2d3-fb58-4e2e-90b6-f67c10f71b43/balls 201
2026-06-27 19:51:19 - POST /api/v1/matches/3352c2d3-fb58-4e2e-90b6-f67c10f71b43/balls 201
2026-06-27 19:51:19 - POST /api/v1/matches/3352c2d3-fb58-4e2e-90b6-f67c10f71b43/balls 201
2026-06-27 19:51:19 - POST /api/v1/matches/3352c2d3-fb58-4e2e-90b6-f67c10f71b43/balls 201
2026-06-27 19:51:19 - POST /api/v1/matches/3352c2d3-fb58-4e2e-90b6-f67c10f71b43/balls 201
2026-06-27 19:51:19 - POST /api/v1/matches/3352c2d3-fb58-4e2e-90b6-f67c10f71b43/balls 201
2026-06-27 19:51:19 - POST /api/v1/matches/c6da1a7f-73c5-4519-95bb-84063f419e22/toss 200
2026-06-27 19:51:19 - GET /api/v1/teams/08a11518-21ec-46df-987a-5ba8efcbb62c 200
2026-06-27 19:51:19 - GET /api/v1/teams/eaca5d18-c3eb-495e-8a31-306f92511e4c 200
2026-06-27 19:51:19 - POST /api/v1/matches/c6da1a7f-73c5-4519-95bb-84063f419e22/squads 200
2026-06-27 19:51:19 - POST /api/v1/matches/c6da1a7f-73c5-4519-95bb-84063f419e22/squads 200
2026-06-27 19:51:19 - POST /api/v1/matches/c6da1a7f-73c5-4519-95bb-84063f419e22/balls 201
2026-06-27 19:51:19 - POST /api/v1/matches/c6da1a7f-73c5-4519-95bb-84063f419e22/balls 201
2026-06-27 19:51:19 - POST /api/v1/matches/c6da1a7f-73c5-4519-95bb-84063f419e22/balls 201
2026-06-27 19:51:19 - POST /api/v1/matches/c6da1a7f-73c5-4519-95bb-84063f419e22/balls 201
2026-06-27 19:51:19 - POST /api/v1/matches/c6da1a7f-73c5-4519-95bb-84063f419e22/balls 201
2026-06-27 19:51:19 - POST /api/v1/matches/c6da1a7f-73c5-4519-95bb-84063f419e22/balls 201
2026-06-27 19:51:19 - POST /api/v1/matches/c6da1a7f-73c5-4519-95bb-84063f419e22/balls 201
2026-06-27 19:51:19 - POST /api/v1/matches/c6da1a7f-73c5-4519-95bb-84063f419e22/balls 201
2026-06-27 19:51:19 - POST /api/v1/matches/c6da1a7f-73c5-4519-95bb-84063f419e22/balls 201
2026-06-27 19:51:19 - POST /api/v1/matches/c6da1a7f-73c5-4519-95bb-84063f419e22/balls 201
2026-06-27 19:51:19 - POST /api/v1/matches/c6da1a7f-73c5-4519-95bb-84063f419e22/balls 201
2026-06-27 19:51:19 - POST /api/v1/matches/c6da1a7f-73c5-4519-95bb-84063f419e22/balls 201
2026-06-27 19:51:19 - POST /api/v1/matches/6615df4d-7f50-4dfb-8adc-f8e24b17e012/toss 200
2026-06-27 19:51:19 - GET /api/v1/teams/271c6b48-98ce-4706-839f-87400adf1771 200
2026-06-27 19:51:19 - GET /api/v1/teams/934a37ce-188b-4407-af35-f7328df5ffb6 200
2026-06-27 19:51:19 - POST /api/v1/matches/6615df4d-7f50-4dfb-8adc-f8e24b17e012/squads 200
2026-06-27 19:51:19 - POST /api/v1/matches/6615df4d-7f50-4dfb-8adc-f8e24b17e012/squads 200
2026-06-27 19:51:20 - POST /api/v1/matches/6615df4d-7f50-4dfb-8adc-f8e24b17e012/balls 201
2026-06-27 19:51:20 - POST /api/v1/matches/6615df4d-7f50-4dfb-8adc-f8e24b17e012/balls 201
2026-06-27 19:51:20 - POST /api/v1/matches/6615df4d-7f50-4dfb-8adc-f8e24b17e012/balls 201
2026-06-27 19:51:20 - POST /api/v1/matches/6615df4d-7f50-4dfb-8adc-f8e24b17e012/balls 201
2026-06-27 19:51:20 - POST /api/v1/matches/6615df4d-7f50-4dfb-8adc-f8e24b17e012/balls 201
2026-06-27 19:51:20 - POST /api/v1/matches/6615df4d-7f50-4dfb-8adc-f8e24b17e012/balls 201
2026-06-27 19:51:20 - POST /api/v1/matches/6615df4d-7f50-4dfb-8adc-f8e24b17e012/balls 201
2026-06-27 19:51:20 - POST /api/v1/matches/6615df4d-7f50-4dfb-8adc-f8e24b17e012/balls 201
2026-06-27 19:51:20 - POST /api/v1/matches/6615df4d-7f50-4dfb-8adc-f8e24b17e012/balls 201
2026-06-27 19:51:20 - POST /api/v1/matches/6615df4d-7f50-4dfb-8adc-f8e24b17e012/balls 201
2026-06-27 19:51:20 - POST /api/v1/matches/6615df4d-7f50-4dfb-8adc-f8e24b17e012/balls 201
2026-06-27 19:51:20 - POST /api/v1/matches/6615df4d-7f50-4dfb-8adc-f8e24b17e012/balls 201
2026-06-27 19:51:20 - POST /api/v1/matches/a2abab73-ba47-4326-bad7-9e9044acfad9/toss 200
2026-06-27 19:51:20 - GET /api/v1/teams/271c6b48-98ce-4706-839f-87400adf1771 200
2026-06-27 19:51:20 - GET /api/v1/teams/eaca5d18-c3eb-495e-8a31-306f92511e4c 200
2026-06-27 19:51:20 - POST /api/v1/matches/a2abab73-ba47-4326-bad7-9e9044acfad9/squads 200
2026-06-27 19:51:20 - POST /api/v1/matches/a2abab73-ba47-4326-bad7-9e9044acfad9/squads 200
2026-06-27 19:51:20 - POST /api/v1/matches/a2abab73-ba47-4326-bad7-9e9044acfad9/balls 201
2026-06-27 19:51:20 - POST /api/v1/matches/a2abab73-ba47-4326-bad7-9e9044acfad9/balls 201
2026-06-27 19:51:20 - POST /api/v1/matches/a2abab73-ba47-4326-bad7-9e9044acfad9/balls 201
2026-06-27 19:51:20 - POST /api/v1/matches/a2abab73-ba47-4326-bad7-9e9044acfad9/balls 201
2026-06-27 19:51:20 - POST /api/v1/matches/a2abab73-ba47-4326-bad7-9e9044acfad9/balls 201
2026-06-27 19:51:20 - POST /api/v1/matches/a2abab73-ba47-4326-bad7-9e9044acfad9/balls 201
2026-06-27 19:51:20 - POST /api/v1/matches/a2abab73-ba47-4326-bad7-9e9044acfad9/balls 201
2026-06-27 19:51:20 - POST /api/v1/matches/a2abab73-ba47-4326-bad7-9e9044acfad9/balls 201
2026-06-27 19:51:20 - POST /api/v1/matches/a2abab73-ba47-4326-bad7-9e9044acfad9/balls 201
2026-06-27 19:51:20 - POST /api/v1/matches/a2abab73-ba47-4326-bad7-9e9044acfad9/balls 201
2026-06-27 19:51:20 - POST /api/v1/matches/a2abab73-ba47-4326-bad7-9e9044acfad9/balls 201
2026-06-27 19:51:20 - POST /api/v1/matches/a2abab73-ba47-4326-bad7-9e9044acfad9/balls 201
2026-06-27 19:51:20 - POST /api/v1/matches/c3933a7d-555f-4d96-aade-fb681b0fac7b/toss 200
2026-06-27 19:51:20 - GET /api/v1/teams/934a37ce-188b-4407-af35-f7328df5ffb6 200
2026-06-27 19:51:20 - GET /api/v1/teams/eaca5d18-c3eb-495e-8a31-306f92511e4c 200
2026-06-27 19:51:20 - POST /api/v1/matches/c3933a7d-555f-4d96-aade-fb681b0fac7b/squads 200
2026-06-27 19:51:20 - POST /api/v1/matches/c3933a7d-555f-4d96-aade-fb681b0fac7b/squads 200
2026-06-27 19:51:20 - POST /api/v1/matches/c3933a7d-555f-4d96-aade-fb681b0fac7b/balls 201
2026-06-27 19:51:20 - POST /api/v1/matches/c3933a7d-555f-4d96-aade-fb681b0fac7b/balls 201
2026-06-27 19:51:20 - POST /api/v1/matches/c3933a7d-555f-4d96-aade-fb681b0fac7b/balls 201
2026-06-27 19:51:20 - POST /api/v1/matches/c3933a7d-555f-4d96-aade-fb681b0fac7b/balls 201
2026-06-27 19:51:20 - POST /api/v1/matches/c3933a7d-555f-4d96-aade-fb681b0fac7b/balls 201
2026-06-27 19:51:20 - POST /api/v1/matches/c3933a7d-555f-4d96-aade-fb681b0fac7b/balls 201
2026-06-27 19:51:20 - POST /api/v1/matches/c3933a7d-555f-4d96-aade-fb681b0fac7b/balls 201
2026-06-27 19:51:20 - POST /api/v1/matches/c3933a7d-555f-4d96-aade-fb681b0fac7b/balls 201
2026-06-27 19:51:20 - POST /api/v1/matches/c3933a7d-555f-4d96-aade-fb681b0fac7b/balls 201
2026-06-27 19:51:20 - POST /api/v1/matches/c3933a7d-555f-4d96-aade-fb681b0fac7b/balls 201
2026-06-27 19:51:20 - POST /api/v1/matches/c3933a7d-555f-4d96-aade-fb681b0fac7b/balls 201
2026-06-27 19:51:20 - POST /api/v1/matches/c3933a7d-555f-4d96-aade-fb681b0fac7b/balls 201
2026-06-27 19:51:20 - GET /api/v1/tournaments/f5fcf332-5030-4a8f-8db9-be5b00d29926/dashboard 200
2026-06-27 19:51:20 - POST /api/v1/matches/478b7145-320c-4e29-9eb4-859df5e680d1/toss 200
2026-06-27 19:51:20 - GET /api/v1/teams/271c6b48-98ce-4706-839f-87400adf1771 200
2026-06-27 19:51:20 - GET /api/v1/teams/eaca5d18-c3eb-495e-8a31-306f92511e4c 200
2026-06-27 19:51:20 - POST /api/v1/matches/478b7145-320c-4e29-9eb4-859df5e680d1/squads 200
2026-06-27 19:51:20 - POST /api/v1/matches/478b7145-320c-4e29-9eb4-859df5e680d1/squads 200
2026-06-27 19:51:20 - POST /api/v1/matches/478b7145-320c-4e29-9eb4-859df5e680d1/balls 201
2026-06-27 19:51:20 - POST /api/v1/matches/478b7145-320c-4e29-9eb4-859df5e680d1/balls 201
2026-06-27 19:51:20 - POST /api/v1/matches/478b7145-320c-4e29-9eb4-859df5e680d1/balls 201
2026-06-27 19:51:20 - POST /api/v1/matches/478b7145-320c-4e29-9eb4-859df5e680d1/balls 201
2026-06-27 19:51:20 - POST /api/v1/matches/478b7145-320c-4e29-9eb4-859df5e680d1/balls 201
2026-06-27 19:51:20 - POST /api/v1/matches/478b7145-320c-4e29-9eb4-859df5e680d1/balls 201
2026-06-27 19:51:20 - POST /api/v1/matches/478b7145-320c-4e29-9eb4-859df5e680d1/balls 201
2026-06-27 19:51:20 - POST /api/v1/matches/478b7145-320c-4e29-9eb4-859df5e680d1/balls 201
2026-06-27 19:51:20 - POST /api/v1/matches/478b7145-320c-4e29-9eb4-859df5e680d1/balls 201
2026-06-27 19:51:20 - POST /api/v1/matches/478b7145-320c-4e29-9eb4-859df5e680d1/balls 201
2026-06-27 19:51:20 - POST /api/v1/matches/478b7145-320c-4e29-9eb4-859df5e680d1/balls 201
2026-06-27 19:51:20 - POST /api/v1/matches/478b7145-320c-4e29-9eb4-859df5e680d1/balls 201
2026-06-27 19:51:20 - POST /api/v1/matches/3b284eb9-a5db-4018-9d5d-f74fdcd369b9/toss 200
2026-06-27 19:51:20 - GET /api/v1/teams/934a37ce-188b-4407-af35-f7328df5ffb6 200
2026-06-27 19:51:20 - GET /api/v1/teams/08a11518-21ec-46df-987a-5ba8efcbb62c 200
2026-06-27 19:51:20 - POST /api/v1/matches/3b284eb9-a5db-4018-9d5d-f74fdcd369b9/squads 200
2026-06-27 19:51:20 - POST /api/v1/matches/3b284eb9-a5db-4018-9d5d-f74fdcd369b9/squads 200
2026-06-27 19:51:20 - POST /api/v1/matches/3b284eb9-a5db-4018-9d5d-f74fdcd369b9/balls 201
2026-06-27 19:51:20 - POST /api/v1/matches/3b284eb9-a5db-4018-9d5d-f74fdcd369b9/balls 201
2026-06-27 19:51:20 - POST /api/v1/matches/3b284eb9-a5db-4018-9d5d-f74fdcd369b9/balls 201
2026-06-27 19:51:20 - POST /api/v1/matches/3b284eb9-a5db-4018-9d5d-f74fdcd369b9/balls 201
2026-06-27 19:51:20 - POST /api/v1/matches/3b284eb9-a5db-4018-9d5d-f74fdcd369b9/balls 201
2026-06-27 19:51:20 - POST /api/v1/matches/3b284eb9-a5db-4018-9d5d-f74fdcd369b9/balls 201
2026-06-27 19:51:20 - POST /api/v1/matches/3b284eb9-a5db-4018-9d5d-f74fdcd369b9/balls 201
2026-06-27 19:51:20 - POST /api/v1/matches/3b284eb9-a5db-4018-9d5d-f74fdcd369b9/balls 201
2026-06-27 19:51:20 - POST /api/v1/matches/3b284eb9-a5db-4018-9d5d-f74fdcd369b9/balls 201
2026-06-27 19:51:20 - POST /api/v1/matches/3b284eb9-a5db-4018-9d5d-f74fdcd369b9/balls 201
2026-06-27 19:51:20 - POST /api/v1/matches/3b284eb9-a5db-4018-9d5d-f74fdcd369b9/balls 201
2026-06-27 19:51:20 - POST /api/v1/matches/3b284eb9-a5db-4018-9d5d-f74fdcd369b9/balls 201
2026-06-27 19:51:20 - GET /api/v1/tournaments/f5fcf332-5030-4a8f-8db9-be5b00d29926/dashboard 200
2026-06-27 19:51:20 - POST /api/v1/matches/175780bd-1477-4bbf-8376-3695ee483a09/toss 200
2026-06-27 19:51:20 - GET /api/v1/teams/271c6b48-98ce-4706-839f-87400adf1771 200
2026-06-27 19:51:20 - GET /api/v1/teams/934a37ce-188b-4407-af35-f7328df5ffb6 200
2026-06-27 19:51:20 - POST /api/v1/matches/175780bd-1477-4bbf-8376-3695ee483a09/squads 200
2026-06-27 19:51:20 - POST /api/v1/matches/175780bd-1477-4bbf-8376-3695ee483a09/squads 200
2026-06-27 19:51:20 - POST /api/v1/matches/175780bd-1477-4bbf-8376-3695ee483a09/balls 201
2026-06-27 19:51:20 - POST /api/v1/matches/175780bd-1477-4bbf-8376-3695ee483a09/balls 201
2026-06-27 19:51:20 - POST /api/v1/matches/175780bd-1477-4bbf-8376-3695ee483a09/balls 201
2026-06-27 19:51:20 - POST /api/v1/matches/175780bd-1477-4bbf-8376-3695ee483a09/balls 201
2026-06-27 19:51:20 - POST /api/v1/matches/175780bd-1477-4bbf-8376-3695ee483a09/balls 201
2026-06-27 19:51:20 - POST /api/v1/matches/175780bd-1477-4bbf-8376-3695ee483a09/balls 201
2026-06-27 19:51:20 - POST /api/v1/matches/175780bd-1477-4bbf-8376-3695ee483a09/balls 201
2026-06-27 19:51:20 - POST /api/v1/matches/175780bd-1477-4bbf-8376-3695ee483a09/balls 201
2026-06-27 19:51:20 - POST /api/v1/matches/175780bd-1477-4bbf-8376-3695ee483a09/balls 201
2026-06-27 19:51:20 - POST /api/v1/matches/175780bd-1477-4bbf-8376-3695ee483a09/balls 201
2026-06-27 19:51:20 - POST /api/v1/matches/175780bd-1477-4bbf-8376-3695ee483a09/balls 201
2026-06-27 19:51:20 - POST /api/v1/matches/175780bd-1477-4bbf-8376-3695ee483a09/balls 201
2026-06-27 19:51:20 - GET /api/v1/tournaments/f5fcf332-5030-4a8f-8db9-be5b00d29926/dashboard 200
2026-06-27 21:47:56 - POST /api/v1/auth/signup 422
2026-06-27 21:47:56 - POST /api/v1/auth/signup 422
2026-06-27 21:47:56 - POST /api/v1/auth/signup 422
2026-06-27 21:47:56 - POST /api/v1/auth/signup 422
2026-06-27 21:47:57 - POST /api/v1/auth/signup 201
2026-06-27 21:47:57 - POST /api/v1/auth/login 400
2026-06-27 21:47:57 - POST /api/v1/auth/verify-otp 200
2026-06-27 21:47:58 - POST /api/v1/auth/signup 201
2026-06-27 21:47:58 - POST /api/v1/auth/resend-otp 429
2026-06-27 21:47:58 - POST /api/v1/auth/resend-otp 200
2026-06-27 21:47:59 - POST /api/v1/auth/login 400
2026-06-27 21:48:00 - POST /api/v1/auth/login 400
2026-06-27 21:48:00 - POST /api/v1/auth/login 400
2026-06-27 21:48:01 - POST /api/v1/auth/login 400
2026-06-27 21:48:02 - POST /api/v1/auth/login 400
2026-06-27 21:48:02 - POST /api/v1/auth/login 403
2026-06-27 21:48:02 - POST /api/v1/auth/login 200
2026-06-27 21:48:02 - POST /api/v1/auth/forgot-password 404
2026-06-27 21:48:03 - POST /api/v1/auth/forgot-password 200
2026-06-27 21:48:03 - POST /api/v1/auth/verify-reset-otp 400
2026-06-27 21:48:03 - POST /api/v1/auth/verify-reset-otp 200
2026-06-27 21:48:03 - POST /api/v1/auth/reset-password 422
2026-06-27 21:48:03 - POST /api/v1/auth/reset-password 200
2026-06-27 21:48:04 - POST /api/v1/auth/login 200
2026-06-27 21:48:05 - POST /api/v1/auth/login 200
2026-06-27 21:48:05 - POST /api/v1/auth/complete-profile 200
2026-06-27 21:48:06 - POST /api/v1/auth/login 200
2026-06-27 21:48:06 - POST /api/v1/auth/refresh 200
2026-06-27 21:48:06 - POST /api/v1/auth/logout 200
2026-06-27 21:48:06 - POST /api/v1/auth/refresh 401
2026-06-27 21:48:07 - POST /api/v1/auth/signup 201
2026-06-27 21:48:07 - POST /api/v1/auth/signup 400
2026-06-27 21:48:08 - POST /api/v1/auth/login 400
2026-06-27 21:48:08 - POST /api/v1/auth/forgot-password 400
2026-06-27 21:48:08 - POST /api/v1/auth/verify-reset-otp 400
2026-06-27 21:48:08 - POST /api/v1/auth/reset-password 400
2026-06-27 21:48:08 - POST /api/v1/auth/signup 400
2026-06-27 21:48:09 - POST /api/v1/auth/signup 201
2026-06-27 21:48:09 - POST /api/v1/auth/signup 201
2026-06-27 21:48:10 - POST /api/v1/auth/login 200
2026-06-27 21:48:10 - POST /api/v1/auth/login 200
2026-06-27 21:48:10 - POST /api/v1/teams/ 201
2026-06-27 21:48:10 - GET /api/v1/teams/ 200
2026-06-27 21:48:10 - PUT /api/v1/teams/55aec3cb-bc72-4813-b688-d97f81964df8 403
2026-06-27 21:48:11 - DELETE /api/v1/teams/55aec3cb-bc72-4813-b688-d97f81964df8 403
2026-06-27 21:48:11 - POST /api/v1/players/ 201
2026-06-27 21:48:11 - GET /api/v1/players/ 200
2026-06-27 21:48:11 - PUT /api/v1/players/ba1c7bdb-9833-49a9-9362-0273ad36d03c 403
2026-06-27 21:48:11 - DELETE /api/v1/players/ba1c7bdb-9833-49a9-9362-0273ad36d03c 403
2026-06-27 21:48:11 - POST /api/v1/auth/signup 201
2026-06-27 21:48:12 - POST /api/v1/auth/login 200
2026-06-27 21:48:12 - POST /api/v1/teams/ 201
2026-06-27 21:48:12 - POST /api/v1/teams/ 201
2026-06-27 21:48:12 - POST /api/v1/players/ 201
2026-06-27 21:48:12 - POST /api/v1/players/ 201
2026-06-27 21:48:12 - POST /api/v1/players/ 201
2026-06-27 21:48:12 - POST /api/v1/teams/fd2381f8-4b99-4cc1-b259-e5c9a4ccfdeb/players/bulk 200
2026-06-27 21:48:12 - POST /api/v1/teams/23bb9a9c-1b28-4d9c-8767-f341c8a43e92/players/bulk 400
2026-06-27 21:48:13 - POST /api/v1/auth/signup 201
2026-06-27 21:48:13 - POST /api/v1/auth/signup 201
2026-06-27 21:48:14 - POST /api/v1/auth/login 200
2026-06-27 21:48:14 - POST /api/v1/auth/login 200
2026-06-27 21:48:14 - POST /api/v1/teams/ 201
2026-06-27 21:48:14 - POST /api/v1/teams/ 201
2026-06-27 21:48:14 - POST /api/v1/matches/ 201
2026-06-27 21:48:14 - POST /api/v1/matches/86b06421-4470-45e0-af1e-083bc1ccdb93/toss 403
2026-06-27 21:48:14 - POST /api/v1/matches/86b06421-4470-45e0-af1e-083bc1ccdb93/toss 200
2026-06-27 21:48:17 - GET /api/v1/debug-env 200
2026-06-27 21:48:17 - GET /api/v1/debug-env 404
2026-06-27 21:48:18 - POST /api/v1/auth/login 200
2026-06-27 21:48:18 - POST /api/v1/players/ 201
2026-06-27 21:48:19 - POST /api/v1/players/ 201
2026-06-27 21:48:19 - POST /api/v1/players/ 201
2026-06-27 21:48:19 - POST /api/v1/players/ 201
2026-06-27 21:48:19 - POST /api/v1/teams/ 201
2026-06-27 21:48:19 - POST /api/v1/teams/ 201
2026-06-27 21:48:19 - POST /api/v1/teams/f27eaed2-c7ea-4f1a-a110-482f2bb32a7b/players 200
2026-06-27 21:48:19 - POST /api/v1/teams/f27eaed2-c7ea-4f1a-a110-482f2bb32a7b/players 200
2026-06-27 21:48:19 - POST /api/v1/teams/03b84319-b4d3-4f69-8c75-1544f3110f96/players 200
2026-06-27 21:48:19 - POST /api/v1/teams/03b84319-b4d3-4f69-8c75-1544f3110f96/players 200
2026-06-27 21:48:19 - POST /api/v1/matches/ 201
2026-06-27 21:48:19 - POST /api/v1/matches/ada3e5c3-d7b7-4de9-bfaa-97dd30e73e79/toss 200
2026-06-27 21:48:19 - POST /api/v1/matches/ada3e5c3-d7b7-4de9-bfaa-97dd30e73e79/squads 400
2026-06-27 21:48:19 - POST /api/v1/matches/ada3e5c3-d7b7-4de9-bfaa-97dd30e73e79/squads 200
2026-06-27 21:48:19 - POST /api/v1/matches/ada3e5c3-d7b7-4de9-bfaa-97dd30e73e79/squads 400
2026-06-27 21:48:19 - POST /api/v1/matches/ada3e5c3-d7b7-4de9-bfaa-97dd30e73e79/squads 200
2026-06-27 21:48:19 - POST /api/v1/auth/google 200
2026-06-27 21:48:19 - POST /api/v1/auth/google 400
2026-06-27 21:48:20 - POST /api/v1/auth/google 400
2026-06-27 21:48:20 - POST /api/v1/auth/google 400
2026-06-27 21:48:20 - POST /api/v1/auth/google 400
2026-06-27 21:48:21 - POST /api/v1/auth/login 200
2026-06-27 21:48:21 - POST /api/v1/players/ 201
2026-06-27 21:48:21 - POST /api/v1/players/ 201
2026-06-27 21:48:21 - POST /api/v1/teams/ 201
2026-06-27 21:48:21 - POST /api/v1/teams/ 201
2026-06-27 21:48:21 - POST /api/v1/matches/ 201
2026-06-27 21:48:21 - GET /api/v1/matches/ 200
2026-06-27 21:48:22 - POST /api/v1/auth/login 200
2026-06-27 21:48:23 - POST /api/v1/auth/login 200
2026-06-27 21:48:24 - POST /api/v1/auth/login 200
2026-06-27 21:48:24 - POST /api/v1/matches/ 201
2026-06-27 21:48:24 - POST /api/v1/matches/8862202d-a19a-40b4-86bb-3bc93fe41296/toss 200
2026-06-27 21:48:24 - POST /api/v1/matches/8862202d-a19a-40b4-86bb-3bc93fe41296/toss 403
2026-06-27 21:48:24 - POST /api/v1/matches/ 201
2026-06-27 21:48:24 - POST /api/v1/matches/183dbfb7-1525-4ec9-9e4b-bb17bd5db681/toss 200
2026-06-27 21:48:24 - POST /api/v1/matches/ 201
2026-06-27 21:48:24 - POST /api/v1/matches/95253f9b-907e-4bdc-9729-c7add5bc4a2a/toss 200
2026-06-27 21:48:24 - POST /api/v1/matches/95253f9b-907e-4bdc-9729-c7add5bc4a2a/toss 403
2026-06-27 21:48:26 - POST /api/v1/auth/login 200
2026-06-27 21:48:27 - GET /api/v1/admin/analytics 200
2026-06-27 21:48:27 - GET /api/v1/admin/team-members 200
2026-06-27 21:48:27 - GET /api/v1/admin/team-members 200
2026-06-27 21:48:27 - GET /api/v1/admin/team-members 200
2026-06-27 21:48:27 - DELETE /api/v1/admin/team-members/e2d08d4b-eca3-4386-994e-65878efb9afa 204
2026-06-27 21:48:28 - POST /api/v1/auth/login 200
2026-06-27 21:48:29 - POST /api/v1/admin/tournaments/bulk-delete 204
2026-06-27 21:48:29 - POST /api/v1/admin/matches/bulk-delete 204
2026-06-27 21:48:29 - POST /api/v1/admin/teams/bulk-delete 204
2026-06-27 21:48:29 - POST /api/v1/admin/users/bulk-delete 204
2026-06-27 21:48:30 - POST /api/v1/auth/login 200
2026-06-27 21:48:30 - POST /api/v1/players/ 201
2026-06-27 21:48:30 - POST /api/v1/players/ 201
2026-06-27 21:48:30 - POST /api/v1/players/ 422
2026-06-27 21:48:30 - POST /api/v1/players/ 422
2026-06-27 21:48:30 - GET /api/v1/players/76628738-dec6-4899-a18f-2a5dfcadaf98 200
2026-06-27 21:48:30 - PUT /api/v1/players/76628738-dec6-4899-a18f-2a5dfcadaf98 200
2026-06-27 21:48:30 - DELETE /api/v1/players/76628738-dec6-4899-a18f-2a5dfcadaf98 204
2026-06-27 21:48:30 - GET /api/v1/players/76628738-dec6-4899-a18f-2a5dfcadaf98 404
2026-06-27 21:48:31 - POST /api/v1/auth/login 200
2026-06-27 21:48:31 - POST /api/v1/players/ 201
2026-06-27 21:48:31 - POST /api/v1/players/ 201
2026-06-27 21:48:31 - POST /api/v1/teams/ 201
2026-06-27 21:48:31 - POST /api/v1/teams/fe2e6bd1-f54f-4336-8626-1d20e15c6770/players 200
2026-06-27 21:48:31 - PUT /api/v1/teams/fe2e6bd1-f54f-4336-8626-1d20e15c6770 200
2026-06-27 21:48:31 - PUT /api/v1/teams/fe2e6bd1-f54f-4336-8626-1d20e15c6770 400
2026-06-27 21:48:31 - POST /api/v1/teams/ 201
2026-06-27 21:48:31 - POST /api/v1/teams/45b2ca3d-e509-4826-aad2-6a85e8dec451/players 400
2026-06-27 21:48:31 - DELETE /api/v1/teams/fe2e6bd1-f54f-4336-8626-1d20e15c6770/players/28b8c22e-e88d-421b-86b6-09dc8e471e3f 200
2026-06-27 21:48:31 - DELETE /api/v1/teams/fe2e6bd1-f54f-4336-8626-1d20e15c6770 204
2026-06-27 21:48:32 - POST /api/v1/auth/login 200
2026-06-27 21:48:32 - POST /api/v1/players/ 201
2026-06-27 21:48:32 - POST /api/v1/players/ 201
2026-06-27 21:48:32 - POST /api/v1/teams/ 201
2026-06-27 21:48:32 - POST /api/v1/teams/ 201
2026-06-27 21:48:32 - POST /api/v1/teams/5eef2727-fd7a-47df-9e61-d89ed6e84091/players 200
2026-06-27 21:48:32 - POST /api/v1/teams/0294feaf-b8c6-489c-8a3b-2e2d1fab2579/players 200
2026-06-27 21:48:32 - POST /api/v1/matches/ 201
2026-06-27 21:48:32 - POST /api/v1/matches/cd432c23-206f-4b8b-a584-78ed9999cd13/squads 200
2026-06-27 21:48:32 - POST /api/v1/matches/cd432c23-206f-4b8b-a584-78ed9999cd13/toss 200
2026-06-27 21:48:32 - DELETE /api/v1/players/52a3fde5-f759-4c9f-8896-6f947d3e44bd 400
2026-06-27 21:48:32 - DELETE /api/v1/teams/5eef2727-fd7a-47df-9e61-d89ed6e84091/players/52a3fde5-f759-4c9f-8896-6f947d3e44bd 400
2026-06-27 21:48:32 - DELETE /api/v1/teams/5eef2727-fd7a-47df-9e61-d89ed6e84091 400
2026-06-27 21:48:33 - POST /api/v1/auth/login 200
2026-06-27 21:48:33 - GET /api/v1/profile/ 200
2026-06-27 21:48:33 - POST /api/v1/auth/login 200
2026-06-27 21:48:33 - PUT /api/v1/profile/ 200
2026-06-27 21:48:33 - PUT /api/v1/profile/ 400
2026-06-27 21:48:34 - POST /api/v1/auth/login 200
2026-06-27 21:48:34 - GET /api/v1/profile/stats 200
2026-06-27 21:48:34 - POST /api/v1/auth/login 200
2026-06-27 21:48:34 - GET /api/v1/profile/activity 200
2026-06-27 21:48:34 - GET /api/v1/profile/achievements 200
2026-06-27 21:48:35 - POST /api/v1/auth/login 200
2026-06-27 21:48:35 - POST /api/v1/profile/upload-photo 200
2026-06-27 21:48:35 - GET /api/v1/profile/ 200
2026-06-27 21:48:35 - POST /api/v1/auth/login 200
2026-06-27 21:48:35 - POST /api/v1/players/ 201
2026-06-27 21:48:35 - POST /api/v1/players/ 201
2026-06-27 21:48:35 - POST /api/v1/players/ 201
2026-06-27 21:48:35 - POST /api/v1/players/ 201
2026-06-27 21:48:35 - POST /api/v1/players/ 201
2026-06-27 21:48:35 - POST /api/v1/teams/ 201
2026-06-27 21:48:35 - POST /api/v1/teams/ 201
2026-06-27 21:48:35 - POST /api/v1/teams/3572d4fd-58f6-469f-82c0-32b984479031/players 200
2026-06-27 21:48:35 - POST /api/v1/teams/3572d4fd-58f6-469f-82c0-32b984479031/players 200
2026-06-27 21:48:35 - POST /api/v1/teams/3572d4fd-58f6-469f-82c0-32b984479031/players 200
2026-06-27 21:48:35 - POST /api/v1/teams/0576d90b-7ec7-442f-bded-6a0a99f309bd/players 200
2026-06-27 21:48:35 - POST /api/v1/teams/0576d90b-7ec7-442f-bded-6a0a99f309bd/players 200
2026-06-27 21:48:35 - POST /api/v1/matches/ 201
2026-06-27 21:48:35 - POST /api/v1/matches/35cede52-da2b-4987-8ff1-57917b587e83/toss 200
2026-06-27 21:48:35 - POST /api/v1/matches/35cede52-da2b-4987-8ff1-57917b587e83/squads 200
2026-06-27 21:48:35 - POST /api/v1/matches/35cede52-da2b-4987-8ff1-57917b587e83/squads 200
2026-06-27 21:48:35 - POST /api/v1/matches/35cede52-da2b-4987-8ff1-57917b587e83/balls 201
2026-06-27 21:48:35 - POST /api/v1/matches/35cede52-da2b-4987-8ff1-57917b587e83/balls 201
2026-06-27 21:48:35 - POST /api/v1/matches/35cede52-da2b-4987-8ff1-57917b587e83/balls 201
2026-06-27 21:48:36 - POST /api/v1/matches/35cede52-da2b-4987-8ff1-57917b587e83/balls 201
2026-06-27 21:48:36 - POST /api/v1/matches/35cede52-da2b-4987-8ff1-57917b587e83/balls 201
2026-06-27 21:48:36 - POST /api/v1/matches/35cede52-da2b-4987-8ff1-57917b587e83/balls 201
2026-06-27 21:48:36 - POST /api/v1/matches/35cede52-da2b-4987-8ff1-57917b587e83/balls 201
2026-06-27 21:48:36 - POST /api/v1/matches/35cede52-da2b-4987-8ff1-57917b587e83/balls 201
2026-06-27 21:48:36 - POST /api/v1/matches/35cede52-da2b-4987-8ff1-57917b587e83/balls 201
2026-06-27 21:48:36 - POST /api/v1/matches/35cede52-da2b-4987-8ff1-57917b587e83/balls 201
2026-06-27 21:48:36 - POST /api/v1/matches/35cede52-da2b-4987-8ff1-57917b587e83/balls 201
2026-06-27 21:48:36 - POST /api/v1/matches/35cede52-da2b-4987-8ff1-57917b587e83/balls 201
2026-06-27 21:48:36 - GET /api/v1/matches/35cede52-da2b-4987-8ff1-57917b587e83/scorecard 200
2026-06-27 21:48:36 - GET /api/v1/players/cc7b68b0-e404-44e5-bc52-f37b57c32686 200
2026-06-27 21:48:36 - POST /api/v1/auth/login 200
2026-06-27 21:48:36 - POST /api/v1/players/ 201
2026-06-27 21:48:36 - POST /api/v1/players/ 201
2026-06-27 21:48:36 - POST /api/v1/players/ 201
2026-06-27 21:48:36 - POST /api/v1/players/ 201
2026-06-27 21:48:36 - POST /api/v1/players/ 201
2026-06-27 21:48:36 - POST /api/v1/teams/ 201
2026-06-27 21:48:36 - POST /api/v1/teams/ 201
2026-06-27 21:48:36 - POST /api/v1/teams/dd2311eb-b80e-4290-ab65-dffe20432386/players 200
2026-06-27 21:48:36 - POST /api/v1/teams/dd2311eb-b80e-4290-ab65-dffe20432386/players 200
2026-06-27 21:48:36 - POST /api/v1/teams/dd2311eb-b80e-4290-ab65-dffe20432386/players 200
2026-06-27 21:48:36 - POST /api/v1/teams/e73763d3-37d4-4118-b75a-1f296b870a11/players 200
2026-06-27 21:48:36 - POST /api/v1/teams/e73763d3-37d4-4118-b75a-1f296b870a11/players 200
2026-06-27 21:48:36 - POST /api/v1/matches/ 201
2026-06-27 21:48:36 - POST /api/v1/matches/3017abed-29b3-461f-b834-c9a707c7a7e6/toss 200
2026-06-27 21:48:36 - POST /api/v1/matches/3017abed-29b3-461f-b834-c9a707c7a7e6/squads 200
2026-06-27 21:48:36 - POST /api/v1/matches/3017abed-29b3-461f-b834-c9a707c7a7e6/squads 200
2026-06-27 21:48:36 - POST /api/v1/matches/3017abed-29b3-461f-b834-c9a707c7a7e6/balls 201
2026-06-27 21:48:36 - POST /api/v1/matches/3017abed-29b3-461f-b834-c9a707c7a7e6/balls 201
2026-06-27 21:48:36 - POST /api/v1/matches/3017abed-29b3-461f-b834-c9a707c7a7e6/balls 201
2026-06-27 21:48:36 - POST /api/v1/matches/3017abed-29b3-461f-b834-c9a707c7a7e6/balls 201
2026-06-27 21:48:36 - POST /api/v1/matches/3017abed-29b3-461f-b834-c9a707c7a7e6/balls 201
2026-06-27 21:48:36 - GET /api/v1/matches/3017abed-29b3-461f-b834-c9a707c7a7e6/scorecard 200
2026-06-27 21:48:37 - POST /api/v1/auth/login 200
2026-06-27 21:48:37 - POST /api/v1/players/ 201
2026-06-27 21:48:37 - POST /api/v1/players/ 201
2026-06-27 21:48:37 - POST /api/v1/players/ 201
2026-06-27 21:48:37 - POST /api/v1/players/ 201
2026-06-27 21:48:37 - POST /api/v1/teams/ 201
2026-06-27 21:48:37 - POST /api/v1/teams/ 201
2026-06-27 21:48:37 - POST /api/v1/teams/7ea7df34-223f-4606-8427-a7e883c2c2de/players 200
2026-06-27 21:48:37 - POST /api/v1/teams/7ea7df34-223f-4606-8427-a7e883c2c2de/players 200
2026-06-27 21:48:37 - POST /api/v1/teams/80be06c5-a17b-41b7-b6fb-6a61db753042/players 200
2026-06-27 21:48:37 - POST /api/v1/teams/80be06c5-a17b-41b7-b6fb-6a61db753042/players 200
2026-06-27 21:48:37 - POST /api/v1/matches/ 201
2026-06-27 21:48:37 - POST /api/v1/matches/373bbafb-a254-4452-b328-6c1728089178/toss 200
2026-06-27 21:48:37 - POST /api/v1/matches/373bbafb-a254-4452-b328-6c1728089178/squads 200
2026-06-27 21:48:37 - POST /api/v1/matches/373bbafb-a254-4452-b328-6c1728089178/squads 200
2026-06-27 21:48:37 - POST /api/v1/matches/373bbafb-a254-4452-b328-6c1728089178/balls 201
2026-06-27 21:48:37 - POST /api/v1/matches/373bbafb-a254-4452-b328-6c1728089178/balls 201
2026-06-27 21:48:37 - POST /api/v1/matches/373bbafb-a254-4452-b328-6c1728089178/balls 201
2026-06-27 21:48:37 - POST /api/v1/matches/373bbafb-a254-4452-b328-6c1728089178/balls 201
2026-06-27 21:48:37 - POST /api/v1/matches/373bbafb-a254-4452-b328-6c1728089178/balls 201
2026-06-27 21:48:37 - POST /api/v1/matches/373bbafb-a254-4452-b328-6c1728089178/balls 201
2026-06-27 21:48:37 - POST /api/v1/matches/373bbafb-a254-4452-b328-6c1728089178/balls 201
2026-06-27 21:48:37 - GET /api/v1/matches/373bbafb-a254-4452-b328-6c1728089178/scorecard 200
2026-06-27 21:48:39 - POST /api/v1/auth/signup 201
2026-06-27 21:48:39 - POST /api/v1/auth/login 200
2026-06-27 21:48:40 - POST /api/v1/auth/login 200
2026-06-27 21:48:40 - POST /api/v1/players/ 201
2026-06-27 21:48:40 - POST /api/v1/players/ 201
2026-06-27 21:48:40 - POST /api/v1/players/ 201
2026-06-27 21:48:40 - POST /api/v1/players/ 201
2026-06-27 21:48:40 - POST /api/v1/players/ 201
2026-06-27 21:48:40 - POST /api/v1/teams/ 201
2026-06-27 21:48:40 - POST /api/v1/teams/ 201
2026-06-27 21:48:40 - POST /api/v1/teams/4823a8ac-72d4-4936-ab90-f375f1367847/players 200
2026-06-27 21:48:40 - POST /api/v1/teams/4823a8ac-72d4-4936-ab90-f375f1367847/players 200
2026-06-27 21:48:40 - POST /api/v1/teams/4823a8ac-72d4-4936-ab90-f375f1367847/players 200
2026-06-27 21:48:40 - POST /api/v1/teams/dfc07b1a-414e-4598-bf2a-e2f071601ab6/players 200
2026-06-27 21:48:40 - POST /api/v1/teams/dfc07b1a-414e-4598-bf2a-e2f071601ab6/players 200
2026-06-27 21:48:40 - POST /api/v1/matches/ 201
2026-06-27 21:48:40 - POST /api/v1/matches/d6d400fb-85e0-4ed8-a090-431a96ea8f13/toss 200
2026-06-27 21:48:40 - POST /api/v1/matches/d6d400fb-85e0-4ed8-a090-431a96ea8f13/squads 200
2026-06-27 21:48:40 - POST /api/v1/matches/d6d400fb-85e0-4ed8-a090-431a96ea8f13/squads 200
2026-06-27 21:48:40 - POST /api/v1/matches/d6d400fb-85e0-4ed8-a090-431a96ea8f13/balls 201
2026-06-27 21:48:40 - GET /api/v1/matches/d6d400fb-85e0-4ed8-a090-431a96ea8f13/live 200
2026-06-27 21:48:40 - POST /api/v1/matches/d6d400fb-85e0-4ed8-a090-431a96ea8f13/balls 201
2026-06-27 21:48:40 - GET /api/v1/matches/d6d400fb-85e0-4ed8-a090-431a96ea8f13/live 200
2026-06-27 21:48:40 - POST /api/v1/matches/d6d400fb-85e0-4ed8-a090-431a96ea8f13/balls 201
2026-06-27 21:48:40 - GET /api/v1/matches/d6d400fb-85e0-4ed8-a090-431a96ea8f13/live 200
2026-06-27 21:48:40 - POST /api/v1/matches/d6d400fb-85e0-4ed8-a090-431a96ea8f13/balls 201
2026-06-27 21:48:40 - GET /api/v1/matches/d6d400fb-85e0-4ed8-a090-431a96ea8f13/live 200
2026-06-27 21:48:40 - POST /api/v1/matches/d6d400fb-85e0-4ed8-a090-431a96ea8f13/undo 200
2026-06-27 21:48:40 - GET /api/v1/matches/d6d400fb-85e0-4ed8-a090-431a96ea8f13/live 200
2026-06-27 21:48:40 - GET /api/v1/auth/me 401
2026-06-27 21:48:40 - GET /api/v1/auth/me 401
2026-06-27 21:48:41 - POST /api/v1/auth/login 200
2026-06-27 21:48:41 - POST /api/v1/players/ 201
2026-06-27 21:48:41 - POST /api/v1/players/ 201
2026-06-27 21:48:41 - POST /api/v1/players/ 201
2026-06-27 21:48:41 - POST /api/v1/players/ 201
2026-06-27 21:48:41 - POST /api/v1/players/ 201
2026-06-27 21:48:41 - POST /api/v1/teams/ 201
2026-06-27 21:48:41 - POST /api/v1/teams/ 201
2026-06-27 21:48:41 - POST /api/v1/teams/dd3f49e5-ebc4-47fa-9274-a9a91094a133/players 200
2026-06-27 21:48:41 - POST /api/v1/teams/dd3f49e5-ebc4-47fa-9274-a9a91094a133/players 200
2026-06-27 21:48:41 - POST /api/v1/teams/dd3f49e5-ebc4-47fa-9274-a9a91094a133/players 200
2026-06-27 21:48:41 - POST /api/v1/teams/904b70e9-f4b7-44bc-b6af-a0213572f889/players 200
2026-06-27 21:48:41 - POST /api/v1/teams/904b70e9-f4b7-44bc-b6af-a0213572f889/players 200
2026-06-27 21:48:41 - POST /api/v1/matches/ 201
2026-06-27 21:48:41 - POST /api/v1/matches/e350f9ae-a620-4baa-bc21-3f1cb4d7a28f/toss 200
2026-06-27 21:48:41 - POST /api/v1/matches/e350f9ae-a620-4baa-bc21-3f1cb4d7a28f/squads 200
2026-06-27 21:48:41 - POST /api/v1/matches/e350f9ae-a620-4baa-bc21-3f1cb4d7a28f/squads 200
2026-06-27 21:48:41 - POST /api/v1/matches/e350f9ae-a620-4baa-bc21-3f1cb4d7a28f/balls 201
2026-06-27 21:48:41 - GET /api/v1/matches/e350f9ae-a620-4baa-bc21-3f1cb4d7a28f/live 200
2026-06-27 21:48:41 - POST /api/v1/matches/e350f9ae-a620-4baa-bc21-3f1cb4d7a28f/balls 201
2026-06-27 21:48:41 - GET /api/v1/matches/e350f9ae-a620-4baa-bc21-3f1cb4d7a28f/live 200
2026-06-27 21:48:41 - POST /api/v1/matches/e350f9ae-a620-4baa-bc21-3f1cb4d7a28f/balls 201
2026-06-27 21:48:41 - GET /api/v1/matches/e350f9ae-a620-4baa-bc21-3f1cb4d7a28f/live 200
2026-06-27 21:48:41 - POST /api/v1/matches/e350f9ae-a620-4baa-bc21-3f1cb4d7a28f/balls 201
2026-06-27 21:48:41 - GET /api/v1/matches/e350f9ae-a620-4baa-bc21-3f1cb4d7a28f/live 200
2026-06-27 21:48:41 - POST /api/v1/matches/e350f9ae-a620-4baa-bc21-3f1cb4d7a28f/balls 201
2026-06-27 21:48:41 - GET /api/v1/matches/e350f9ae-a620-4baa-bc21-3f1cb4d7a28f/live 200
2026-06-27 21:48:41 - POST /api/v1/matches/e350f9ae-a620-4baa-bc21-3f1cb4d7a28f/balls 201
2026-06-27 21:48:41 - GET /api/v1/matches/e350f9ae-a620-4baa-bc21-3f1cb4d7a28f/live 200
2026-06-27 21:48:41 - POST /api/v1/matches/e350f9ae-a620-4baa-bc21-3f1cb4d7a28f/balls 201
2026-06-27 21:48:41 - GET /api/v1/matches/e350f9ae-a620-4baa-bc21-3f1cb4d7a28f/live 200
2026-06-27 21:48:41 - GET /api/v1/matches/e350f9ae-a620-4baa-bc21-3f1cb4d7a28f/scorecard 200
2026-06-27 21:48:43 - POST /api/v1/auth/signup 201
2026-06-27 21:48:44 - POST /api/v1/auth/signup 201
2026-06-27 21:48:46 - POST /api/v1/auth/signup 201
2026-06-27 21:48:47 - POST /api/v1/auth/login 200
2026-06-27 21:48:47 - POST /api/v1/auth/login 200
2026-06-27 21:48:47 - POST /api/v1/auth/login 200
2026-06-27 21:48:47 - POST /api/v1/teams/ 201
2026-06-27 21:48:47 - GET /api/v1/teams/my-teams 200
2026-06-27 21:48:47 - POST /api/v1/teams/4fa1c281-1b1f-4e42-b166-6770ae1d0893/join-request 200
2026-06-27 21:48:47 - GET /api/v1/teams/my-teams 200
2026-06-27 21:48:47 - POST /api/v1/teams/4fa1c281-1b1f-4e42-b166-6770ae1d0893/approve-request 403
2026-06-27 21:48:47 - POST /api/v1/teams/4fa1c281-1b1f-4e42-b166-6770ae1d0893/approve-request 200
2026-06-27 21:48:47 - POST /api/v1/teams/4fa1c281-1b1f-4e42-b166-6770ae1d0893/members 200
2026-06-27 21:48:47 - POST /api/v1/teams/4fa1c281-1b1f-4e42-b166-6770ae1d0893/invitations/accept 200
2026-06-27 21:48:47 - GET /api/v1/teams/4fa1c281-1b1f-4e42-b166-6770ae1d0893/members 200
2026-06-27 21:48:50 - POST /api/v1/auth/login 200
2026-06-27 21:48:50 - POST /api/v1/teams/ 201
2026-06-27 21:48:51 - POST /api/v1/auth/login 200
2026-06-27 21:48:51 - POST /api/v1/teams/9eea6d1b-bfe1-4e12-90f1-911bad4bb5f3/members 200
2026-06-27 21:48:51 - GET /api/v1/notifications/ 200
2026-06-27 21:48:51 - GET /api/v1/teams/my-invitations 200
2026-06-27 21:48:51 - POST /api/v1/notifications/fa0a3101-9e3d-476c-ad34-4a9ed315fd79/read 200
2026-06-27 21:48:51 - POST /api/v1/teams/9eea6d1b-bfe1-4e12-90f1-911bad4bb5f3/invitations/accept 200
2026-06-27 21:48:51 - GET /api/v1/notifications/ 200
2026-06-27 21:48:52 - POST /api/v1/auth/login 200
2026-06-27 21:48:52 - POST /api/v1/teams/ 201
2026-06-27 21:48:53 - POST /api/v1/auth/login 200
2026-06-27 21:48:53 - POST /api/v1/teams/38e4010a-9d3a-4dd5-bfb2-0b03715ccdc2/members 200
2026-06-27 21:48:53 - POST /api/v1/teams/38e4010a-9d3a-4dd5-bfb2-0b03715ccdc2/invitations/reject 204
2026-06-27 21:48:53 - GET /api/v1/notifications/ 200
2026-06-27 21:48:54 - POST /api/v1/auth/login 200
2026-06-27 21:48:54 - POST /api/v1/teams/ 201
2026-06-27 21:48:55 - POST /api/v1/auth/login 200
2026-06-27 21:48:55 - POST /api/v1/teams/a3ce4d24-26c9-4779-9964-dd08bff5a38c/join-request 200
2026-06-27 21:48:55 - POST /api/v1/teams/a3ce4d24-26c9-4779-9964-dd08bff5a38c/reject-request 204
2026-06-27 21:48:55 - GET /api/v1/notifications/ 200
2026-06-27 21:48:56 - POST /api/v1/auth/login 200
2026-06-27 21:48:56 - POST /api/v1/teams/ 201
2026-06-27 21:48:57 - POST /api/v1/auth/login 200
2026-06-27 21:48:57 - PUT /api/v1/teams/c2b9bf62-5aa2-4cea-a30e-bb3e4ed30703 403
2026-06-27 21:48:57 - DELETE /api/v1/teams/c2b9bf62-5aa2-4cea-a30e-bb3e4ed30703 403
2026-06-27 21:48:57 - PUT /api/v1/teams/c2b9bf62-5aa2-4cea-a30e-bb3e4ed30703 200
2026-06-27 21:48:57 - DELETE /api/v1/teams/c2b9bf62-5aa2-4cea-a30e-bb3e4ed30703 204
2026-06-27 21:48:57 - GET /api/v1/teams/c2b9bf62-5aa2-4cea-a30e-bb3e4ed30703 404
2026-06-27 21:48:59 - POST /api/v1/auth/login 200
2026-06-27 21:48:59 - GET /api/v1/notifications/ 200
2026-06-27 21:48:59 - POST /api/v1/notifications/read-all 204
2026-06-27 21:48:59 - GET /api/v1/notifications/ 200
2026-06-27 21:49:00 - POST /api/v1/auth/login 200
2026-06-27 21:49:00 - POST /api/v1/tournaments/ 201
2026-06-27 21:49:00 - POST /api/v1/players/ 201
2026-06-27 21:49:00 - POST /api/v1/players/ 201
2026-06-27 21:49:00 - POST /api/v1/players/ 201
2026-06-27 21:49:00 - POST /api/v1/players/ 201
2026-06-27 21:49:00 - POST /api/v1/teams/ 201
2026-06-27 21:49:00 - POST /api/v1/teams/b603d5c4-9341-4869-9481-fe46add26ab8/players 200
2026-06-27 21:49:00 - POST /api/v1/teams/b603d5c4-9341-4869-9481-fe46add26ab8/players 200
2026-06-27 21:49:00 - POST /api/v1/teams/b603d5c4-9341-4869-9481-fe46add26ab8/players 200
2026-06-27 21:49:00 - POST /api/v1/teams/b603d5c4-9341-4869-9481-fe46add26ab8/players 200
2026-06-27 21:49:00 - POST /api/v1/tournaments/2e1d71b0-c49e-46c8-9213-358b0ca289bd/teams 400
2026-06-27 21:49:00 - POST /api/v1/players/ 201
2026-06-27 21:49:00 - POST /api/v1/teams/b603d5c4-9341-4869-9481-fe46add26ab8/players 200
2026-06-27 21:49:00 - POST /api/v1/tournaments/2e1d71b0-c49e-46c8-9213-358b0ca289bd/teams 200
2026-06-27 21:49:00 - DELETE /api/v1/tournaments/2e1d71b0-c49e-46c8-9213-358b0ca289bd/teams/b603d5c4-9341-4869-9481-fe46add26ab8 200
2026-06-27 21:49:01 - POST /api/v1/auth/login 200
2026-06-27 21:49:01 - POST /api/v1/teams/ 201
2026-06-27 21:49:01 - POST /api/v1/players/ 201
2026-06-27 21:49:01 - POST /api/v1/teams/49363550-0256-4611-b182-77300001b1e9/players 200
2026-06-27 21:49:01 - POST /api/v1/players/ 201
2026-06-27 21:49:01 - POST /api/v1/teams/49363550-0256-4611-b182-77300001b1e9/players 200
2026-06-27 21:49:01 - POST /api/v1/players/ 201
2026-06-27 21:49:01 - POST /api/v1/teams/49363550-0256-4611-b182-77300001b1e9/players 200
2026-06-27 21:49:01 - POST /api/v1/players/ 201
2026-06-27 21:49:01 - POST /api/v1/teams/49363550-0256-4611-b182-77300001b1e9/players 200
2026-06-27 21:49:01 - POST /api/v1/players/ 201
2026-06-27 21:49:01 - POST /api/v1/teams/49363550-0256-4611-b182-77300001b1e9/players 200
2026-06-27 21:49:01 - POST /api/v1/teams/ 201
2026-06-27 21:49:01 - POST /api/v1/players/ 201
2026-06-27 21:49:01 - POST /api/v1/teams/7b8565e6-f68b-463c-867e-370ae8eff10a/players 200
2026-06-27 21:49:01 - POST /api/v1/players/ 201
2026-06-27 21:49:01 - POST /api/v1/teams/7b8565e6-f68b-463c-867e-370ae8eff10a/players 200
2026-06-27 21:49:01 - POST /api/v1/players/ 201
2026-06-27 21:49:01 - POST /api/v1/teams/7b8565e6-f68b-463c-867e-370ae8eff10a/players 200
2026-06-27 21:49:01 - POST /api/v1/players/ 201
2026-06-27 21:49:01 - POST /api/v1/teams/7b8565e6-f68b-463c-867e-370ae8eff10a/players 200
2026-06-27 21:49:01 - POST /api/v1/players/ 201
2026-06-27 21:49:01 - POST /api/v1/teams/7b8565e6-f68b-463c-867e-370ae8eff10a/players 200
2026-06-27 21:49:01 - POST /api/v1/tournaments/ 201
2026-06-27 21:49:02 - POST /api/v1/tournaments/d59f3ab1-1f9c-4f58-9e14-aa40cbc71b0d/teams 200
2026-06-27 21:49:02 - POST /api/v1/tournaments/d59f3ab1-1f9c-4f58-9e14-aa40cbc71b0d/teams 200
2026-06-27 21:49:02 - POST /api/v1/tournaments/d59f3ab1-1f9c-4f58-9e14-aa40cbc71b0d/fixtures/generate 201
2026-06-27 21:49:02 - GET /api/v1/tournaments/d59f3ab1-1f9c-4f58-9e14-aa40cbc71b0d/dashboard 200
2026-06-27 21:49:02 - POST /api/v1/matches/3f7c0bd7-a2c1-4141-b6a0-a1dc9fe3351a/toss 200
2026-06-27 21:49:02 - GET /api/v1/teams/49363550-0256-4611-b182-77300001b1e9 200
2026-06-27 21:49:02 - GET /api/v1/teams/7b8565e6-f68b-463c-867e-370ae8eff10a 200
2026-06-27 21:49:02 - POST /api/v1/matches/3f7c0bd7-a2c1-4141-b6a0-a1dc9fe3351a/squads 200
2026-06-27 21:49:02 - POST /api/v1/matches/3f7c0bd7-a2c1-4141-b6a0-a1dc9fe3351a/squads 200
2026-06-27 21:49:02 - POST /api/v1/matches/3f7c0bd7-a2c1-4141-b6a0-a1dc9fe3351a/balls 201
2026-06-27 21:49:02 - POST /api/v1/matches/3f7c0bd7-a2c1-4141-b6a0-a1dc9fe3351a/balls 201
2026-06-27 21:49:02 - POST /api/v1/matches/3f7c0bd7-a2c1-4141-b6a0-a1dc9fe3351a/balls 201
2026-06-27 21:49:02 - POST /api/v1/matches/3f7c0bd7-a2c1-4141-b6a0-a1dc9fe3351a/balls 201
2026-06-27 21:49:02 - POST /api/v1/matches/3f7c0bd7-a2c1-4141-b6a0-a1dc9fe3351a/balls 201
2026-06-27 21:49:02 - POST /api/v1/matches/3f7c0bd7-a2c1-4141-b6a0-a1dc9fe3351a/balls 201
2026-06-27 21:49:02 - POST /api/v1/matches/3f7c0bd7-a2c1-4141-b6a0-a1dc9fe3351a/balls 201
2026-06-27 21:49:02 - POST /api/v1/matches/3f7c0bd7-a2c1-4141-b6a0-a1dc9fe3351a/balls 201
2026-06-27 21:49:02 - POST /api/v1/matches/3f7c0bd7-a2c1-4141-b6a0-a1dc9fe3351a/balls 201
2026-06-27 21:49:02 - GET /api/v1/tournaments/d59f3ab1-1f9c-4f58-9e14-aa40cbc71b0d/points-table 200
2026-06-27 21:49:02 - GET /api/v1/tournaments/d59f3ab1-1f9c-4f58-9e14-aa40cbc71b0d/leaderboards 200
2026-06-27 21:49:03 - POST /api/v1/auth/login 200
2026-06-27 21:49:03 - POST /api/v1/teams/ 201
2026-06-27 21:49:03 - POST /api/v1/players/ 201
2026-06-27 21:49:03 - POST /api/v1/teams/df545c80-9771-4dc5-bf02-fca0d1a1cdd1/players 200
2026-06-27 21:49:03 - POST /api/v1/players/ 201
2026-06-27 21:49:03 - POST /api/v1/teams/df545c80-9771-4dc5-bf02-fca0d1a1cdd1/players 200
2026-06-27 21:49:03 - POST /api/v1/players/ 201
2026-06-27 21:49:03 - POST /api/v1/teams/df545c80-9771-4dc5-bf02-fca0d1a1cdd1/players 200
2026-06-27 21:49:03 - POST /api/v1/players/ 201
2026-06-27 21:49:03 - POST /api/v1/teams/df545c80-9771-4dc5-bf02-fca0d1a1cdd1/players 200
2026-06-27 21:49:03 - POST /api/v1/players/ 201
2026-06-27 21:49:03 - POST /api/v1/teams/df545c80-9771-4dc5-bf02-fca0d1a1cdd1/players 200
2026-06-27 21:49:03 - POST /api/v1/teams/ 201
2026-06-27 21:49:03 - POST /api/v1/players/ 201
2026-06-27 21:49:03 - POST /api/v1/teams/520df76b-c73a-4a3c-942c-b0b16586fcef/players 200
2026-06-27 21:49:03 - POST /api/v1/players/ 201
2026-06-27 21:49:03 - POST /api/v1/teams/520df76b-c73a-4a3c-942c-b0b16586fcef/players 200
2026-06-27 21:49:03 - POST /api/v1/players/ 201
2026-06-27 21:49:03 - POST /api/v1/teams/520df76b-c73a-4a3c-942c-b0b16586fcef/players 200
2026-06-27 21:49:03 - POST /api/v1/players/ 201
2026-06-27 21:49:03 - POST /api/v1/teams/520df76b-c73a-4a3c-942c-b0b16586fcef/players 200
2026-06-27 21:49:03 - POST /api/v1/players/ 201
2026-06-27 21:49:03 - POST /api/v1/teams/520df76b-c73a-4a3c-942c-b0b16586fcef/players 200
2026-06-27 21:49:03 - POST /api/v1/teams/ 201
2026-06-27 21:49:03 - POST /api/v1/players/ 201
2026-06-27 21:49:03 - POST /api/v1/teams/47dde0af-6f64-4a68-bfe2-9d1b9cb85eb7/players 200
2026-06-27 21:49:03 - POST /api/v1/players/ 201
2026-06-27 21:49:03 - POST /api/v1/teams/47dde0af-6f64-4a68-bfe2-9d1b9cb85eb7/players 200
2026-06-27 21:49:03 - POST /api/v1/players/ 201
2026-06-27 21:49:03 - POST /api/v1/teams/47dde0af-6f64-4a68-bfe2-9d1b9cb85eb7/players 200
2026-06-27 21:49:04 - POST /api/v1/players/ 201
2026-06-27 21:49:04 - POST /api/v1/teams/47dde0af-6f64-4a68-bfe2-9d1b9cb85eb7/players 200
2026-06-27 21:49:04 - POST /api/v1/players/ 201
2026-06-27 21:49:04 - POST /api/v1/teams/47dde0af-6f64-4a68-bfe2-9d1b9cb85eb7/players 200
2026-06-27 21:49:04 - POST /api/v1/teams/ 201
2026-06-27 21:49:04 - POST /api/v1/players/ 201
2026-06-27 21:49:04 - POST /api/v1/teams/5eab8bfd-1bba-4232-b081-80cfa56eee06/players 200
2026-06-27 21:49:04 - POST /api/v1/players/ 201
2026-06-27 21:49:04 - POST /api/v1/teams/5eab8bfd-1bba-4232-b081-80cfa56eee06/players 200
2026-06-27 21:49:04 - POST /api/v1/players/ 201
2026-06-27 21:49:04 - POST /api/v1/teams/5eab8bfd-1bba-4232-b081-80cfa56eee06/players 200
2026-06-27 21:49:04 - POST /api/v1/players/ 201
2026-06-27 21:49:04 - POST /api/v1/teams/5eab8bfd-1bba-4232-b081-80cfa56eee06/players 200
2026-06-27 21:49:04 - POST /api/v1/players/ 201
2026-06-27 21:49:04 - POST /api/v1/teams/5eab8bfd-1bba-4232-b081-80cfa56eee06/players 200
2026-06-27 21:49:04 - POST /api/v1/tournaments/ 201
2026-06-27 21:49:04 - POST /api/v1/tournaments/0e6d19d4-27ef-4660-8119-dc9f39ee590b/teams 200
2026-06-27 21:49:04 - POST /api/v1/tournaments/0e6d19d4-27ef-4660-8119-dc9f39ee590b/teams 200
2026-06-27 21:49:04 - POST /api/v1/tournaments/0e6d19d4-27ef-4660-8119-dc9f39ee590b/teams 200
2026-06-27 21:49:04 - POST /api/v1/tournaments/0e6d19d4-27ef-4660-8119-dc9f39ee590b/teams 200
2026-06-27 21:49:04 - POST /api/v1/tournaments/0e6d19d4-27ef-4660-8119-dc9f39ee590b/fixtures/generate 201
2026-06-27 21:49:04 - GET /api/v1/tournaments/0e6d19d4-27ef-4660-8119-dc9f39ee590b/dashboard 200
2026-06-27 21:49:04 - GET /api/v1/tournaments/0e6d19d4-27ef-4660-8119-dc9f39ee590b/dashboard 200
2026-06-27 21:49:04 - POST /api/v1/matches/c80fbd3e-2a03-4e36-ad8e-75f560b9b96c/toss 200
2026-06-27 21:49:04 - GET /api/v1/teams/520df76b-c73a-4a3c-942c-b0b16586fcef 200
2026-06-27 21:49:04 - GET /api/v1/teams/47dde0af-6f64-4a68-bfe2-9d1b9cb85eb7 200
2026-06-27 21:49:04 - POST /api/v1/matches/c80fbd3e-2a03-4e36-ad8e-75f560b9b96c/squads 200
2026-06-27 21:49:04 - POST /api/v1/matches/c80fbd3e-2a03-4e36-ad8e-75f560b9b96c/squads 200
2026-06-27 21:49:04 - POST /api/v1/matches/c80fbd3e-2a03-4e36-ad8e-75f560b9b96c/balls 201
2026-06-27 21:49:04 - POST /api/v1/matches/c80fbd3e-2a03-4e36-ad8e-75f560b9b96c/balls 201
2026-06-27 21:49:04 - POST /api/v1/matches/c80fbd3e-2a03-4e36-ad8e-75f560b9b96c/balls 201
2026-06-27 21:49:04 - POST /api/v1/matches/c80fbd3e-2a03-4e36-ad8e-75f560b9b96c/balls 201
2026-06-27 21:49:04 - POST /api/v1/matches/c80fbd3e-2a03-4e36-ad8e-75f560b9b96c/balls 201
2026-06-27 21:49:04 - POST /api/v1/matches/c80fbd3e-2a03-4e36-ad8e-75f560b9b96c/balls 201
2026-06-27 21:49:04 - POST /api/v1/matches/c80fbd3e-2a03-4e36-ad8e-75f560b9b96c/balls 201
2026-06-27 21:49:04 - POST /api/v1/matches/c80fbd3e-2a03-4e36-ad8e-75f560b9b96c/balls 201
2026-06-27 21:49:04 - POST /api/v1/matches/c80fbd3e-2a03-4e36-ad8e-75f560b9b96c/balls 201
2026-06-27 21:49:04 - POST /api/v1/matches/c80fbd3e-2a03-4e36-ad8e-75f560b9b96c/balls 201
2026-06-27 21:49:04 - POST /api/v1/matches/c80fbd3e-2a03-4e36-ad8e-75f560b9b96c/balls 201
2026-06-27 21:49:04 - POST /api/v1/matches/c80fbd3e-2a03-4e36-ad8e-75f560b9b96c/balls 201
2026-06-27 21:49:04 - POST /api/v1/matches/f18d1dad-5ec9-4529-aeed-f19d4c03d62f/toss 200
2026-06-27 21:49:04 - GET /api/v1/teams/47dde0af-6f64-4a68-bfe2-9d1b9cb85eb7 200
2026-06-27 21:49:04 - GET /api/v1/teams/5eab8bfd-1bba-4232-b081-80cfa56eee06 200
2026-06-27 21:49:04 - POST /api/v1/matches/f18d1dad-5ec9-4529-aeed-f19d4c03d62f/squads 200
2026-06-27 21:49:04 - POST /api/v1/matches/f18d1dad-5ec9-4529-aeed-f19d4c03d62f/squads 200
2026-06-27 21:49:04 - POST /api/v1/matches/f18d1dad-5ec9-4529-aeed-f19d4c03d62f/balls 201
2026-06-27 21:49:04 - POST /api/v1/matches/f18d1dad-5ec9-4529-aeed-f19d4c03d62f/balls 201
2026-06-27 21:49:04 - POST /api/v1/matches/f18d1dad-5ec9-4529-aeed-f19d4c03d62f/balls 201
2026-06-27 21:49:04 - POST /api/v1/matches/f18d1dad-5ec9-4529-aeed-f19d4c03d62f/balls 201
2026-06-27 21:49:05 - POST /api/v1/matches/f18d1dad-5ec9-4529-aeed-f19d4c03d62f/balls 201
2026-06-27 21:49:05 - POST /api/v1/matches/f18d1dad-5ec9-4529-aeed-f19d4c03d62f/balls 201
2026-06-27 21:49:05 - POST /api/v1/matches/f18d1dad-5ec9-4529-aeed-f19d4c03d62f/balls 201
2026-06-27 21:49:05 - POST /api/v1/matches/f18d1dad-5ec9-4529-aeed-f19d4c03d62f/balls 201
2026-06-27 21:49:05 - POST /api/v1/matches/f18d1dad-5ec9-4529-aeed-f19d4c03d62f/balls 201
2026-06-27 21:49:05 - POST /api/v1/matches/f18d1dad-5ec9-4529-aeed-f19d4c03d62f/balls 201
2026-06-27 21:49:05 - POST /api/v1/matches/f18d1dad-5ec9-4529-aeed-f19d4c03d62f/balls 201
2026-06-27 21:49:05 - POST /api/v1/matches/f18d1dad-5ec9-4529-aeed-f19d4c03d62f/balls 201
2026-06-27 21:49:05 - POST /api/v1/matches/4c5aa9b6-4213-4259-aeca-243269d86977/toss 200
2026-06-27 21:49:05 - GET /api/v1/teams/df545c80-9771-4dc5-bf02-fca0d1a1cdd1 200
2026-06-27 21:49:05 - GET /api/v1/teams/47dde0af-6f64-4a68-bfe2-9d1b9cb85eb7 200
2026-06-27 21:49:05 - POST /api/v1/matches/4c5aa9b6-4213-4259-aeca-243269d86977/squads 200
2026-06-27 21:49:05 - POST /api/v1/matches/4c5aa9b6-4213-4259-aeca-243269d86977/squads 200
2026-06-27 21:49:05 - POST /api/v1/matches/4c5aa9b6-4213-4259-aeca-243269d86977/balls 201
2026-06-27 21:49:05 - POST /api/v1/matches/4c5aa9b6-4213-4259-aeca-243269d86977/balls 201
2026-06-27 21:49:05 - POST /api/v1/matches/4c5aa9b6-4213-4259-aeca-243269d86977/balls 201
2026-06-27 21:49:05 - POST /api/v1/matches/4c5aa9b6-4213-4259-aeca-243269d86977/balls 201
2026-06-27 21:49:05 - POST /api/v1/matches/4c5aa9b6-4213-4259-aeca-243269d86977/balls 201
2026-06-27 21:49:05 - POST /api/v1/matches/4c5aa9b6-4213-4259-aeca-243269d86977/balls 201
2026-06-27 21:49:05 - POST /api/v1/matches/4c5aa9b6-4213-4259-aeca-243269d86977/balls 201
2026-06-27 21:49:05 - POST /api/v1/matches/4c5aa9b6-4213-4259-aeca-243269d86977/balls 201
2026-06-27 21:49:05 - POST /api/v1/matches/4c5aa9b6-4213-4259-aeca-243269d86977/balls 201
2026-06-27 21:49:05 - POST /api/v1/matches/4c5aa9b6-4213-4259-aeca-243269d86977/balls 201
2026-06-27 21:49:05 - POST /api/v1/matches/4c5aa9b6-4213-4259-aeca-243269d86977/balls 201
2026-06-27 21:49:05 - POST /api/v1/matches/4c5aa9b6-4213-4259-aeca-243269d86977/balls 201
2026-06-27 21:49:05 - POST /api/v1/matches/5bce69dd-43a3-423f-ac27-a37e5217d6d9/toss 200
2026-06-27 21:49:05 - GET /api/v1/teams/520df76b-c73a-4a3c-942c-b0b16586fcef 200
2026-06-27 21:49:05 - GET /api/v1/teams/5eab8bfd-1bba-4232-b081-80cfa56eee06 200
2026-06-27 21:49:05 - POST /api/v1/matches/5bce69dd-43a3-423f-ac27-a37e5217d6d9/squads 200
2026-06-27 21:49:05 - POST /api/v1/matches/5bce69dd-43a3-423f-ac27-a37e5217d6d9/squads 200
2026-06-27 21:49:05 - POST /api/v1/matches/5bce69dd-43a3-423f-ac27-a37e5217d6d9/balls 201
2026-06-27 21:49:05 - POST /api/v1/matches/5bce69dd-43a3-423f-ac27-a37e5217d6d9/balls 201
2026-06-27 21:49:05 - POST /api/v1/matches/5bce69dd-43a3-423f-ac27-a37e5217d6d9/balls 201
2026-06-27 21:49:05 - POST /api/v1/matches/5bce69dd-43a3-423f-ac27-a37e5217d6d9/balls 201
2026-06-27 21:49:05 - POST /api/v1/matches/5bce69dd-43a3-423f-ac27-a37e5217d6d9/balls 201
2026-06-27 21:49:05 - POST /api/v1/matches/5bce69dd-43a3-423f-ac27-a37e5217d6d9/balls 201
2026-06-27 21:49:05 - POST /api/v1/matches/5bce69dd-43a3-423f-ac27-a37e5217d6d9/balls 201
2026-06-27 21:49:05 - POST /api/v1/matches/5bce69dd-43a3-423f-ac27-a37e5217d6d9/balls 201
2026-06-27 21:49:05 - POST /api/v1/matches/5bce69dd-43a3-423f-ac27-a37e5217d6d9/balls 201
2026-06-27 21:49:05 - POST /api/v1/matches/5bce69dd-43a3-423f-ac27-a37e5217d6d9/balls 201
2026-06-27 21:49:05 - POST /api/v1/matches/5bce69dd-43a3-423f-ac27-a37e5217d6d9/balls 201
2026-06-27 21:49:05 - POST /api/v1/matches/5bce69dd-43a3-423f-ac27-a37e5217d6d9/balls 201
2026-06-27 21:49:06 - POST /api/v1/matches/77b24152-836a-42fc-94e7-6b9793df08dd/toss 200
2026-06-27 21:49:06 - GET /api/v1/teams/df545c80-9771-4dc5-bf02-fca0d1a1cdd1 200
2026-06-27 21:49:06 - GET /api/v1/teams/520df76b-c73a-4a3c-942c-b0b16586fcef 200
2026-06-27 21:49:06 - POST /api/v1/matches/77b24152-836a-42fc-94e7-6b9793df08dd/squads 200
2026-06-27 21:49:06 - POST /api/v1/matches/77b24152-836a-42fc-94e7-6b9793df08dd/squads 200
2026-06-27 21:49:06 - POST /api/v1/matches/77b24152-836a-42fc-94e7-6b9793df08dd/balls 201
2026-06-27 21:49:06 - POST /api/v1/matches/77b24152-836a-42fc-94e7-6b9793df08dd/balls 201
2026-06-27 21:49:06 - POST /api/v1/matches/77b24152-836a-42fc-94e7-6b9793df08dd/balls 201
2026-06-27 21:49:06 - POST /api/v1/matches/77b24152-836a-42fc-94e7-6b9793df08dd/balls 201
2026-06-27 21:49:06 - POST /api/v1/matches/77b24152-836a-42fc-94e7-6b9793df08dd/balls 201
2026-06-27 21:49:06 - POST /api/v1/matches/77b24152-836a-42fc-94e7-6b9793df08dd/balls 201
2026-06-27 21:49:06 - POST /api/v1/matches/77b24152-836a-42fc-94e7-6b9793df08dd/balls 201
2026-06-27 21:49:06 - POST /api/v1/matches/77b24152-836a-42fc-94e7-6b9793df08dd/balls 201
2026-06-27 21:49:06 - POST /api/v1/matches/77b24152-836a-42fc-94e7-6b9793df08dd/balls 201
2026-06-27 21:49:06 - POST /api/v1/matches/77b24152-836a-42fc-94e7-6b9793df08dd/balls 201
2026-06-27 21:49:06 - POST /api/v1/matches/77b24152-836a-42fc-94e7-6b9793df08dd/balls 201
2026-06-27 21:49:06 - POST /api/v1/matches/77b24152-836a-42fc-94e7-6b9793df08dd/balls 201
2026-06-27 21:49:06 - POST /api/v1/matches/926d7e4b-d55a-48c9-98f3-4de954f42d90/toss 200
2026-06-27 21:49:06 - GET /api/v1/teams/df545c80-9771-4dc5-bf02-fca0d1a1cdd1 200
2026-06-27 21:49:06 - GET /api/v1/teams/5eab8bfd-1bba-4232-b081-80cfa56eee06 200
2026-06-27 21:49:06 - POST /api/v1/matches/926d7e4b-d55a-48c9-98f3-4de954f42d90/squads 200
2026-06-27 21:49:06 - POST /api/v1/matches/926d7e4b-d55a-48c9-98f3-4de954f42d90/squads 200
2026-06-27 21:49:06 - POST /api/v1/matches/926d7e4b-d55a-48c9-98f3-4de954f42d90/balls 201
2026-06-27 21:49:06 - POST /api/v1/matches/926d7e4b-d55a-48c9-98f3-4de954f42d90/balls 201
2026-06-27 21:49:06 - POST /api/v1/matches/926d7e4b-d55a-48c9-98f3-4de954f42d90/balls 201
2026-06-27 21:49:06 - POST /api/v1/matches/926d7e4b-d55a-48c9-98f3-4de954f42d90/balls 201
2026-06-27 21:49:06 - POST /api/v1/matches/926d7e4b-d55a-48c9-98f3-4de954f42d90/balls 201
2026-06-27 21:49:06 - POST /api/v1/matches/926d7e4b-d55a-48c9-98f3-4de954f42d90/balls 201
2026-06-27 21:49:06 - POST /api/v1/matches/926d7e4b-d55a-48c9-98f3-4de954f42d90/balls 201
2026-06-27 21:49:06 - POST /api/v1/matches/926d7e4b-d55a-48c9-98f3-4de954f42d90/balls 201
2026-06-27 21:49:06 - POST /api/v1/matches/926d7e4b-d55a-48c9-98f3-4de954f42d90/balls 201
2026-06-27 21:49:06 - POST /api/v1/matches/926d7e4b-d55a-48c9-98f3-4de954f42d90/balls 201
2026-06-27 21:49:06 - POST /api/v1/matches/926d7e4b-d55a-48c9-98f3-4de954f42d90/balls 201
2026-06-27 21:49:06 - POST /api/v1/matches/926d7e4b-d55a-48c9-98f3-4de954f42d90/balls 201
2026-06-27 21:49:06 - GET /api/v1/tournaments/0e6d19d4-27ef-4660-8119-dc9f39ee590b/dashboard 200
2026-06-27 21:49:06 - POST /api/v1/matches/e54ca88f-bddb-46cb-85ab-6733fcf800eb/toss 200
2026-06-27 21:49:06 - GET /api/v1/teams/df545c80-9771-4dc5-bf02-fca0d1a1cdd1 200
2026-06-27 21:49:06 - GET /api/v1/teams/5eab8bfd-1bba-4232-b081-80cfa56eee06 200
2026-06-27 21:49:07 - POST /api/v1/matches/e54ca88f-bddb-46cb-85ab-6733fcf800eb/squads 200
2026-06-27 21:49:07 - POST /api/v1/matches/e54ca88f-bddb-46cb-85ab-6733fcf800eb/squads 200
2026-06-27 21:49:07 - POST /api/v1/matches/e54ca88f-bddb-46cb-85ab-6733fcf800eb/balls 201
2026-06-27 21:49:07 - POST /api/v1/matches/e54ca88f-bddb-46cb-85ab-6733fcf800eb/balls 201
2026-06-27 21:49:07 - POST /api/v1/matches/e54ca88f-bddb-46cb-85ab-6733fcf800eb/balls 201
2026-06-27 21:49:07 - POST /api/v1/matches/e54ca88f-bddb-46cb-85ab-6733fcf800eb/balls 201
2026-06-27 21:49:07 - POST /api/v1/matches/e54ca88f-bddb-46cb-85ab-6733fcf800eb/balls 201
2026-06-27 21:49:07 - POST /api/v1/matches/e54ca88f-bddb-46cb-85ab-6733fcf800eb/balls 201
2026-06-27 21:49:07 - POST /api/v1/matches/e54ca88f-bddb-46cb-85ab-6733fcf800eb/balls 201
2026-06-27 21:49:07 - POST /api/v1/matches/e54ca88f-bddb-46cb-85ab-6733fcf800eb/balls 201
2026-06-27 21:49:07 - POST /api/v1/matches/e54ca88f-bddb-46cb-85ab-6733fcf800eb/balls 201
2026-06-27 21:49:07 - POST /api/v1/matches/e54ca88f-bddb-46cb-85ab-6733fcf800eb/balls 201
2026-06-27 21:49:07 - POST /api/v1/matches/e54ca88f-bddb-46cb-85ab-6733fcf800eb/balls 201
2026-06-27 21:49:07 - POST /api/v1/matches/e54ca88f-bddb-46cb-85ab-6733fcf800eb/balls 201
2026-06-27 21:49:07 - POST /api/v1/matches/a4997d90-2b64-40a6-96db-ea8bcd1f8b4d/toss 200
2026-06-27 21:49:07 - GET /api/v1/teams/520df76b-c73a-4a3c-942c-b0b16586fcef 200
2026-06-27 21:49:07 - GET /api/v1/teams/47dde0af-6f64-4a68-bfe2-9d1b9cb85eb7 200
2026-06-27 21:49:07 - POST /api/v1/matches/a4997d90-2b64-40a6-96db-ea8bcd1f8b4d/squads 200
2026-06-27 21:49:07 - POST /api/v1/matches/a4997d90-2b64-40a6-96db-ea8bcd1f8b4d/squads 200
2026-06-27 21:49:07 - POST /api/v1/matches/a4997d90-2b64-40a6-96db-ea8bcd1f8b4d/balls 201
2026-06-27 21:49:07 - POST /api/v1/matches/a4997d90-2b64-40a6-96db-ea8bcd1f8b4d/balls 201
2026-06-27 21:49:07 - POST /api/v1/matches/a4997d90-2b64-40a6-96db-ea8bcd1f8b4d/balls 201
2026-06-27 21:49:07 - POST /api/v1/matches/a4997d90-2b64-40a6-96db-ea8bcd1f8b4d/balls 201
2026-06-27 21:49:07 - POST /api/v1/matches/a4997d90-2b64-40a6-96db-ea8bcd1f8b4d/balls 201
2026-06-27 21:49:07 - POST /api/v1/matches/a4997d90-2b64-40a6-96db-ea8bcd1f8b4d/balls 201
2026-06-27 21:49:07 - POST /api/v1/matches/a4997d90-2b64-40a6-96db-ea8bcd1f8b4d/balls 201
2026-06-27 21:49:07 - POST /api/v1/matches/a4997d90-2b64-40a6-96db-ea8bcd1f8b4d/balls 201
2026-06-27 21:49:07 - POST /api/v1/matches/a4997d90-2b64-40a6-96db-ea8bcd1f8b4d/balls 201
2026-06-27 21:49:07 - POST /api/v1/matches/a4997d90-2b64-40a6-96db-ea8bcd1f8b4d/balls 201
2026-06-27 21:49:07 - POST /api/v1/matches/a4997d90-2b64-40a6-96db-ea8bcd1f8b4d/balls 201
2026-06-27 21:49:08 - POST /api/v1/matches/a4997d90-2b64-40a6-96db-ea8bcd1f8b4d/balls 201
2026-06-27 21:49:08 - GET /api/v1/tournaments/0e6d19d4-27ef-4660-8119-dc9f39ee590b/dashboard 200
2026-06-27 21:49:08 - POST /api/v1/matches/04baf344-5f04-4047-a790-bff4e6b07acb/toss 200
2026-06-27 21:49:08 - GET /api/v1/teams/df545c80-9771-4dc5-bf02-fca0d1a1cdd1 200
2026-06-27 21:49:08 - GET /api/v1/teams/520df76b-c73a-4a3c-942c-b0b16586fcef 200
2026-06-27 21:49:08 - POST /api/v1/matches/04baf344-5f04-4047-a790-bff4e6b07acb/squads 200
2026-06-27 21:49:08 - POST /api/v1/matches/04baf344-5f04-4047-a790-bff4e6b07acb/squads 200
2026-06-27 21:49:08 - POST /api/v1/matches/04baf344-5f04-4047-a790-bff4e6b07acb/balls 201
2026-06-27 21:49:08 - POST /api/v1/matches/04baf344-5f04-4047-a790-bff4e6b07acb/balls 201
2026-06-27 21:49:08 - POST /api/v1/matches/04baf344-5f04-4047-a790-bff4e6b07acb/balls 201
2026-06-27 21:49:08 - POST /api/v1/matches/04baf344-5f04-4047-a790-bff4e6b07acb/balls 201
2026-06-27 21:49:08 - POST /api/v1/matches/04baf344-5f04-4047-a790-bff4e6b07acb/balls 201
2026-06-27 21:49:08 - POST /api/v1/matches/04baf344-5f04-4047-a790-bff4e6b07acb/balls 201
2026-06-27 21:49:08 - POST /api/v1/matches/04baf344-5f04-4047-a790-bff4e6b07acb/balls 201
2026-06-27 21:49:08 - POST /api/v1/matches/04baf344-5f04-4047-a790-bff4e6b07acb/balls 201
2026-06-27 21:49:08 - POST /api/v1/matches/04baf344-5f04-4047-a790-bff4e6b07acb/balls 201
2026-06-27 21:49:08 - POST /api/v1/matches/04baf344-5f04-4047-a790-bff4e6b07acb/balls 201
2026-06-27 21:49:08 - POST /api/v1/matches/04baf344-5f04-4047-a790-bff4e6b07acb/balls 201
2026-06-27 21:49:08 - POST /api/v1/matches/04baf344-5f04-4047-a790-bff4e6b07acb/balls 201
2026-06-27 21:49:08 - GET /api/v1/tournaments/0e6d19d4-27ef-4660-8119-dc9f39ee590b/dashboard 200
2026-06-27 21:49:52 - POST /api/v1/auth/signup 422
2026-06-27 21:49:52 - POST /api/v1/auth/signup 422
2026-06-27 21:49:52 - POST /api/v1/auth/signup 422
2026-06-27 21:49:52 - POST /api/v1/auth/signup 422
2026-06-27 21:49:52 - POST /api/v1/auth/signup 201
2026-06-27 21:49:52 - POST /api/v1/auth/login 400
2026-06-27 21:49:52 - POST /api/v1/auth/verify-otp 200
2026-06-27 21:49:53 - POST /api/v1/auth/signup 201
2026-06-27 21:49:53 - POST /api/v1/auth/resend-otp 429
2026-06-27 21:49:53 - POST /api/v1/auth/resend-otp 200
2026-06-27 21:49:53 - POST /api/v1/auth/login 400
2026-06-27 21:49:54 - POST /api/v1/auth/login 400
2026-06-27 21:49:55 - POST /api/v1/auth/login 400
2026-06-27 21:49:55 - POST /api/v1/auth/login 400
2026-06-27 21:49:55 - POST /api/v1/auth/login 400
2026-06-27 21:49:56 - POST /api/v1/auth/login 403
2026-06-27 21:49:56 - POST /api/v1/auth/login 200
2026-06-27 21:49:56 - POST /api/v1/auth/forgot-password 404
2026-06-27 21:49:57 - POST /api/v1/auth/forgot-password 200
2026-06-27 21:49:57 - POST /api/v1/auth/verify-reset-otp 400
2026-06-27 21:49:57 - POST /api/v1/auth/verify-reset-otp 200
2026-06-27 21:49:57 - POST /api/v1/auth/reset-password 422
2026-06-27 21:49:57 - POST /api/v1/auth/reset-password 200
2026-06-27 21:49:58 - POST /api/v1/auth/login 200
2026-06-27 21:49:59 - POST /api/v1/auth/login 200
2026-06-27 21:49:59 - POST /api/v1/auth/complete-profile 200
2026-06-27 21:50:00 - POST /api/v1/auth/login 200
2026-06-27 21:50:00 - POST /api/v1/auth/refresh 200
2026-06-27 21:50:00 - POST /api/v1/auth/logout 200
2026-06-27 21:50:00 - POST /api/v1/auth/refresh 401
2026-06-27 21:50:01 - POST /api/v1/auth/signup 201
2026-06-27 21:50:01 - POST /api/v1/auth/signup 400
2026-06-27 21:50:01 - POST /api/v1/auth/login 400
2026-06-27 21:50:01 - POST /api/v1/auth/forgot-password 400
2026-06-27 21:50:01 - POST /api/v1/auth/verify-reset-otp 400
2026-06-27 21:50:01 - POST /api/v1/auth/reset-password 400
2026-06-27 21:50:02 - POST /api/v1/auth/signup 400
2026-06-27 21:50:02 - POST /api/v1/auth/signup 201
2026-06-27 21:50:03 - POST /api/v1/auth/signup 201
2026-06-27 21:50:03 - POST /api/v1/auth/login 200
2026-06-27 21:50:04 - POST /api/v1/auth/login 200
2026-06-27 21:50:04 - POST /api/v1/teams/ 201
2026-06-27 21:50:04 - GET /api/v1/teams/ 200
2026-06-27 21:50:04 - PUT /api/v1/teams/353ac8f0-3f65-48b9-9857-4ad1165567ed 403
2026-06-27 21:50:04 - DELETE /api/v1/teams/353ac8f0-3f65-48b9-9857-4ad1165567ed 403
2026-06-27 21:50:04 - POST /api/v1/players/ 201
2026-06-27 21:50:04 - GET /api/v1/players/ 200
2026-06-27 21:50:04 - PUT /api/v1/players/89f099a2-f651-45be-884c-0fd616d393cc 403
2026-06-27 21:50:04 - DELETE /api/v1/players/89f099a2-f651-45be-884c-0fd616d393cc 403
2026-06-27 21:50:05 - POST /api/v1/auth/signup 201
2026-06-27 21:50:05 - POST /api/v1/auth/login 200
2026-06-27 21:50:05 - POST /api/v1/teams/ 201
2026-06-27 21:50:05 - POST /api/v1/teams/ 201
2026-06-27 21:50:05 - POST /api/v1/players/ 201
2026-06-27 21:50:05 - POST /api/v1/players/ 201
2026-06-27 21:50:05 - POST /api/v1/players/ 201
2026-06-27 21:50:05 - POST /api/v1/teams/07f6b2a1-b37a-4c74-adc8-6f86c36f5caa/players/bulk 200
2026-06-27 21:50:05 - POST /api/v1/teams/b59e84f1-107d-49d0-ae86-77832c3679db/players/bulk 400
2026-06-27 21:50:06 - POST /api/v1/auth/signup 201
2026-06-27 21:50:06 - POST /api/v1/auth/signup 201
2026-06-27 21:50:07 - POST /api/v1/auth/login 200
2026-06-27 21:50:07 - POST /api/v1/auth/login 200
2026-06-27 21:50:07 - POST /api/v1/teams/ 201
2026-06-27 21:50:07 - POST /api/v1/teams/ 201
2026-06-27 21:50:07 - POST /api/v1/matches/ 201
2026-06-27 21:50:07 - POST /api/v1/matches/f983eae8-287c-4acb-aea7-5380a52d8f75/toss 403
2026-06-27 21:50:07 - POST /api/v1/matches/f983eae8-287c-4acb-aea7-5380a52d8f75/toss 200
2026-06-27 21:50:10 - GET /api/v1/debug-env 200
2026-06-27 21:50:10 - GET /api/v1/debug-env 404
2026-06-27 21:50:11 - POST /api/v1/auth/login 200
2026-06-27 21:50:11 - POST /api/v1/players/ 201
2026-06-27 21:50:11 - POST /api/v1/players/ 201
2026-06-27 21:50:11 - POST /api/v1/players/ 201
2026-06-27 21:50:11 - POST /api/v1/players/ 201
2026-06-27 21:50:11 - POST /api/v1/teams/ 201
2026-06-27 21:50:11 - POST /api/v1/teams/ 201
2026-06-27 21:50:11 - POST /api/v1/teams/077dfde1-6b66-461e-9125-ab760752cb74/players 200
2026-06-27 21:50:11 - POST /api/v1/teams/077dfde1-6b66-461e-9125-ab760752cb74/players 200
2026-06-27 21:50:11 - POST /api/v1/teams/d59efa77-7da8-421f-ae7b-747ef9650b3c/players 200
2026-06-27 21:50:11 - POST /api/v1/teams/d59efa77-7da8-421f-ae7b-747ef9650b3c/players 200
2026-06-27 21:50:11 - POST /api/v1/matches/ 201
2026-06-27 21:50:11 - POST /api/v1/matches/1fc1a996-c021-4c62-b55a-c906969f2673/toss 200
2026-06-27 21:50:11 - POST /api/v1/matches/1fc1a996-c021-4c62-b55a-c906969f2673/squads 400
2026-06-27 21:50:11 - POST /api/v1/matches/1fc1a996-c021-4c62-b55a-c906969f2673/squads 200
2026-06-27 21:50:11 - POST /api/v1/matches/1fc1a996-c021-4c62-b55a-c906969f2673/squads 400
2026-06-27 21:50:11 - POST /api/v1/matches/1fc1a996-c021-4c62-b55a-c906969f2673/squads 200
2026-06-27 21:50:11 - POST /api/v1/auth/google 200
2026-06-27 21:50:12 - POST /api/v1/auth/google 400
2026-06-27 21:50:12 - POST /api/v1/auth/google 400
2026-06-27 21:50:12 - POST /api/v1/auth/google 400
2026-06-27 21:50:12 - POST /api/v1/auth/google 400
2026-06-27 21:50:14 - POST /api/v1/auth/login 200
2026-06-27 21:50:14 - POST /api/v1/players/ 201
2026-06-27 21:50:14 - POST /api/v1/players/ 201
2026-06-27 21:50:14 - POST /api/v1/teams/ 201
2026-06-27 21:50:14 - POST /api/v1/teams/ 201
2026-06-27 21:50:14 - POST /api/v1/matches/ 201
2026-06-27 21:50:14 - GET /api/v1/matches/ 200
2026-06-27 21:50:15 - POST /api/v1/auth/login 200
2026-06-27 21:50:16 - POST /api/v1/auth/login 200
2026-06-27 21:50:17 - POST /api/v1/auth/login 200
2026-06-27 21:50:17 - POST /api/v1/matches/ 201
2026-06-27 21:50:17 - POST /api/v1/matches/154494b2-3ecf-4474-9452-635738587761/toss 200
2026-06-27 21:50:17 - POST /api/v1/matches/154494b2-3ecf-4474-9452-635738587761/toss 403
2026-06-27 21:50:17 - POST /api/v1/matches/ 201
2026-06-27 21:50:17 - POST /api/v1/matches/9663cbd1-87c3-4dc2-8f40-742e317b3966/toss 200
2026-06-27 21:50:17 - POST /api/v1/matches/ 201
2026-06-27 21:50:17 - POST /api/v1/matches/ae8f03fb-fcbb-4038-ab8f-c2c472384f6c/toss 200
2026-06-27 21:50:17 - POST /api/v1/matches/ae8f03fb-fcbb-4038-ab8f-c2c472384f6c/toss 403
2026-06-27 21:50:18 - POST /api/v1/auth/login 200
2026-06-27 21:50:19 - GET /api/v1/admin/analytics 200
2026-06-27 21:50:19 - GET /api/v1/admin/team-members 200
2026-06-27 21:50:19 - GET /api/v1/admin/team-members 200
2026-06-27 21:50:19 - GET /api/v1/admin/team-members 200
2026-06-27 21:50:19 - DELETE /api/v1/admin/team-members/7072bf4d-9a76-407f-928d-021975394878 204
2026-06-27 21:50:21 - POST /api/v1/auth/login 200
2026-06-27 21:50:22 - POST /api/v1/admin/tournaments/bulk-delete 204
2026-06-27 21:50:22 - POST /api/v1/admin/matches/bulk-delete 204
2026-06-27 21:50:22 - POST /api/v1/admin/teams/bulk-delete 204
2026-06-27 21:50:22 - POST /api/v1/admin/users/bulk-delete 204
2026-06-27 21:50:23 - POST /api/v1/auth/login 200
2026-06-27 21:50:23 - POST /api/v1/players/ 201
2026-06-27 21:50:23 - POST /api/v1/players/ 201
2026-06-27 21:50:23 - POST /api/v1/players/ 422
2026-06-27 21:50:23 - POST /api/v1/players/ 422
2026-06-27 21:50:23 - GET /api/v1/players/9f672201-91d2-45a4-b8d5-96b16635432a 200
2026-06-27 21:50:23 - PUT /api/v1/players/9f672201-91d2-45a4-b8d5-96b16635432a 200
2026-06-27 21:50:23 - DELETE /api/v1/players/9f672201-91d2-45a4-b8d5-96b16635432a 204
2026-06-27 21:50:23 - GET /api/v1/players/9f672201-91d2-45a4-b8d5-96b16635432a 404
2026-06-27 21:50:24 - POST /api/v1/auth/login 200
2026-06-27 21:50:24 - POST /api/v1/players/ 201
2026-06-27 21:50:24 - POST /api/v1/players/ 201
2026-06-27 21:50:24 - POST /api/v1/teams/ 201
2026-06-27 21:50:24 - POST /api/v1/teams/b47cc809-0872-4903-8237-54c8e3504883/players 200
2026-06-27 21:50:24 - PUT /api/v1/teams/b47cc809-0872-4903-8237-54c8e3504883 200
2026-06-27 21:50:24 - PUT /api/v1/teams/b47cc809-0872-4903-8237-54c8e3504883 400
2026-06-27 21:50:24 - POST /api/v1/teams/ 201
2026-06-27 21:50:24 - POST /api/v1/teams/e7a0da7f-e8bc-4f6f-9583-489c1a83f6e3/players 400
2026-06-27 21:50:24 - DELETE /api/v1/teams/b47cc809-0872-4903-8237-54c8e3504883/players/24d8c246-56cf-468e-be3a-bf293e9851de 200
2026-06-27 21:50:24 - DELETE /api/v1/teams/b47cc809-0872-4903-8237-54c8e3504883 204
2026-06-27 21:50:25 - POST /api/v1/auth/login 200
2026-06-27 21:50:25 - POST /api/v1/players/ 201
2026-06-27 21:50:25 - POST /api/v1/players/ 201
2026-06-27 21:50:25 - POST /api/v1/teams/ 201
2026-06-27 21:50:25 - POST /api/v1/teams/ 201
2026-06-27 21:50:25 - POST /api/v1/teams/8d9abd2a-c898-4105-8a92-096fc9fec435/players 200
2026-06-27 21:50:25 - POST /api/v1/teams/bb3ef32c-162e-492f-8556-1bf0eff4651e/players 200
2026-06-27 21:50:26 - POST /api/v1/matches/ 201
2026-06-27 21:50:26 - POST /api/v1/matches/ee614fca-0cd0-4b27-b7ae-86ed41bda6a4/squads 200
2026-06-27 21:50:26 - POST /api/v1/matches/ee614fca-0cd0-4b27-b7ae-86ed41bda6a4/toss 200
2026-06-27 21:50:26 - DELETE /api/v1/players/79140416-f892-4121-97c2-8f5adb6a7227 400
2026-06-27 21:50:26 - DELETE /api/v1/teams/8d9abd2a-c898-4105-8a92-096fc9fec435/players/79140416-f892-4121-97c2-8f5adb6a7227 400
2026-06-27 21:50:26 - DELETE /api/v1/teams/8d9abd2a-c898-4105-8a92-096fc9fec435 400
2026-06-27 21:50:27 - POST /api/v1/auth/login 200
2026-06-27 21:50:27 - GET /api/v1/profile/ 200
2026-06-27 21:50:28 - POST /api/v1/auth/login 200
2026-06-27 21:50:28 - PUT /api/v1/profile/ 200
2026-06-27 21:50:28 - PUT /api/v1/profile/ 400
2026-06-27 21:50:29 - POST /api/v1/auth/login 200
2026-06-27 21:50:29 - GET /api/v1/profile/stats 200
2026-06-27 21:50:30 - POST /api/v1/auth/login 200
2026-06-27 21:50:30 - GET /api/v1/profile/activity 200
2026-06-27 21:50:30 - GET /api/v1/profile/achievements 200
2026-06-27 21:50:31 - POST /api/v1/auth/login 200
2026-06-27 21:50:31 - POST /api/v1/profile/upload-photo 200
2026-06-27 21:50:31 - GET /api/v1/profile/ 200
2026-06-27 21:50:32 - POST /api/v1/auth/login 200
2026-06-27 21:50:32 - POST /api/v1/players/ 201
2026-06-27 21:50:32 - POST /api/v1/players/ 201
2026-06-27 21:50:32 - POST /api/v1/players/ 201
2026-06-27 21:50:32 - POST /api/v1/players/ 201
2026-06-27 21:50:32 - POST /api/v1/players/ 201
2026-06-27 21:50:32 - POST /api/v1/teams/ 201
2026-06-27 21:50:32 - POST /api/v1/teams/ 201
2026-06-27 21:50:32 - POST /api/v1/teams/f80818a4-6e53-45eb-b507-fad3fb127f38/players 200
2026-06-27 21:50:32 - POST /api/v1/teams/f80818a4-6e53-45eb-b507-fad3fb127f38/players 200
2026-06-27 21:50:32 - POST /api/v1/teams/f80818a4-6e53-45eb-b507-fad3fb127f38/players 200
2026-06-27 21:50:32 - POST /api/v1/teams/98a178a7-7f4a-4c24-b6ed-7f1be019a6ae/players 200
2026-06-27 21:50:32 - POST /api/v1/teams/98a178a7-7f4a-4c24-b6ed-7f1be019a6ae/players 200
2026-06-27 21:50:32 - POST /api/v1/matches/ 201
2026-06-27 21:50:32 - POST /api/v1/matches/7162cee1-79b9-42f0-bd5f-97ad529a6d61/toss 200
2026-06-27 21:50:32 - POST /api/v1/matches/7162cee1-79b9-42f0-bd5f-97ad529a6d61/squads 200
2026-06-27 21:50:32 - POST /api/v1/matches/7162cee1-79b9-42f0-bd5f-97ad529a6d61/squads 200
2026-06-27 21:50:32 - POST /api/v1/matches/7162cee1-79b9-42f0-bd5f-97ad529a6d61/balls 201
2026-06-27 21:50:32 - POST /api/v1/matches/7162cee1-79b9-42f0-bd5f-97ad529a6d61/balls 201
2026-06-27 21:50:32 - POST /api/v1/matches/7162cee1-79b9-42f0-bd5f-97ad529a6d61/balls 201
2026-06-27 21:50:33 - POST /api/v1/matches/7162cee1-79b9-42f0-bd5f-97ad529a6d61/balls 201
2026-06-27 21:50:33 - POST /api/v1/matches/7162cee1-79b9-42f0-bd5f-97ad529a6d61/balls 201
2026-06-27 21:50:33 - POST /api/v1/matches/7162cee1-79b9-42f0-bd5f-97ad529a6d61/balls 201
2026-06-27 21:50:33 - POST /api/v1/matches/7162cee1-79b9-42f0-bd5f-97ad529a6d61/balls 201
2026-06-27 21:50:33 - POST /api/v1/matches/7162cee1-79b9-42f0-bd5f-97ad529a6d61/balls 201
2026-06-27 21:50:33 - POST /api/v1/matches/7162cee1-79b9-42f0-bd5f-97ad529a6d61/balls 201
2026-06-27 21:50:33 - POST /api/v1/matches/7162cee1-79b9-42f0-bd5f-97ad529a6d61/balls 201
2026-06-27 21:50:33 - POST /api/v1/matches/7162cee1-79b9-42f0-bd5f-97ad529a6d61/balls 201
2026-06-27 21:50:33 - POST /api/v1/matches/7162cee1-79b9-42f0-bd5f-97ad529a6d61/balls 201
2026-06-27 21:50:33 - GET /api/v1/matches/7162cee1-79b9-42f0-bd5f-97ad529a6d61/scorecard 200
2026-06-27 21:50:33 - GET /api/v1/players/26838c24-4804-448f-b48c-2875bdd279b1 200
2026-06-27 21:50:34 - POST /api/v1/auth/login 200
2026-06-27 21:50:34 - POST /api/v1/players/ 201
2026-06-27 21:50:34 - POST /api/v1/players/ 201
2026-06-27 21:50:34 - POST /api/v1/players/ 201
2026-06-27 21:50:34 - POST /api/v1/players/ 201
2026-06-27 21:50:34 - POST /api/v1/players/ 201
2026-06-27 21:50:34 - POST /api/v1/teams/ 201
2026-06-27 21:50:34 - POST /api/v1/teams/ 201
2026-06-27 21:50:34 - POST /api/v1/teams/bfa92ffa-aa4f-4bf9-bea9-2ca2e26e99db/players 200
2026-06-27 21:50:34 - POST /api/v1/teams/bfa92ffa-aa4f-4bf9-bea9-2ca2e26e99db/players 200
2026-06-27 21:50:34 - POST /api/v1/teams/bfa92ffa-aa4f-4bf9-bea9-2ca2e26e99db/players 200
2026-06-27 21:50:34 - POST /api/v1/teams/cf3b7022-b97a-480d-b3eb-c47175438d82/players 200
2026-06-27 21:50:34 - POST /api/v1/teams/cf3b7022-b97a-480d-b3eb-c47175438d82/players 200
2026-06-27 21:50:34 - POST /api/v1/matches/ 201
2026-06-27 21:50:34 - POST /api/v1/matches/bc8b0595-a9a1-4d7f-985e-2d7035eb1093/toss 200
2026-06-27 21:50:34 - POST /api/v1/matches/bc8b0595-a9a1-4d7f-985e-2d7035eb1093/squads 200
2026-06-27 21:50:34 - POST /api/v1/matches/bc8b0595-a9a1-4d7f-985e-2d7035eb1093/squads 200
2026-06-27 21:50:34 - POST /api/v1/matches/bc8b0595-a9a1-4d7f-985e-2d7035eb1093/balls 201
2026-06-27 21:50:34 - POST /api/v1/matches/bc8b0595-a9a1-4d7f-985e-2d7035eb1093/balls 201
2026-06-27 21:50:34 - POST /api/v1/matches/bc8b0595-a9a1-4d7f-985e-2d7035eb1093/balls 201
2026-06-27 21:50:34 - POST /api/v1/matches/bc8b0595-a9a1-4d7f-985e-2d7035eb1093/balls 201
2026-06-27 21:50:34 - POST /api/v1/matches/bc8b0595-a9a1-4d7f-985e-2d7035eb1093/balls 201
2026-06-27 21:50:35 - GET /api/v1/matches/bc8b0595-a9a1-4d7f-985e-2d7035eb1093/scorecard 200
2026-06-27 21:50:36 - POST /api/v1/auth/login 200
2026-06-27 21:50:36 - POST /api/v1/players/ 201
2026-06-27 21:50:36 - POST /api/v1/players/ 201
2026-06-27 21:50:36 - POST /api/v1/players/ 201
2026-06-27 21:50:36 - POST /api/v1/players/ 201
2026-06-27 21:50:36 - POST /api/v1/teams/ 201
2026-06-27 21:50:36 - POST /api/v1/teams/ 201
2026-06-27 21:50:36 - POST /api/v1/teams/44d20fbc-4651-40f8-a2fb-894d5d268fce/players 200
2026-06-27 21:50:36 - POST /api/v1/teams/44d20fbc-4651-40f8-a2fb-894d5d268fce/players 200
2026-06-27 21:50:36 - POST /api/v1/teams/e801d2a0-59ab-4764-8cf4-81541ca758b3/players 200
2026-06-27 21:50:36 - POST /api/v1/teams/e801d2a0-59ab-4764-8cf4-81541ca758b3/players 200
2026-06-27 21:50:36 - POST /api/v1/matches/ 201
2026-06-27 21:50:36 - POST /api/v1/matches/d72731ce-34d6-4030-969e-866b77c10359/toss 200
2026-06-27 21:50:36 - POST /api/v1/matches/d72731ce-34d6-4030-969e-866b77c10359/squads 200
2026-06-27 21:50:36 - POST /api/v1/matches/d72731ce-34d6-4030-969e-866b77c10359/squads 200
2026-06-27 21:50:36 - POST /api/v1/matches/d72731ce-34d6-4030-969e-866b77c10359/balls 201
2026-06-27 21:50:36 - POST /api/v1/matches/d72731ce-34d6-4030-969e-866b77c10359/balls 201
2026-06-27 21:50:36 - POST /api/v1/matches/d72731ce-34d6-4030-969e-866b77c10359/balls 201
2026-06-27 21:50:36 - POST /api/v1/matches/d72731ce-34d6-4030-969e-866b77c10359/balls 201
2026-06-27 21:50:36 - POST /api/v1/matches/d72731ce-34d6-4030-969e-866b77c10359/balls 201
2026-06-27 21:50:36 - POST /api/v1/matches/d72731ce-34d6-4030-969e-866b77c10359/balls 201
2026-06-27 21:50:36 - POST /api/v1/matches/d72731ce-34d6-4030-969e-866b77c10359/balls 201
2026-06-27 21:50:36 - GET /api/v1/matches/d72731ce-34d6-4030-969e-866b77c10359/scorecard 200
2026-06-27 21:50:38 - POST /api/v1/auth/signup 201
2026-06-27 21:50:39 - POST /api/v1/auth/login 200
2026-06-27 21:50:40 - POST /api/v1/auth/login 200
2026-06-27 21:50:40 - POST /api/v1/players/ 201
2026-06-27 21:50:40 - POST /api/v1/players/ 201
2026-06-27 21:50:40 - POST /api/v1/players/ 201
2026-06-27 21:50:40 - POST /api/v1/players/ 201
2026-06-27 21:50:40 - POST /api/v1/players/ 201
2026-06-27 21:50:40 - POST /api/v1/teams/ 201
2026-06-27 21:50:40 - POST /api/v1/teams/ 201
2026-06-27 21:50:40 - POST /api/v1/teams/06760ddf-2ba7-4aa4-95a1-d64f65ed3aa9/players 200
2026-06-27 21:50:40 - POST /api/v1/teams/06760ddf-2ba7-4aa4-95a1-d64f65ed3aa9/players 200
2026-06-27 21:50:40 - POST /api/v1/teams/06760ddf-2ba7-4aa4-95a1-d64f65ed3aa9/players 200
2026-06-27 21:50:40 - POST /api/v1/teams/86a3940e-d6a5-49f8-af77-dda3d0a1bc88/players 200
2026-06-27 21:50:40 - POST /api/v1/teams/86a3940e-d6a5-49f8-af77-dda3d0a1bc88/players 200
2026-06-27 21:50:40 - POST /api/v1/matches/ 201
2026-06-27 21:50:40 - POST /api/v1/matches/4667b916-d67f-4744-a618-dbe75086c96b/toss 200
2026-06-27 21:50:40 - POST /api/v1/matches/4667b916-d67f-4744-a618-dbe75086c96b/squads 200
2026-06-27 21:50:40 - POST /api/v1/matches/4667b916-d67f-4744-a618-dbe75086c96b/squads 200
2026-06-27 21:50:40 - POST /api/v1/matches/4667b916-d67f-4744-a618-dbe75086c96b/balls 201
2026-06-27 21:50:40 - GET /api/v1/matches/4667b916-d67f-4744-a618-dbe75086c96b/live 200
2026-06-27 21:50:40 - POST /api/v1/matches/4667b916-d67f-4744-a618-dbe75086c96b/balls 201
2026-06-27 21:50:40 - GET /api/v1/matches/4667b916-d67f-4744-a618-dbe75086c96b/live 200
2026-06-27 21:50:41 - POST /api/v1/matches/4667b916-d67f-4744-a618-dbe75086c96b/balls 201
2026-06-27 21:50:41 - GET /api/v1/matches/4667b916-d67f-4744-a618-dbe75086c96b/live 200
2026-06-27 21:50:41 - POST /api/v1/matches/4667b916-d67f-4744-a618-dbe75086c96b/balls 201
2026-06-27 21:50:41 - GET /api/v1/matches/4667b916-d67f-4744-a618-dbe75086c96b/live 200
2026-06-27 21:50:41 - POST /api/v1/matches/4667b916-d67f-4744-a618-dbe75086c96b/undo 200
2026-06-27 21:50:41 - GET /api/v1/matches/4667b916-d67f-4744-a618-dbe75086c96b/live 200
2026-06-27 21:50:41 - GET /api/v1/auth/me 401
2026-06-27 21:50:41 - GET /api/v1/auth/me 401
2026-06-27 21:50:42 - POST /api/v1/auth/login 200
2026-06-27 21:50:42 - POST /api/v1/players/ 201
2026-06-27 21:50:42 - POST /api/v1/players/ 201
2026-06-27 21:50:42 - POST /api/v1/players/ 201
2026-06-27 21:50:42 - POST /api/v1/players/ 201
2026-06-27 21:50:42 - POST /api/v1/players/ 201
2026-06-27 21:50:42 - POST /api/v1/teams/ 201
2026-06-27 21:50:42 - POST /api/v1/teams/ 201
2026-06-27 21:50:42 - POST /api/v1/teams/9820b756-f860-4a97-b6ff-f1a4db210c58/players 200
2026-06-27 21:50:42 - POST /api/v1/teams/9820b756-f860-4a97-b6ff-f1a4db210c58/players 200
2026-06-27 21:50:42 - POST /api/v1/teams/9820b756-f860-4a97-b6ff-f1a4db210c58/players 200
2026-06-27 21:50:42 - POST /api/v1/teams/1c9347da-da90-40a1-854b-e426ef884a3a/players 200
2026-06-27 21:50:42 - POST /api/v1/teams/1c9347da-da90-40a1-854b-e426ef884a3a/players 200
2026-06-27 21:50:42 - POST /api/v1/matches/ 201
2026-06-27 21:50:42 - POST /api/v1/matches/5c6ccc39-5694-45f0-b2d4-fa740d5c79ba/toss 200
2026-06-27 21:50:42 - POST /api/v1/matches/5c6ccc39-5694-45f0-b2d4-fa740d5c79ba/squads 200
2026-06-27 21:50:42 - POST /api/v1/matches/5c6ccc39-5694-45f0-b2d4-fa740d5c79ba/squads 200
2026-06-27 21:50:42 - POST /api/v1/matches/5c6ccc39-5694-45f0-b2d4-fa740d5c79ba/balls 201
2026-06-27 21:50:42 - GET /api/v1/matches/5c6ccc39-5694-45f0-b2d4-fa740d5c79ba/live 200
2026-06-27 21:50:42 - POST /api/v1/matches/5c6ccc39-5694-45f0-b2d4-fa740d5c79ba/balls 201
2026-06-27 21:50:42 - GET /api/v1/matches/5c6ccc39-5694-45f0-b2d4-fa740d5c79ba/live 200
2026-06-27 21:50:42 - POST /api/v1/matches/5c6ccc39-5694-45f0-b2d4-fa740d5c79ba/balls 201
2026-06-27 21:50:42 - GET /api/v1/matches/5c6ccc39-5694-45f0-b2d4-fa740d5c79ba/live 200
2026-06-27 21:50:42 - POST /api/v1/matches/5c6ccc39-5694-45f0-b2d4-fa740d5c79ba/balls 201
2026-06-27 21:50:42 - GET /api/v1/matches/5c6ccc39-5694-45f0-b2d4-fa740d5c79ba/live 200
2026-06-27 21:50:43 - POST /api/v1/matches/5c6ccc39-5694-45f0-b2d4-fa740d5c79ba/balls 201
2026-06-27 21:50:43 - GET /api/v1/matches/5c6ccc39-5694-45f0-b2d4-fa740d5c79ba/live 200
2026-06-27 21:50:43 - POST /api/v1/matches/5c6ccc39-5694-45f0-b2d4-fa740d5c79ba/balls 201
2026-06-27 21:50:43 - GET /api/v1/matches/5c6ccc39-5694-45f0-b2d4-fa740d5c79ba/live 200
2026-06-27 21:50:43 - POST /api/v1/matches/5c6ccc39-5694-45f0-b2d4-fa740d5c79ba/balls 201
2026-06-27 21:50:43 - GET /api/v1/matches/5c6ccc39-5694-45f0-b2d4-fa740d5c79ba/live 200
2026-06-27 21:50:43 - GET /api/v1/matches/5c6ccc39-5694-45f0-b2d4-fa740d5c79ba/scorecard 200
2026-06-27 21:50:45 - POST /api/v1/auth/signup 201
2026-06-27 21:50:48 - POST /api/v1/auth/signup 201
2026-06-27 21:50:51 - POST /api/v1/auth/signup 201
2026-06-27 21:50:51 - POST /api/v1/auth/login 200
2026-06-27 21:50:52 - POST /api/v1/auth/login 200
2026-06-27 21:50:52 - POST /api/v1/auth/login 200
2026-06-27 21:50:52 - POST /api/v1/teams/ 201
2026-06-27 21:50:52 - GET /api/v1/teams/my-teams 200
2026-06-27 21:50:53 - POST /api/v1/teams/bb75295a-2da8-42df-944c-25f95ec298d6/join-request 200
2026-06-27 21:50:53 - GET /api/v1/teams/my-teams 200
2026-06-27 21:50:53 - POST /api/v1/teams/bb75295a-2da8-42df-944c-25f95ec298d6/approve-request 403
2026-06-27 21:50:53 - POST /api/v1/teams/bb75295a-2da8-42df-944c-25f95ec298d6/approve-request 200
2026-06-27 21:50:53 - POST /api/v1/teams/bb75295a-2da8-42df-944c-25f95ec298d6/members 200
2026-06-27 21:50:53 - POST /api/v1/teams/bb75295a-2da8-42df-944c-25f95ec298d6/invitations/accept 200
2026-06-27 21:50:53 - GET /api/v1/teams/bb75295a-2da8-42df-944c-25f95ec298d6/members 200
2026-06-27 21:50:53 - DELETE /api/v1/teams/bb75295a-2da8-42df-944c-25f95ec298d6/members/af48d5b1-f9d8-4cb5-a193-a2d4093bf482 204
2026-06-27 21:50:53 - GET /api/v1/teams/bb75295a-2da8-42df-944c-25f95ec298d6/members 200
2026-06-27 21:50:54 - POST /api/v1/auth/login 200
2026-06-27 21:50:54 - POST /api/v1/teams/ 201
2026-06-27 21:50:55 - POST /api/v1/auth/login 200
2026-06-27 21:50:55 - POST /api/v1/teams/65b35622-1569-4d3c-8ba3-3493d3860465/members 200
2026-06-27 21:50:55 - GET /api/v1/notifications/ 200
2026-06-27 21:50:55 - GET /api/v1/teams/my-invitations 200
2026-06-27 21:50:55 - POST /api/v1/notifications/d3beca18-8b08-4266-ade3-b35685e3b696/read 200
2026-06-27 21:50:55 - POST /api/v1/teams/65b35622-1569-4d3c-8ba3-3493d3860465/invitations/accept 200
2026-06-27 21:50:55 - GET /api/v1/notifications/ 200
2026-06-27 21:50:56 - POST /api/v1/auth/login 200
2026-06-27 21:50:56 - POST /api/v1/teams/ 201
2026-06-27 21:50:57 - POST /api/v1/auth/login 200
2026-06-27 21:50:57 - POST /api/v1/teams/7f5edaf4-3aa8-49a5-851f-6655f56fceeb/members 200
2026-06-27 21:50:57 - POST /api/v1/teams/7f5edaf4-3aa8-49a5-851f-6655f56fceeb/invitations/reject 204
2026-06-27 21:50:57 - GET /api/v1/notifications/ 200
2026-06-27 21:50:58 - POST /api/v1/auth/login 200
2026-06-27 21:50:58 - POST /api/v1/teams/ 201
2026-06-27 21:50:58 - POST /api/v1/auth/login 200
2026-06-27 21:50:58 - POST /api/v1/teams/ae9574f1-1eb2-4622-a797-2e964389da34/join-request 200
2026-06-27 21:50:58 - POST /api/v1/teams/ae9574f1-1eb2-4622-a797-2e964389da34/reject-request 204
2026-06-27 21:50:58 - GET /api/v1/notifications/ 200
2026-06-27 21:50:58 - POST /api/v1/auth/login 200
2026-06-27 21:50:58 - POST /api/v1/teams/ 201
2026-06-27 21:50:59 - POST /api/v1/auth/login 200
2026-06-27 21:50:59 - PUT /api/v1/teams/26484eaa-25fa-4ef0-bd31-ace100229866 403
2026-06-27 21:50:59 - DELETE /api/v1/teams/26484eaa-25fa-4ef0-bd31-ace100229866 403
2026-06-27 21:50:59 - PUT /api/v1/teams/26484eaa-25fa-4ef0-bd31-ace100229866 200
2026-06-27 21:50:59 - DELETE /api/v1/teams/26484eaa-25fa-4ef0-bd31-ace100229866 204
2026-06-27 21:50:59 - GET /api/v1/teams/26484eaa-25fa-4ef0-bd31-ace100229866 404
2026-06-27 21:50:59 - POST /api/v1/auth/login 200
2026-06-27 21:50:59 - GET /api/v1/notifications/ 200
2026-06-27 21:50:59 - POST /api/v1/notifications/read-all 204
2026-06-27 21:50:59 - GET /api/v1/notifications/ 200
2026-06-27 21:51:00 - POST /api/v1/auth/login 200
2026-06-27 21:51:00 - POST /api/v1/tournaments/ 201
2026-06-27 21:51:00 - POST /api/v1/players/ 201
2026-06-27 21:51:00 - POST /api/v1/players/ 201
2026-06-27 21:51:00 - POST /api/v1/players/ 201
2026-06-27 21:51:00 - POST /api/v1/players/ 201
2026-06-27 21:51:00 - POST /api/v1/teams/ 201
2026-06-27 21:51:00 - POST /api/v1/teams/53749bdf-30bc-42e5-8ddb-8473df55e4d8/players 200
2026-06-27 21:51:00 - POST /api/v1/teams/53749bdf-30bc-42e5-8ddb-8473df55e4d8/players 200
2026-06-27 21:51:00 - POST /api/v1/teams/53749bdf-30bc-42e5-8ddb-8473df55e4d8/players 200
2026-06-27 21:51:00 - POST /api/v1/teams/53749bdf-30bc-42e5-8ddb-8473df55e4d8/players 200
2026-06-27 21:51:00 - POST /api/v1/tournaments/d1a1f056-3716-46f4-9b2e-e9886fdd1cd5/teams 400
2026-06-27 21:51:00 - POST /api/v1/players/ 201
2026-06-27 21:51:00 - POST /api/v1/teams/53749bdf-30bc-42e5-8ddb-8473df55e4d8/players 200
2026-06-27 21:51:00 - POST /api/v1/tournaments/d1a1f056-3716-46f4-9b2e-e9886fdd1cd5/teams 200
2026-06-27 21:51:00 - DELETE /api/v1/tournaments/d1a1f056-3716-46f4-9b2e-e9886fdd1cd5/teams/53749bdf-30bc-42e5-8ddb-8473df55e4d8 200
2026-06-27 21:51:02 - POST /api/v1/auth/login 200
2026-06-27 21:51:02 - POST /api/v1/teams/ 201
2026-06-27 21:51:02 - POST /api/v1/players/ 201
2026-06-27 21:51:02 - POST /api/v1/teams/834b5b22-5ece-4963-af42-dbe76b215147/players 200
2026-06-27 21:51:02 - POST /api/v1/players/ 201
2026-06-27 21:51:02 - POST /api/v1/teams/834b5b22-5ece-4963-af42-dbe76b215147/players 200
2026-06-27 21:51:02 - POST /api/v1/players/ 201
2026-06-27 21:51:02 - POST /api/v1/teams/834b5b22-5ece-4963-af42-dbe76b215147/players 200
2026-06-27 21:51:02 - POST /api/v1/players/ 201
2026-06-27 21:51:02 - POST /api/v1/teams/834b5b22-5ece-4963-af42-dbe76b215147/players 200
2026-06-27 21:51:02 - POST /api/v1/players/ 201
2026-06-27 21:51:02 - POST /api/v1/teams/834b5b22-5ece-4963-af42-dbe76b215147/players 200
2026-06-27 21:51:02 - POST /api/v1/teams/ 201
2026-06-27 21:51:02 - POST /api/v1/players/ 201
2026-06-27 21:51:02 - POST /api/v1/teams/d6d08fdc-ffd6-4527-8f38-517fb2b9b25b/players 200
2026-06-27 21:51:02 - POST /api/v1/players/ 201
2026-06-27 21:51:02 - POST /api/v1/teams/d6d08fdc-ffd6-4527-8f38-517fb2b9b25b/players 200
2026-06-27 21:51:02 - POST /api/v1/players/ 201
2026-06-27 21:51:02 - POST /api/v1/teams/d6d08fdc-ffd6-4527-8f38-517fb2b9b25b/players 200
2026-06-27 21:51:02 - POST /api/v1/players/ 201
2026-06-27 21:51:02 - POST /api/v1/teams/d6d08fdc-ffd6-4527-8f38-517fb2b9b25b/players 200
2026-06-27 21:51:02 - POST /api/v1/players/ 201
2026-06-27 21:51:02 - POST /api/v1/teams/d6d08fdc-ffd6-4527-8f38-517fb2b9b25b/players 200
2026-06-27 21:51:02 - POST /api/v1/tournaments/ 201
2026-06-27 21:51:02 - POST /api/v1/tournaments/048d0175-a793-405d-a327-5ca6b7e4ae71/teams 200
2026-06-27 21:51:02 - POST /api/v1/tournaments/048d0175-a793-405d-a327-5ca6b7e4ae71/teams 200
2026-06-27 21:51:02 - POST /api/v1/tournaments/048d0175-a793-405d-a327-5ca6b7e4ae71/fixtures/generate 201
2026-06-27 21:51:02 - GET /api/v1/tournaments/048d0175-a793-405d-a327-5ca6b7e4ae71/dashboard 200
2026-06-27 21:51:02 - POST /api/v1/matches/51d5cadd-cec8-4848-8566-193658ae0ea1/toss 200
2026-06-27 21:51:02 - GET /api/v1/teams/834b5b22-5ece-4963-af42-dbe76b215147 200
2026-06-27 21:51:02 - GET /api/v1/teams/d6d08fdc-ffd6-4527-8f38-517fb2b9b25b 200
2026-06-27 21:51:02 - POST /api/v1/matches/51d5cadd-cec8-4848-8566-193658ae0ea1/squads 200
2026-06-27 21:51:02 - POST /api/v1/matches/51d5cadd-cec8-4848-8566-193658ae0ea1/squads 200
2026-06-27 21:51:02 - POST /api/v1/matches/51d5cadd-cec8-4848-8566-193658ae0ea1/balls 201
2026-06-27 21:51:02 - POST /api/v1/matches/51d5cadd-cec8-4848-8566-193658ae0ea1/balls 201
2026-06-27 21:51:02 - POST /api/v1/matches/51d5cadd-cec8-4848-8566-193658ae0ea1/balls 201
2026-06-27 21:51:02 - POST /api/v1/matches/51d5cadd-cec8-4848-8566-193658ae0ea1/balls 201
2026-06-27 21:51:02 - POST /api/v1/matches/51d5cadd-cec8-4848-8566-193658ae0ea1/balls 201
2026-06-27 21:51:02 - POST /api/v1/matches/51d5cadd-cec8-4848-8566-193658ae0ea1/balls 201
2026-06-27 21:51:02 - POST /api/v1/matches/51d5cadd-cec8-4848-8566-193658ae0ea1/balls 201
2026-06-27 21:51:02 - POST /api/v1/matches/51d5cadd-cec8-4848-8566-193658ae0ea1/balls 201
2026-06-27 21:51:02 - POST /api/v1/matches/51d5cadd-cec8-4848-8566-193658ae0ea1/balls 201
2026-06-27 21:51:02 - GET /api/v1/tournaments/048d0175-a793-405d-a327-5ca6b7e4ae71/points-table 200
2026-06-27 21:51:02 - GET /api/v1/tournaments/048d0175-a793-405d-a327-5ca6b7e4ae71/leaderboards 200
2026-06-27 21:51:03 - POST /api/v1/auth/login 200
2026-06-27 21:51:03 - POST /api/v1/teams/ 201
2026-06-27 21:51:03 - POST /api/v1/players/ 201
2026-06-27 21:51:03 - POST /api/v1/teams/d7719638-87ac-409f-894e-1072d3e7916d/players 200
2026-06-27 21:51:03 - POST /api/v1/players/ 201
2026-06-27 21:51:03 - POST /api/v1/teams/d7719638-87ac-409f-894e-1072d3e7916d/players 200
2026-06-27 21:51:03 - POST /api/v1/players/ 201
2026-06-27 21:51:03 - POST /api/v1/teams/d7719638-87ac-409f-894e-1072d3e7916d/players 200
2026-06-27 21:51:03 - POST /api/v1/players/ 201
2026-06-27 21:51:03 - POST /api/v1/teams/d7719638-87ac-409f-894e-1072d3e7916d/players 200
2026-06-27 21:51:03 - POST /api/v1/players/ 201
2026-06-27 21:51:03 - POST /api/v1/teams/d7719638-87ac-409f-894e-1072d3e7916d/players 200
2026-06-27 21:51:03 - POST /api/v1/teams/ 201
2026-06-27 21:51:03 - POST /api/v1/players/ 201
2026-06-27 21:51:03 - POST /api/v1/teams/b57a9c44-a172-49e3-96fe-a96d7b5e3c9a/players 200
2026-06-27 21:51:03 - POST /api/v1/players/ 201
2026-06-27 21:51:03 - POST /api/v1/teams/b57a9c44-a172-49e3-96fe-a96d7b5e3c9a/players 200
2026-06-27 21:51:03 - POST /api/v1/players/ 201
2026-06-27 21:51:04 - POST /api/v1/teams/b57a9c44-a172-49e3-96fe-a96d7b5e3c9a/players 200
2026-06-27 21:51:04 - POST /api/v1/players/ 201
2026-06-27 21:51:04 - POST /api/v1/teams/b57a9c44-a172-49e3-96fe-a96d7b5e3c9a/players 200
2026-06-27 21:51:04 - POST /api/v1/players/ 201
2026-06-27 21:51:04 - POST /api/v1/teams/b57a9c44-a172-49e3-96fe-a96d7b5e3c9a/players 200
2026-06-27 21:51:04 - POST /api/v1/teams/ 201
2026-06-27 21:51:04 - POST /api/v1/players/ 201
2026-06-27 21:51:04 - POST /api/v1/teams/53d08437-c374-4c9b-b193-0d9631d25680/players 200
2026-06-27 21:51:04 - POST /api/v1/players/ 201
2026-06-27 21:51:04 - POST /api/v1/teams/53d08437-c374-4c9b-b193-0d9631d25680/players 200
2026-06-27 21:51:04 - POST /api/v1/players/ 201
2026-06-27 21:51:04 - POST /api/v1/teams/53d08437-c374-4c9b-b193-0d9631d25680/players 200
2026-06-27 21:51:04 - POST /api/v1/players/ 201
2026-06-27 21:51:04 - POST /api/v1/teams/53d08437-c374-4c9b-b193-0d9631d25680/players 200
2026-06-27 21:51:04 - POST /api/v1/players/ 201
2026-06-27 21:51:04 - POST /api/v1/teams/53d08437-c374-4c9b-b193-0d9631d25680/players 200
2026-06-27 21:51:04 - POST /api/v1/teams/ 201
2026-06-27 21:51:04 - POST /api/v1/players/ 201
2026-06-27 21:51:04 - POST /api/v1/teams/03dfa6e9-40e0-4861-9808-270fb9a5acb8/players 200
2026-06-27 21:51:04 - POST /api/v1/players/ 201
2026-06-27 21:51:04 - POST /api/v1/teams/03dfa6e9-40e0-4861-9808-270fb9a5acb8/players 200
2026-06-27 21:51:04 - POST /api/v1/players/ 201
2026-06-27 21:51:04 - POST /api/v1/teams/03dfa6e9-40e0-4861-9808-270fb9a5acb8/players 200
2026-06-27 21:51:04 - POST /api/v1/players/ 201
2026-06-27 21:51:04 - POST /api/v1/teams/03dfa6e9-40e0-4861-9808-270fb9a5acb8/players 200
2026-06-27 21:51:04 - POST /api/v1/players/ 201
2026-06-27 21:51:04 - POST /api/v1/teams/03dfa6e9-40e0-4861-9808-270fb9a5acb8/players 200
2026-06-27 21:51:04 - POST /api/v1/tournaments/ 201
2026-06-27 21:51:04 - POST /api/v1/tournaments/f1f41140-44d8-4cda-a26d-7e2910a03b91/teams 200
2026-06-27 21:51:04 - POST /api/v1/tournaments/f1f41140-44d8-4cda-a26d-7e2910a03b91/teams 200
2026-06-27 21:51:04 - POST /api/v1/tournaments/f1f41140-44d8-4cda-a26d-7e2910a03b91/teams 200
2026-06-27 21:51:04 - POST /api/v1/tournaments/f1f41140-44d8-4cda-a26d-7e2910a03b91/teams 200
2026-06-27 21:51:04 - POST /api/v1/tournaments/f1f41140-44d8-4cda-a26d-7e2910a03b91/fixtures/generate 201
2026-06-27 21:51:04 - GET /api/v1/tournaments/f1f41140-44d8-4cda-a26d-7e2910a03b91/dashboard 200
2026-06-27 21:51:04 - GET /api/v1/tournaments/f1f41140-44d8-4cda-a26d-7e2910a03b91/dashboard 200
2026-06-27 21:51:04 - POST /api/v1/matches/c640b02e-e3c6-4767-baea-e372521ddb2d/toss 200
2026-06-27 21:51:04 - GET /api/v1/teams/53d08437-c374-4c9b-b193-0d9631d25680 200
2026-06-27 21:51:04 - GET /api/v1/teams/03dfa6e9-40e0-4861-9808-270fb9a5acb8 200
2026-06-27 21:51:04 - POST /api/v1/matches/c640b02e-e3c6-4767-baea-e372521ddb2d/squads 200
2026-06-27 21:51:04 - POST /api/v1/matches/c640b02e-e3c6-4767-baea-e372521ddb2d/squads 200
2026-06-27 21:51:04 - POST /api/v1/matches/c640b02e-e3c6-4767-baea-e372521ddb2d/balls 201
2026-06-27 21:51:04 - POST /api/v1/matches/c640b02e-e3c6-4767-baea-e372521ddb2d/balls 201
2026-06-27 21:51:04 - POST /api/v1/matches/c640b02e-e3c6-4767-baea-e372521ddb2d/balls 201
2026-06-27 21:51:04 - POST /api/v1/matches/c640b02e-e3c6-4767-baea-e372521ddb2d/balls 201
2026-06-27 21:51:04 - POST /api/v1/matches/c640b02e-e3c6-4767-baea-e372521ddb2d/balls 201
2026-06-27 21:51:04 - POST /api/v1/matches/c640b02e-e3c6-4767-baea-e372521ddb2d/balls 201
2026-06-27 21:51:04 - POST /api/v1/matches/c640b02e-e3c6-4767-baea-e372521ddb2d/balls 201
2026-06-27 21:51:04 - POST /api/v1/matches/c640b02e-e3c6-4767-baea-e372521ddb2d/balls 201
2026-06-27 21:51:04 - POST /api/v1/matches/c640b02e-e3c6-4767-baea-e372521ddb2d/balls 201
2026-06-27 21:51:04 - POST /api/v1/matches/c640b02e-e3c6-4767-baea-e372521ddb2d/balls 201
2026-06-27 21:51:04 - POST /api/v1/matches/c640b02e-e3c6-4767-baea-e372521ddb2d/balls 201
2026-06-27 21:51:05 - POST /api/v1/matches/c640b02e-e3c6-4767-baea-e372521ddb2d/balls 201
2026-06-27 21:51:05 - POST /api/v1/matches/cd350722-0054-4a5f-a860-718983141ef7/toss 200
2026-06-27 21:51:05 - GET /api/v1/teams/b57a9c44-a172-49e3-96fe-a96d7b5e3c9a 200
2026-06-27 21:51:05 - GET /api/v1/teams/03dfa6e9-40e0-4861-9808-270fb9a5acb8 200
2026-06-27 21:51:05 - POST /api/v1/matches/cd350722-0054-4a5f-a860-718983141ef7/squads 200
2026-06-27 21:51:05 - POST /api/v1/matches/cd350722-0054-4a5f-a860-718983141ef7/squads 200
2026-06-27 21:51:05 - POST /api/v1/matches/cd350722-0054-4a5f-a860-718983141ef7/balls 201
2026-06-27 21:51:05 - POST /api/v1/matches/cd350722-0054-4a5f-a860-718983141ef7/balls 201
2026-06-27 21:51:05 - POST /api/v1/matches/cd350722-0054-4a5f-a860-718983141ef7/balls 201
2026-06-27 21:51:05 - POST /api/v1/matches/cd350722-0054-4a5f-a860-718983141ef7/balls 201
2026-06-27 21:51:05 - POST /api/v1/matches/cd350722-0054-4a5f-a860-718983141ef7/balls 201
2026-06-27 21:51:05 - POST /api/v1/matches/cd350722-0054-4a5f-a860-718983141ef7/balls 201
2026-06-27 21:51:05 - POST /api/v1/matches/cd350722-0054-4a5f-a860-718983141ef7/balls 201
2026-06-27 21:51:05 - POST /api/v1/matches/cd350722-0054-4a5f-a860-718983141ef7/balls 201
2026-06-27 21:51:05 - POST /api/v1/matches/cd350722-0054-4a5f-a860-718983141ef7/balls 201
2026-06-27 21:51:05 - POST /api/v1/matches/cd350722-0054-4a5f-a860-718983141ef7/balls 201
2026-06-27 21:51:05 - POST /api/v1/matches/cd350722-0054-4a5f-a860-718983141ef7/balls 201
2026-06-27 21:51:05 - POST /api/v1/matches/cd350722-0054-4a5f-a860-718983141ef7/balls 201
2026-06-27 21:51:05 - POST /api/v1/matches/6f449070-2778-4c52-963a-c06e99415d88/toss 200
2026-06-27 21:51:05 - GET /api/v1/teams/d7719638-87ac-409f-894e-1072d3e7916d 200
2026-06-27 21:51:05 - GET /api/v1/teams/03dfa6e9-40e0-4861-9808-270fb9a5acb8 200
2026-06-27 21:51:05 - POST /api/v1/matches/6f449070-2778-4c52-963a-c06e99415d88/squads 200
2026-06-27 21:51:05 - POST /api/v1/matches/6f449070-2778-4c52-963a-c06e99415d88/squads 200
2026-06-27 21:51:05 - POST /api/v1/matches/6f449070-2778-4c52-963a-c06e99415d88/balls 201
2026-06-27 21:51:05 - POST /api/v1/matches/6f449070-2778-4c52-963a-c06e99415d88/balls 201
2026-06-27 21:51:05 - POST /api/v1/matches/6f449070-2778-4c52-963a-c06e99415d88/balls 201
2026-06-27 21:51:05 - POST /api/v1/matches/6f449070-2778-4c52-963a-c06e99415d88/balls 201
2026-06-27 21:51:05 - POST /api/v1/matches/6f449070-2778-4c52-963a-c06e99415d88/balls 201
2026-06-27 21:51:05 - POST /api/v1/matches/6f449070-2778-4c52-963a-c06e99415d88/balls 201
2026-06-27 21:51:05 - POST /api/v1/matches/6f449070-2778-4c52-963a-c06e99415d88/balls 201
2026-06-27 21:51:05 - POST /api/v1/matches/6f449070-2778-4c52-963a-c06e99415d88/balls 201
2026-06-27 21:51:05 - POST /api/v1/matches/6f449070-2778-4c52-963a-c06e99415d88/balls 201
2026-06-27 21:51:05 - POST /api/v1/matches/6f449070-2778-4c52-963a-c06e99415d88/balls 201
2026-06-27 21:51:05 - POST /api/v1/matches/6f449070-2778-4c52-963a-c06e99415d88/balls 201
2026-06-27 21:51:05 - POST /api/v1/matches/6f449070-2778-4c52-963a-c06e99415d88/balls 201
2026-06-27 21:51:05 - POST /api/v1/matches/ac491094-6b13-4285-bd41-2ad4b5284ccf/toss 200
2026-06-27 21:51:05 - GET /api/v1/teams/b57a9c44-a172-49e3-96fe-a96d7b5e3c9a 200
2026-06-27 21:51:05 - GET /api/v1/teams/53d08437-c374-4c9b-b193-0d9631d25680 200
2026-06-27 21:51:05 - POST /api/v1/matches/ac491094-6b13-4285-bd41-2ad4b5284ccf/squads 200
2026-06-27 21:51:05 - POST /api/v1/matches/ac491094-6b13-4285-bd41-2ad4b5284ccf/squads 200
2026-06-27 21:51:05 - POST /api/v1/matches/ac491094-6b13-4285-bd41-2ad4b5284ccf/balls 201
2026-06-27 21:51:05 - POST /api/v1/matches/ac491094-6b13-4285-bd41-2ad4b5284ccf/balls 201
2026-06-27 21:51:06 - POST /api/v1/matches/ac491094-6b13-4285-bd41-2ad4b5284ccf/balls 201
2026-06-27 21:51:06 - POST /api/v1/matches/ac491094-6b13-4285-bd41-2ad4b5284ccf/balls 201
2026-06-27 21:51:06 - POST /api/v1/matches/ac491094-6b13-4285-bd41-2ad4b5284ccf/balls 201
2026-06-27 21:51:06 - POST /api/v1/matches/ac491094-6b13-4285-bd41-2ad4b5284ccf/balls 201
2026-06-27 21:51:06 - POST /api/v1/matches/ac491094-6b13-4285-bd41-2ad4b5284ccf/balls 201
2026-06-27 21:51:06 - POST /api/v1/matches/ac491094-6b13-4285-bd41-2ad4b5284ccf/balls 201
2026-06-27 21:51:06 - POST /api/v1/matches/ac491094-6b13-4285-bd41-2ad4b5284ccf/balls 201
2026-06-27 21:51:06 - POST /api/v1/matches/ac491094-6b13-4285-bd41-2ad4b5284ccf/balls 201
2026-06-27 21:51:06 - POST /api/v1/matches/ac491094-6b13-4285-bd41-2ad4b5284ccf/balls 201
2026-06-27 21:51:06 - POST /api/v1/matches/ac491094-6b13-4285-bd41-2ad4b5284ccf/balls 201
2026-06-27 21:51:06 - POST /api/v1/matches/2f7a0720-08fa-41fb-8c98-6e73909653af/toss 200
2026-06-27 21:51:06 - GET /api/v1/teams/d7719638-87ac-409f-894e-1072d3e7916d 200
2026-06-27 21:51:06 - GET /api/v1/teams/53d08437-c374-4c9b-b193-0d9631d25680 200
2026-06-27 21:51:06 - POST /api/v1/matches/2f7a0720-08fa-41fb-8c98-6e73909653af/squads 200
2026-06-27 21:51:06 - POST /api/v1/matches/2f7a0720-08fa-41fb-8c98-6e73909653af/squads 200
2026-06-27 21:51:06 - POST /api/v1/matches/2f7a0720-08fa-41fb-8c98-6e73909653af/balls 201
2026-06-27 21:51:06 - POST /api/v1/matches/2f7a0720-08fa-41fb-8c98-6e73909653af/balls 201
2026-06-27 21:51:06 - POST /api/v1/matches/2f7a0720-08fa-41fb-8c98-6e73909653af/balls 201
2026-06-27 21:51:06 - POST /api/v1/matches/2f7a0720-08fa-41fb-8c98-6e73909653af/balls 201
2026-06-27 21:51:06 - POST /api/v1/matches/2f7a0720-08fa-41fb-8c98-6e73909653af/balls 201
2026-06-27 21:51:06 - POST /api/v1/matches/2f7a0720-08fa-41fb-8c98-6e73909653af/balls 201
2026-06-27 21:51:06 - POST /api/v1/matches/2f7a0720-08fa-41fb-8c98-6e73909653af/balls 201
2026-06-27 21:51:06 - POST /api/v1/matches/2f7a0720-08fa-41fb-8c98-6e73909653af/balls 201
2026-06-27 21:51:06 - POST /api/v1/matches/2f7a0720-08fa-41fb-8c98-6e73909653af/balls 201
2026-06-27 21:51:06 - POST /api/v1/matches/2f7a0720-08fa-41fb-8c98-6e73909653af/balls 201
2026-06-27 21:51:06 - POST /api/v1/matches/2f7a0720-08fa-41fb-8c98-6e73909653af/balls 201
2026-06-27 21:51:06 - POST /api/v1/matches/2f7a0720-08fa-41fb-8c98-6e73909653af/balls 201
2026-06-27 21:51:06 - POST /api/v1/matches/c52f267e-5449-47a5-be96-7fc7a3eda74b/toss 200
2026-06-27 21:51:06 - GET /api/v1/teams/d7719638-87ac-409f-894e-1072d3e7916d 200
2026-06-27 21:51:06 - GET /api/v1/teams/b57a9c44-a172-49e3-96fe-a96d7b5e3c9a 200
2026-06-27 21:51:06 - POST /api/v1/matches/c52f267e-5449-47a5-be96-7fc7a3eda74b/squads 200
2026-06-27 21:51:06 - POST /api/v1/matches/c52f267e-5449-47a5-be96-7fc7a3eda74b/squads 200
2026-06-27 21:51:06 - POST /api/v1/matches/c52f267e-5449-47a5-be96-7fc7a3eda74b/balls 201
2026-06-27 21:51:06 - POST /api/v1/matches/c52f267e-5449-47a5-be96-7fc7a3eda74b/balls 201
2026-06-27 21:51:06 - POST /api/v1/matches/c52f267e-5449-47a5-be96-7fc7a3eda74b/balls 201
2026-06-27 21:51:06 - POST /api/v1/matches/c52f267e-5449-47a5-be96-7fc7a3eda74b/balls 201
2026-06-27 21:51:06 - POST /api/v1/matches/c52f267e-5449-47a5-be96-7fc7a3eda74b/balls 201
2026-06-27 21:51:06 - POST /api/v1/matches/c52f267e-5449-47a5-be96-7fc7a3eda74b/balls 201
2026-06-27 21:51:06 - POST /api/v1/matches/c52f267e-5449-47a5-be96-7fc7a3eda74b/balls 201
2026-06-27 21:51:06 - POST /api/v1/matches/c52f267e-5449-47a5-be96-7fc7a3eda74b/balls 201
2026-06-27 21:51:06 - POST /api/v1/matches/c52f267e-5449-47a5-be96-7fc7a3eda74b/balls 201
2026-06-27 21:51:07 - POST /api/v1/matches/c52f267e-5449-47a5-be96-7fc7a3eda74b/balls 201
2026-06-27 21:51:07 - POST /api/v1/matches/c52f267e-5449-47a5-be96-7fc7a3eda74b/balls 201
2026-06-27 21:51:07 - POST /api/v1/matches/c52f267e-5449-47a5-be96-7fc7a3eda74b/balls 201
2026-06-27 21:51:07 - GET /api/v1/tournaments/f1f41140-44d8-4cda-a26d-7e2910a03b91/dashboard 200
2026-06-27 21:51:07 - POST /api/v1/matches/f8a6adc9-6636-4a12-84e6-2cf4242e40a5/toss 200
2026-06-27 21:51:07 - GET /api/v1/teams/d7719638-87ac-409f-894e-1072d3e7916d 200
2026-06-27 21:51:07 - GET /api/v1/teams/03dfa6e9-40e0-4861-9808-270fb9a5acb8 200
2026-06-27 21:51:07 - POST /api/v1/matches/f8a6adc9-6636-4a12-84e6-2cf4242e40a5/squads 200
2026-06-27 21:51:07 - POST /api/v1/matches/f8a6adc9-6636-4a12-84e6-2cf4242e40a5/squads 200
2026-06-27 21:51:07 - POST /api/v1/matches/f8a6adc9-6636-4a12-84e6-2cf4242e40a5/balls 201
2026-06-27 21:51:07 - POST /api/v1/matches/f8a6adc9-6636-4a12-84e6-2cf4242e40a5/balls 201
2026-06-27 21:51:07 - POST /api/v1/matches/f8a6adc9-6636-4a12-84e6-2cf4242e40a5/balls 201
2026-06-27 21:51:07 - POST /api/v1/matches/f8a6adc9-6636-4a12-84e6-2cf4242e40a5/balls 201
2026-06-27 21:51:07 - POST /api/v1/matches/f8a6adc9-6636-4a12-84e6-2cf4242e40a5/balls 201
2026-06-27 21:51:07 - POST /api/v1/matches/f8a6adc9-6636-4a12-84e6-2cf4242e40a5/balls 201
2026-06-27 21:51:07 - POST /api/v1/matches/f8a6adc9-6636-4a12-84e6-2cf4242e40a5/balls 201
2026-06-27 21:51:07 - POST /api/v1/matches/f8a6adc9-6636-4a12-84e6-2cf4242e40a5/balls 201
2026-06-27 21:51:07 - POST /api/v1/matches/f8a6adc9-6636-4a12-84e6-2cf4242e40a5/balls 201
2026-06-27 21:51:07 - POST /api/v1/matches/f8a6adc9-6636-4a12-84e6-2cf4242e40a5/balls 201
2026-06-27 21:51:07 - POST /api/v1/matches/f8a6adc9-6636-4a12-84e6-2cf4242e40a5/balls 201
2026-06-27 21:51:07 - POST /api/v1/matches/f8a6adc9-6636-4a12-84e6-2cf4242e40a5/balls 201
2026-06-27 21:51:07 - POST /api/v1/matches/64182bc4-34f8-4e54-b4d8-49e0fd5456f5/toss 200
2026-06-27 21:51:07 - GET /api/v1/teams/b57a9c44-a172-49e3-96fe-a96d7b5e3c9a 200
2026-06-27 21:51:07 - GET /api/v1/teams/53d08437-c374-4c9b-b193-0d9631d25680 200
2026-06-27 21:51:07 - POST /api/v1/matches/64182bc4-34f8-4e54-b4d8-49e0fd5456f5/squads 200
2026-06-27 21:51:07 - POST /api/v1/matches/64182bc4-34f8-4e54-b4d8-49e0fd5456f5/squads 200
2026-06-27 21:51:07 - POST /api/v1/matches/64182bc4-34f8-4e54-b4d8-49e0fd5456f5/balls 201
2026-06-27 21:51:07 - POST /api/v1/matches/64182bc4-34f8-4e54-b4d8-49e0fd5456f5/balls 201
2026-06-27 21:51:07 - POST /api/v1/matches/64182bc4-34f8-4e54-b4d8-49e0fd5456f5/balls 201
2026-06-27 21:51:07 - POST /api/v1/matches/64182bc4-34f8-4e54-b4d8-49e0fd5456f5/balls 201
2026-06-27 21:51:07 - POST /api/v1/matches/64182bc4-34f8-4e54-b4d8-49e0fd5456f5/balls 201
2026-06-27 21:51:07 - POST /api/v1/matches/64182bc4-34f8-4e54-b4d8-49e0fd5456f5/balls 201
2026-06-27 21:51:07 - POST /api/v1/matches/64182bc4-34f8-4e54-b4d8-49e0fd5456f5/balls 201
2026-06-27 21:51:07 - POST /api/v1/matches/64182bc4-34f8-4e54-b4d8-49e0fd5456f5/balls 201
2026-06-27 21:51:07 - POST /api/v1/matches/64182bc4-34f8-4e54-b4d8-49e0fd5456f5/balls 201
2026-06-27 21:51:07 - POST /api/v1/matches/64182bc4-34f8-4e54-b4d8-49e0fd5456f5/balls 201
2026-06-27 21:51:07 - POST /api/v1/matches/64182bc4-34f8-4e54-b4d8-49e0fd5456f5/balls 201
2026-06-27 21:51:08 - POST /api/v1/matches/64182bc4-34f8-4e54-b4d8-49e0fd5456f5/balls 201
2026-06-27 21:51:08 - GET /api/v1/tournaments/f1f41140-44d8-4cda-a26d-7e2910a03b91/dashboard 200
2026-06-27 21:51:08 - POST /api/v1/matches/25a75d2b-1464-42c1-82f8-88adc7d40447/toss 200
2026-06-27 21:51:08 - GET /api/v1/teams/d7719638-87ac-409f-894e-1072d3e7916d 200
2026-06-27 21:51:08 - GET /api/v1/teams/b57a9c44-a172-49e3-96fe-a96d7b5e3c9a 200
2026-06-27 21:51:08 - POST /api/v1/matches/25a75d2b-1464-42c1-82f8-88adc7d40447/squads 200
2026-06-27 21:51:08 - POST /api/v1/matches/25a75d2b-1464-42c1-82f8-88adc7d40447/squads 200
2026-06-27 21:51:08 - POST /api/v1/matches/25a75d2b-1464-42c1-82f8-88adc7d40447/balls 201
2026-06-27 21:51:08 - POST /api/v1/matches/25a75d2b-1464-42c1-82f8-88adc7d40447/balls 201
2026-06-27 21:51:08 - POST /api/v1/matches/25a75d2b-1464-42c1-82f8-88adc7d40447/balls 201
2026-06-27 21:51:08 - POST /api/v1/matches/25a75d2b-1464-42c1-82f8-88adc7d40447/balls 201
2026-06-27 21:51:08 - POST /api/v1/matches/25a75d2b-1464-42c1-82f8-88adc7d40447/balls 201
2026-06-27 21:51:08 - POST /api/v1/matches/25a75d2b-1464-42c1-82f8-88adc7d40447/balls 201
2026-06-27 21:51:08 - POST /api/v1/matches/25a75d2b-1464-42c1-82f8-88adc7d40447/balls 201
2026-06-27 21:51:08 - POST /api/v1/matches/25a75d2b-1464-42c1-82f8-88adc7d40447/balls 201
2026-06-27 21:51:08 - POST /api/v1/matches/25a75d2b-1464-42c1-82f8-88adc7d40447/balls 201
2026-06-27 21:51:08 - POST /api/v1/matches/25a75d2b-1464-42c1-82f8-88adc7d40447/balls 201
2026-06-27 21:51:08 - POST /api/v1/matches/25a75d2b-1464-42c1-82f8-88adc7d40447/balls 201
2026-06-27 21:51:08 - POST /api/v1/matches/25a75d2b-1464-42c1-82f8-88adc7d40447/balls 201
2026-06-27 21:51:08 - GET /api/v1/tournaments/f1f41140-44d8-4cda-a26d-7e2910a03b91/dashboard 200
2026-06-30 15:19:41 - POST /api/v1/auth/signup 422
2026-06-30 15:19:41 - POST /api/v1/auth/signup 422
2026-06-30 15:19:41 - POST /api/v1/auth/signup 422
2026-06-30 15:19:41 - POST /api/v1/auth/signup 422
2026-06-30 15:19:41 - POST /api/v1/auth/signup 201
2026-06-30 15:19:42 - POST /api/v1/auth/login 400
2026-06-30 15:19:42 - POST /api/v1/auth/verify-otp 200
2026-06-30 15:19:42 - POST /api/v1/auth/signup 201
2026-06-30 15:19:42 - POST /api/v1/auth/resend-otp 429
2026-06-30 15:19:42 - POST /api/v1/auth/resend-otp 200
2026-06-30 15:19:43 - POST /api/v1/auth/login 400
2026-06-30 15:19:44 - POST /api/v1/auth/login 400
2026-06-30 15:19:44 - POST /api/v1/auth/login 400
2026-06-30 15:19:45 - POST /api/v1/auth/login 400
2026-06-30 15:19:45 - POST /api/v1/auth/login 400
2026-06-30 15:19:45 - POST /api/v1/auth/login 403
2026-06-30 15:19:46 - POST /api/v1/auth/login 200
2026-06-30 15:19:46 - POST /api/v1/auth/forgot-password 404
2026-06-30 15:19:47 - POST /api/v1/auth/forgot-password 200
2026-06-30 15:19:47 - POST /api/v1/auth/verify-reset-otp 400
2026-06-30 15:19:47 - POST /api/v1/auth/verify-reset-otp 200
2026-06-30 15:19:47 - POST /api/v1/auth/reset-password 422
2026-06-30 15:19:47 - POST /api/v1/auth/reset-password 200
2026-06-30 15:19:48 - POST /api/v1/auth/login 200
2026-06-30 15:19:48 - POST /api/v1/auth/login 200
2026-06-30 15:19:48 - POST /api/v1/auth/complete-profile 200
2026-06-30 15:19:49 - POST /api/v1/auth/login 200
2026-06-30 15:19:49 - POST /api/v1/auth/refresh 200
2026-06-30 15:19:49 - POST /api/v1/auth/logout 200
2026-06-30 15:19:49 - POST /api/v1/auth/refresh 401
2026-06-30 15:19:49 - POST /api/v1/auth/signup 201
2026-06-30 15:19:49 - POST /api/v1/auth/signup 400
2026-06-30 15:19:49 - POST /api/v1/auth/login 400
2026-06-30 15:19:49 - POST /api/v1/auth/forgot-password 400
2026-06-30 15:19:49 - POST /api/v1/auth/verify-reset-otp 400
2026-06-30 15:19:49 - POST /api/v1/auth/reset-password 400
2026-06-30 15:19:49 - POST /api/v1/auth/signup 400
2026-06-30 15:19:50 - POST /api/v1/auth/signup 201
2026-06-30 15:19:50 - POST /api/v1/auth/signup 201
2026-06-30 15:19:50 - POST /api/v1/auth/login 200
2026-06-30 15:19:50 - POST /api/v1/auth/login 200
2026-06-30 15:19:50 - POST /api/v1/teams/ 201
2026-06-30 15:19:50 - GET /api/v1/teams/ 200
2026-06-30 15:19:50 - PUT /api/v1/teams/05fd4f4c-f4af-4877-8e9a-98f4ad114cdf 403
2026-06-30 15:19:50 - DELETE /api/v1/teams/05fd4f4c-f4af-4877-8e9a-98f4ad114cdf 403
2026-06-30 15:19:51 - POST /api/v1/players/ 201
2026-06-30 15:19:51 - GET /api/v1/players/ 200
2026-06-30 15:19:51 - PUT /api/v1/players/1ebda7dd-2e7e-4fda-bf3b-dfd04f46c758 403
2026-06-30 15:19:51 - DELETE /api/v1/players/1ebda7dd-2e7e-4fda-bf3b-dfd04f46c758 403
2026-06-30 15:19:51 - POST /api/v1/auth/signup 201
2026-06-30 15:19:52 - POST /api/v1/auth/login 200
2026-06-30 15:19:52 - POST /api/v1/teams/ 201
2026-06-30 15:19:52 - POST /api/v1/teams/ 201
2026-06-30 15:19:52 - POST /api/v1/players/ 201
2026-06-30 15:19:52 - POST /api/v1/players/ 201
2026-06-30 15:19:52 - POST /api/v1/players/ 201
2026-06-30 15:19:52 - POST /api/v1/teams/9c630652-da13-4423-9bd3-2b6d5335dad2/players/bulk 200
2026-06-30 15:19:52 - POST /api/v1/teams/15e83682-327b-4770-8d54-2a5da152b106/players/bulk 400
2026-06-30 15:19:53 - POST /api/v1/auth/signup 201
2026-06-30 15:19:53 - POST /api/v1/auth/signup 201
2026-06-30 15:19:53 - POST /api/v1/auth/login 200
2026-06-30 15:19:54 - POST /api/v1/auth/login 200
2026-06-30 15:19:54 - POST /api/v1/teams/ 201
2026-06-30 15:19:54 - POST /api/v1/teams/ 201
2026-06-30 15:19:54 - POST /api/v1/matches/ 201
2026-06-30 15:19:54 - POST /api/v1/matches/407607b6-4810-49de-a74f-83a4d4ce7abb/toss 403
2026-06-30 15:19:54 - POST /api/v1/matches/407607b6-4810-49de-a74f-83a4d4ce7abb/toss 200
2026-06-30 15:19:56 - GET /api/v1/debug-env 200
2026-06-30 15:19:56 - GET /api/v1/debug-env 404
2026-06-30 15:19:57 - POST /api/v1/auth/login 200
2026-06-30 15:19:57 - POST /api/v1/players/ 201
2026-06-30 15:19:57 - POST /api/v1/players/ 201
2026-06-30 15:19:57 - POST /api/v1/players/ 201
2026-06-30 15:19:57 - POST /api/v1/players/ 201
2026-06-30 15:19:57 - POST /api/v1/teams/ 201
2026-06-30 15:19:57 - POST /api/v1/teams/ 201
2026-06-30 15:19:57 - POST /api/v1/teams/ab744b04-21d0-4b04-aa56-aa0431b57372/players 200
2026-06-30 15:19:57 - POST /api/v1/teams/ab744b04-21d0-4b04-aa56-aa0431b57372/players 200
2026-06-30 15:19:57 - POST /api/v1/teams/4863d99d-4139-4522-a942-2ba2b046f470/players 200
2026-06-30 15:19:57 - POST /api/v1/teams/4863d99d-4139-4522-a942-2ba2b046f470/players 200
2026-06-30 15:19:57 - POST /api/v1/matches/ 201
2026-06-30 15:19:57 - POST /api/v1/matches/7b06f3c6-e55b-410e-95c5-96229fd9cb8a/toss 200
2026-06-30 15:19:57 - POST /api/v1/matches/7b06f3c6-e55b-410e-95c5-96229fd9cb8a/squads 400
2026-06-30 15:19:57 - POST /api/v1/matches/7b06f3c6-e55b-410e-95c5-96229fd9cb8a/squads 200
2026-06-30 15:19:57 - POST /api/v1/matches/7b06f3c6-e55b-410e-95c5-96229fd9cb8a/squads 400
2026-06-30 15:19:57 - POST /api/v1/matches/7b06f3c6-e55b-410e-95c5-96229fd9cb8a/squads 200
2026-06-30 15:19:57 - POST /api/v1/auth/google 200
2026-06-30 15:19:58 - POST /api/v1/auth/google 400
2026-06-30 15:19:58 - POST /api/v1/auth/google 400
2026-06-30 15:19:58 - POST /api/v1/auth/google 400
2026-06-30 15:19:58 - POST /api/v1/auth/google 400
2026-06-30 15:19:59 - POST /api/v1/auth/login 200
2026-06-30 15:19:59 - POST /api/v1/players/ 201
2026-06-30 15:19:59 - POST /api/v1/players/ 201
2026-06-30 15:19:59 - POST /api/v1/teams/ 201
2026-06-30 15:19:59 - POST /api/v1/teams/ 201
2026-06-30 15:19:59 - POST /api/v1/matches/ 201
2026-06-30 15:19:59 - GET /api/v1/matches/ 200
2026-06-30 15:19:59 - POST /api/v1/auth/login 200
2026-06-30 15:20:00 - POST /api/v1/auth/login 200
2026-06-30 15:20:00 - POST /api/v1/auth/login 200
2026-06-30 15:20:00 - POST /api/v1/matches/ 201
2026-06-30 15:20:00 - POST /api/v1/matches/a1a3ef23-5455-4387-860d-47902b6a7be2/toss 200
2026-06-30 15:20:01 - POST /api/v1/matches/a1a3ef23-5455-4387-860d-47902b6a7be2/toss 403
2026-06-30 15:20:01 - POST /api/v1/matches/ 201
2026-06-30 15:20:01 - POST /api/v1/matches/7f36b885-efea-40f5-b3bd-b451cd643503/toss 200
2026-06-30 15:20:01 - POST /api/v1/matches/ 201
2026-06-30 15:20:01 - POST /api/v1/matches/9dd9f1f6-4109-420a-8390-56006e3ae91f/toss 200
2026-06-30 15:20:01 - POST /api/v1/matches/9dd9f1f6-4109-420a-8390-56006e3ae91f/toss 403
2026-06-30 15:20:02 - POST /api/v1/auth/login 200
2026-06-30 15:20:02 - POST /api/v1/teams/ 201
2026-06-30 15:20:03 - POST /api/v1/auth/login 200
2026-06-30 15:20:04 - POST /api/v1/auth/login 200
2026-06-30 15:20:05 - POST /api/v1/auth/login 200
2026-06-30 15:20:05 - POST /api/v1/teams/5423b623-0766-403c-8251-14e48a1c1cd0/members 200
2026-06-30 15:20:05 - POST /api/v1/teams/5423b623-0766-403c-8251-14e48a1c1cd0/invitations/accept 200
2026-06-30 15:20:05 - POST /api/v1/teams/5423b623-0766-403c-8251-14e48a1c1cd0/members 200
2026-06-30 15:20:05 - POST /api/v1/teams/5423b623-0766-403c-8251-14e48a1c1cd0/invitations/accept 200
2026-06-30 15:20:05 - PUT /api/v1/teams/5423b623-0766-403c-8251-14e48a1c1cd0/members/88c11e49-3653-4004-92b9-c312bf251c97/role 200
2026-06-30 15:20:05 - PUT /api/v1/teams/5423b623-0766-403c-8251-14e48a1c1cd0/squad-config 403
2026-06-30 15:20:05 - PUT /api/v1/teams/5423b623-0766-403c-8251-14e48a1c1cd0/squad-config 403
2026-06-30 15:20:05 - PUT /api/v1/teams/5423b623-0766-403c-8251-14e48a1c1cd0/squad-config 200
2026-06-30 15:20:05 - POST /api/v1/teams/5423b623-0766-403c-8251-14e48a1c1cd0/members 200
2026-06-30 15:20:05 - DELETE /api/v1/teams/5423b623-0766-403c-8251-14e48a1c1cd0/members/546dc683-6d1e-44b9-b837-24c9ba237e24 204
2026-06-30 15:20:05 - POST /api/v1/teams/5423b623-0766-403c-8251-14e48a1c1cd0/join-request 200
2026-06-30 15:20:05 - POST /api/v1/teams/5423b623-0766-403c-8251-14e48a1c1cd0/reject-request 204
2026-06-30 15:20:05 - POST /api/v1/teams/5423b623-0766-403c-8251-14e48a1c1cd0/join-request 200
2026-06-30 15:20:05 - POST /api/v1/teams/5423b623-0766-403c-8251-14e48a1c1cd0/approve-request 200
2026-06-30 15:20:05 - DELETE /api/v1/teams/5423b623-0766-403c-8251-14e48a1c1cd0/members/c9569773-8277-4684-adfd-5fb989eb2df7 403
2026-06-30 15:20:05 - PUT /api/v1/teams/5423b623-0766-403c-8251-14e48a1c1cd0/members/546dc683-6d1e-44b9-b837-24c9ba237e24/role 200
2026-06-30 15:20:05 - DELETE /api/v1/teams/5423b623-0766-403c-8251-14e48a1c1cd0/members/546dc683-6d1e-44b9-b837-24c9ba237e24 403
2026-06-30 15:20:05 - DELETE /api/v1/teams/5423b623-0766-403c-8251-14e48a1c1cd0/members/16aaa380-9656-4be3-b518-1095392cf371 204
2026-06-30 15:20:05 - DELETE /api/v1/teams/5423b623-0766-403c-8251-14e48a1c1cd0 403
2026-06-30 15:20:05 - PUT /api/v1/teams/5423b623-0766-403c-8251-14e48a1c1cd0/members/546dc683-6d1e-44b9-b837-24c9ba237e24/role 403
2026-06-30 15:20:07 - POST /api/v1/auth/login 200
2026-06-30 15:20:07 - POST /api/v1/teams/ 201
2026-06-30 15:20:08 - POST /api/v1/auth/login 200
2026-06-30 15:20:09 - POST /api/v1/auth/login 200
2026-06-30 15:20:09 - POST /api/v1/teams/b74126e8-7a7d-4180-bee6-31c78a40673e/members 200
2026-06-30 15:20:09 - POST /api/v1/teams/b74126e8-7a7d-4180-bee6-31c78a40673e/invitations/accept 200
2026-06-30 15:20:09 - POST /api/v1/teams/b74126e8-7a7d-4180-bee6-31c78a40673e/lock 403
2026-06-30 15:20:09 - POST /api/v1/teams/b74126e8-7a7d-4180-bee6-31c78a40673e/lock 200
2026-06-30 15:20:09 - PUT /api/v1/teams/b74126e8-7a7d-4180-bee6-31c78a40673e/squad-config 403
2026-06-30 15:20:09 - PUT /api/v1/teams/b74126e8-7a7d-4180-bee6-31c78a40673e/squad-config 200
2026-06-30 15:20:09 - POST /api/v1/teams/b74126e8-7a7d-4180-bee6-31c78a40673e/unlock 200
2026-06-30 15:20:09 - PUT /api/v1/teams/b74126e8-7a7d-4180-bee6-31c78a40673e/squad-config 200
2026-06-30 15:20:09 - GET /api/v1/teams/b74126e8-7a7d-4180-bee6-31c78a40673e/activities 403
2026-06-30 15:20:09 - GET /api/v1/teams/b74126e8-7a7d-4180-bee6-31c78a40673e/activities 200
2026-06-30 15:20:10 - POST /api/v1/auth/login 200
2026-06-30 15:20:11 - GET /api/v1/admin/analytics 200
2026-06-30 15:20:11 - GET /api/v1/admin/team-members 200
2026-06-30 15:20:11 - GET /api/v1/admin/team-members 200
2026-06-30 15:20:11 - GET /api/v1/admin/team-members 200
2026-06-30 15:20:11 - DELETE /api/v1/admin/team-members/2a4b201f-4ca1-4b11-b548-174840baa7cb 204
2026-06-30 15:20:13 - POST /api/v1/auth/login 200
2026-06-30 15:20:14 - POST /api/v1/admin/tournaments/bulk-delete 204
2026-06-30 15:20:14 - POST /api/v1/admin/matches/bulk-delete 204
2026-06-30 15:20:14 - POST /api/v1/admin/teams/bulk-delete 204
2026-06-30 15:20:14 - POST /api/v1/admin/users/bulk-delete 204
2026-06-30 15:20:14 - POST /api/v1/auth/login 200
2026-06-30 15:20:14 - POST /api/v1/players/ 201
2026-06-30 15:20:14 - POST /api/v1/players/ 201
2026-06-30 15:20:14 - POST /api/v1/players/ 422
2026-06-30 15:20:14 - POST /api/v1/players/ 422
2026-06-30 15:20:14 - GET /api/v1/players/5856192d-7a7c-4b17-8c0e-7d507de39220 200
2026-06-30 15:20:14 - PUT /api/v1/players/5856192d-7a7c-4b17-8c0e-7d507de39220 200
2026-06-30 15:20:14 - DELETE /api/v1/players/5856192d-7a7c-4b17-8c0e-7d507de39220 204
2026-06-30 15:20:14 - GET /api/v1/players/5856192d-7a7c-4b17-8c0e-7d507de39220 404
2026-06-30 15:20:15 - POST /api/v1/auth/login 200
2026-06-30 15:20:15 - POST /api/v1/players/ 201
2026-06-30 15:20:15 - POST /api/v1/players/ 201
2026-06-30 15:20:15 - POST /api/v1/teams/ 201
2026-06-30 15:20:15 - POST /api/v1/teams/03fb50ad-8209-4726-888d-f5e60b24bd01/players 200
2026-06-30 15:20:15 - PUT /api/v1/teams/03fb50ad-8209-4726-888d-f5e60b24bd01 200
2026-06-30 15:20:15 - PUT /api/v1/teams/03fb50ad-8209-4726-888d-f5e60b24bd01 400
2026-06-30 15:20:15 - POST /api/v1/teams/ 201
2026-06-30 15:20:15 - POST /api/v1/teams/ea7acd29-2bed-4e5a-9e03-6871e4002ad4/players 400
2026-06-30 15:20:15 - DELETE /api/v1/teams/03fb50ad-8209-4726-888d-f5e60b24bd01/players/b594f1f5-6ed5-407c-a855-efaf2c242ed9 200
2026-06-30 15:20:15 - DELETE /api/v1/teams/03fb50ad-8209-4726-888d-f5e60b24bd01 204
2026-06-30 15:20:16 - POST /api/v1/auth/login 200
2026-06-30 15:20:16 - POST /api/v1/players/ 201
2026-06-30 15:20:16 - POST /api/v1/players/ 201
2026-06-30 15:20:16 - POST /api/v1/teams/ 201
2026-06-30 15:20:16 - POST /api/v1/teams/ 201
2026-06-30 15:20:16 - POST /api/v1/teams/e5e79b1c-125b-4443-a94c-a7550b582698/players 200
2026-06-30 15:20:16 - POST /api/v1/teams/780d9bc2-a88c-44ac-9850-6c60f790411e/players 200
2026-06-30 15:20:16 - POST /api/v1/matches/ 201
2026-06-30 15:20:16 - POST /api/v1/matches/cf786368-4ca6-4d0d-8762-5b7919a81790/squads 200
2026-06-30 15:20:16 - POST /api/v1/matches/cf786368-4ca6-4d0d-8762-5b7919a81790/toss 200
2026-06-30 15:20:16 - DELETE /api/v1/players/46d6eebc-7b79-4310-b676-18827c390813 400
2026-06-30 15:20:16 - DELETE /api/v1/teams/e5e79b1c-125b-4443-a94c-a7550b582698/players/46d6eebc-7b79-4310-b676-18827c390813 400
2026-06-30 15:20:17 - DELETE /api/v1/teams/e5e79b1c-125b-4443-a94c-a7550b582698 400
2026-06-30 15:20:18 - POST /api/v1/auth/login 200
2026-06-30 15:20:18 - GET /api/v1/profile/ 200
2026-06-30 15:20:19 - POST /api/v1/auth/login 200
2026-06-30 15:20:19 - PUT /api/v1/profile/ 200
2026-06-30 15:20:19 - PUT /api/v1/profile/ 400
2026-06-30 15:20:19 - POST /api/v1/auth/login 200
2026-06-30 15:20:19 - GET /api/v1/profile/stats 200
2026-06-30 15:20:20 - POST /api/v1/auth/login 200
2026-06-30 15:20:20 - GET /api/v1/profile/activity 200
2026-06-30 15:20:20 - GET /api/v1/profile/achievements 200
2026-06-30 15:20:21 - POST /api/v1/auth/login 200
2026-06-30 15:20:21 - POST /api/v1/profile/upload-photo 200
2026-06-30 15:20:21 - GET /api/v1/profile/ 200
2026-06-30 15:20:22 - POST /api/v1/auth/signup 201
2026-06-30 15:20:23 - POST /api/v1/auth/login 200
2026-06-30 15:20:24 - GET /api/v1/profile/ 200
2026-06-30 15:20:24 - PUT /api/v1/profile/ 200
2026-06-30 15:20:25 - POST /api/v1/auth/login 200
2026-06-30 15:20:25 - GET /api/v1/profile/public/CU-USERAA 403
2026-06-30 15:20:25 - GET /api/v1/profile/public/CU-USERAA 200
2026-06-30 15:20:26 - POST /api/v1/auth/login 200
2026-06-30 15:20:26 - GET /api/v1/profile/search 200
2026-06-30 15:20:27 - POST /api/v1/auth/login 200
2026-06-30 15:20:27 - POST /api/v1/teams/join-by-code 200
2026-06-30 15:20:27 - POST /api/v1/auth/signup 400
2026-06-30 15:20:27 - POST /api/v1/auth/signup 400
2026-06-30 15:20:27 - POST /api/v1/auth/signup 400
2026-06-30 15:20:29 - POST /api/v1/auth/login 200
2026-06-30 15:20:29 - POST /api/v1/teams/6f77541f-fdbe-47b9-ace7-69ebe4ce65a8/regenerate-code 200
2026-06-30 15:20:29 - POST /api/v1/teams/join-by-code 404
2026-06-30 15:20:30 - POST /api/v1/auth/login 200
2026-06-30 15:20:30 - GET /api/v1/teams/search 200
2026-06-30 15:20:30 - GET /api/v1/tournaments/search 200
2026-06-30 15:20:31 - POST /api/v1/auth/login 200
2026-06-30 15:20:31 - POST /api/v1/teams/ba15a5eb-cc40-45d1-8df0-d130f391a0be/members 200
2026-06-30 15:20:31 - GET /api/v1/teams/ba15a5eb-cc40-45d1-8df0-d130f391a0be/invitations 200
2026-06-30 15:20:32 - POST /api/v1/auth/login 200
2026-06-30 15:20:32 - POST /api/v1/players/ 201
2026-06-30 15:20:32 - POST /api/v1/players/ 201
2026-06-30 15:20:32 - POST /api/v1/players/ 201
2026-06-30 15:20:32 - POST /api/v1/players/ 201
2026-06-30 15:20:32 - POST /api/v1/players/ 201
2026-06-30 15:20:32 - POST /api/v1/teams/ 201
2026-06-30 15:20:32 - POST /api/v1/teams/ 201
2026-06-30 15:20:32 - POST /api/v1/teams/2ebb0723-ea2b-47aa-a622-4571082e2572/players 200
2026-06-30 15:20:32 - POST /api/v1/teams/2ebb0723-ea2b-47aa-a622-4571082e2572/players 200
2026-06-30 15:20:32 - POST /api/v1/teams/2ebb0723-ea2b-47aa-a622-4571082e2572/players 200
2026-06-30 15:20:32 - POST /api/v1/teams/dad2607c-45b8-440b-b00e-ce4addb54bc4/players 200
2026-06-30 15:20:32 - POST /api/v1/teams/dad2607c-45b8-440b-b00e-ce4addb54bc4/players 200
2026-06-30 15:20:32 - POST /api/v1/matches/ 201
2026-06-30 15:20:32 - POST /api/v1/matches/05d6692f-efce-4d83-8923-dd7e77b86194/toss 200
2026-06-30 15:20:32 - POST /api/v1/matches/05d6692f-efce-4d83-8923-dd7e77b86194/squads 200
2026-06-30 15:20:32 - POST /api/v1/matches/05d6692f-efce-4d83-8923-dd7e77b86194/squads 200
2026-06-30 15:20:32 - POST /api/v1/matches/05d6692f-efce-4d83-8923-dd7e77b86194/balls 201
2026-06-30 15:20:32 - POST /api/v1/matches/05d6692f-efce-4d83-8923-dd7e77b86194/balls 201
2026-06-30 15:20:32 - POST /api/v1/matches/05d6692f-efce-4d83-8923-dd7e77b86194/balls 201
2026-06-30 15:20:32 - POST /api/v1/matches/05d6692f-efce-4d83-8923-dd7e77b86194/balls 201
2026-06-30 15:20:32 - POST /api/v1/matches/05d6692f-efce-4d83-8923-dd7e77b86194/balls 201
2026-06-30 15:20:32 - POST /api/v1/matches/05d6692f-efce-4d83-8923-dd7e77b86194/balls 201
2026-06-30 15:20:32 - POST /api/v1/matches/05d6692f-efce-4d83-8923-dd7e77b86194/balls 201
2026-06-30 15:20:32 - POST /api/v1/matches/05d6692f-efce-4d83-8923-dd7e77b86194/balls 201
2026-06-30 15:20:32 - POST /api/v1/matches/05d6692f-efce-4d83-8923-dd7e77b86194/balls 201
2026-06-30 15:20:32 - POST /api/v1/matches/05d6692f-efce-4d83-8923-dd7e77b86194/balls 201
2026-06-30 15:20:32 - POST /api/v1/matches/05d6692f-efce-4d83-8923-dd7e77b86194/balls 201
2026-06-30 15:20:32 - POST /api/v1/matches/05d6692f-efce-4d83-8923-dd7e77b86194/balls 201
2026-06-30 15:20:32 - GET /api/v1/matches/05d6692f-efce-4d83-8923-dd7e77b86194/scorecard 200
2026-06-30 15:20:32 - GET /api/v1/players/763be256-11e0-462d-a582-14ddd1d03c37 200
2026-06-30 15:20:33 - POST /api/v1/auth/login 200
2026-06-30 15:20:33 - POST /api/v1/players/ 201
2026-06-30 15:20:33 - POST /api/v1/players/ 201
2026-06-30 15:20:33 - POST /api/v1/players/ 201
2026-06-30 15:20:33 - POST /api/v1/players/ 201
2026-06-30 15:20:33 - POST /api/v1/players/ 201
2026-06-30 15:20:33 - POST /api/v1/teams/ 201
2026-06-30 15:20:33 - POST /api/v1/teams/ 201
2026-06-30 15:20:33 - POST /api/v1/teams/3cbf216c-8a01-4427-b3e5-4775ed599cd0/players 200
2026-06-30 15:20:33 - POST /api/v1/teams/3cbf216c-8a01-4427-b3e5-4775ed599cd0/players 200
2026-06-30 15:20:33 - POST /api/v1/teams/3cbf216c-8a01-4427-b3e5-4775ed599cd0/players 200
2026-06-30 15:20:33 - POST /api/v1/teams/0ad2ba02-2c87-4a13-8fc2-9f40bab988c8/players 200
2026-06-30 15:20:33 - POST /api/v1/teams/0ad2ba02-2c87-4a13-8fc2-9f40bab988c8/players 200
2026-06-30 15:20:33 - POST /api/v1/matches/ 201
2026-06-30 15:20:33 - POST /api/v1/matches/bf1835fa-466e-477e-ba52-9657b750e237/toss 200
2026-06-30 15:20:33 - POST /api/v1/matches/bf1835fa-466e-477e-ba52-9657b750e237/squads 200
2026-06-30 15:20:33 - POST /api/v1/matches/bf1835fa-466e-477e-ba52-9657b750e237/squads 200
2026-06-30 15:20:33 - POST /api/v1/matches/bf1835fa-466e-477e-ba52-9657b750e237/balls 201
2026-06-30 15:20:34 - POST /api/v1/matches/bf1835fa-466e-477e-ba52-9657b750e237/balls 201
2026-06-30 15:20:34 - POST /api/v1/matches/bf1835fa-466e-477e-ba52-9657b750e237/balls 201
2026-06-30 15:20:34 - POST /api/v1/matches/bf1835fa-466e-477e-ba52-9657b750e237/balls 201
2026-06-30 15:20:34 - POST /api/v1/matches/bf1835fa-466e-477e-ba52-9657b750e237/balls 201
2026-06-30 15:20:34 - GET /api/v1/matches/bf1835fa-466e-477e-ba52-9657b750e237/scorecard 200
2026-06-30 15:20:35 - POST /api/v1/auth/login 200
2026-06-30 15:20:35 - POST /api/v1/players/ 201
2026-06-30 15:20:35 - POST /api/v1/players/ 201
2026-06-30 15:20:35 - POST /api/v1/players/ 201
2026-06-30 15:20:35 - POST /api/v1/players/ 201
2026-06-30 15:20:35 - POST /api/v1/teams/ 201
2026-06-30 15:20:35 - POST /api/v1/teams/ 201
2026-06-30 15:20:35 - POST /api/v1/teams/80ef852c-33d9-4a97-b503-c1f446667a2d/players 200
2026-06-30 15:20:35 - POST /api/v1/teams/80ef852c-33d9-4a97-b503-c1f446667a2d/players 200
2026-06-30 15:20:35 - POST /api/v1/teams/1934598e-ef1b-4e51-9771-ea8e0a643258/players 200
2026-06-30 15:20:35 - POST /api/v1/teams/1934598e-ef1b-4e51-9771-ea8e0a643258/players 200
2026-06-30 15:20:35 - POST /api/v1/matches/ 201
2026-06-30 15:20:35 - POST /api/v1/matches/f3459664-7898-42cb-868c-9bea3c12d072/toss 200
2026-06-30 15:20:35 - POST /api/v1/matches/f3459664-7898-42cb-868c-9bea3c12d072/squads 200
2026-06-30 15:20:35 - POST /api/v1/matches/f3459664-7898-42cb-868c-9bea3c12d072/squads 200
2026-06-30 15:20:35 - POST /api/v1/matches/f3459664-7898-42cb-868c-9bea3c12d072/balls 201
2026-06-30 15:20:35 - POST /api/v1/matches/f3459664-7898-42cb-868c-9bea3c12d072/balls 201
2026-06-30 15:20:35 - POST /api/v1/matches/f3459664-7898-42cb-868c-9bea3c12d072/balls 201
2026-06-30 15:20:35 - POST /api/v1/matches/f3459664-7898-42cb-868c-9bea3c12d072/balls 201
2026-06-30 15:20:35 - POST /api/v1/matches/f3459664-7898-42cb-868c-9bea3c12d072/balls 201
2026-06-30 15:20:35 - POST /api/v1/matches/f3459664-7898-42cb-868c-9bea3c12d072/balls 201
2026-06-30 15:20:35 - POST /api/v1/matches/f3459664-7898-42cb-868c-9bea3c12d072/balls 201
2026-06-30 15:20:35 - GET /api/v1/matches/f3459664-7898-42cb-868c-9bea3c12d072/scorecard 200
2026-06-30 15:20:37 - POST /api/v1/auth/signup 201
2026-06-30 15:20:38 - POST /api/v1/auth/login 200
2026-06-30 15:20:39 - POST /api/v1/auth/login 200
2026-06-30 15:20:39 - POST /api/v1/players/ 201
2026-06-30 15:20:39 - POST /api/v1/players/ 201
2026-06-30 15:20:39 - POST /api/v1/players/ 201
2026-06-30 15:20:39 - POST /api/v1/players/ 201
2026-06-30 15:20:39 - POST /api/v1/players/ 201
2026-06-30 15:20:39 - POST /api/v1/teams/ 201
2026-06-30 15:20:39 - POST /api/v1/teams/ 201
2026-06-30 15:20:39 - POST /api/v1/teams/02ddd9ae-7818-4a59-9566-174db6fd02a6/players 200
2026-06-30 15:20:39 - POST /api/v1/teams/02ddd9ae-7818-4a59-9566-174db6fd02a6/players 200
2026-06-30 15:20:39 - POST /api/v1/teams/02ddd9ae-7818-4a59-9566-174db6fd02a6/players 200
2026-06-30 15:20:39 - POST /api/v1/teams/fbf2e0a5-0931-4208-9e9c-39b5b302cef5/players 200
2026-06-30 15:20:39 - POST /api/v1/teams/fbf2e0a5-0931-4208-9e9c-39b5b302cef5/players 200
2026-06-30 15:20:39 - POST /api/v1/matches/ 201
2026-06-30 15:20:39 - POST /api/v1/matches/3e4a5c02-c204-4d8c-9f96-591ac89701c5/toss 200
2026-06-30 15:20:39 - POST /api/v1/matches/3e4a5c02-c204-4d8c-9f96-591ac89701c5/squads 200
2026-06-30 15:20:39 - POST /api/v1/matches/3e4a5c02-c204-4d8c-9f96-591ac89701c5/squads 200
2026-06-30 15:20:39 - POST /api/v1/matches/3e4a5c02-c204-4d8c-9f96-591ac89701c5/balls 201
2026-06-30 15:20:39 - GET /api/v1/matches/3e4a5c02-c204-4d8c-9f96-591ac89701c5/live 200
2026-06-30 15:20:39 - POST /api/v1/matches/3e4a5c02-c204-4d8c-9f96-591ac89701c5/balls 201
2026-06-30 15:20:39 - GET /api/v1/matches/3e4a5c02-c204-4d8c-9f96-591ac89701c5/live 200
2026-06-30 15:20:39 - POST /api/v1/matches/3e4a5c02-c204-4d8c-9f96-591ac89701c5/balls 201
2026-06-30 15:20:39 - GET /api/v1/matches/3e4a5c02-c204-4d8c-9f96-591ac89701c5/live 200
2026-06-30 15:20:39 - POST /api/v1/matches/3e4a5c02-c204-4d8c-9f96-591ac89701c5/balls 201
2026-06-30 15:20:39 - GET /api/v1/matches/3e4a5c02-c204-4d8c-9f96-591ac89701c5/live 200
2026-06-30 15:20:39 - POST /api/v1/matches/3e4a5c02-c204-4d8c-9f96-591ac89701c5/undo 200
2026-06-30 15:20:40 - GET /api/v1/matches/3e4a5c02-c204-4d8c-9f96-591ac89701c5/live 200
2026-06-30 15:20:40 - GET /api/v1/auth/me 401
2026-06-30 15:20:40 - GET /api/v1/auth/me 401
2026-06-30 15:20:41 - POST /api/v1/auth/login 200
2026-06-30 15:20:41 - POST /api/v1/players/ 201
2026-06-30 15:20:41 - POST /api/v1/players/ 201
2026-06-30 15:20:41 - POST /api/v1/players/ 201
2026-06-30 15:20:41 - POST /api/v1/players/ 201
2026-06-30 15:20:41 - POST /api/v1/players/ 201
2026-06-30 15:20:41 - POST /api/v1/teams/ 201
2026-06-30 15:20:41 - POST /api/v1/teams/ 201
2026-06-30 15:20:41 - POST /api/v1/teams/608bcf7a-a604-45bf-b90b-ccef15d662fb/players 200
2026-06-30 15:20:41 - POST /api/v1/teams/608bcf7a-a604-45bf-b90b-ccef15d662fb/players 200
2026-06-30 15:20:41 - POST /api/v1/teams/608bcf7a-a604-45bf-b90b-ccef15d662fb/players 200
2026-06-30 15:20:41 - POST /api/v1/teams/5c7851a1-c2fd-43fc-b210-8616a647b450/players 200
2026-06-30 15:20:41 - POST /api/v1/teams/5c7851a1-c2fd-43fc-b210-8616a647b450/players 200
2026-06-30 15:20:41 - POST /api/v1/matches/ 201
2026-06-30 15:20:41 - POST /api/v1/matches/8067c9e7-c647-48ec-adbe-c0e4cb33001f/toss 200
2026-06-30 15:20:41 - POST /api/v1/matches/8067c9e7-c647-48ec-adbe-c0e4cb33001f/squads 200
2026-06-30 15:20:41 - POST /api/v1/matches/8067c9e7-c647-48ec-adbe-c0e4cb33001f/squads 200
2026-06-30 15:20:41 - POST /api/v1/matches/8067c9e7-c647-48ec-adbe-c0e4cb33001f/balls 201
2026-06-30 15:20:41 - GET /api/v1/matches/8067c9e7-c647-48ec-adbe-c0e4cb33001f/live 200
2026-06-30 15:20:41 - POST /api/v1/matches/8067c9e7-c647-48ec-adbe-c0e4cb33001f/balls 201
2026-06-30 15:20:41 - GET /api/v1/matches/8067c9e7-c647-48ec-adbe-c0e4cb33001f/live 200
2026-06-30 15:20:41 - POST /api/v1/matches/8067c9e7-c647-48ec-adbe-c0e4cb33001f/balls 201
2026-06-30 15:20:41 - GET /api/v1/matches/8067c9e7-c647-48ec-adbe-c0e4cb33001f/live 200
2026-06-30 15:20:41 - POST /api/v1/matches/8067c9e7-c647-48ec-adbe-c0e4cb33001f/balls 201
2026-06-30 15:20:41 - GET /api/v1/matches/8067c9e7-c647-48ec-adbe-c0e4cb33001f/live 200
2026-06-30 15:20:41 - POST /api/v1/matches/8067c9e7-c647-48ec-adbe-c0e4cb33001f/balls 201
2026-06-30 15:20:41 - GET /api/v1/matches/8067c9e7-c647-48ec-adbe-c0e4cb33001f/live 200
2026-06-30 15:20:41 - POST /api/v1/matches/8067c9e7-c647-48ec-adbe-c0e4cb33001f/balls 201
2026-06-30 15:20:41 - GET /api/v1/matches/8067c9e7-c647-48ec-adbe-c0e4cb33001f/live 200
2026-06-30 15:20:41 - POST /api/v1/matches/8067c9e7-c647-48ec-adbe-c0e4cb33001f/balls 201
2026-06-30 15:20:41 - GET /api/v1/matches/8067c9e7-c647-48ec-adbe-c0e4cb33001f/live 200
2026-06-30 15:20:42 - GET /api/v1/matches/8067c9e7-c647-48ec-adbe-c0e4cb33001f/scorecard 200
2026-06-30 15:20:44 - POST /api/v1/auth/signup 201
2026-06-30 15:20:46 - POST /api/v1/auth/signup 201
2026-06-30 15:20:48 - POST /api/v1/auth/signup 201
2026-06-30 15:20:49 - POST /api/v1/auth/login 200
2026-06-30 15:20:49 - POST /api/v1/auth/login 200
2026-06-30 15:20:50 - POST /api/v1/auth/login 200
2026-06-30 15:20:50 - POST /api/v1/teams/ 201
2026-06-30 15:20:50 - GET /api/v1/teams/my-teams 200
2026-06-30 15:20:50 - POST /api/v1/teams/92382334-7691-4ff0-bbe6-e71c7b50a465/join-request 200
2026-06-30 15:20:50 - GET /api/v1/teams/my-teams 200
2026-06-30 15:20:50 - POST /api/v1/teams/92382334-7691-4ff0-bbe6-e71c7b50a465/approve-request 403
2026-06-30 15:20:50 - POST /api/v1/teams/92382334-7691-4ff0-bbe6-e71c7b50a465/approve-request 200
2026-06-30 15:20:50 - POST /api/v1/teams/92382334-7691-4ff0-bbe6-e71c7b50a465/members 200
2026-06-30 15:20:50 - POST /api/v1/teams/92382334-7691-4ff0-bbe6-e71c7b50a465/invitations/accept 200
2026-06-30 15:20:50 - GET /api/v1/teams/92382334-7691-4ff0-bbe6-e71c7b50a465/members 200
2026-06-30 15:20:50 - DELETE /api/v1/teams/92382334-7691-4ff0-bbe6-e71c7b50a465/members/338c3ff9-836c-40e0-b371-ab40de37e522 204
2026-06-30 15:20:50 - GET /api/v1/teams/92382334-7691-4ff0-bbe6-e71c7b50a465/members 200
2026-06-30 15:20:51 - POST /api/v1/auth/login 200
2026-06-30 15:20:51 - POST /api/v1/teams/ 201
2026-06-30 15:20:52 - POST /api/v1/auth/login 200
2026-06-30 15:20:53 - POST /api/v1/teams/e3fd2c36-6731-472a-8ad8-13fb8f7f4d45/members 200
2026-06-30 15:20:53 - GET /api/v1/notifications/ 200
2026-06-30 15:20:53 - GET /api/v1/teams/my-invitations 200
2026-06-30 15:20:53 - POST /api/v1/notifications/030c59e1-82ab-4b47-aa37-a3823fe72850/read 200
2026-06-30 15:20:53 - POST /api/v1/teams/e3fd2c36-6731-472a-8ad8-13fb8f7f4d45/invitations/accept 200
2026-06-30 15:20:53 - GET /api/v1/notifications/ 200
2026-06-30 15:20:53 - POST /api/v1/auth/login 200
2026-06-30 15:20:53 - POST /api/v1/teams/ 201
2026-06-30 15:20:54 - POST /api/v1/auth/login 200
2026-06-30 15:20:54 - POST /api/v1/teams/872e1d3e-3b73-44a8-a4c9-3313a787cd71/members 200
2026-06-30 15:20:54 - POST /api/v1/teams/872e1d3e-3b73-44a8-a4c9-3313a787cd71/invitations/reject 204
2026-06-30 15:20:54 - GET /api/v1/notifications/ 200
2026-06-30 15:20:55 - POST /api/v1/auth/login 200
2026-06-30 15:20:55 - POST /api/v1/teams/ 201
2026-06-30 15:20:56 - POST /api/v1/auth/login 200
2026-06-30 15:20:56 - POST /api/v1/teams/685e3603-8928-4387-8a0d-01d1245e2b8a/join-request 200
2026-06-30 15:20:56 - POST /api/v1/teams/685e3603-8928-4387-8a0d-01d1245e2b8a/reject-request 204
2026-06-30 15:20:56 - GET /api/v1/notifications/ 200
2026-06-30 15:20:57 - POST /api/v1/auth/login 200
2026-06-30 15:20:57 - POST /api/v1/teams/ 201
2026-06-30 15:20:59 - POST /api/v1/auth/login 200
2026-06-30 15:20:59 - PUT /api/v1/teams/43035e85-30d3-4ba2-8bac-ec45bb4c6034 403
2026-06-30 15:20:59 - DELETE /api/v1/teams/43035e85-30d3-4ba2-8bac-ec45bb4c6034 403
2026-06-30 15:20:59 - PUT /api/v1/teams/43035e85-30d3-4ba2-8bac-ec45bb4c6034 200
2026-06-30 15:20:59 - DELETE /api/v1/teams/43035e85-30d3-4ba2-8bac-ec45bb4c6034 204
2026-06-30 15:20:59 - GET /api/v1/teams/43035e85-30d3-4ba2-8bac-ec45bb4c6034 404
2026-06-30 15:21:00 - POST /api/v1/auth/login 200
2026-06-30 15:21:00 - GET /api/v1/notifications/ 200
2026-06-30 15:21:00 - POST /api/v1/notifications/read-all 204
2026-06-30 15:21:00 - GET /api/v1/notifications/ 200
2026-06-30 15:21:01 - POST /api/v1/auth/login 200
2026-06-30 15:21:01 - POST /api/v1/tournaments/ 201
2026-06-30 15:21:01 - POST /api/v1/players/ 201
2026-06-30 15:21:01 - POST /api/v1/players/ 201
2026-06-30 15:21:01 - POST /api/v1/players/ 201
2026-06-30 15:21:01 - POST /api/v1/players/ 201
2026-06-30 15:21:01 - POST /api/v1/teams/ 201
2026-06-30 15:21:01 - POST /api/v1/teams/16dd01d1-605e-49d6-925a-525d33246694/players 200
2026-06-30 15:21:01 - POST /api/v1/teams/16dd01d1-605e-49d6-925a-525d33246694/players 200
2026-06-30 15:21:01 - POST /api/v1/teams/16dd01d1-605e-49d6-925a-525d33246694/players 200
2026-06-30 15:21:01 - POST /api/v1/teams/16dd01d1-605e-49d6-925a-525d33246694/players 200
2026-06-30 15:21:02 - POST /api/v1/tournaments/733645a3-e987-4f47-b79f-f5b7d7c55be0/teams 400
2026-06-30 15:21:02 - POST /api/v1/players/ 201
2026-06-30 15:21:02 - POST /api/v1/teams/16dd01d1-605e-49d6-925a-525d33246694/players 200
2026-06-30 15:21:02 - POST /api/v1/tournaments/733645a3-e987-4f47-b79f-f5b7d7c55be0/teams 200
2026-06-30 15:21:02 - DELETE /api/v1/tournaments/733645a3-e987-4f47-b79f-f5b7d7c55be0/teams/16dd01d1-605e-49d6-925a-525d33246694 200
2026-06-30 15:21:03 - POST /api/v1/auth/login 200
2026-06-30 15:21:03 - POST /api/v1/teams/ 201
2026-06-30 15:21:03 - POST /api/v1/players/ 201
2026-06-30 15:21:03 - POST /api/v1/teams/04c96208-4258-4173-9336-2878c097bec7/players 200
2026-06-30 15:21:03 - POST /api/v1/players/ 201
2026-06-30 15:21:03 - POST /api/v1/teams/04c96208-4258-4173-9336-2878c097bec7/players 200
2026-06-30 15:21:03 - POST /api/v1/players/ 201
2026-06-30 15:21:03 - POST /api/v1/teams/04c96208-4258-4173-9336-2878c097bec7/players 200
2026-06-30 15:21:03 - POST /api/v1/players/ 201
2026-06-30 15:21:03 - POST /api/v1/teams/04c96208-4258-4173-9336-2878c097bec7/players 200
2026-06-30 15:21:03 - POST /api/v1/players/ 201
2026-06-30 15:21:03 - POST /api/v1/teams/04c96208-4258-4173-9336-2878c097bec7/players 200
2026-06-30 15:21:03 - POST /api/v1/teams/ 201
2026-06-30 15:21:03 - POST /api/v1/players/ 201
2026-06-30 15:21:03 - POST /api/v1/teams/519e9787-c979-456a-9872-ff853049eb13/players 200
2026-06-30 15:21:03 - POST /api/v1/players/ 201
2026-06-30 15:21:03 - POST /api/v1/teams/519e9787-c979-456a-9872-ff853049eb13/players 200
2026-06-30 15:21:03 - POST /api/v1/players/ 201
2026-06-30 15:21:03 - POST /api/v1/teams/519e9787-c979-456a-9872-ff853049eb13/players 200
2026-06-30 15:21:03 - POST /api/v1/players/ 201
2026-06-30 15:21:03 - POST /api/v1/teams/519e9787-c979-456a-9872-ff853049eb13/players 200
2026-06-30 15:21:03 - POST /api/v1/players/ 201
2026-06-30 15:21:03 - POST /api/v1/teams/519e9787-c979-456a-9872-ff853049eb13/players 200
2026-06-30 15:21:03 - POST /api/v1/tournaments/ 201
2026-06-30 15:21:03 - POST /api/v1/tournaments/3dbf5def-d399-41ed-853d-2ec0025b16cc/teams 200
2026-06-30 15:21:03 - POST /api/v1/tournaments/3dbf5def-d399-41ed-853d-2ec0025b16cc/teams 200
2026-06-30 15:21:03 - POST /api/v1/tournaments/3dbf5def-d399-41ed-853d-2ec0025b16cc/fixtures/generate 201
2026-06-30 15:21:03 - GET /api/v1/tournaments/3dbf5def-d399-41ed-853d-2ec0025b16cc/dashboard 200
2026-06-30 15:21:05 - POST /api/v1/auth/login 200
2026-06-30 15:21:05 - POST /api/v1/teams/ 201
2026-06-30 15:21:05 - POST /api/v1/players/ 201
2026-06-30 15:21:05 - POST /api/v1/teams/1059e8e3-ddd2-4eed-808b-b0ecf4d8f2e8/players 200
2026-06-30 15:21:05 - POST /api/v1/players/ 201
2026-06-30 15:21:05 - POST /api/v1/teams/1059e8e3-ddd2-4eed-808b-b0ecf4d8f2e8/players 200
2026-06-30 15:21:05 - POST /api/v1/players/ 201
2026-06-30 15:21:05 - POST /api/v1/teams/1059e8e3-ddd2-4eed-808b-b0ecf4d8f2e8/players 200
2026-06-30 15:21:05 - POST /api/v1/players/ 201
2026-06-30 15:21:05 - POST /api/v1/teams/1059e8e3-ddd2-4eed-808b-b0ecf4d8f2e8/players 200
2026-06-30 15:21:05 - POST /api/v1/players/ 201
2026-06-30 15:21:05 - POST /api/v1/teams/1059e8e3-ddd2-4eed-808b-b0ecf4d8f2e8/players 200
2026-06-30 15:21:05 - POST /api/v1/teams/ 201
2026-06-30 15:21:05 - POST /api/v1/players/ 201
2026-06-30 15:21:05 - POST /api/v1/teams/953f026f-a2ef-4d0e-88c1-59071b4a00ac/players 200
2026-06-30 15:21:05 - POST /api/v1/players/ 201
2026-06-30 15:21:05 - POST /api/v1/teams/953f026f-a2ef-4d0e-88c1-59071b4a00ac/players 200
2026-06-30 15:21:05 - POST /api/v1/players/ 201
2026-06-30 15:21:05 - POST /api/v1/teams/953f026f-a2ef-4d0e-88c1-59071b4a00ac/players 200
2026-06-30 15:21:05 - POST /api/v1/players/ 201
2026-06-30 15:21:05 - POST /api/v1/teams/953f026f-a2ef-4d0e-88c1-59071b4a00ac/players 200
2026-06-30 15:21:05 - POST /api/v1/players/ 201
2026-06-30 15:21:05 - POST /api/v1/teams/953f026f-a2ef-4d0e-88c1-59071b4a00ac/players 200
2026-06-30 15:21:05 - POST /api/v1/teams/ 201
2026-06-30 15:21:06 - POST /api/v1/players/ 201
2026-06-30 15:21:06 - POST /api/v1/teams/9f029f46-7e9f-4680-b8d4-deb43c84b9c8/players 200
2026-06-30 15:21:06 - POST /api/v1/players/ 201
2026-06-30 15:21:06 - POST /api/v1/teams/9f029f46-7e9f-4680-b8d4-deb43c84b9c8/players 200
2026-06-30 15:21:06 - POST /api/v1/players/ 201
2026-06-30 15:21:06 - POST /api/v1/teams/9f029f46-7e9f-4680-b8d4-deb43c84b9c8/players 200
2026-06-30 15:21:06 - POST /api/v1/players/ 201
2026-06-30 15:21:06 - POST /api/v1/teams/9f029f46-7e9f-4680-b8d4-deb43c84b9c8/players 200
2026-06-30 15:21:06 - POST /api/v1/players/ 201
2026-06-30 15:21:06 - POST /api/v1/teams/9f029f46-7e9f-4680-b8d4-deb43c84b9c8/players 200
2026-06-30 15:21:06 - POST /api/v1/teams/ 201
2026-06-30 15:21:06 - POST /api/v1/players/ 201
2026-06-30 15:21:06 - POST /api/v1/teams/e1d35c46-8002-4f81-a0f8-4fda8d70f90c/players 200
2026-06-30 15:21:06 - POST /api/v1/players/ 201
2026-06-30 15:21:06 - POST /api/v1/teams/e1d35c46-8002-4f81-a0f8-4fda8d70f90c/players 200
2026-06-30 15:21:06 - POST /api/v1/players/ 201
2026-06-30 15:21:06 - POST /api/v1/teams/e1d35c46-8002-4f81-a0f8-4fda8d70f90c/players 200
2026-06-30 15:21:06 - POST /api/v1/players/ 201
2026-06-30 15:21:06 - POST /api/v1/teams/e1d35c46-8002-4f81-a0f8-4fda8d70f90c/players 200
2026-06-30 15:21:06 - POST /api/v1/players/ 201
2026-06-30 15:21:06 - POST /api/v1/teams/e1d35c46-8002-4f81-a0f8-4fda8d70f90c/players 200
2026-06-30 15:21:06 - POST /api/v1/tournaments/ 201
2026-06-30 15:21:06 - POST /api/v1/tournaments/35ad1617-4d35-4f6d-ab02-b076a81aafd8/teams 200
2026-06-30 15:21:06 - POST /api/v1/tournaments/35ad1617-4d35-4f6d-ab02-b076a81aafd8/teams 200
2026-06-30 15:21:06 - POST /api/v1/tournaments/35ad1617-4d35-4f6d-ab02-b076a81aafd8/teams 200
2026-06-30 15:21:06 - POST /api/v1/tournaments/35ad1617-4d35-4f6d-ab02-b076a81aafd8/teams 200
2026-06-30 15:21:06 - POST /api/v1/tournaments/35ad1617-4d35-4f6d-ab02-b076a81aafd8/fixtures/generate 201
2026-06-30 15:21:06 - GET /api/v1/tournaments/35ad1617-4d35-4f6d-ab02-b076a81aafd8/dashboard 200
2026-06-30 15:21:06 - GET /api/v1/tournaments/35ad1617-4d35-4f6d-ab02-b076a81aafd8/dashboard 200
2026-06-30 15:21:06 - GET /api/v1/tournaments/35ad1617-4d35-4f6d-ab02-b076a81aafd8/dashboard 200
2026-06-30 15:21:07 - POST /api/v1/auth/login 200
2026-06-30 15:21:07 - POST /api/v1/tournaments/ 201
2026-06-30 15:21:07 - POST /api/v1/tournaments/cfcea20d-1730-4ef1-a63a-847d441059f1/publish 200
2026-06-30 15:21:07 - POST /api/v1/tournaments/cfcea20d-1730-4ef1-a63a-847d441059f1/open-registration 200
2026-06-30 15:21:07 - POST /api/v1/teams/ 201
2026-06-30 15:21:07 - POST /api/v1/tournaments/cfcea20d-1730-4ef1-a63a-847d441059f1/requests 400
2026-06-30 15:21:07 - POST /api/v1/players/ 201
2026-06-30 15:21:07 - POST /api/v1/players/ 201
2026-06-30 15:21:07 - POST /api/v1/players/ 201
2026-06-30 15:21:07 - POST /api/v1/players/ 201
2026-06-30 15:21:07 - POST /api/v1/players/ 201
2026-06-30 15:21:07 - POST /api/v1/teams/7821bb5a-d72b-4ae7-8439-30fb3fc59918/players 200
2026-06-30 15:21:07 - POST /api/v1/teams/7821bb5a-d72b-4ae7-8439-30fb3fc59918/players 200
2026-06-30 15:21:07 - POST /api/v1/teams/7821bb5a-d72b-4ae7-8439-30fb3fc59918/players 200
2026-06-30 15:21:07 - POST /api/v1/teams/7821bb5a-d72b-4ae7-8439-30fb3fc59918/players 200
2026-06-30 15:21:08 - POST /api/v1/teams/7821bb5a-d72b-4ae7-8439-30fb3fc59918/players 200
2026-06-30 15:21:08 - POST /api/v1/tournaments/cfcea20d-1730-4ef1-a63a-847d441059f1/requests 200
2026-06-30 15:21:08 - POST /api/v1/tournaments/cfcea20d-1730-4ef1-a63a-847d441059f1/requests/f4f2e5bc-e671-469f-9ffc-087d8904666e/approve 200
2026-06-30 15:21:08 - GET /api/v1/tournaments/cfcea20d-1730-4ef1-a63a-847d441059f1 200
2026-06-30 15:21:08 - GET /api/v1/tournaments/cfcea20d-1730-4ef1-a63a-847d441059f1/points-table 200
2026-06-30 15:21:08 - GET /api/v1/tournaments/cfcea20d-1730-4ef1-a63a-847d441059f1/activities 200
2026-06-30 15:21:17 - POST /api/v1/auth/login 200
2026-06-30 15:21:17 - POST /api/v1/tournaments/ 201
2026-06-30 15:21:17 - POST /api/v1/players/ 201
2026-06-30 15:21:17 - POST /api/v1/players/ 201
2026-06-30 15:21:17 - POST /api/v1/players/ 201
2026-06-30 15:21:17 - POST /api/v1/players/ 201
2026-06-30 15:21:17 - POST /api/v1/teams/ 201
2026-06-30 15:21:17 - POST /api/v1/teams/26a55c6b-d6c5-4d71-bf60-8ca1ccca4d86/players 200
2026-06-30 15:21:17 - POST /api/v1/teams/26a55c6b-d6c5-4d71-bf60-8ca1ccca4d86/players 200
2026-06-30 15:21:17 - POST /api/v1/teams/26a55c6b-d6c5-4d71-bf60-8ca1ccca4d86/players 200
2026-06-30 15:21:17 - POST /api/v1/teams/26a55c6b-d6c5-4d71-bf60-8ca1ccca4d86/players 200
2026-06-30 15:21:17 - POST /api/v1/tournaments/70145f14-dcd2-4815-9509-b2c5f4c46b5f/teams 400
2026-06-30 15:21:17 - POST /api/v1/players/ 201
2026-06-30 15:21:17 - POST /api/v1/teams/26a55c6b-d6c5-4d71-bf60-8ca1ccca4d86/players 200
2026-06-30 15:21:17 - POST /api/v1/tournaments/70145f14-dcd2-4815-9509-b2c5f4c46b5f/teams 200
2026-06-30 15:21:17 - DELETE /api/v1/tournaments/70145f14-dcd2-4815-9509-b2c5f4c46b5f/teams/26a55c6b-d6c5-4d71-bf60-8ca1ccca4d86 200
2026-06-30 15:21:18 - POST /api/v1/auth/login 200
2026-06-30 15:21:18 - POST /api/v1/teams/ 201
2026-06-30 15:21:18 - POST /api/v1/players/ 201
2026-06-30 15:21:18 - POST /api/v1/teams/23a3145b-1ec4-4049-b57c-6a06586b63c6/players 200
2026-06-30 15:21:18 - POST /api/v1/players/ 201
2026-06-30 15:21:18 - POST /api/v1/teams/23a3145b-1ec4-4049-b57c-6a06586b63c6/players 200
2026-06-30 15:21:18 - POST /api/v1/players/ 201
2026-06-30 15:21:18 - POST /api/v1/teams/23a3145b-1ec4-4049-b57c-6a06586b63c6/players 200
2026-06-30 15:21:18 - POST /api/v1/players/ 201
2026-06-30 15:21:18 - POST /api/v1/teams/23a3145b-1ec4-4049-b57c-6a06586b63c6/players 200
2026-06-30 15:21:18 - POST /api/v1/players/ 201
2026-06-30 15:21:18 - POST /api/v1/teams/23a3145b-1ec4-4049-b57c-6a06586b63c6/players 200
2026-06-30 15:21:18 - POST /api/v1/teams/ 201
2026-06-30 15:21:18 - POST /api/v1/players/ 201
2026-06-30 15:21:18 - POST /api/v1/teams/e095ddf1-3736-4139-9f30-25f72d30173c/players 200
2026-06-30 15:21:18 - POST /api/v1/players/ 201
2026-06-30 15:21:18 - POST /api/v1/teams/e095ddf1-3736-4139-9f30-25f72d30173c/players 200
2026-06-30 15:21:18 - POST /api/v1/players/ 201
2026-06-30 15:21:18 - POST /api/v1/teams/e095ddf1-3736-4139-9f30-25f72d30173c/players 200
2026-06-30 15:21:18 - POST /api/v1/players/ 201
2026-06-30 15:21:18 - POST /api/v1/teams/e095ddf1-3736-4139-9f30-25f72d30173c/players 200
2026-06-30 15:21:18 - POST /api/v1/players/ 201
2026-06-30 15:21:18 - POST /api/v1/teams/e095ddf1-3736-4139-9f30-25f72d30173c/players 200
2026-06-30 15:21:18 - POST /api/v1/tournaments/ 201
2026-06-30 15:21:18 - POST /api/v1/tournaments/515f9c52-0d83-4d07-aef6-11ed284edc1b/teams 200
2026-06-30 15:21:18 - POST /api/v1/tournaments/515f9c52-0d83-4d07-aef6-11ed284edc1b/teams 200
2026-06-30 15:21:18 - POST /api/v1/tournaments/515f9c52-0d83-4d07-aef6-11ed284edc1b/fixtures/generate 201
2026-06-30 15:21:18 - GET /api/v1/tournaments/515f9c52-0d83-4d07-aef6-11ed284edc1b/dashboard 200
2026-06-30 15:21:19 - POST /api/v1/auth/login 200
2026-06-30 15:21:19 - POST /api/v1/teams/ 201
2026-06-30 15:21:19 - POST /api/v1/players/ 201
2026-06-30 15:21:19 - POST /api/v1/teams/f54968df-ba46-4ae4-9e53-9c4acd004ec3/players 200
2026-06-30 15:21:19 - POST /api/v1/players/ 201
2026-06-30 15:21:19 - POST /api/v1/teams/f54968df-ba46-4ae4-9e53-9c4acd004ec3/players 200
2026-06-30 15:21:19 - POST /api/v1/players/ 201
2026-06-30 15:21:19 - POST /api/v1/teams/f54968df-ba46-4ae4-9e53-9c4acd004ec3/players 200
2026-06-30 15:21:19 - POST /api/v1/players/ 201
2026-06-30 15:21:19 - POST /api/v1/teams/f54968df-ba46-4ae4-9e53-9c4acd004ec3/players 200
2026-06-30 15:21:19 - POST /api/v1/players/ 201
2026-06-30 15:21:19 - POST /api/v1/teams/f54968df-ba46-4ae4-9e53-9c4acd004ec3/players 200
2026-06-30 15:21:19 - POST /api/v1/teams/ 201
2026-06-30 15:21:19 - POST /api/v1/players/ 201
2026-06-30 15:21:19 - POST /api/v1/teams/262789a5-90f5-47b3-ac05-e0fdd8760395/players 200
2026-06-30 15:21:19 - POST /api/v1/players/ 201
2026-06-30 15:21:19 - POST /api/v1/teams/262789a5-90f5-47b3-ac05-e0fdd8760395/players 200
2026-06-30 15:21:19 - POST /api/v1/players/ 201
2026-06-30 15:21:19 - POST /api/v1/teams/262789a5-90f5-47b3-ac05-e0fdd8760395/players 200
2026-06-30 15:21:19 - POST /api/v1/players/ 201
2026-06-30 15:21:19 - POST /api/v1/teams/262789a5-90f5-47b3-ac05-e0fdd8760395/players 200
2026-06-30 15:21:19 - POST /api/v1/players/ 201
2026-06-30 15:21:19 - POST /api/v1/teams/262789a5-90f5-47b3-ac05-e0fdd8760395/players 200
2026-06-30 15:21:19 - POST /api/v1/teams/ 201
2026-06-30 15:21:19 - POST /api/v1/players/ 201
2026-06-30 15:21:19 - POST /api/v1/teams/3cb778fc-f6e7-4577-9f58-ada6e76c560b/players 200
2026-06-30 15:21:19 - POST /api/v1/players/ 201
2026-06-30 15:21:19 - POST /api/v1/teams/3cb778fc-f6e7-4577-9f58-ada6e76c560b/players 200
2026-06-30 15:21:19 - POST /api/v1/players/ 201
2026-06-30 15:21:19 - POST /api/v1/teams/3cb778fc-f6e7-4577-9f58-ada6e76c560b/players 200
2026-06-30 15:21:19 - POST /api/v1/players/ 201
2026-06-30 15:21:19 - POST /api/v1/teams/3cb778fc-f6e7-4577-9f58-ada6e76c560b/players 200
2026-06-30 15:21:19 - POST /api/v1/players/ 201
2026-06-30 15:21:19 - POST /api/v1/teams/3cb778fc-f6e7-4577-9f58-ada6e76c560b/players 200
2026-06-30 15:21:19 - POST /api/v1/teams/ 201
2026-06-30 15:21:20 - POST /api/v1/players/ 201
2026-06-30 15:21:20 - POST /api/v1/teams/e5c1ef47-0d91-4acd-b79c-da817e9c5d17/players 200
2026-06-30 15:21:20 - POST /api/v1/players/ 201
2026-06-30 15:21:20 - POST /api/v1/teams/e5c1ef47-0d91-4acd-b79c-da817e9c5d17/players 200
2026-06-30 15:21:20 - POST /api/v1/players/ 201
2026-06-30 15:21:20 - POST /api/v1/teams/e5c1ef47-0d91-4acd-b79c-da817e9c5d17/players 200
2026-06-30 15:21:20 - POST /api/v1/players/ 201
2026-06-30 15:21:20 - POST /api/v1/teams/e5c1ef47-0d91-4acd-b79c-da817e9c5d17/players 200
2026-06-30 15:21:20 - POST /api/v1/players/ 201
2026-06-30 15:21:20 - POST /api/v1/teams/e5c1ef47-0d91-4acd-b79c-da817e9c5d17/players 200
2026-06-30 15:21:20 - POST /api/v1/tournaments/ 201
2026-06-30 15:21:20 - POST /api/v1/tournaments/5f239478-e9d5-4ae5-94bb-2f0d0da4483a/teams 200
2026-06-30 15:21:20 - POST /api/v1/tournaments/5f239478-e9d5-4ae5-94bb-2f0d0da4483a/teams 200
2026-06-30 15:21:20 - POST /api/v1/tournaments/5f239478-e9d5-4ae5-94bb-2f0d0da4483a/teams 200
2026-06-30 15:21:20 - POST /api/v1/tournaments/5f239478-e9d5-4ae5-94bb-2f0d0da4483a/teams 200
2026-06-30 15:21:20 - POST /api/v1/tournaments/5f239478-e9d5-4ae5-94bb-2f0d0da4483a/fixtures/generate 201
2026-06-30 15:21:20 - GET /api/v1/tournaments/5f239478-e9d5-4ae5-94bb-2f0d0da4483a/dashboard 200
2026-06-30 15:21:20 - GET /api/v1/tournaments/5f239478-e9d5-4ae5-94bb-2f0d0da4483a/dashboard 200
2026-06-30 15:21:20 - GET /api/v1/tournaments/5f239478-e9d5-4ae5-94bb-2f0d0da4483a/dashboard 200
2026-06-30 15:21:31 - POST /api/v1/auth/login 200
2026-06-30 15:21:31 - POST /api/v1/tournaments/ 201
2026-06-30 15:21:31 - POST /api/v1/players/ 201
2026-06-30 15:21:31 - POST /api/v1/players/ 201
2026-06-30 15:21:31 - POST /api/v1/players/ 201
2026-06-30 15:21:31 - POST /api/v1/players/ 201
2026-06-30 15:21:31 - POST /api/v1/teams/ 201
2026-06-30 15:21:31 - POST /api/v1/teams/6338b6d7-12ef-4b6d-9ad5-825b94906822/players 200
2026-06-30 15:21:31 - POST /api/v1/teams/6338b6d7-12ef-4b6d-9ad5-825b94906822/players 200
2026-06-30 15:21:31 - POST /api/v1/teams/6338b6d7-12ef-4b6d-9ad5-825b94906822/players 200
2026-06-30 15:21:31 - POST /api/v1/teams/6338b6d7-12ef-4b6d-9ad5-825b94906822/players 200
2026-06-30 15:21:31 - POST /api/v1/tournaments/faba76a4-02ef-4ad3-a21d-a56337eca987/teams 400
2026-06-30 15:21:31 - POST /api/v1/players/ 201
2026-06-30 15:21:31 - POST /api/v1/teams/6338b6d7-12ef-4b6d-9ad5-825b94906822/players 200
2026-06-30 15:21:31 - POST /api/v1/tournaments/faba76a4-02ef-4ad3-a21d-a56337eca987/teams 200
2026-06-30 15:21:31 - DELETE /api/v1/tournaments/faba76a4-02ef-4ad3-a21d-a56337eca987/teams/6338b6d7-12ef-4b6d-9ad5-825b94906822 200
2026-06-30 15:21:32 - POST /api/v1/auth/login 200
2026-06-30 15:21:32 - POST /api/v1/teams/ 201
2026-06-30 15:21:32 - POST /api/v1/players/ 201
2026-06-30 15:21:32 - POST /api/v1/teams/382b710f-e9be-4018-92f7-cb22ef004f94/players 200
2026-06-30 15:21:32 - POST /api/v1/players/ 201
2026-06-30 15:21:32 - POST /api/v1/teams/382b710f-e9be-4018-92f7-cb22ef004f94/players 200
2026-06-30 15:21:32 - POST /api/v1/players/ 201
2026-06-30 15:21:32 - POST /api/v1/teams/382b710f-e9be-4018-92f7-cb22ef004f94/players 200
2026-06-30 15:21:32 - POST /api/v1/players/ 201
2026-06-30 15:21:32 - POST /api/v1/teams/382b710f-e9be-4018-92f7-cb22ef004f94/players 200
2026-06-30 15:21:32 - POST /api/v1/players/ 201
2026-06-30 15:21:32 - POST /api/v1/teams/382b710f-e9be-4018-92f7-cb22ef004f94/players 200
2026-06-30 15:21:32 - POST /api/v1/teams/ 201
2026-06-30 15:21:32 - POST /api/v1/players/ 201
2026-06-30 15:21:32 - POST /api/v1/teams/d19f130c-30e1-4bc1-ab52-c45d737c1051/players 200
2026-06-30 15:21:32 - POST /api/v1/players/ 201
2026-06-30 15:21:32 - POST /api/v1/teams/d19f130c-30e1-4bc1-ab52-c45d737c1051/players 200
2026-06-30 15:21:32 - POST /api/v1/players/ 201
2026-06-30 15:21:32 - POST /api/v1/teams/d19f130c-30e1-4bc1-ab52-c45d737c1051/players 200
2026-06-30 15:21:32 - POST /api/v1/players/ 201
2026-06-30 15:21:32 - POST /api/v1/teams/d19f130c-30e1-4bc1-ab52-c45d737c1051/players 200
2026-06-30 15:21:32 - POST /api/v1/players/ 201
2026-06-30 15:21:32 - POST /api/v1/teams/d19f130c-30e1-4bc1-ab52-c45d737c1051/players 200
2026-06-30 15:21:32 - POST /api/v1/tournaments/ 201
2026-06-30 15:21:32 - POST /api/v1/tournaments/7a6ffff4-a380-4da2-bdea-7500b3a7ba99/teams 200
2026-06-30 15:21:32 - POST /api/v1/tournaments/7a6ffff4-a380-4da2-bdea-7500b3a7ba99/teams 200
2026-06-30 15:21:32 - POST /api/v1/tournaments/7a6ffff4-a380-4da2-bdea-7500b3a7ba99/fixtures/generate 201
2026-06-30 15:21:32 - GET /api/v1/tournaments/7a6ffff4-a380-4da2-bdea-7500b3a7ba99/dashboard 200
2026-06-30 15:21:33 - POST /api/v1/auth/login 200
2026-06-30 15:21:33 - POST /api/v1/teams/ 201
2026-06-30 15:21:33 - POST /api/v1/players/ 201
2026-06-30 15:21:33 - POST /api/v1/teams/6e264ed8-b0c4-4697-90a5-7ea66fb7d426/players 200
2026-06-30 15:21:33 - POST /api/v1/players/ 201
2026-06-30 15:21:33 - POST /api/v1/teams/6e264ed8-b0c4-4697-90a5-7ea66fb7d426/players 200
2026-06-30 15:21:33 - POST /api/v1/players/ 201
2026-06-30 15:21:33 - POST /api/v1/teams/6e264ed8-b0c4-4697-90a5-7ea66fb7d426/players 200
2026-06-30 15:21:33 - POST /api/v1/players/ 201
2026-06-30 15:21:33 - POST /api/v1/teams/6e264ed8-b0c4-4697-90a5-7ea66fb7d426/players 200
2026-06-30 15:21:33 - POST /api/v1/players/ 201
2026-06-30 15:21:33 - POST /api/v1/teams/6e264ed8-b0c4-4697-90a5-7ea66fb7d426/players 200
2026-06-30 15:21:33 - POST /api/v1/teams/ 201
2026-06-30 15:21:33 - POST /api/v1/players/ 201
2026-06-30 15:21:33 - POST /api/v1/teams/73f03b6f-40f7-40f2-8de5-cff2458f32d3/players 200
2026-06-30 15:21:33 - POST /api/v1/players/ 201
2026-06-30 15:21:33 - POST /api/v1/teams/73f03b6f-40f7-40f2-8de5-cff2458f32d3/players 200
2026-06-30 15:21:33 - POST /api/v1/players/ 201
2026-06-30 15:21:33 - POST /api/v1/teams/73f03b6f-40f7-40f2-8de5-cff2458f32d3/players 200
2026-06-30 15:21:33 - POST /api/v1/players/ 201
2026-06-30 15:21:33 - POST /api/v1/teams/73f03b6f-40f7-40f2-8de5-cff2458f32d3/players 200
2026-06-30 15:21:33 - POST /api/v1/players/ 201
2026-06-30 15:21:33 - POST /api/v1/teams/73f03b6f-40f7-40f2-8de5-cff2458f32d3/players 200
2026-06-30 15:21:33 - POST /api/v1/teams/ 201
2026-06-30 15:21:33 - POST /api/v1/players/ 201
2026-06-30 15:21:33 - POST /api/v1/teams/22ed105e-3c5f-4561-8842-a92400c92bfa/players 200
2026-06-30 15:21:33 - POST /api/v1/players/ 201
2026-06-30 15:21:33 - POST /api/v1/teams/22ed105e-3c5f-4561-8842-a92400c92bfa/players 200
2026-06-30 15:21:33 - POST /api/v1/players/ 201
2026-06-30 15:21:33 - POST /api/v1/teams/22ed105e-3c5f-4561-8842-a92400c92bfa/players 200
2026-06-30 15:21:33 - POST /api/v1/players/ 201
2026-06-30 15:21:33 - POST /api/v1/teams/22ed105e-3c5f-4561-8842-a92400c92bfa/players 200
2026-06-30 15:21:33 - POST /api/v1/players/ 201
2026-06-30 15:21:34 - POST /api/v1/teams/22ed105e-3c5f-4561-8842-a92400c92bfa/players 200
2026-06-30 15:21:34 - POST /api/v1/teams/ 201
2026-06-30 15:21:34 - POST /api/v1/players/ 201
2026-06-30 15:21:34 - POST /api/v1/teams/3ca207e4-320f-405a-9443-c5ae413ed740/players 200
2026-06-30 15:21:34 - POST /api/v1/players/ 201
2026-06-30 15:21:34 - POST /api/v1/teams/3ca207e4-320f-405a-9443-c5ae413ed740/players 200
2026-06-30 15:21:34 - POST /api/v1/players/ 201
2026-06-30 15:21:34 - POST /api/v1/teams/3ca207e4-320f-405a-9443-c5ae413ed740/players 200
2026-06-30 15:21:34 - POST /api/v1/players/ 201
2026-06-30 15:21:34 - POST /api/v1/teams/3ca207e4-320f-405a-9443-c5ae413ed740/players 200
2026-06-30 15:21:34 - POST /api/v1/players/ 201
2026-06-30 15:21:34 - POST /api/v1/teams/3ca207e4-320f-405a-9443-c5ae413ed740/players 200
2026-06-30 15:21:34 - POST /api/v1/tournaments/ 201
2026-06-30 15:21:34 - POST /api/v1/tournaments/2aa760ad-058e-470e-b164-4ac8fa158b9b/teams 200
2026-06-30 15:21:34 - POST /api/v1/tournaments/2aa760ad-058e-470e-b164-4ac8fa158b9b/teams 200
2026-06-30 15:21:34 - POST /api/v1/tournaments/2aa760ad-058e-470e-b164-4ac8fa158b9b/teams 200
2026-06-30 15:21:34 - POST /api/v1/tournaments/2aa760ad-058e-470e-b164-4ac8fa158b9b/teams 200
2026-06-30 15:21:34 - POST /api/v1/tournaments/2aa760ad-058e-470e-b164-4ac8fa158b9b/fixtures/generate 201
2026-06-30 15:21:34 - GET /api/v1/tournaments/2aa760ad-058e-470e-b164-4ac8fa158b9b/dashboard 200
2026-06-30 15:21:34 - GET /api/v1/tournaments/2aa760ad-058e-470e-b164-4ac8fa158b9b/dashboard 200
2026-06-30 15:21:34 - GET /api/v1/tournaments/2aa760ad-058e-470e-b164-4ac8fa158b9b/dashboard 200
2026-06-30 15:22:17 - POST /api/v1/auth/login 200
2026-06-30 15:22:17 - POST /api/v1/tournaments/ 201
2026-06-30 15:22:17 - POST /api/v1/players/ 201
2026-06-30 15:22:17 - POST /api/v1/players/ 201
2026-06-30 15:22:17 - POST /api/v1/players/ 201
2026-06-30 15:22:17 - POST /api/v1/players/ 201
2026-06-30 15:22:17 - POST /api/v1/teams/ 201
2026-06-30 15:22:17 - POST /api/v1/teams/25ad5f54-cbcc-4900-b7f4-35230a648324/players 200
2026-06-30 15:22:17 - POST /api/v1/teams/25ad5f54-cbcc-4900-b7f4-35230a648324/players 200
2026-06-30 15:22:17 - POST /api/v1/teams/25ad5f54-cbcc-4900-b7f4-35230a648324/players 200
2026-06-30 15:22:17 - POST /api/v1/teams/25ad5f54-cbcc-4900-b7f4-35230a648324/players 200
2026-06-30 15:22:17 - POST /api/v1/tournaments/a86c37d1-3a8b-4238-af98-5b839c9dcbcd/teams 400
2026-06-30 15:22:17 - POST /api/v1/players/ 201
2026-06-30 15:22:17 - POST /api/v1/teams/25ad5f54-cbcc-4900-b7f4-35230a648324/players 200
2026-06-30 15:22:17 - POST /api/v1/tournaments/a86c37d1-3a8b-4238-af98-5b839c9dcbcd/teams 200
2026-06-30 15:22:17 - DELETE /api/v1/tournaments/a86c37d1-3a8b-4238-af98-5b839c9dcbcd/teams/25ad5f54-cbcc-4900-b7f4-35230a648324 200
2026-06-30 15:22:17 - POST /api/v1/auth/login 200
2026-06-30 15:22:17 - POST /api/v1/teams/ 201
2026-06-30 15:22:17 - POST /api/v1/players/ 201
2026-06-30 15:22:17 - POST /api/v1/teams/eda98abd-b47c-404c-b535-e5974f5d5bd3/players 200
2026-06-30 15:22:17 - POST /api/v1/players/ 201
2026-06-30 15:22:17 - POST /api/v1/teams/eda98abd-b47c-404c-b535-e5974f5d5bd3/players 200
2026-06-30 15:22:17 - POST /api/v1/players/ 201
2026-06-30 15:22:17 - POST /api/v1/teams/eda98abd-b47c-404c-b535-e5974f5d5bd3/players 200
2026-06-30 15:22:17 - POST /api/v1/players/ 201
2026-06-30 15:22:17 - POST /api/v1/teams/eda98abd-b47c-404c-b535-e5974f5d5bd3/players 200
2026-06-30 15:22:17 - POST /api/v1/players/ 201
2026-06-30 15:22:17 - POST /api/v1/teams/eda98abd-b47c-404c-b535-e5974f5d5bd3/players 200
2026-06-30 15:22:17 - POST /api/v1/teams/ 201
2026-06-30 15:22:17 - POST /api/v1/players/ 201
2026-06-30 15:22:17 - POST /api/v1/teams/c0e24424-8303-4324-88ea-0bbf4593bccf/players 200
2026-06-30 15:22:17 - POST /api/v1/players/ 201
2026-06-30 15:22:17 - POST /api/v1/teams/c0e24424-8303-4324-88ea-0bbf4593bccf/players 200
2026-06-30 15:22:17 - POST /api/v1/players/ 201
2026-06-30 15:22:17 - POST /api/v1/teams/c0e24424-8303-4324-88ea-0bbf4593bccf/players 200
2026-06-30 15:22:17 - POST /api/v1/players/ 201
2026-06-30 15:22:17 - POST /api/v1/teams/c0e24424-8303-4324-88ea-0bbf4593bccf/players 200
2026-06-30 15:22:17 - POST /api/v1/players/ 201
2026-06-30 15:22:17 - POST /api/v1/teams/c0e24424-8303-4324-88ea-0bbf4593bccf/players 200
2026-06-30 15:22:17 - POST /api/v1/tournaments/ 201
2026-06-30 15:22:17 - POST /api/v1/tournaments/fbb17c4e-f9c2-49f5-871e-9b10cce871ce/teams 200
2026-06-30 15:22:17 - POST /api/v1/tournaments/fbb17c4e-f9c2-49f5-871e-9b10cce871ce/teams 200
2026-06-30 15:22:17 - POST /api/v1/tournaments/fbb17c4e-f9c2-49f5-871e-9b10cce871ce/fixtures/generate 201
2026-06-30 15:22:17 - POST /api/v1/tournaments/fbb17c4e-f9c2-49f5-871e-9b10cce871ce/fixtures/publish 200
2026-06-30 15:22:17 - GET /api/v1/tournaments/fbb17c4e-f9c2-49f5-871e-9b10cce871ce/dashboard 200
2026-06-30 15:22:17 - POST /api/v1/matches/43118caf-0f54-4882-8360-e67147123e3a/toss 200
2026-06-30 15:22:17 - GET /api/v1/teams/eda98abd-b47c-404c-b535-e5974f5d5bd3 200
2026-06-30 15:22:17 - GET /api/v1/teams/c0e24424-8303-4324-88ea-0bbf4593bccf 200
2026-06-30 15:22:17 - POST /api/v1/matches/43118caf-0f54-4882-8360-e67147123e3a/squads 200
2026-06-30 15:22:17 - POST /api/v1/matches/43118caf-0f54-4882-8360-e67147123e3a/squads 200
2026-06-30 15:22:17 - POST /api/v1/matches/43118caf-0f54-4882-8360-e67147123e3a/balls 201
2026-06-30 15:22:17 - POST /api/v1/matches/43118caf-0f54-4882-8360-e67147123e3a/balls 201
2026-06-30 15:22:17 - POST /api/v1/matches/43118caf-0f54-4882-8360-e67147123e3a/balls 201
2026-06-30 15:22:17 - POST /api/v1/matches/43118caf-0f54-4882-8360-e67147123e3a/balls 201
2026-06-30 15:22:17 - POST /api/v1/matches/43118caf-0f54-4882-8360-e67147123e3a/balls 201
2026-06-30 15:22:17 - POST /api/v1/matches/43118caf-0f54-4882-8360-e67147123e3a/balls 201
2026-06-30 15:22:18 - POST /api/v1/matches/43118caf-0f54-4882-8360-e67147123e3a/balls 201
2026-06-30 15:22:18 - POST /api/v1/matches/43118caf-0f54-4882-8360-e67147123e3a/balls 201
2026-06-30 15:22:18 - POST /api/v1/matches/43118caf-0f54-4882-8360-e67147123e3a/balls 201
2026-06-30 15:22:18 - GET /api/v1/tournaments/fbb17c4e-f9c2-49f5-871e-9b10cce871ce/points-table 200
2026-06-30 15:22:18 - GET /api/v1/tournaments/fbb17c4e-f9c2-49f5-871e-9b10cce871ce/leaderboards 200
2026-06-30 15:22:19 - POST /api/v1/auth/login 200
2026-06-30 15:22:19 - POST /api/v1/teams/ 201
2026-06-30 15:22:19 - POST /api/v1/players/ 201
2026-06-30 15:22:19 - POST /api/v1/teams/e4d85968-aefe-4ba4-a78d-abd6fdcdabde/players 200
2026-06-30 15:22:19 - POST /api/v1/players/ 201
2026-06-30 15:22:19 - POST /api/v1/teams/e4d85968-aefe-4ba4-a78d-abd6fdcdabde/players 200
2026-06-30 15:22:19 - POST /api/v1/players/ 201
2026-06-30 15:22:19 - POST /api/v1/teams/e4d85968-aefe-4ba4-a78d-abd6fdcdabde/players 200
2026-06-30 15:22:19 - POST /api/v1/players/ 201
2026-06-30 15:22:19 - POST /api/v1/teams/e4d85968-aefe-4ba4-a78d-abd6fdcdabde/players 200
2026-06-30 15:22:19 - POST /api/v1/players/ 201
2026-06-30 15:22:19 - POST /api/v1/teams/e4d85968-aefe-4ba4-a78d-abd6fdcdabde/players 200
2026-06-30 15:22:19 - POST /api/v1/teams/ 201
2026-06-30 15:22:19 - POST /api/v1/players/ 201
2026-06-30 15:22:19 - POST /api/v1/teams/4f6309b4-9bf9-45c2-b15f-20fb4f8c0bb9/players 200
2026-06-30 15:22:19 - POST /api/v1/players/ 201
2026-06-30 15:22:19 - POST /api/v1/teams/4f6309b4-9bf9-45c2-b15f-20fb4f8c0bb9/players 200
2026-06-30 15:22:19 - POST /api/v1/players/ 201
2026-06-30 15:22:19 - POST /api/v1/teams/4f6309b4-9bf9-45c2-b15f-20fb4f8c0bb9/players 200
2026-06-30 15:22:19 - POST /api/v1/players/ 201
2026-06-30 15:22:19 - POST /api/v1/teams/4f6309b4-9bf9-45c2-b15f-20fb4f8c0bb9/players 200
2026-06-30 15:22:19 - POST /api/v1/players/ 201
2026-06-30 15:22:19 - POST /api/v1/teams/4f6309b4-9bf9-45c2-b15f-20fb4f8c0bb9/players 200
2026-06-30 15:22:19 - POST /api/v1/teams/ 201
2026-06-30 15:22:19 - POST /api/v1/players/ 201
2026-06-30 15:22:19 - POST /api/v1/teams/43004f6b-2e0b-4359-b742-066b2b354fb5/players 200
2026-06-30 15:22:19 - POST /api/v1/players/ 201
2026-06-30 15:22:19 - POST /api/v1/teams/43004f6b-2e0b-4359-b742-066b2b354fb5/players 200
2026-06-30 15:22:19 - POST /api/v1/players/ 201
2026-06-30 15:22:19 - POST /api/v1/teams/43004f6b-2e0b-4359-b742-066b2b354fb5/players 200
2026-06-30 15:22:19 - POST /api/v1/players/ 201
2026-06-30 15:22:19 - POST /api/v1/teams/43004f6b-2e0b-4359-b742-066b2b354fb5/players 200
2026-06-30 15:22:19 - POST /api/v1/players/ 201
2026-06-30 15:22:19 - POST /api/v1/teams/43004f6b-2e0b-4359-b742-066b2b354fb5/players 200
2026-06-30 15:22:19 - POST /api/v1/teams/ 201
2026-06-30 15:22:19 - POST /api/v1/players/ 201
2026-06-30 15:22:19 - POST /api/v1/teams/7b0ff13d-d627-4218-bf9d-52dcc84f4832/players 200
2026-06-30 15:22:19 - POST /api/v1/players/ 201
2026-06-30 15:22:19 - POST /api/v1/teams/7b0ff13d-d627-4218-bf9d-52dcc84f4832/players 200
2026-06-30 15:22:19 - POST /api/v1/players/ 201
2026-06-30 15:22:19 - POST /api/v1/teams/7b0ff13d-d627-4218-bf9d-52dcc84f4832/players 200
2026-06-30 15:22:19 - POST /api/v1/players/ 201
2026-06-30 15:22:19 - POST /api/v1/teams/7b0ff13d-d627-4218-bf9d-52dcc84f4832/players 200
2026-06-30 15:22:19 - POST /api/v1/players/ 201
2026-06-30 15:22:19 - POST /api/v1/teams/7b0ff13d-d627-4218-bf9d-52dcc84f4832/players 200
2026-06-30 15:22:19 - POST /api/v1/tournaments/ 201
2026-06-30 15:22:19 - POST /api/v1/tournaments/5fd36d41-3b1e-44fb-a244-2a06b98663ea/teams 200
2026-06-30 15:22:19 - POST /api/v1/tournaments/5fd36d41-3b1e-44fb-a244-2a06b98663ea/teams 200
2026-06-30 15:22:19 - POST /api/v1/tournaments/5fd36d41-3b1e-44fb-a244-2a06b98663ea/teams 200
2026-06-30 15:22:19 - POST /api/v1/tournaments/5fd36d41-3b1e-44fb-a244-2a06b98663ea/teams 200
2026-06-30 15:22:19 - POST /api/v1/tournaments/5fd36d41-3b1e-44fb-a244-2a06b98663ea/fixtures/generate 201
2026-06-30 15:22:19 - POST /api/v1/tournaments/5fd36d41-3b1e-44fb-a244-2a06b98663ea/fixtures/publish 200
2026-06-30 15:22:19 - GET /api/v1/tournaments/5fd36d41-3b1e-44fb-a244-2a06b98663ea/dashboard 200
2026-06-30 15:22:19 - GET /api/v1/tournaments/5fd36d41-3b1e-44fb-a244-2a06b98663ea/dashboard 200
2026-06-30 15:22:19 - POST /api/v1/matches/3ae0f472-d6ac-43ca-b6fe-bdee809b0d02/toss 200
2026-06-30 15:22:19 - GET /api/v1/teams/4f6309b4-9bf9-45c2-b15f-20fb4f8c0bb9 200
2026-06-30 15:22:19 - GET /api/v1/teams/43004f6b-2e0b-4359-b742-066b2b354fb5 200
2026-06-30 15:22:19 - POST /api/v1/matches/3ae0f472-d6ac-43ca-b6fe-bdee809b0d02/squads 200
2026-06-30 15:22:19 - POST /api/v1/matches/3ae0f472-d6ac-43ca-b6fe-bdee809b0d02/squads 200
2026-06-30 15:22:19 - POST /api/v1/matches/3ae0f472-d6ac-43ca-b6fe-bdee809b0d02/balls 201
2026-06-30 15:22:19 - POST /api/v1/matches/3ae0f472-d6ac-43ca-b6fe-bdee809b0d02/balls 201
2026-06-30 15:22:19 - POST /api/v1/matches/3ae0f472-d6ac-43ca-b6fe-bdee809b0d02/balls 201
2026-06-30 15:22:19 - POST /api/v1/matches/3ae0f472-d6ac-43ca-b6fe-bdee809b0d02/balls 201
2026-06-30 15:22:20 - POST /api/v1/matches/3ae0f472-d6ac-43ca-b6fe-bdee809b0d02/balls 201
2026-06-30 15:22:20 - POST /api/v1/matches/3ae0f472-d6ac-43ca-b6fe-bdee809b0d02/balls 201
2026-06-30 15:22:20 - POST /api/v1/matches/3ae0f472-d6ac-43ca-b6fe-bdee809b0d02/balls 201
2026-06-30 15:22:20 - POST /api/v1/matches/3ae0f472-d6ac-43ca-b6fe-bdee809b0d02/balls 201
2026-06-30 15:22:20 - POST /api/v1/matches/3ae0f472-d6ac-43ca-b6fe-bdee809b0d02/balls 201
2026-06-30 15:22:20 - POST /api/v1/matches/3ae0f472-d6ac-43ca-b6fe-bdee809b0d02/balls 201
2026-06-30 15:22:20 - POST /api/v1/matches/3ae0f472-d6ac-43ca-b6fe-bdee809b0d02/balls 201
2026-06-30 15:22:20 - POST /api/v1/matches/3ae0f472-d6ac-43ca-b6fe-bdee809b0d02/balls 201
2026-06-30 15:22:20 - POST /api/v1/matches/92e3dbf9-2a97-42f0-a749-e231f47bb923/toss 200
2026-06-30 15:22:20 - GET /api/v1/teams/43004f6b-2e0b-4359-b742-066b2b354fb5 200
2026-06-30 15:22:20 - GET /api/v1/teams/7b0ff13d-d627-4218-bf9d-52dcc84f4832 200
2026-06-30 15:22:20 - POST /api/v1/matches/92e3dbf9-2a97-42f0-a749-e231f47bb923/squads 200
2026-06-30 15:22:20 - POST /api/v1/matches/92e3dbf9-2a97-42f0-a749-e231f47bb923/squads 200
2026-06-30 15:22:20 - POST /api/v1/matches/92e3dbf9-2a97-42f0-a749-e231f47bb923/balls 201
2026-06-30 15:22:20 - POST /api/v1/matches/92e3dbf9-2a97-42f0-a749-e231f47bb923/balls 201
2026-06-30 15:22:20 - POST /api/v1/matches/92e3dbf9-2a97-42f0-a749-e231f47bb923/balls 201
2026-06-30 15:22:20 - POST /api/v1/matches/92e3dbf9-2a97-42f0-a749-e231f47bb923/balls 201
2026-06-30 15:22:20 - POST /api/v1/matches/92e3dbf9-2a97-42f0-a749-e231f47bb923/balls 201
2026-06-30 15:22:20 - POST /api/v1/matches/92e3dbf9-2a97-42f0-a749-e231f47bb923/balls 201
2026-06-30 15:22:20 - POST /api/v1/matches/92e3dbf9-2a97-42f0-a749-e231f47bb923/balls 201
2026-06-30 15:22:20 - POST /api/v1/matches/92e3dbf9-2a97-42f0-a749-e231f47bb923/balls 201
2026-06-30 15:22:20 - POST /api/v1/matches/92e3dbf9-2a97-42f0-a749-e231f47bb923/balls 201
2026-06-30 15:22:20 - POST /api/v1/matches/92e3dbf9-2a97-42f0-a749-e231f47bb923/balls 201
2026-06-30 15:22:20 - POST /api/v1/matches/92e3dbf9-2a97-42f0-a749-e231f47bb923/balls 201
2026-06-30 15:22:20 - POST /api/v1/matches/92e3dbf9-2a97-42f0-a749-e231f47bb923/balls 201
2026-06-30 15:22:20 - POST /api/v1/matches/5a6f19cf-24af-4f4f-889e-a7e895f52670/toss 200
2026-06-30 15:22:20 - GET /api/v1/teams/e4d85968-aefe-4ba4-a78d-abd6fdcdabde 200
2026-06-30 15:22:20 - GET /api/v1/teams/43004f6b-2e0b-4359-b742-066b2b354fb5 200
2026-06-30 15:22:20 - POST /api/v1/matches/5a6f19cf-24af-4f4f-889e-a7e895f52670/squads 200
2026-06-30 15:22:20 - POST /api/v1/matches/5a6f19cf-24af-4f4f-889e-a7e895f52670/squads 200
2026-06-30 15:22:20 - POST /api/v1/matches/5a6f19cf-24af-4f4f-889e-a7e895f52670/balls 201
2026-06-30 15:22:20 - POST /api/v1/matches/5a6f19cf-24af-4f4f-889e-a7e895f52670/balls 201
2026-06-30 15:22:20 - POST /api/v1/matches/5a6f19cf-24af-4f4f-889e-a7e895f52670/balls 201
2026-06-30 15:22:20 - POST /api/v1/matches/5a6f19cf-24af-4f4f-889e-a7e895f52670/balls 201
2026-06-30 15:22:20 - POST /api/v1/matches/5a6f19cf-24af-4f4f-889e-a7e895f52670/balls 201
2026-06-30 15:22:20 - POST /api/v1/matches/5a6f19cf-24af-4f4f-889e-a7e895f52670/balls 201
2026-06-30 15:22:20 - POST /api/v1/matches/5a6f19cf-24af-4f4f-889e-a7e895f52670/balls 201
2026-06-30 15:22:20 - POST /api/v1/matches/5a6f19cf-24af-4f4f-889e-a7e895f52670/balls 201
2026-06-30 15:22:20 - POST /api/v1/matches/5a6f19cf-24af-4f4f-889e-a7e895f52670/balls 201
2026-06-30 15:22:20 - POST /api/v1/matches/5a6f19cf-24af-4f4f-889e-a7e895f52670/balls 201
2026-06-30 15:22:20 - POST /api/v1/matches/5a6f19cf-24af-4f4f-889e-a7e895f52670/balls 201
2026-06-30 15:22:20 - POST /api/v1/matches/5a6f19cf-24af-4f4f-889e-a7e895f52670/balls 201
2026-06-30 15:22:20 - POST /api/v1/matches/e247ae94-a14d-4a6a-9be9-7c82057b6fef/toss 200
2026-06-30 15:22:20 - GET /api/v1/teams/4f6309b4-9bf9-45c2-b15f-20fb4f8c0bb9 200
2026-06-30 15:22:20 - GET /api/v1/teams/7b0ff13d-d627-4218-bf9d-52dcc84f4832 200
2026-06-30 15:22:21 - POST /api/v1/matches/e247ae94-a14d-4a6a-9be9-7c82057b6fef/squads 200
2026-06-30 15:22:21 - POST /api/v1/matches/e247ae94-a14d-4a6a-9be9-7c82057b6fef/squads 200
2026-06-30 15:22:21 - POST /api/v1/matches/e247ae94-a14d-4a6a-9be9-7c82057b6fef/balls 201
2026-06-30 15:22:21 - POST /api/v1/matches/e247ae94-a14d-4a6a-9be9-7c82057b6fef/balls 201
2026-06-30 15:22:21 - POST /api/v1/matches/e247ae94-a14d-4a6a-9be9-7c82057b6fef/balls 201
2026-06-30 15:22:21 - POST /api/v1/matches/e247ae94-a14d-4a6a-9be9-7c82057b6fef/balls 201
2026-06-30 15:22:21 - POST /api/v1/matches/e247ae94-a14d-4a6a-9be9-7c82057b6fef/balls 201
2026-06-30 15:22:21 - POST /api/v1/matches/e247ae94-a14d-4a6a-9be9-7c82057b6fef/balls 201
2026-06-30 15:22:21 - POST /api/v1/matches/e247ae94-a14d-4a6a-9be9-7c82057b6fef/balls 201
2026-06-30 15:22:21 - POST /api/v1/matches/e247ae94-a14d-4a6a-9be9-7c82057b6fef/balls 201
2026-06-30 15:22:21 - POST /api/v1/matches/e247ae94-a14d-4a6a-9be9-7c82057b6fef/balls 201
2026-06-30 15:22:21 - POST /api/v1/matches/e247ae94-a14d-4a6a-9be9-7c82057b6fef/balls 201
2026-06-30 15:22:21 - POST /api/v1/matches/e247ae94-a14d-4a6a-9be9-7c82057b6fef/balls 201
2026-06-30 15:22:21 - POST /api/v1/matches/e247ae94-a14d-4a6a-9be9-7c82057b6fef/balls 201
2026-06-30 15:22:21 - POST /api/v1/matches/b10dffd6-1952-4f7c-b8bb-1a046911fe2e/toss 200
2026-06-30 15:22:21 - GET /api/v1/teams/e4d85968-aefe-4ba4-a78d-abd6fdcdabde 200
2026-06-30 15:22:21 - GET /api/v1/teams/4f6309b4-9bf9-45c2-b15f-20fb4f8c0bb9 200
2026-06-30 15:22:21 - POST /api/v1/matches/b10dffd6-1952-4f7c-b8bb-1a046911fe2e/squads 200
2026-06-30 15:22:21 - POST /api/v1/matches/b10dffd6-1952-4f7c-b8bb-1a046911fe2e/squads 200
2026-06-30 15:22:21 - POST /api/v1/matches/b10dffd6-1952-4f7c-b8bb-1a046911fe2e/balls 201
2026-06-30 15:22:21 - POST /api/v1/matches/b10dffd6-1952-4f7c-b8bb-1a046911fe2e/balls 201
2026-06-30 15:22:21 - POST /api/v1/matches/b10dffd6-1952-4f7c-b8bb-1a046911fe2e/balls 201
2026-06-30 15:22:21 - POST /api/v1/matches/b10dffd6-1952-4f7c-b8bb-1a046911fe2e/balls 201
2026-06-30 15:22:21 - POST /api/v1/matches/b10dffd6-1952-4f7c-b8bb-1a046911fe2e/balls 201
2026-06-30 15:22:21 - POST /api/v1/matches/b10dffd6-1952-4f7c-b8bb-1a046911fe2e/balls 201
2026-06-30 15:22:21 - POST /api/v1/matches/b10dffd6-1952-4f7c-b8bb-1a046911fe2e/balls 201
2026-06-30 15:22:21 - POST /api/v1/matches/b10dffd6-1952-4f7c-b8bb-1a046911fe2e/balls 201
2026-06-30 15:22:21 - POST /api/v1/matches/b10dffd6-1952-4f7c-b8bb-1a046911fe2e/balls 201
2026-06-30 15:22:21 - POST /api/v1/matches/b10dffd6-1952-4f7c-b8bb-1a046911fe2e/balls 201
2026-06-30 15:22:21 - POST /api/v1/matches/b10dffd6-1952-4f7c-b8bb-1a046911fe2e/balls 201
2026-06-30 15:22:21 - POST /api/v1/matches/b10dffd6-1952-4f7c-b8bb-1a046911fe2e/balls 201
2026-06-30 15:22:21 - POST /api/v1/matches/217f574a-9651-41ef-be23-6adc878f5bcb/toss 200
2026-06-30 15:22:21 - GET /api/v1/teams/e4d85968-aefe-4ba4-a78d-abd6fdcdabde 200
2026-06-30 15:22:21 - GET /api/v1/teams/7b0ff13d-d627-4218-bf9d-52dcc84f4832 200
2026-06-30 15:22:21 - POST /api/v1/matches/217f574a-9651-41ef-be23-6adc878f5bcb/squads 200
2026-06-30 15:22:21 - POST /api/v1/matches/217f574a-9651-41ef-be23-6adc878f5bcb/squads 200
2026-06-30 15:22:21 - POST /api/v1/matches/217f574a-9651-41ef-be23-6adc878f5bcb/balls 201
2026-06-30 15:22:21 - POST /api/v1/matches/217f574a-9651-41ef-be23-6adc878f5bcb/balls 201
2026-06-30 15:22:21 - POST /api/v1/matches/217f574a-9651-41ef-be23-6adc878f5bcb/balls 201
2026-06-30 15:22:21 - POST /api/v1/matches/217f574a-9651-41ef-be23-6adc878f5bcb/balls 201
2026-06-30 15:22:21 - POST /api/v1/matches/217f574a-9651-41ef-be23-6adc878f5bcb/balls 201
2026-06-30 15:22:21 - POST /api/v1/matches/217f574a-9651-41ef-be23-6adc878f5bcb/balls 201
2026-06-30 15:22:21 - POST /api/v1/matches/217f574a-9651-41ef-be23-6adc878f5bcb/balls 201
2026-06-30 15:22:21 - POST /api/v1/matches/217f574a-9651-41ef-be23-6adc878f5bcb/balls 201
2026-06-30 15:22:22 - POST /api/v1/matches/217f574a-9651-41ef-be23-6adc878f5bcb/balls 201
2026-06-30 15:22:22 - POST /api/v1/matches/217f574a-9651-41ef-be23-6adc878f5bcb/balls 201
2026-06-30 15:22:22 - POST /api/v1/matches/217f574a-9651-41ef-be23-6adc878f5bcb/balls 201
2026-06-30 15:22:22 - POST /api/v1/matches/217f574a-9651-41ef-be23-6adc878f5bcb/balls 201
2026-06-30 15:22:22 - GET /api/v1/tournaments/5fd36d41-3b1e-44fb-a244-2a06b98663ea/dashboard 200
2026-06-30 15:22:22 - POST /api/v1/matches/e4aab36b-f72a-48ff-a08b-add838382def/toss 200
2026-06-30 15:22:22 - GET /api/v1/teams/e4d85968-aefe-4ba4-a78d-abd6fdcdabde 200
2026-06-30 15:22:22 - GET /api/v1/teams/7b0ff13d-d627-4218-bf9d-52dcc84f4832 200
2026-06-30 15:22:22 - POST /api/v1/matches/e4aab36b-f72a-48ff-a08b-add838382def/squads 200
2026-06-30 15:22:22 - POST /api/v1/matches/e4aab36b-f72a-48ff-a08b-add838382def/squads 200
2026-06-30 15:22:22 - POST /api/v1/matches/e4aab36b-f72a-48ff-a08b-add838382def/balls 201
2026-06-30 15:22:22 - POST /api/v1/matches/e4aab36b-f72a-48ff-a08b-add838382def/balls 201
2026-06-30 15:22:22 - POST /api/v1/matches/e4aab36b-f72a-48ff-a08b-add838382def/balls 201
2026-06-30 15:22:22 - POST /api/v1/matches/e4aab36b-f72a-48ff-a08b-add838382def/balls 201
2026-06-30 15:22:22 - POST /api/v1/matches/e4aab36b-f72a-48ff-a08b-add838382def/balls 201
2026-06-30 15:22:22 - POST /api/v1/matches/e4aab36b-f72a-48ff-a08b-add838382def/balls 201
2026-06-30 15:22:22 - POST /api/v1/matches/e4aab36b-f72a-48ff-a08b-add838382def/balls 201
2026-06-30 15:22:22 - POST /api/v1/matches/e4aab36b-f72a-48ff-a08b-add838382def/balls 201
2026-06-30 15:22:22 - POST /api/v1/matches/e4aab36b-f72a-48ff-a08b-add838382def/balls 201
2026-06-30 15:22:22 - POST /api/v1/matches/e4aab36b-f72a-48ff-a08b-add838382def/balls 201
2026-06-30 15:22:22 - POST /api/v1/matches/e4aab36b-f72a-48ff-a08b-add838382def/balls 201
2026-06-30 15:22:22 - POST /api/v1/matches/e4aab36b-f72a-48ff-a08b-add838382def/balls 201
2026-06-30 15:22:22 - POST /api/v1/matches/698301b7-2adb-42ae-b8f0-728894349d44/toss 200
2026-06-30 15:22:22 - GET /api/v1/teams/4f6309b4-9bf9-45c2-b15f-20fb4f8c0bb9 200
2026-06-30 15:22:22 - GET /api/v1/teams/43004f6b-2e0b-4359-b742-066b2b354fb5 200
2026-06-30 15:22:22 - POST /api/v1/matches/698301b7-2adb-42ae-b8f0-728894349d44/squads 200
2026-06-30 15:22:22 - POST /api/v1/matches/698301b7-2adb-42ae-b8f0-728894349d44/squads 200
2026-06-30 15:22:22 - POST /api/v1/matches/698301b7-2adb-42ae-b8f0-728894349d44/balls 201
2026-06-30 15:22:22 - POST /api/v1/matches/698301b7-2adb-42ae-b8f0-728894349d44/balls 201
2026-06-30 15:22:22 - POST /api/v1/matches/698301b7-2adb-42ae-b8f0-728894349d44/balls 201
2026-06-30 15:22:22 - POST /api/v1/matches/698301b7-2adb-42ae-b8f0-728894349d44/balls 201
2026-06-30 15:22:22 - POST /api/v1/matches/698301b7-2adb-42ae-b8f0-728894349d44/balls 201
2026-06-30 15:22:22 - POST /api/v1/matches/698301b7-2adb-42ae-b8f0-728894349d44/balls 201
2026-06-30 15:22:22 - POST /api/v1/matches/698301b7-2adb-42ae-b8f0-728894349d44/balls 201
2026-06-30 15:22:22 - POST /api/v1/matches/698301b7-2adb-42ae-b8f0-728894349d44/balls 201
2026-06-30 15:22:22 - POST /api/v1/matches/698301b7-2adb-42ae-b8f0-728894349d44/balls 201
2026-06-30 15:22:22 - POST /api/v1/matches/698301b7-2adb-42ae-b8f0-728894349d44/balls 201
2026-06-30 15:22:22 - POST /api/v1/matches/698301b7-2adb-42ae-b8f0-728894349d44/balls 201
2026-06-30 15:22:22 - POST /api/v1/matches/698301b7-2adb-42ae-b8f0-728894349d44/balls 201
2026-06-30 15:22:22 - GET /api/v1/tournaments/5fd36d41-3b1e-44fb-a244-2a06b98663ea/dashboard 200
2026-06-30 15:22:22 - POST /api/v1/matches/a7b9a60b-c141-4099-81ab-c5b429846205/toss 200
2026-06-30 15:22:22 - GET /api/v1/teams/e4d85968-aefe-4ba4-a78d-abd6fdcdabde 200
2026-06-30 15:22:22 - GET /api/v1/teams/4f6309b4-9bf9-45c2-b15f-20fb4f8c0bb9 200
2026-06-30 15:22:22 - POST /api/v1/matches/a7b9a60b-c141-4099-81ab-c5b429846205/squads 200
2026-06-30 15:22:22 - POST /api/v1/matches/a7b9a60b-c141-4099-81ab-c5b429846205/squads 200
2026-06-30 15:22:22 - POST /api/v1/matches/a7b9a60b-c141-4099-81ab-c5b429846205/balls 201
2026-06-30 15:22:22 - POST /api/v1/matches/a7b9a60b-c141-4099-81ab-c5b429846205/balls 201
2026-06-30 15:22:22 - POST /api/v1/matches/a7b9a60b-c141-4099-81ab-c5b429846205/balls 201
2026-06-30 15:22:22 - POST /api/v1/matches/a7b9a60b-c141-4099-81ab-c5b429846205/balls 201
2026-06-30 15:22:22 - POST /api/v1/matches/a7b9a60b-c141-4099-81ab-c5b429846205/balls 201
2026-06-30 15:22:22 - POST /api/v1/matches/a7b9a60b-c141-4099-81ab-c5b429846205/balls 201
2026-06-30 15:22:22 - POST /api/v1/matches/a7b9a60b-c141-4099-81ab-c5b429846205/balls 201
2026-06-30 15:22:22 - POST /api/v1/matches/a7b9a60b-c141-4099-81ab-c5b429846205/balls 201
2026-06-30 15:22:22 - POST /api/v1/matches/a7b9a60b-c141-4099-81ab-c5b429846205/balls 201
2026-06-30 15:22:22 - POST /api/v1/matches/a7b9a60b-c141-4099-81ab-c5b429846205/balls 201
2026-06-30 15:22:22 - POST /api/v1/matches/a7b9a60b-c141-4099-81ab-c5b429846205/balls 201
2026-06-30 15:22:22 - POST /api/v1/matches/a7b9a60b-c141-4099-81ab-c5b429846205/balls 201
2026-06-30 15:22:22 - GET /api/v1/tournaments/5fd36d41-3b1e-44fb-a244-2a06b98663ea/dashboard 200
2026-06-30 15:22:34 - POST /api/v1/auth/signup 422
2026-06-30 15:22:34 - POST /api/v1/auth/signup 422
2026-06-30 15:22:34 - POST /api/v1/auth/signup 422
2026-06-30 15:22:34 - POST /api/v1/auth/signup 422
2026-06-30 15:22:34 - POST /api/v1/auth/signup 201
2026-06-30 15:22:34 - POST /api/v1/auth/login 400
2026-06-30 15:22:34 - POST /api/v1/auth/verify-otp 200
2026-06-30 15:22:34 - POST /api/v1/auth/signup 201
2026-06-30 15:22:34 - POST /api/v1/auth/resend-otp 429
2026-06-30 15:22:34 - POST /api/v1/auth/resend-otp 200
2026-06-30 15:22:35 - POST /api/v1/auth/login 400
2026-06-30 15:22:36 - POST /api/v1/auth/login 400
2026-06-30 15:22:36 - POST /api/v1/auth/login 400
2026-06-30 15:22:37 - POST /api/v1/auth/login 400
2026-06-30 15:22:37 - POST /api/v1/auth/login 400
2026-06-30 15:22:37 - POST /api/v1/auth/login 403
2026-06-30 15:22:38 - POST /api/v1/auth/login 200
2026-06-30 15:22:38 - POST /api/v1/auth/forgot-password 404
2026-06-30 15:22:38 - POST /api/v1/auth/forgot-password 200
2026-06-30 15:22:38 - POST /api/v1/auth/verify-reset-otp 400
2026-06-30 15:22:38 - POST /api/v1/auth/verify-reset-otp 200
2026-06-30 15:22:38 - POST /api/v1/auth/reset-password 422
2026-06-30 15:22:39 - POST /api/v1/auth/reset-password 200
2026-06-30 15:22:39 - POST /api/v1/auth/login 200
2026-06-30 15:22:39 - POST /api/v1/auth/login 200
2026-06-30 15:22:39 - POST /api/v1/auth/complete-profile 200
2026-06-30 15:22:40 - POST /api/v1/auth/login 200
2026-06-30 15:22:40 - POST /api/v1/auth/refresh 200
2026-06-30 15:22:40 - POST /api/v1/auth/logout 200
2026-06-30 15:22:40 - POST /api/v1/auth/refresh 401
2026-06-30 15:22:40 - POST /api/v1/auth/signup 201
2026-06-30 15:22:40 - POST /api/v1/auth/signup 400
2026-06-30 15:22:40 - POST /api/v1/auth/login 400
2026-06-30 15:22:40 - POST /api/v1/auth/forgot-password 400
2026-06-30 15:22:40 - POST /api/v1/auth/verify-reset-otp 400
2026-06-30 15:22:40 - POST /api/v1/auth/reset-password 400
2026-06-30 15:22:41 - POST /api/v1/auth/signup 400
2026-06-30 15:22:42 - POST /api/v1/auth/signup 201
2026-06-30 15:22:42 - POST /api/v1/auth/signup 201
2026-06-30 15:22:43 - POST /api/v1/auth/login 200
2026-06-30 15:22:44 - POST /api/v1/auth/login 200
2026-06-30 15:22:44 - POST /api/v1/teams/ 201
2026-06-30 15:22:44 - GET /api/v1/teams/ 200
2026-06-30 15:22:44 - PUT /api/v1/teams/64559388-3767-4572-bcd5-4d08c201dd45 403
2026-06-30 15:22:44 - DELETE /api/v1/teams/64559388-3767-4572-bcd5-4d08c201dd45 403
2026-06-30 15:22:44 - POST /api/v1/players/ 201
2026-06-30 15:22:44 - GET /api/v1/players/ 200
2026-06-30 15:22:44 - PUT /api/v1/players/91a57621-d231-494a-9b0e-e2122014b6b5 403
2026-06-30 15:22:44 - DELETE /api/v1/players/91a57621-d231-494a-9b0e-e2122014b6b5 403
2026-06-30 15:22:44 - POST /api/v1/auth/signup 201
2026-06-30 15:22:45 - POST /api/v1/auth/login 200
2026-06-30 15:22:45 - POST /api/v1/teams/ 201
2026-06-30 15:22:45 - POST /api/v1/teams/ 201
2026-06-30 15:22:45 - POST /api/v1/players/ 201
2026-06-30 15:22:45 - POST /api/v1/players/ 201
2026-06-30 15:22:45 - POST /api/v1/players/ 201
2026-06-30 15:22:45 - POST /api/v1/teams/9edcdd72-66bc-43ab-8f17-5dfde4279248/players/bulk 200
2026-06-30 15:22:45 - POST /api/v1/teams/d7a976e8-2288-4985-86fe-2212e20cfd81/players/bulk 400
2026-06-30 15:22:46 - POST /api/v1/auth/signup 201
2026-06-30 15:22:46 - POST /api/v1/auth/signup 201
2026-06-30 15:22:47 - POST /api/v1/auth/login 200
2026-06-30 15:22:47 - POST /api/v1/auth/login 200
2026-06-30 15:22:47 - POST /api/v1/teams/ 201
2026-06-30 15:22:47 - POST /api/v1/teams/ 201
2026-06-30 15:22:47 - POST /api/v1/matches/ 201
2026-06-30 15:22:47 - POST /api/v1/matches/95480ad5-7a30-49b9-9ceb-a6765e059a67/toss 403
2026-06-30 15:22:47 - POST /api/v1/matches/95480ad5-7a30-49b9-9ceb-a6765e059a67/toss 200
2026-06-30 15:22:49 - GET /api/v1/debug-env 200
2026-06-30 15:22:49 - GET /api/v1/debug-env 404
2026-06-30 15:22:50 - POST /api/v1/auth/login 200
2026-06-30 15:22:50 - POST /api/v1/players/ 201
2026-06-30 15:22:50 - POST /api/v1/players/ 201
2026-06-30 15:22:50 - POST /api/v1/players/ 201
2026-06-30 15:22:50 - POST /api/v1/players/ 201
2026-06-30 15:22:50 - POST /api/v1/teams/ 201
2026-06-30 15:22:50 - POST /api/v1/teams/ 201
2026-06-30 15:22:50 - POST /api/v1/teams/086421df-4d0d-4a79-9bf1-6d66166fd021/players 200
2026-06-30 15:22:50 - POST /api/v1/teams/086421df-4d0d-4a79-9bf1-6d66166fd021/players 200
2026-06-30 15:22:50 - POST /api/v1/teams/c707a5e3-83da-4881-8675-3ea833bf926c/players 200
2026-06-30 15:22:50 - POST /api/v1/teams/c707a5e3-83da-4881-8675-3ea833bf926c/players 200
2026-06-30 15:22:50 - POST /api/v1/matches/ 201
2026-06-30 15:22:50 - POST /api/v1/matches/2c867319-0305-4f6d-b4bf-25d5b62f75d0/toss 200
2026-06-30 15:22:50 - POST /api/v1/matches/2c867319-0305-4f6d-b4bf-25d5b62f75d0/squads 400
2026-06-30 15:22:50 - POST /api/v1/matches/2c867319-0305-4f6d-b4bf-25d5b62f75d0/squads 200
2026-06-30 15:22:50 - POST /api/v1/matches/2c867319-0305-4f6d-b4bf-25d5b62f75d0/squads 400
2026-06-30 15:22:50 - POST /api/v1/matches/2c867319-0305-4f6d-b4bf-25d5b62f75d0/squads 200
2026-06-30 15:22:50 - POST /api/v1/auth/google 200
2026-06-30 15:22:50 - POST /api/v1/auth/google 400
2026-06-30 15:22:50 - POST /api/v1/auth/google 400
2026-06-30 15:22:51 - POST /api/v1/auth/google 400
2026-06-30 15:22:51 - POST /api/v1/auth/google 400
2026-06-30 15:22:51 - POST /api/v1/auth/login 200
2026-06-30 15:22:51 - POST /api/v1/players/ 201
2026-06-30 15:22:51 - POST /api/v1/players/ 201
2026-06-30 15:22:51 - POST /api/v1/teams/ 201
2026-06-30 15:22:51 - POST /api/v1/teams/ 201
2026-06-30 15:22:51 - POST /api/v1/matches/ 201
2026-06-30 15:22:51 - GET /api/v1/matches/ 200
2026-06-30 15:22:52 - POST /api/v1/auth/login 200
2026-06-30 15:22:53 - POST /api/v1/auth/login 200
2026-06-30 15:22:54 - POST /api/v1/auth/login 200
2026-06-30 15:22:54 - POST /api/v1/matches/ 201
2026-06-30 15:22:54 - POST /api/v1/matches/27adab54-5d50-479f-ad41-cdf8123d0a62/toss 200
2026-06-30 15:22:54 - POST /api/v1/matches/27adab54-5d50-479f-ad41-cdf8123d0a62/toss 403
2026-06-30 15:22:54 - POST /api/v1/matches/ 201
2026-06-30 15:22:54 - POST /api/v1/matches/0f795eab-e59e-47ca-a2b5-d87c6d9b017d/toss 200
2026-06-30 15:22:54 - POST /api/v1/matches/ 201
2026-06-30 15:22:54 - POST /api/v1/matches/c549d0ed-8717-4dfb-852c-b819264c43ad/toss 200
2026-06-30 15:22:54 - POST /api/v1/matches/c549d0ed-8717-4dfb-852c-b819264c43ad/toss 403
2026-06-30 15:22:55 - POST /api/v1/auth/login 200
2026-06-30 15:22:55 - POST /api/v1/teams/ 201
2026-06-30 15:22:56 - POST /api/v1/auth/login 200
2026-06-30 15:22:57 - POST /api/v1/auth/login 200
2026-06-30 15:22:59 - POST /api/v1/auth/login 200
2026-06-30 15:22:59 - POST /api/v1/teams/30f25dd8-b21b-44ce-83c1-cf611b3a477d/members 200
2026-06-30 15:22:59 - POST /api/v1/teams/30f25dd8-b21b-44ce-83c1-cf611b3a477d/invitations/accept 200
2026-06-30 15:22:59 - POST /api/v1/teams/30f25dd8-b21b-44ce-83c1-cf611b3a477d/members 200
2026-06-30 15:22:59 - POST /api/v1/teams/30f25dd8-b21b-44ce-83c1-cf611b3a477d/invitations/accept 200
2026-06-30 15:22:59 - PUT /api/v1/teams/30f25dd8-b21b-44ce-83c1-cf611b3a477d/members/cc37cf06-242b-400c-814d-7a0c43846feb/role 200
2026-06-30 15:22:59 - PUT /api/v1/teams/30f25dd8-b21b-44ce-83c1-cf611b3a477d/squad-config 403
2026-06-30 15:22:59 - PUT /api/v1/teams/30f25dd8-b21b-44ce-83c1-cf611b3a477d/squad-config 403
2026-06-30 15:22:59 - PUT /api/v1/teams/30f25dd8-b21b-44ce-83c1-cf611b3a477d/squad-config 200
2026-06-30 15:22:59 - POST /api/v1/teams/30f25dd8-b21b-44ce-83c1-cf611b3a477d/members 200
2026-06-30 15:22:59 - DELETE /api/v1/teams/30f25dd8-b21b-44ce-83c1-cf611b3a477d/members/4ffc5916-680a-4b9e-a4df-95fa1a160237 204
2026-06-30 15:22:59 - POST /api/v1/teams/30f25dd8-b21b-44ce-83c1-cf611b3a477d/join-request 200
2026-06-30 15:22:59 - POST /api/v1/teams/30f25dd8-b21b-44ce-83c1-cf611b3a477d/reject-request 204
2026-06-30 15:22:59 - POST /api/v1/teams/30f25dd8-b21b-44ce-83c1-cf611b3a477d/join-request 200
2026-06-30 15:22:59 - POST /api/v1/teams/30f25dd8-b21b-44ce-83c1-cf611b3a477d/approve-request 200
2026-06-30 15:22:59 - DELETE /api/v1/teams/30f25dd8-b21b-44ce-83c1-cf611b3a477d/members/8b56bbed-288e-4920-8e28-0b41f9ea09ad 403
2026-06-30 15:22:59 - PUT /api/v1/teams/30f25dd8-b21b-44ce-83c1-cf611b3a477d/members/4ffc5916-680a-4b9e-a4df-95fa1a160237/role 200
2026-06-30 15:22:59 - DELETE /api/v1/teams/30f25dd8-b21b-44ce-83c1-cf611b3a477d/members/4ffc5916-680a-4b9e-a4df-95fa1a160237 403
2026-06-30 15:22:59 - DELETE /api/v1/teams/30f25dd8-b21b-44ce-83c1-cf611b3a477d/members/440f27c4-1f94-4e2f-8504-226ee4a68974 204
2026-06-30 15:22:59 - DELETE /api/v1/teams/30f25dd8-b21b-44ce-83c1-cf611b3a477d 403
2026-06-30 15:22:59 - PUT /api/v1/teams/30f25dd8-b21b-44ce-83c1-cf611b3a477d/members/4ffc5916-680a-4b9e-a4df-95fa1a160237/role 403
2026-06-30 15:23:00 - POST /api/v1/auth/login 200
2026-06-30 15:23:00 - POST /api/v1/teams/ 201
2026-06-30 15:23:02 - POST /api/v1/auth/login 200
2026-06-30 15:23:03 - POST /api/v1/auth/login 200
2026-06-30 15:23:03 - POST /api/v1/teams/c30ab1e9-75bf-406a-a658-4f5a93be7de5/members 200
2026-06-30 15:23:03 - POST /api/v1/teams/c30ab1e9-75bf-406a-a658-4f5a93be7de5/invitations/accept 200
2026-06-30 15:23:03 - POST /api/v1/teams/c30ab1e9-75bf-406a-a658-4f5a93be7de5/lock 403
2026-06-30 15:23:03 - POST /api/v1/teams/c30ab1e9-75bf-406a-a658-4f5a93be7de5/lock 200
2026-06-30 15:23:03 - PUT /api/v1/teams/c30ab1e9-75bf-406a-a658-4f5a93be7de5/squad-config 403
2026-06-30 15:23:03 - PUT /api/v1/teams/c30ab1e9-75bf-406a-a658-4f5a93be7de5/squad-config 200
2026-06-30 15:23:03 - POST /api/v1/teams/c30ab1e9-75bf-406a-a658-4f5a93be7de5/unlock 200
2026-06-30 15:23:03 - PUT /api/v1/teams/c30ab1e9-75bf-406a-a658-4f5a93be7de5/squad-config 200
2026-06-30 15:23:03 - GET /api/v1/teams/c30ab1e9-75bf-406a-a658-4f5a93be7de5/activities 403
2026-06-30 15:23:03 - GET /api/v1/teams/c30ab1e9-75bf-406a-a658-4f5a93be7de5/activities 200
2026-06-30 15:23:04 - POST /api/v1/auth/login 200
2026-06-30 15:23:05 - GET /api/v1/admin/analytics 200
2026-06-30 15:23:05 - GET /api/v1/admin/team-members 200
2026-06-30 15:23:05 - GET /api/v1/admin/team-members 200
2026-06-30 15:23:05 - GET /api/v1/admin/team-members 200
2026-06-30 15:23:05 - DELETE /api/v1/admin/team-members/034ceaf5-a1a9-4297-93e1-b8e9e9bbe33e 204
2026-06-30 15:23:07 - POST /api/v1/auth/login 200
2026-06-30 15:23:08 - POST /api/v1/admin/tournaments/bulk-delete 204
2026-06-30 15:23:08 - POST /api/v1/admin/matches/bulk-delete 204
2026-06-30 15:23:08 - POST /api/v1/admin/teams/bulk-delete 204
2026-06-30 15:23:08 - POST /api/v1/admin/users/bulk-delete 204
2026-06-30 15:23:09 - POST /api/v1/auth/login 200
2026-06-30 15:23:09 - POST /api/v1/players/ 201
2026-06-30 15:23:09 - POST /api/v1/players/ 201
2026-06-30 15:23:09 - POST /api/v1/players/ 422
2026-06-30 15:23:09 - POST /api/v1/players/ 422
2026-06-30 15:23:09 - GET /api/v1/players/73ffcee3-cb40-4065-b3e2-0f268905c131 200
2026-06-30 15:23:09 - PUT /api/v1/players/73ffcee3-cb40-4065-b3e2-0f268905c131 200
2026-06-30 15:23:09 - DELETE /api/v1/players/73ffcee3-cb40-4065-b3e2-0f268905c131 204
2026-06-30 15:23:09 - GET /api/v1/players/73ffcee3-cb40-4065-b3e2-0f268905c131 404
2026-06-30 15:23:11 - POST /api/v1/auth/login 200
2026-06-30 15:23:11 - POST /api/v1/players/ 201
2026-06-30 15:23:11 - POST /api/v1/players/ 201
2026-06-30 15:23:11 - POST /api/v1/teams/ 201
2026-06-30 15:23:11 - POST /api/v1/teams/17a0ed73-c493-4b37-8a65-978f01c917dd/players 200
2026-06-30 15:23:11 - PUT /api/v1/teams/17a0ed73-c493-4b37-8a65-978f01c917dd 200
2026-06-30 15:23:11 - PUT /api/v1/teams/17a0ed73-c493-4b37-8a65-978f01c917dd 400
2026-06-30 15:23:11 - POST /api/v1/teams/ 201
2026-06-30 15:23:11 - POST /api/v1/teams/e6c5738e-f200-4849-8cf2-5e5feb5af18d/players 400
2026-06-30 15:23:11 - DELETE /api/v1/teams/17a0ed73-c493-4b37-8a65-978f01c917dd/players/9b8fe32d-fe48-43b1-aff1-1bf88e01ddcf 200
2026-06-30 15:23:11 - DELETE /api/v1/teams/17a0ed73-c493-4b37-8a65-978f01c917dd 204
2026-06-30 15:23:12 - POST /api/v1/auth/login 200
2026-06-30 15:23:12 - POST /api/v1/players/ 201
2026-06-30 15:23:12 - POST /api/v1/players/ 201
2026-06-30 15:23:12 - POST /api/v1/teams/ 201
2026-06-30 15:23:12 - POST /api/v1/teams/ 201
2026-06-30 15:23:12 - POST /api/v1/teams/51ba296c-f281-4ff7-a91b-37422ce29dff/players 200
2026-06-30 15:23:12 - POST /api/v1/teams/87b3cb87-f13b-4b0a-9880-0c559004acf5/players 200
2026-06-30 15:23:12 - POST /api/v1/matches/ 201
2026-06-30 15:23:12 - POST /api/v1/matches/5840cce2-4502-466c-8de4-c5b8b4fc80bb/squads 200
2026-06-30 15:23:12 - POST /api/v1/matches/5840cce2-4502-466c-8de4-c5b8b4fc80bb/toss 200
2026-06-30 15:23:12 - DELETE /api/v1/players/01ab4f73-2a3c-4456-8749-3361027f3855 400
2026-06-30 15:23:12 - DELETE /api/v1/teams/51ba296c-f281-4ff7-a91b-37422ce29dff/players/01ab4f73-2a3c-4456-8749-3361027f3855 400
2026-06-30 15:23:12 - DELETE /api/v1/teams/51ba296c-f281-4ff7-a91b-37422ce29dff 400
2026-06-30 15:23:14 - POST /api/v1/auth/login 200
2026-06-30 15:23:14 - GET /api/v1/profile/ 200
2026-06-30 15:23:15 - POST /api/v1/auth/login 200
2026-06-30 15:23:15 - PUT /api/v1/profile/ 200
2026-06-30 15:23:15 - PUT /api/v1/profile/ 400
2026-06-30 15:23:16 - POST /api/v1/auth/login 200
2026-06-30 15:23:16 - GET /api/v1/profile/stats 200
2026-06-30 15:23:17 - POST /api/v1/auth/login 200
2026-06-30 15:23:17 - GET /api/v1/profile/activity 200
2026-06-30 15:23:17 - GET /api/v1/profile/achievements 200
2026-06-30 15:23:18 - POST /api/v1/auth/login 200
2026-06-30 15:23:18 - POST /api/v1/profile/upload-photo 200
2026-06-30 15:23:18 - GET /api/v1/profile/ 200
2026-06-30 15:23:21 - POST /api/v1/auth/signup 201
2026-06-30 15:23:22 - POST /api/v1/auth/login 200
2026-06-30 15:23:22 - GET /api/v1/profile/ 200
2026-06-30 15:23:22 - PUT /api/v1/profile/ 200
2026-06-30 15:23:23 - POST /api/v1/auth/login 200
2026-06-30 15:23:23 - GET /api/v1/profile/public/CU-USERAA 403
2026-06-30 15:23:23 - GET /api/v1/profile/public/CU-USERAA 200
2026-06-30 15:23:24 - POST /api/v1/auth/login 200
2026-06-30 15:23:24 - GET /api/v1/profile/search 200
2026-06-30 15:23:26 - POST /api/v1/auth/login 200
2026-06-30 15:23:26 - POST /api/v1/teams/join-by-code 200
2026-06-30 15:23:26 - POST /api/v1/auth/signup 400
2026-06-30 15:23:26 - POST /api/v1/auth/signup 400
2026-06-30 15:23:26 - POST /api/v1/auth/signup 400
2026-06-30 15:23:27 - POST /api/v1/auth/login 200
2026-06-30 15:23:27 - POST /api/v1/teams/24b1a89a-7af0-402e-94e5-e077eca28146/regenerate-code 200
2026-06-30 15:23:27 - POST /api/v1/teams/join-by-code 404
2026-06-30 15:23:27 - POST /api/v1/auth/login 200
2026-06-30 15:23:27 - GET /api/v1/teams/search 200
2026-06-30 15:23:27 - GET /api/v1/tournaments/search 200
2026-06-30 15:23:28 - POST /api/v1/auth/login 200
2026-06-30 15:23:28 - POST /api/v1/teams/54e897d0-6df8-422d-90d0-e06b044f6d21/members 200
2026-06-30 15:23:28 - GET /api/v1/teams/54e897d0-6df8-422d-90d0-e06b044f6d21/invitations 200
2026-06-30 15:23:29 - POST /api/v1/auth/login 200
2026-06-30 15:23:29 - POST /api/v1/players/ 201
2026-06-30 15:23:29 - POST /api/v1/players/ 201
2026-06-30 15:23:29 - POST /api/v1/players/ 201
2026-06-30 15:23:29 - POST /api/v1/players/ 201
2026-06-30 15:23:29 - POST /api/v1/players/ 201
2026-06-30 15:23:29 - POST /api/v1/teams/ 201
2026-06-30 15:23:29 - POST /api/v1/teams/ 201
2026-06-30 15:23:29 - POST /api/v1/teams/4362f5bc-28f0-4070-91ee-5a614989de9b/players 200
2026-06-30 15:23:29 - POST /api/v1/teams/4362f5bc-28f0-4070-91ee-5a614989de9b/players 200
2026-06-30 15:23:29 - POST /api/v1/teams/4362f5bc-28f0-4070-91ee-5a614989de9b/players 200
2026-06-30 15:23:29 - POST /api/v1/teams/727628a2-e298-4980-a9e3-60dbde62005f/players 200
2026-06-30 15:23:30 - POST /api/v1/teams/727628a2-e298-4980-a9e3-60dbde62005f/players 200
2026-06-30 15:23:30 - POST /api/v1/matches/ 201
2026-06-30 15:23:30 - POST /api/v1/matches/5eceff53-2126-4dbd-ad27-2928d66c5741/toss 200
2026-06-30 15:23:30 - POST /api/v1/matches/5eceff53-2126-4dbd-ad27-2928d66c5741/squads 200
2026-06-30 15:23:30 - POST /api/v1/matches/5eceff53-2126-4dbd-ad27-2928d66c5741/squads 200
2026-06-30 15:23:30 - POST /api/v1/matches/5eceff53-2126-4dbd-ad27-2928d66c5741/balls 201
2026-06-30 15:23:30 - POST /api/v1/matches/5eceff53-2126-4dbd-ad27-2928d66c5741/balls 201
2026-06-30 15:23:30 - POST /api/v1/matches/5eceff53-2126-4dbd-ad27-2928d66c5741/balls 201
2026-06-30 15:23:30 - POST /api/v1/matches/5eceff53-2126-4dbd-ad27-2928d66c5741/balls 201
2026-06-30 15:23:30 - POST /api/v1/matches/5eceff53-2126-4dbd-ad27-2928d66c5741/balls 201
2026-06-30 15:23:30 - POST /api/v1/matches/5eceff53-2126-4dbd-ad27-2928d66c5741/balls 201
2026-06-30 15:23:30 - POST /api/v1/matches/5eceff53-2126-4dbd-ad27-2928d66c5741/balls 201
2026-06-30 15:23:30 - POST /api/v1/matches/5eceff53-2126-4dbd-ad27-2928d66c5741/balls 201
2026-06-30 15:23:30 - POST /api/v1/matches/5eceff53-2126-4dbd-ad27-2928d66c5741/balls 201
2026-06-30 15:23:30 - POST /api/v1/matches/5eceff53-2126-4dbd-ad27-2928d66c5741/balls 201
2026-06-30 15:23:30 - POST /api/v1/matches/5eceff53-2126-4dbd-ad27-2928d66c5741/balls 201
2026-06-30 15:23:30 - POST /api/v1/matches/5eceff53-2126-4dbd-ad27-2928d66c5741/balls 201
2026-06-30 15:23:30 - GET /api/v1/matches/5eceff53-2126-4dbd-ad27-2928d66c5741/scorecard 200
2026-06-30 15:23:30 - GET /api/v1/players/2da329d6-fc09-4501-9978-807ce0f561cd 200
2026-06-30 15:23:31 - POST /api/v1/auth/login 200
2026-06-30 15:23:31 - POST /api/v1/players/ 201
2026-06-30 15:23:31 - POST /api/v1/players/ 201
2026-06-30 15:23:31 - POST /api/v1/players/ 201
2026-06-30 15:23:31 - POST /api/v1/players/ 201
2026-06-30 15:23:31 - POST /api/v1/players/ 201
2026-06-30 15:23:31 - POST /api/v1/teams/ 201
2026-06-30 15:23:31 - POST /api/v1/teams/ 201
2026-06-30 15:23:31 - POST /api/v1/teams/49a60300-48de-4057-a6bc-31016ec28573/players 200
2026-06-30 15:23:31 - POST /api/v1/teams/49a60300-48de-4057-a6bc-31016ec28573/players 200
2026-06-30 15:23:31 - POST /api/v1/teams/49a60300-48de-4057-a6bc-31016ec28573/players 200
2026-06-30 15:23:31 - POST /api/v1/teams/c163fcdc-2f3e-462f-9072-bdc302e388cd/players 200
2026-06-30 15:23:31 - POST /api/v1/teams/c163fcdc-2f3e-462f-9072-bdc302e388cd/players 200
2026-06-30 15:23:31 - POST /api/v1/matches/ 201
2026-06-30 15:23:31 - POST /api/v1/matches/94f77754-b0c7-4086-ad9b-c63a98a0af50/toss 200
2026-06-30 15:23:31 - POST /api/v1/matches/94f77754-b0c7-4086-ad9b-c63a98a0af50/squads 200
2026-06-30 15:23:31 - POST /api/v1/matches/94f77754-b0c7-4086-ad9b-c63a98a0af50/squads 200
2026-06-30 15:23:31 - POST /api/v1/matches/94f77754-b0c7-4086-ad9b-c63a98a0af50/balls 201
2026-06-30 15:23:31 - POST /api/v1/matches/94f77754-b0c7-4086-ad9b-c63a98a0af50/balls 201
2026-06-30 15:23:31 - POST /api/v1/matches/94f77754-b0c7-4086-ad9b-c63a98a0af50/balls 201
2026-06-30 15:23:31 - POST /api/v1/matches/94f77754-b0c7-4086-ad9b-c63a98a0af50/balls 201
2026-06-30 15:23:31 - POST /api/v1/matches/94f77754-b0c7-4086-ad9b-c63a98a0af50/balls 201
2026-06-30 15:23:31 - GET /api/v1/matches/94f77754-b0c7-4086-ad9b-c63a98a0af50/scorecard 200
2026-06-30 15:23:32 - POST /api/v1/auth/login 200
2026-06-30 15:23:32 - POST /api/v1/players/ 201
2026-06-30 15:23:32 - POST /api/v1/players/ 201
2026-06-30 15:23:32 - POST /api/v1/players/ 201
2026-06-30 15:23:32 - POST /api/v1/players/ 201
2026-06-30 15:23:32 - POST /api/v1/teams/ 201
2026-06-30 15:23:32 - POST /api/v1/teams/ 201
2026-06-30 15:23:32 - POST /api/v1/teams/580d651d-57b0-4a5b-8600-df958df32e39/players 200
2026-06-30 15:23:32 - POST /api/v1/teams/580d651d-57b0-4a5b-8600-df958df32e39/players 200
2026-06-30 15:23:32 - POST /api/v1/teams/89f4a57b-c7fb-4a19-9b4a-de5902019183/players 200
2026-06-30 15:23:32 - POST /api/v1/teams/89f4a57b-c7fb-4a19-9b4a-de5902019183/players 200
2026-06-30 15:23:32 - POST /api/v1/matches/ 201
2026-06-30 15:23:32 - POST /api/v1/matches/721afa1a-959c-468a-b55a-1125b2d2f3de/toss 200
2026-06-30 15:23:32 - POST /api/v1/matches/721afa1a-959c-468a-b55a-1125b2d2f3de/squads 200
2026-06-30 15:23:33 - POST /api/v1/matches/721afa1a-959c-468a-b55a-1125b2d2f3de/squads 200
2026-06-30 15:23:33 - POST /api/v1/matches/721afa1a-959c-468a-b55a-1125b2d2f3de/balls 201
2026-06-30 15:23:33 - POST /api/v1/matches/721afa1a-959c-468a-b55a-1125b2d2f3de/balls 201
2026-06-30 15:23:33 - POST /api/v1/matches/721afa1a-959c-468a-b55a-1125b2d2f3de/balls 201
2026-06-30 15:23:33 - POST /api/v1/matches/721afa1a-959c-468a-b55a-1125b2d2f3de/balls 201
2026-06-30 15:23:33 - POST /api/v1/matches/721afa1a-959c-468a-b55a-1125b2d2f3de/balls 201
2026-06-30 15:23:33 - POST /api/v1/matches/721afa1a-959c-468a-b55a-1125b2d2f3de/balls 201
2026-06-30 15:23:33 - POST /api/v1/matches/721afa1a-959c-468a-b55a-1125b2d2f3de/balls 201
2026-06-30 15:23:33 - GET /api/v1/matches/721afa1a-959c-468a-b55a-1125b2d2f3de/scorecard 200
2026-06-30 15:23:35 - POST /api/v1/auth/signup 201
2026-06-30 15:23:35 - POST /api/v1/auth/login 200
2026-06-30 15:23:36 - POST /api/v1/auth/login 200
2026-06-30 15:23:36 - POST /api/v1/players/ 201
2026-06-30 15:23:36 - POST /api/v1/players/ 201
2026-06-30 15:23:36 - POST /api/v1/players/ 201
2026-06-30 15:23:36 - POST /api/v1/players/ 201
2026-06-30 15:23:36 - POST /api/v1/players/ 201
2026-06-30 15:23:36 - POST /api/v1/teams/ 201
2026-06-30 15:23:36 - POST /api/v1/teams/ 201
2026-06-30 15:23:36 - POST /api/v1/teams/27a45324-9fbf-4dd8-9b94-622e17d82db6/players 200
2026-06-30 15:23:36 - POST /api/v1/teams/27a45324-9fbf-4dd8-9b94-622e17d82db6/players 200
2026-06-30 15:23:36 - POST /api/v1/teams/27a45324-9fbf-4dd8-9b94-622e17d82db6/players 200
2026-06-30 15:23:36 - POST /api/v1/teams/9bd72b0a-396e-42fe-8c2b-854e3706902c/players 200
2026-06-30 15:23:36 - POST /api/v1/teams/9bd72b0a-396e-42fe-8c2b-854e3706902c/players 200
2026-06-30 15:23:36 - POST /api/v1/matches/ 201
2026-06-30 15:23:36 - POST /api/v1/matches/ab4cc278-e020-4a9a-bf1d-88915c3b8b8d/toss 200
2026-06-30 15:23:36 - POST /api/v1/matches/ab4cc278-e020-4a9a-bf1d-88915c3b8b8d/squads 200
2026-06-30 15:23:36 - POST /api/v1/matches/ab4cc278-e020-4a9a-bf1d-88915c3b8b8d/squads 200
2026-06-30 15:23:36 - POST /api/v1/matches/ab4cc278-e020-4a9a-bf1d-88915c3b8b8d/balls 201
2026-06-30 15:23:36 - GET /api/v1/matches/ab4cc278-e020-4a9a-bf1d-88915c3b8b8d/live 200
2026-06-30 15:23:37 - POST /api/v1/matches/ab4cc278-e020-4a9a-bf1d-88915c3b8b8d/balls 201
2026-06-30 15:23:37 - GET /api/v1/matches/ab4cc278-e020-4a9a-bf1d-88915c3b8b8d/live 200
2026-06-30 15:23:37 - POST /api/v1/matches/ab4cc278-e020-4a9a-bf1d-88915c3b8b8d/balls 201
2026-06-30 15:23:37 - GET /api/v1/matches/ab4cc278-e020-4a9a-bf1d-88915c3b8b8d/live 200
2026-06-30 15:23:37 - POST /api/v1/matches/ab4cc278-e020-4a9a-bf1d-88915c3b8b8d/balls 201
2026-06-30 15:23:37 - GET /api/v1/matches/ab4cc278-e020-4a9a-bf1d-88915c3b8b8d/live 200
2026-06-30 15:23:37 - POST /api/v1/matches/ab4cc278-e020-4a9a-bf1d-88915c3b8b8d/undo 200
2026-06-30 15:23:37 - GET /api/v1/matches/ab4cc278-e020-4a9a-bf1d-88915c3b8b8d/live 200
2026-06-30 15:23:37 - GET /api/v1/auth/me 401
2026-06-30 15:23:37 - GET /api/v1/auth/me 401
2026-06-30 15:23:38 - POST /api/v1/auth/login 200
2026-06-30 15:23:38 - POST /api/v1/players/ 201
2026-06-30 15:23:38 - POST /api/v1/players/ 201
2026-06-30 15:23:38 - POST /api/v1/players/ 201
2026-06-30 15:23:38 - POST /api/v1/players/ 201
2026-06-30 15:23:38 - POST /api/v1/players/ 201
2026-06-30 15:23:38 - POST /api/v1/teams/ 201
2026-06-30 15:23:38 - POST /api/v1/teams/ 201
2026-06-30 15:23:38 - POST /api/v1/teams/364b4392-d27f-43ff-87e8-58921d022ded/players 200
2026-06-30 15:23:38 - POST /api/v1/teams/364b4392-d27f-43ff-87e8-58921d022ded/players 200
2026-06-30 15:23:38 - POST /api/v1/teams/364b4392-d27f-43ff-87e8-58921d022ded/players 200
2026-06-30 15:23:38 - POST /api/v1/teams/a66603d8-7549-4aeb-ab60-980d1b40e0a0/players 200
2026-06-30 15:23:38 - POST /api/v1/teams/a66603d8-7549-4aeb-ab60-980d1b40e0a0/players 200
2026-06-30 15:23:38 - POST /api/v1/matches/ 201
2026-06-30 15:23:38 - POST /api/v1/matches/c0a7dc73-a680-4cde-b7ef-4be8b639de51/toss 200
2026-06-30 15:23:38 - POST /api/v1/matches/c0a7dc73-a680-4cde-b7ef-4be8b639de51/squads 200
2026-06-30 15:23:38 - POST /api/v1/matches/c0a7dc73-a680-4cde-b7ef-4be8b639de51/squads 200
2026-06-30 15:23:38 - POST /api/v1/matches/c0a7dc73-a680-4cde-b7ef-4be8b639de51/balls 201
2026-06-30 15:23:38 - GET /api/v1/matches/c0a7dc73-a680-4cde-b7ef-4be8b639de51/live 200
2026-06-30 15:23:38 - POST /api/v1/matches/c0a7dc73-a680-4cde-b7ef-4be8b639de51/balls 201
2026-06-30 15:23:38 - GET /api/v1/matches/c0a7dc73-a680-4cde-b7ef-4be8b639de51/live 200
2026-06-30 15:23:38 - POST /api/v1/matches/c0a7dc73-a680-4cde-b7ef-4be8b639de51/balls 201
2026-06-30 15:23:38 - GET /api/v1/matches/c0a7dc73-a680-4cde-b7ef-4be8b639de51/live 200
2026-06-30 15:23:38 - POST /api/v1/matches/c0a7dc73-a680-4cde-b7ef-4be8b639de51/balls 201
2026-06-30 15:23:38 - GET /api/v1/matches/c0a7dc73-a680-4cde-b7ef-4be8b639de51/live 200
2026-06-30 15:23:38 - POST /api/v1/matches/c0a7dc73-a680-4cde-b7ef-4be8b639de51/balls 201
2026-06-30 15:23:38 - GET /api/v1/matches/c0a7dc73-a680-4cde-b7ef-4be8b639de51/live 200
2026-06-30 15:23:38 - POST /api/v1/matches/c0a7dc73-a680-4cde-b7ef-4be8b639de51/balls 201
2026-06-30 15:23:38 - GET /api/v1/matches/c0a7dc73-a680-4cde-b7ef-4be8b639de51/live 200
2026-06-30 15:23:38 - POST /api/v1/matches/c0a7dc73-a680-4cde-b7ef-4be8b639de51/balls 201
2026-06-30 15:23:38 - GET /api/v1/matches/c0a7dc73-a680-4cde-b7ef-4be8b639de51/live 200
2026-06-30 15:23:38 - GET /api/v1/matches/c0a7dc73-a680-4cde-b7ef-4be8b639de51/scorecard 200
2026-06-30 15:23:40 - POST /api/v1/auth/signup 201
2026-06-30 15:23:42 - POST /api/v1/auth/signup 201
2026-06-30 15:23:44 - POST /api/v1/auth/signup 201
2026-06-30 15:23:45 - POST /api/v1/auth/login 200
2026-06-30 15:23:46 - POST /api/v1/auth/login 200
2026-06-30 15:23:46 - POST /api/v1/auth/login 200
2026-06-30 15:23:46 - POST /api/v1/teams/ 201
2026-06-30 15:23:46 - GET /api/v1/teams/my-teams 200
2026-06-30 15:23:46 - POST /api/v1/teams/21136b2d-3e75-442c-b559-eecbc4d924f1/join-request 200
2026-06-30 15:23:46 - GET /api/v1/teams/my-teams 200
2026-06-30 15:23:46 - POST /api/v1/teams/21136b2d-3e75-442c-b559-eecbc4d924f1/approve-request 403
2026-06-30 15:23:46 - POST /api/v1/teams/21136b2d-3e75-442c-b559-eecbc4d924f1/approve-request 200
2026-06-30 15:23:46 - POST /api/v1/teams/21136b2d-3e75-442c-b559-eecbc4d924f1/members 200
2026-06-30 15:23:46 - POST /api/v1/teams/21136b2d-3e75-442c-b559-eecbc4d924f1/invitations/accept 200
2026-06-30 15:23:46 - GET /api/v1/teams/21136b2d-3e75-442c-b559-eecbc4d924f1/members 200
2026-06-30 15:23:46 - DELETE /api/v1/teams/21136b2d-3e75-442c-b559-eecbc4d924f1/members/d526eb79-5e84-42ec-8ee3-1cbf82d496a2 204
2026-06-30 15:23:46 - GET /api/v1/teams/21136b2d-3e75-442c-b559-eecbc4d924f1/members 200
2026-06-30 15:23:48 - POST /api/v1/auth/login 200
2026-06-30 15:23:48 - POST /api/v1/teams/ 201
2026-06-30 15:23:49 - POST /api/v1/auth/login 200
2026-06-30 15:23:49 - POST /api/v1/teams/6bd366d7-8e53-4941-9215-f729e0d96472/members 200
2026-06-30 15:23:49 - GET /api/v1/notifications/ 200
2026-06-30 15:23:49 - GET /api/v1/teams/my-invitations 200
2026-06-30 15:23:49 - POST /api/v1/notifications/f0d58b43-9822-4218-8a01-b73108f63107/read 200
2026-06-30 15:23:49 - POST /api/v1/teams/6bd366d7-8e53-4941-9215-f729e0d96472/invitations/accept 200
2026-06-30 15:23:49 - GET /api/v1/notifications/ 200
2026-06-30 15:23:50 - POST /api/v1/auth/login 200
2026-06-30 15:23:50 - POST /api/v1/teams/ 201
2026-06-30 15:23:51 - POST /api/v1/auth/login 200
2026-06-30 15:23:51 - POST /api/v1/teams/9cd6ee96-dbdb-4302-ab2d-46797257f916/members 200
2026-06-30 15:23:51 - POST /api/v1/teams/9cd6ee96-dbdb-4302-ab2d-46797257f916/invitations/reject 204
2026-06-30 15:23:51 - GET /api/v1/notifications/ 200
2026-06-30 15:23:52 - POST /api/v1/auth/login 200
2026-06-30 15:23:52 - POST /api/v1/teams/ 201
2026-06-30 15:23:53 - POST /api/v1/auth/login 200
2026-06-30 15:23:53 - POST /api/v1/teams/8a95b755-d43f-4c8f-a305-734f558b6a8b/join-request 200
2026-06-30 15:23:53 - POST /api/v1/teams/8a95b755-d43f-4c8f-a305-734f558b6a8b/reject-request 204
2026-06-30 15:23:53 - GET /api/v1/notifications/ 200
2026-06-30 15:23:54 - POST /api/v1/auth/login 200
2026-06-30 15:23:54 - POST /api/v1/teams/ 201
2026-06-30 15:23:55 - POST /api/v1/auth/login 200
2026-06-30 15:23:55 - PUT /api/v1/teams/86c31083-f8bc-4a87-a6e4-4d0becb88d1e 403
2026-06-30 15:23:55 - DELETE /api/v1/teams/86c31083-f8bc-4a87-a6e4-4d0becb88d1e 403
2026-06-30 15:23:55 - PUT /api/v1/teams/86c31083-f8bc-4a87-a6e4-4d0becb88d1e 200
2026-06-30 15:23:55 - DELETE /api/v1/teams/86c31083-f8bc-4a87-a6e4-4d0becb88d1e 204
2026-06-30 15:23:55 - GET /api/v1/teams/86c31083-f8bc-4a87-a6e4-4d0becb88d1e 404
2026-06-30 15:23:56 - POST /api/v1/auth/login 200
2026-06-30 15:23:56 - GET /api/v1/notifications/ 200
2026-06-30 15:23:56 - POST /api/v1/notifications/read-all 204
2026-06-30 15:23:56 - GET /api/v1/notifications/ 200
2026-06-30 15:23:57 - POST /api/v1/auth/login 200
2026-06-30 15:23:57 - POST /api/v1/tournaments/ 201
2026-06-30 15:23:57 - POST /api/v1/players/ 201
2026-06-30 15:23:57 - POST /api/v1/players/ 201
2026-06-30 15:23:57 - POST /api/v1/players/ 201
2026-06-30 15:23:57 - POST /api/v1/players/ 201
2026-06-30 15:23:57 - POST /api/v1/teams/ 201
2026-06-30 15:23:57 - POST /api/v1/teams/8dcc8a0a-3ce4-449a-9a8e-7a450e389508/players 200
2026-06-30 15:23:57 - POST /api/v1/teams/8dcc8a0a-3ce4-449a-9a8e-7a450e389508/players 200
2026-06-30 15:23:57 - POST /api/v1/teams/8dcc8a0a-3ce4-449a-9a8e-7a450e389508/players 200
2026-06-30 15:23:57 - POST /api/v1/teams/8dcc8a0a-3ce4-449a-9a8e-7a450e389508/players 200
2026-06-30 15:23:57 - POST /api/v1/tournaments/89cf5d59-b4ff-4618-9c29-cbffd1d5e4e2/teams 400
2026-06-30 15:23:57 - POST /api/v1/players/ 201
2026-06-30 15:23:57 - POST /api/v1/teams/8dcc8a0a-3ce4-449a-9a8e-7a450e389508/players 200
2026-06-30 15:23:57 - POST /api/v1/tournaments/89cf5d59-b4ff-4618-9c29-cbffd1d5e4e2/teams 200
2026-06-30 15:23:57 - DELETE /api/v1/tournaments/89cf5d59-b4ff-4618-9c29-cbffd1d5e4e2/teams/8dcc8a0a-3ce4-449a-9a8e-7a450e389508 200
2026-06-30 15:23:58 - POST /api/v1/auth/login 200
2026-06-30 15:23:58 - POST /api/v1/teams/ 201
2026-06-30 15:23:58 - POST /api/v1/players/ 201
2026-06-30 15:23:58 - POST /api/v1/teams/21bbcae4-24db-4e10-abc4-307b0f7cc6de/players 200
2026-06-30 15:23:58 - POST /api/v1/players/ 201
2026-06-30 15:23:58 - POST /api/v1/teams/21bbcae4-24db-4e10-abc4-307b0f7cc6de/players 200
2026-06-30 15:23:58 - POST /api/v1/players/ 201
2026-06-30 15:23:58 - POST /api/v1/teams/21bbcae4-24db-4e10-abc4-307b0f7cc6de/players 200
2026-06-30 15:23:58 - POST /api/v1/players/ 201
2026-06-30 15:23:58 - POST /api/v1/teams/21bbcae4-24db-4e10-abc4-307b0f7cc6de/players 200
2026-06-30 15:23:58 - POST /api/v1/players/ 201
2026-06-30 15:23:58 - POST /api/v1/teams/21bbcae4-24db-4e10-abc4-307b0f7cc6de/players 200
2026-06-30 15:23:58 - POST /api/v1/teams/ 201
2026-06-30 15:23:58 - POST /api/v1/players/ 201
2026-06-30 15:23:58 - POST /api/v1/teams/eb037cbc-5140-4c29-9692-4998d72ed364/players 200
2026-06-30 15:23:59 - POST /api/v1/players/ 201
2026-06-30 15:23:59 - POST /api/v1/teams/eb037cbc-5140-4c29-9692-4998d72ed364/players 200
2026-06-30 15:23:59 - POST /api/v1/players/ 201
2026-06-30 15:23:59 - POST /api/v1/teams/eb037cbc-5140-4c29-9692-4998d72ed364/players 200
2026-06-30 15:23:59 - POST /api/v1/players/ 201
2026-06-30 15:23:59 - POST /api/v1/teams/eb037cbc-5140-4c29-9692-4998d72ed364/players 200
2026-06-30 15:23:59 - POST /api/v1/players/ 201
2026-06-30 15:23:59 - POST /api/v1/teams/eb037cbc-5140-4c29-9692-4998d72ed364/players 200
2026-06-30 15:23:59 - POST /api/v1/tournaments/ 201
2026-06-30 15:23:59 - POST /api/v1/tournaments/b69b3dc5-f3f2-4b92-bc60-ba7858940e7b/teams 200
2026-06-30 15:23:59 - POST /api/v1/tournaments/b69b3dc5-f3f2-4b92-bc60-ba7858940e7b/teams 200
2026-06-30 15:23:59 - POST /api/v1/tournaments/b69b3dc5-f3f2-4b92-bc60-ba7858940e7b/fixtures/generate 201
2026-06-30 15:23:59 - POST /api/v1/tournaments/b69b3dc5-f3f2-4b92-bc60-ba7858940e7b/fixtures/publish 200
2026-06-30 15:23:59 - GET /api/v1/tournaments/b69b3dc5-f3f2-4b92-bc60-ba7858940e7b/dashboard 200
2026-06-30 15:23:59 - POST /api/v1/matches/88537bff-5d5d-46fc-8ac7-d903c66dff67/toss 200
2026-06-30 15:23:59 - GET /api/v1/teams/21bbcae4-24db-4e10-abc4-307b0f7cc6de 200
2026-06-30 15:23:59 - GET /api/v1/teams/eb037cbc-5140-4c29-9692-4998d72ed364 200
2026-06-30 15:23:59 - POST /api/v1/matches/88537bff-5d5d-46fc-8ac7-d903c66dff67/squads 200
2026-06-30 15:23:59 - POST /api/v1/matches/88537bff-5d5d-46fc-8ac7-d903c66dff67/squads 200
2026-06-30 15:23:59 - POST /api/v1/matches/88537bff-5d5d-46fc-8ac7-d903c66dff67/balls 201
2026-06-30 15:23:59 - POST /api/v1/matches/88537bff-5d5d-46fc-8ac7-d903c66dff67/balls 201
2026-06-30 15:23:59 - POST /api/v1/matches/88537bff-5d5d-46fc-8ac7-d903c66dff67/balls 201
2026-06-30 15:23:59 - POST /api/v1/matches/88537bff-5d5d-46fc-8ac7-d903c66dff67/balls 201
2026-06-30 15:23:59 - POST /api/v1/matches/88537bff-5d5d-46fc-8ac7-d903c66dff67/balls 201
2026-06-30 15:23:59 - POST /api/v1/matches/88537bff-5d5d-46fc-8ac7-d903c66dff67/balls 201
2026-06-30 15:23:59 - POST /api/v1/matches/88537bff-5d5d-46fc-8ac7-d903c66dff67/balls 201
2026-06-30 15:23:59 - POST /api/v1/matches/88537bff-5d5d-46fc-8ac7-d903c66dff67/balls 201
2026-06-30 15:23:59 - POST /api/v1/matches/88537bff-5d5d-46fc-8ac7-d903c66dff67/balls 201
2026-06-30 15:23:59 - GET /api/v1/tournaments/b69b3dc5-f3f2-4b92-bc60-ba7858940e7b/points-table 200
2026-06-30 15:23:59 - GET /api/v1/tournaments/b69b3dc5-f3f2-4b92-bc60-ba7858940e7b/leaderboards 200
2026-06-30 15:24:00 - POST /api/v1/auth/login 200
2026-06-30 15:24:00 - POST /api/v1/teams/ 201
2026-06-30 15:24:00 - POST /api/v1/players/ 201
2026-06-30 15:24:00 - POST /api/v1/teams/e689ca6d-e54c-4d0d-9573-5837b06d7391/players 200
2026-06-30 15:24:00 - POST /api/v1/players/ 201
2026-06-30 15:24:00 - POST /api/v1/teams/e689ca6d-e54c-4d0d-9573-5837b06d7391/players 200
2026-06-30 15:24:00 - POST /api/v1/players/ 201
2026-06-30 15:24:00 - POST /api/v1/teams/e689ca6d-e54c-4d0d-9573-5837b06d7391/players 200
2026-06-30 15:24:00 - POST /api/v1/players/ 201
2026-06-30 15:24:00 - POST /api/v1/teams/e689ca6d-e54c-4d0d-9573-5837b06d7391/players 200
2026-06-30 15:24:00 - POST /api/v1/players/ 201
2026-06-30 15:24:00 - POST /api/v1/teams/e689ca6d-e54c-4d0d-9573-5837b06d7391/players 200
2026-06-30 15:24:00 - POST /api/v1/teams/ 201
2026-06-30 15:24:00 - POST /api/v1/players/ 201
2026-06-30 15:24:00 - POST /api/v1/teams/2a6e9a88-4e31-4bfb-88a5-304691cd7991/players 200
2026-06-30 15:24:00 - POST /api/v1/players/ 201
2026-06-30 15:24:00 - POST /api/v1/teams/2a6e9a88-4e31-4bfb-88a5-304691cd7991/players 200
2026-06-30 15:24:00 - POST /api/v1/players/ 201
2026-06-30 15:24:00 - POST /api/v1/teams/2a6e9a88-4e31-4bfb-88a5-304691cd7991/players 200
2026-06-30 15:24:00 - POST /api/v1/players/ 201
2026-06-30 15:24:00 - POST /api/v1/teams/2a6e9a88-4e31-4bfb-88a5-304691cd7991/players 200
2026-06-30 15:24:00 - POST /api/v1/players/ 201
2026-06-30 15:24:00 - POST /api/v1/teams/2a6e9a88-4e31-4bfb-88a5-304691cd7991/players 200
2026-06-30 15:24:00 - POST /api/v1/teams/ 201
2026-06-30 15:24:00 - POST /api/v1/players/ 201
2026-06-30 15:24:00 - POST /api/v1/teams/59121d55-96a4-435a-82b4-8ff907df400a/players 200
2026-06-30 15:24:00 - POST /api/v1/players/ 201
2026-06-30 15:24:00 - POST /api/v1/teams/59121d55-96a4-435a-82b4-8ff907df400a/players 200
2026-06-30 15:24:00 - POST /api/v1/players/ 201
2026-06-30 15:24:01 - POST /api/v1/teams/59121d55-96a4-435a-82b4-8ff907df400a/players 200
2026-06-30 15:24:01 - POST /api/v1/players/ 201
2026-06-30 15:24:01 - POST /api/v1/teams/59121d55-96a4-435a-82b4-8ff907df400a/players 200
2026-06-30 15:24:01 - POST /api/v1/players/ 201
2026-06-30 15:24:01 - POST /api/v1/teams/59121d55-96a4-435a-82b4-8ff907df400a/players 200
2026-06-30 15:24:01 - POST /api/v1/teams/ 201
2026-06-30 15:24:01 - POST /api/v1/players/ 201
2026-06-30 15:24:01 - POST /api/v1/teams/4f4b5644-ec9f-4c6c-a811-08c0ef547d62/players 200
2026-06-30 15:24:01 - POST /api/v1/players/ 201
2026-06-30 15:24:01 - POST /api/v1/teams/4f4b5644-ec9f-4c6c-a811-08c0ef547d62/players 200
2026-06-30 15:24:01 - POST /api/v1/players/ 201
2026-06-30 15:24:01 - POST /api/v1/teams/4f4b5644-ec9f-4c6c-a811-08c0ef547d62/players 200
2026-06-30 15:24:01 - POST /api/v1/players/ 201
2026-06-30 15:24:01 - POST /api/v1/teams/4f4b5644-ec9f-4c6c-a811-08c0ef547d62/players 200
2026-06-30 15:24:01 - POST /api/v1/players/ 201
2026-06-30 15:24:01 - POST /api/v1/teams/4f4b5644-ec9f-4c6c-a811-08c0ef547d62/players 200
2026-06-30 15:24:01 - POST /api/v1/tournaments/ 201
2026-06-30 15:24:01 - POST /api/v1/tournaments/b86b26c5-8511-429b-921a-7f44b1b90631/teams 200
2026-06-30 15:24:01 - POST /api/v1/tournaments/b86b26c5-8511-429b-921a-7f44b1b90631/teams 200
2026-06-30 15:24:01 - POST /api/v1/tournaments/b86b26c5-8511-429b-921a-7f44b1b90631/teams 200
2026-06-30 15:24:01 - POST /api/v1/tournaments/b86b26c5-8511-429b-921a-7f44b1b90631/teams 200
2026-06-30 15:24:01 - POST /api/v1/tournaments/b86b26c5-8511-429b-921a-7f44b1b90631/fixtures/generate 201
2026-06-30 15:24:01 - POST /api/v1/tournaments/b86b26c5-8511-429b-921a-7f44b1b90631/fixtures/publish 200
2026-06-30 15:24:01 - GET /api/v1/tournaments/b86b26c5-8511-429b-921a-7f44b1b90631/dashboard 200
2026-06-30 15:24:01 - GET /api/v1/tournaments/b86b26c5-8511-429b-921a-7f44b1b90631/dashboard 200
2026-06-30 15:24:01 - POST /api/v1/matches/de6326b4-1fe2-49c5-80e7-4a10dfe9e08f/toss 200
2026-06-30 15:24:01 - GET /api/v1/teams/2a6e9a88-4e31-4bfb-88a5-304691cd7991 200
2026-06-30 15:24:01 - GET /api/v1/teams/4f4b5644-ec9f-4c6c-a811-08c0ef547d62 200
2026-06-30 15:24:01 - POST /api/v1/matches/de6326b4-1fe2-49c5-80e7-4a10dfe9e08f/squads 200
2026-06-30 15:24:01 - POST /api/v1/matches/de6326b4-1fe2-49c5-80e7-4a10dfe9e08f/squads 200
2026-06-30 15:24:01 - POST /api/v1/matches/de6326b4-1fe2-49c5-80e7-4a10dfe9e08f/balls 201
2026-06-30 15:24:01 - POST /api/v1/matches/de6326b4-1fe2-49c5-80e7-4a10dfe9e08f/balls 201
2026-06-30 15:24:01 - POST /api/v1/matches/de6326b4-1fe2-49c5-80e7-4a10dfe9e08f/balls 201
2026-06-30 15:24:01 - POST /api/v1/matches/de6326b4-1fe2-49c5-80e7-4a10dfe9e08f/balls 201
2026-06-30 15:24:01 - POST /api/v1/matches/de6326b4-1fe2-49c5-80e7-4a10dfe9e08f/balls 201
2026-06-30 15:24:01 - POST /api/v1/matches/de6326b4-1fe2-49c5-80e7-4a10dfe9e08f/balls 201
2026-06-30 15:24:01 - POST /api/v1/matches/de6326b4-1fe2-49c5-80e7-4a10dfe9e08f/balls 201
2026-06-30 15:24:01 - POST /api/v1/matches/de6326b4-1fe2-49c5-80e7-4a10dfe9e08f/balls 201
2026-06-30 15:24:01 - POST /api/v1/matches/de6326b4-1fe2-49c5-80e7-4a10dfe9e08f/balls 201
2026-06-30 15:24:01 - POST /api/v1/matches/de6326b4-1fe2-49c5-80e7-4a10dfe9e08f/balls 201
2026-06-30 15:24:01 - POST /api/v1/matches/de6326b4-1fe2-49c5-80e7-4a10dfe9e08f/balls 201
2026-06-30 15:24:01 - POST /api/v1/matches/de6326b4-1fe2-49c5-80e7-4a10dfe9e08f/balls 201
2026-06-30 15:24:01 - POST /api/v1/matches/840f9890-d51a-40db-a221-8e486f5f07dd/toss 200
2026-06-30 15:24:01 - GET /api/v1/teams/2a6e9a88-4e31-4bfb-88a5-304691cd7991 200
2026-06-30 15:24:01 - GET /api/v1/teams/59121d55-96a4-435a-82b4-8ff907df400a 200
2026-06-30 15:24:01 - POST /api/v1/matches/840f9890-d51a-40db-a221-8e486f5f07dd/squads 200
2026-06-30 15:24:01 - POST /api/v1/matches/840f9890-d51a-40db-a221-8e486f5f07dd/squads 200
2026-06-30 15:24:01 - POST /api/v1/matches/840f9890-d51a-40db-a221-8e486f5f07dd/balls 201
2026-06-30 15:24:01 - POST /api/v1/matches/840f9890-d51a-40db-a221-8e486f5f07dd/balls 201
2026-06-30 15:24:01 - POST /api/v1/matches/840f9890-d51a-40db-a221-8e486f5f07dd/balls 201
2026-06-30 15:24:01 - POST /api/v1/matches/840f9890-d51a-40db-a221-8e486f5f07dd/balls 201
2026-06-30 15:24:01 - POST /api/v1/matches/840f9890-d51a-40db-a221-8e486f5f07dd/balls 201
2026-06-30 15:24:01 - POST /api/v1/matches/840f9890-d51a-40db-a221-8e486f5f07dd/balls 201
2026-06-30 15:24:01 - POST /api/v1/matches/840f9890-d51a-40db-a221-8e486f5f07dd/balls 201
2026-06-30 15:24:01 - POST /api/v1/matches/840f9890-d51a-40db-a221-8e486f5f07dd/balls 201
2026-06-30 15:24:01 - POST /api/v1/matches/840f9890-d51a-40db-a221-8e486f5f07dd/balls 201
2026-06-30 15:24:01 - POST /api/v1/matches/840f9890-d51a-40db-a221-8e486f5f07dd/balls 201
2026-06-30 15:24:02 - POST /api/v1/matches/840f9890-d51a-40db-a221-8e486f5f07dd/balls 201
2026-06-30 15:24:02 - POST /api/v1/matches/840f9890-d51a-40db-a221-8e486f5f07dd/balls 201
2026-06-30 15:24:02 - POST /api/v1/matches/80d7613a-4ba5-4404-bf6b-26486463beef/toss 200
2026-06-30 15:24:02 - GET /api/v1/teams/e689ca6d-e54c-4d0d-9573-5837b06d7391 200
2026-06-30 15:24:02 - GET /api/v1/teams/2a6e9a88-4e31-4bfb-88a5-304691cd7991 200
2026-06-30 15:24:02 - POST /api/v1/matches/80d7613a-4ba5-4404-bf6b-26486463beef/squads 200
2026-06-30 15:24:02 - POST /api/v1/matches/80d7613a-4ba5-4404-bf6b-26486463beef/squads 200
2026-06-30 15:24:02 - POST /api/v1/matches/80d7613a-4ba5-4404-bf6b-26486463beef/balls 201
2026-06-30 15:24:02 - POST /api/v1/matches/80d7613a-4ba5-4404-bf6b-26486463beef/balls 201
2026-06-30 15:24:02 - POST /api/v1/matches/80d7613a-4ba5-4404-bf6b-26486463beef/balls 201
2026-06-30 15:24:02 - POST /api/v1/matches/80d7613a-4ba5-4404-bf6b-26486463beef/balls 201
2026-06-30 15:24:02 - POST /api/v1/matches/80d7613a-4ba5-4404-bf6b-26486463beef/balls 201
2026-06-30 15:24:02 - POST /api/v1/matches/80d7613a-4ba5-4404-bf6b-26486463beef/balls 201
2026-06-30 15:24:02 - POST /api/v1/matches/80d7613a-4ba5-4404-bf6b-26486463beef/balls 201
2026-06-30 15:24:02 - POST /api/v1/matches/80d7613a-4ba5-4404-bf6b-26486463beef/balls 201
2026-06-30 15:24:02 - POST /api/v1/matches/80d7613a-4ba5-4404-bf6b-26486463beef/balls 201
2026-06-30 15:24:02 - POST /api/v1/matches/80d7613a-4ba5-4404-bf6b-26486463beef/balls 201
2026-06-30 15:24:02 - POST /api/v1/matches/80d7613a-4ba5-4404-bf6b-26486463beef/balls 201
2026-06-30 15:24:02 - POST /api/v1/matches/80d7613a-4ba5-4404-bf6b-26486463beef/balls 201
2026-06-30 15:24:02 - POST /api/v1/matches/7d780dac-227c-4f37-80d2-c967b8075b43/toss 200
2026-06-30 15:24:02 - GET /api/v1/teams/59121d55-96a4-435a-82b4-8ff907df400a 200
2026-06-30 15:24:02 - GET /api/v1/teams/4f4b5644-ec9f-4c6c-a811-08c0ef547d62 200
2026-06-30 15:24:02 - POST /api/v1/matches/7d780dac-227c-4f37-80d2-c967b8075b43/squads 200
2026-06-30 15:24:02 - POST /api/v1/matches/7d780dac-227c-4f37-80d2-c967b8075b43/squads 200
2026-06-30 15:24:02 - POST /api/v1/matches/7d780dac-227c-4f37-80d2-c967b8075b43/balls 201
2026-06-30 15:24:02 - POST /api/v1/matches/7d780dac-227c-4f37-80d2-c967b8075b43/balls 201
2026-06-30 15:24:02 - POST /api/v1/matches/7d780dac-227c-4f37-80d2-c967b8075b43/balls 201
2026-06-30 15:24:02 - POST /api/v1/matches/7d780dac-227c-4f37-80d2-c967b8075b43/balls 201
2026-06-30 15:24:02 - POST /api/v1/matches/7d780dac-227c-4f37-80d2-c967b8075b43/balls 201
2026-06-30 15:24:02 - POST /api/v1/matches/7d780dac-227c-4f37-80d2-c967b8075b43/balls 201
2026-06-30 15:24:02 - POST /api/v1/matches/7d780dac-227c-4f37-80d2-c967b8075b43/balls 201
2026-06-30 15:24:02 - POST /api/v1/matches/7d780dac-227c-4f37-80d2-c967b8075b43/balls 201
2026-06-30 15:24:02 - POST /api/v1/matches/7d780dac-227c-4f37-80d2-c967b8075b43/balls 201
2026-06-30 15:24:02 - POST /api/v1/matches/7d780dac-227c-4f37-80d2-c967b8075b43/balls 201
2026-06-30 15:24:02 - POST /api/v1/matches/7d780dac-227c-4f37-80d2-c967b8075b43/balls 201
2026-06-30 15:24:02 - POST /api/v1/matches/7d780dac-227c-4f37-80d2-c967b8075b43/balls 201
2026-06-30 15:24:02 - POST /api/v1/matches/0ddc6238-8b6f-4cd3-8bf9-d1ce53125434/toss 200
2026-06-30 15:24:02 - GET /api/v1/teams/e689ca6d-e54c-4d0d-9573-5837b06d7391 200
2026-06-30 15:24:02 - GET /api/v1/teams/4f4b5644-ec9f-4c6c-a811-08c0ef547d62 200
2026-06-30 15:24:02 - POST /api/v1/matches/0ddc6238-8b6f-4cd3-8bf9-d1ce53125434/squads 200
2026-06-30 15:24:02 - POST /api/v1/matches/0ddc6238-8b6f-4cd3-8bf9-d1ce53125434/squads 200
2026-06-30 15:24:02 - POST /api/v1/matches/0ddc6238-8b6f-4cd3-8bf9-d1ce53125434/balls 201
2026-06-30 15:24:03 - POST /api/v1/matches/0ddc6238-8b6f-4cd3-8bf9-d1ce53125434/balls 201
2026-06-30 15:24:03 - POST /api/v1/matches/0ddc6238-8b6f-4cd3-8bf9-d1ce53125434/balls 201
2026-06-30 15:24:03 - POST /api/v1/matches/0ddc6238-8b6f-4cd3-8bf9-d1ce53125434/balls 201
2026-06-30 15:24:03 - POST /api/v1/matches/0ddc6238-8b6f-4cd3-8bf9-d1ce53125434/balls 201
2026-06-30 15:24:03 - POST /api/v1/matches/0ddc6238-8b6f-4cd3-8bf9-d1ce53125434/balls 201
2026-06-30 15:24:03 - POST /api/v1/matches/0ddc6238-8b6f-4cd3-8bf9-d1ce53125434/balls 201
2026-06-30 15:24:03 - POST /api/v1/matches/0ddc6238-8b6f-4cd3-8bf9-d1ce53125434/balls 201
2026-06-30 15:24:03 - POST /api/v1/matches/0ddc6238-8b6f-4cd3-8bf9-d1ce53125434/balls 201
2026-06-30 15:24:03 - POST /api/v1/matches/0ddc6238-8b6f-4cd3-8bf9-d1ce53125434/balls 201
2026-06-30 15:24:03 - POST /api/v1/matches/0ddc6238-8b6f-4cd3-8bf9-d1ce53125434/balls 201
2026-06-30 15:24:03 - POST /api/v1/matches/0ddc6238-8b6f-4cd3-8bf9-d1ce53125434/balls 201
2026-06-30 15:24:03 - POST /api/v1/matches/1e284d37-91df-427d-9c95-fbb8a4a62d2f/toss 200
2026-06-30 15:24:03 - GET /api/v1/teams/e689ca6d-e54c-4d0d-9573-5837b06d7391 200
2026-06-30 15:24:03 - GET /api/v1/teams/59121d55-96a4-435a-82b4-8ff907df400a 200
2026-06-30 15:24:03 - POST /api/v1/matches/1e284d37-91df-427d-9c95-fbb8a4a62d2f/squads 200
2026-06-30 15:24:03 - POST /api/v1/matches/1e284d37-91df-427d-9c95-fbb8a4a62d2f/squads 200
2026-06-30 15:24:03 - POST /api/v1/matches/1e284d37-91df-427d-9c95-fbb8a4a62d2f/balls 201
2026-06-30 15:24:03 - POST /api/v1/matches/1e284d37-91df-427d-9c95-fbb8a4a62d2f/balls 201
2026-06-30 15:24:03 - POST /api/v1/matches/1e284d37-91df-427d-9c95-fbb8a4a62d2f/balls 201
2026-06-30 15:24:03 - POST /api/v1/matches/1e284d37-91df-427d-9c95-fbb8a4a62d2f/balls 201
2026-06-30 15:24:03 - POST /api/v1/matches/1e284d37-91df-427d-9c95-fbb8a4a62d2f/balls 201
2026-06-30 15:24:03 - POST /api/v1/matches/1e284d37-91df-427d-9c95-fbb8a4a62d2f/balls 201
2026-06-30 15:24:03 - POST /api/v1/matches/1e284d37-91df-427d-9c95-fbb8a4a62d2f/balls 201
2026-06-30 15:24:03 - POST /api/v1/matches/1e284d37-91df-427d-9c95-fbb8a4a62d2f/balls 201
2026-06-30 15:24:03 - POST /api/v1/matches/1e284d37-91df-427d-9c95-fbb8a4a62d2f/balls 201
2026-06-30 15:24:03 - POST /api/v1/matches/1e284d37-91df-427d-9c95-fbb8a4a62d2f/balls 201
2026-06-30 15:24:03 - POST /api/v1/matches/1e284d37-91df-427d-9c95-fbb8a4a62d2f/balls 201
2026-06-30 15:24:03 - POST /api/v1/matches/1e284d37-91df-427d-9c95-fbb8a4a62d2f/balls 201
2026-06-30 15:24:03 - GET /api/v1/tournaments/b86b26c5-8511-429b-921a-7f44b1b90631/dashboard 200
2026-06-30 15:24:03 - POST /api/v1/matches/8d13b9c2-31ca-4708-a980-85d7673acc9d/toss 200
2026-06-30 15:24:03 - GET /api/v1/teams/e689ca6d-e54c-4d0d-9573-5837b06d7391 200
2026-06-30 15:24:03 - GET /api/v1/teams/4f4b5644-ec9f-4c6c-a811-08c0ef547d62 200
2026-06-30 15:24:03 - POST /api/v1/matches/8d13b9c2-31ca-4708-a980-85d7673acc9d/squads 200
2026-06-30 15:24:03 - POST /api/v1/matches/8d13b9c2-31ca-4708-a980-85d7673acc9d/squads 200
2026-06-30 15:24:03 - POST /api/v1/matches/8d13b9c2-31ca-4708-a980-85d7673acc9d/balls 201
2026-06-30 15:24:03 - POST /api/v1/matches/8d13b9c2-31ca-4708-a980-85d7673acc9d/balls 201
2026-06-30 15:24:03 - POST /api/v1/matches/8d13b9c2-31ca-4708-a980-85d7673acc9d/balls 201
2026-06-30 15:24:03 - POST /api/v1/matches/8d13b9c2-31ca-4708-a980-85d7673acc9d/balls 201
2026-06-30 15:24:03 - POST /api/v1/matches/8d13b9c2-31ca-4708-a980-85d7673acc9d/balls 201
2026-06-30 15:24:03 - POST /api/v1/matches/8d13b9c2-31ca-4708-a980-85d7673acc9d/balls 201
2026-06-30 15:24:03 - POST /api/v1/matches/8d13b9c2-31ca-4708-a980-85d7673acc9d/balls 201
2026-06-30 15:24:03 - POST /api/v1/matches/8d13b9c2-31ca-4708-a980-85d7673acc9d/balls 201
2026-06-30 15:24:03 - POST /api/v1/matches/8d13b9c2-31ca-4708-a980-85d7673acc9d/balls 201
2026-06-30 15:24:03 - POST /api/v1/matches/8d13b9c2-31ca-4708-a980-85d7673acc9d/balls 201
2026-06-30 15:24:04 - POST /api/v1/matches/8d13b9c2-31ca-4708-a980-85d7673acc9d/balls 201
2026-06-30 15:24:04 - POST /api/v1/matches/8d13b9c2-31ca-4708-a980-85d7673acc9d/balls 201
2026-06-30 15:24:04 - POST /api/v1/matches/b2950fe5-7d7e-4c99-8cce-5b1b82e027e3/toss 200
2026-06-30 15:24:04 - GET /api/v1/teams/2a6e9a88-4e31-4bfb-88a5-304691cd7991 200
2026-06-30 15:24:04 - GET /api/v1/teams/59121d55-96a4-435a-82b4-8ff907df400a 200
2026-06-30 15:24:04 - POST /api/v1/matches/b2950fe5-7d7e-4c99-8cce-5b1b82e027e3/squads 200
2026-06-30 15:24:04 - POST /api/v1/matches/b2950fe5-7d7e-4c99-8cce-5b1b82e027e3/squads 200
2026-06-30 15:24:04 - POST /api/v1/matches/b2950fe5-7d7e-4c99-8cce-5b1b82e027e3/balls 201
2026-06-30 15:24:04 - POST /api/v1/matches/b2950fe5-7d7e-4c99-8cce-5b1b82e027e3/balls 201
2026-06-30 15:24:04 - POST /api/v1/matches/b2950fe5-7d7e-4c99-8cce-5b1b82e027e3/balls 201
2026-06-30 15:24:04 - POST /api/v1/matches/b2950fe5-7d7e-4c99-8cce-5b1b82e027e3/balls 201
2026-06-30 15:24:04 - POST /api/v1/matches/b2950fe5-7d7e-4c99-8cce-5b1b82e027e3/balls 201
2026-06-30 15:24:04 - POST /api/v1/matches/b2950fe5-7d7e-4c99-8cce-5b1b82e027e3/balls 201
2026-06-30 15:24:04 - POST /api/v1/matches/b2950fe5-7d7e-4c99-8cce-5b1b82e027e3/balls 201
2026-06-30 15:24:04 - POST /api/v1/matches/b2950fe5-7d7e-4c99-8cce-5b1b82e027e3/balls 201
2026-06-30 15:24:04 - POST /api/v1/matches/b2950fe5-7d7e-4c99-8cce-5b1b82e027e3/balls 201
2026-06-30 15:24:04 - POST /api/v1/matches/b2950fe5-7d7e-4c99-8cce-5b1b82e027e3/balls 201
2026-06-30 15:24:04 - POST /api/v1/matches/b2950fe5-7d7e-4c99-8cce-5b1b82e027e3/balls 201
2026-06-30 15:24:04 - POST /api/v1/matches/b2950fe5-7d7e-4c99-8cce-5b1b82e027e3/balls 201
2026-06-30 15:24:04 - GET /api/v1/tournaments/b86b26c5-8511-429b-921a-7f44b1b90631/dashboard 200
2026-06-30 15:24:04 - POST /api/v1/matches/5ae08bb1-6614-4737-8ded-ba9d6571903f/toss 200
2026-06-30 15:24:04 - GET /api/v1/teams/e689ca6d-e54c-4d0d-9573-5837b06d7391 200
2026-06-30 15:24:04 - GET /api/v1/teams/2a6e9a88-4e31-4bfb-88a5-304691cd7991 200
2026-06-30 15:24:04 - POST /api/v1/matches/5ae08bb1-6614-4737-8ded-ba9d6571903f/squads 200
2026-06-30 15:24:04 - POST /api/v1/matches/5ae08bb1-6614-4737-8ded-ba9d6571903f/squads 200
2026-06-30 15:24:04 - POST /api/v1/matches/5ae08bb1-6614-4737-8ded-ba9d6571903f/balls 201
2026-06-30 15:24:04 - POST /api/v1/matches/5ae08bb1-6614-4737-8ded-ba9d6571903f/balls 201
2026-06-30 15:24:04 - POST /api/v1/matches/5ae08bb1-6614-4737-8ded-ba9d6571903f/balls 201
2026-06-30 15:24:04 - POST /api/v1/matches/5ae08bb1-6614-4737-8ded-ba9d6571903f/balls 201
2026-06-30 15:24:04 - POST /api/v1/matches/5ae08bb1-6614-4737-8ded-ba9d6571903f/balls 201
2026-06-30 15:24:04 - POST /api/v1/matches/5ae08bb1-6614-4737-8ded-ba9d6571903f/balls 201
2026-06-30 15:24:04 - POST /api/v1/matches/5ae08bb1-6614-4737-8ded-ba9d6571903f/balls 201
2026-06-30 15:24:04 - POST /api/v1/matches/5ae08bb1-6614-4737-8ded-ba9d6571903f/balls 201
2026-06-30 15:24:04 - POST /api/v1/matches/5ae08bb1-6614-4737-8ded-ba9d6571903f/balls 201
2026-06-30 15:24:04 - POST /api/v1/matches/5ae08bb1-6614-4737-8ded-ba9d6571903f/balls 201
2026-06-30 15:24:04 - POST /api/v1/matches/5ae08bb1-6614-4737-8ded-ba9d6571903f/balls 201
2026-06-30 15:24:04 - POST /api/v1/matches/5ae08bb1-6614-4737-8ded-ba9d6571903f/balls 201
2026-06-30 15:24:04 - GET /api/v1/tournaments/b86b26c5-8511-429b-921a-7f44b1b90631/dashboard 200
2026-06-30 15:24:05 - POST /api/v1/auth/login 200
2026-06-30 15:24:05 - POST /api/v1/tournaments/ 201
2026-06-30 15:24:05 - POST /api/v1/tournaments/41c048c7-3878-4d4b-b45a-b42ff7b74aa4/publish 200
2026-06-30 15:24:05 - POST /api/v1/tournaments/41c048c7-3878-4d4b-b45a-b42ff7b74aa4/open-registration 200
2026-06-30 15:24:05 - POST /api/v1/teams/ 201
2026-06-30 15:24:05 - POST /api/v1/tournaments/41c048c7-3878-4d4b-b45a-b42ff7b74aa4/requests 400
2026-06-30 15:24:05 - POST /api/v1/players/ 201
2026-06-30 15:24:05 - POST /api/v1/players/ 201
2026-06-30 15:24:05 - POST /api/v1/players/ 201
2026-06-30 15:24:05 - POST /api/v1/players/ 201
2026-06-30 15:24:05 - POST /api/v1/players/ 201
2026-06-30 15:24:05 - POST /api/v1/teams/75827935-ccb2-4302-a8ee-67f317f74242/players 200
2026-06-30 15:24:05 - POST /api/v1/teams/75827935-ccb2-4302-a8ee-67f317f74242/players 200
2026-06-30 15:24:06 - POST /api/v1/teams/75827935-ccb2-4302-a8ee-67f317f74242/players 200
2026-06-30 15:24:06 - POST /api/v1/teams/75827935-ccb2-4302-a8ee-67f317f74242/players 200
2026-06-30 15:24:06 - POST /api/v1/teams/75827935-ccb2-4302-a8ee-67f317f74242/players 200
2026-06-30 15:24:06 - POST /api/v1/tournaments/41c048c7-3878-4d4b-b45a-b42ff7b74aa4/requests 200
2026-06-30 15:24:06 - POST /api/v1/tournaments/41c048c7-3878-4d4b-b45a-b42ff7b74aa4/requests/3436dd02-1a34-4441-9e1e-5a8aff70c2c4/approve 200
2026-06-30 15:24:06 - GET /api/v1/tournaments/41c048c7-3878-4d4b-b45a-b42ff7b74aa4 200
2026-06-30 15:24:06 - GET /api/v1/tournaments/41c048c7-3878-4d4b-b45a-b42ff7b74aa4/points-table 200
2026-06-30 15:24:06 - GET /api/v1/tournaments/41c048c7-3878-4d4b-b45a-b42ff7b74aa4/activities 200
2026-06-30 16:24:03 - POST /api/v1/auth/signup 422
2026-06-30 16:24:03 - POST /api/v1/auth/signup 422
2026-06-30 16:24:03 - POST /api/v1/auth/signup 422
2026-06-30 16:24:03 - POST /api/v1/auth/signup 422
2026-06-30 16:24:03 - POST /api/v1/auth/signup 201
2026-06-30 16:24:04 - POST /api/v1/auth/login 400
2026-06-30 16:24:04 - POST /api/v1/auth/verify-otp 200
2026-06-30 16:24:04 - POST /api/v1/auth/signup 201
2026-06-30 16:24:04 - POST /api/v1/auth/resend-otp 429
2026-06-30 16:24:04 - POST /api/v1/auth/resend-otp 200
2026-06-30 16:24:05 - POST /api/v1/auth/login 400
2026-06-30 16:24:06 - POST /api/v1/auth/login 400
2026-06-30 16:24:06 - POST /api/v1/auth/login 400
2026-06-30 16:24:06 - POST /api/v1/auth/login 400
2026-06-30 16:24:07 - POST /api/v1/auth/login 400
2026-06-30 16:24:07 - POST /api/v1/auth/login 403
2026-06-30 16:24:07 - POST /api/v1/auth/login 200
2026-06-30 16:24:07 - POST /api/v1/auth/forgot-password 404
2026-06-30 16:24:07 - POST /api/v1/auth/forgot-password 200
2026-06-30 16:24:07 - POST /api/v1/auth/verify-reset-otp 400
2026-06-30 16:24:07 - POST /api/v1/auth/verify-reset-otp 200
2026-06-30 16:24:07 - POST /api/v1/auth/reset-password 422
2026-06-30 16:24:08 - POST /api/v1/auth/reset-password 200
2026-06-30 16:24:08 - POST /api/v1/auth/login 200
2026-06-30 16:24:09 - POST /api/v1/auth/login 200
2026-06-30 16:24:09 - POST /api/v1/auth/complete-profile 200
2026-06-30 16:24:10 - POST /api/v1/auth/login 200
2026-06-30 16:24:10 - POST /api/v1/auth/refresh 200
2026-06-30 16:24:10 - POST /api/v1/auth/logout 200
2026-06-30 16:24:10 - POST /api/v1/auth/refresh 401
2026-06-30 16:24:11 - POST /api/v1/auth/signup 201
2026-06-30 16:24:11 - POST /api/v1/auth/signup 400
2026-06-30 16:24:12 - POST /api/v1/auth/login 400
2026-06-30 16:24:12 - POST /api/v1/auth/forgot-password 400
2026-06-30 16:24:12 - POST /api/v1/auth/verify-reset-otp 400
2026-06-30 16:24:12 - POST /api/v1/auth/reset-password 400
2026-06-30 16:24:12 - POST /api/v1/auth/signup 400
2026-06-30 16:24:13 - POST /api/v1/auth/signup 201
2026-06-30 16:24:13 - POST /api/v1/auth/signup 201
2026-06-30 16:24:13 - POST /api/v1/auth/login 200
2026-06-30 16:24:14 - POST /api/v1/auth/login 200
2026-06-30 16:24:14 - POST /api/v1/teams/ 201
2026-06-30 16:24:14 - GET /api/v1/teams/ 200
2026-06-30 16:24:14 - PUT /api/v1/teams/46e60ca9-6e51-40b5-bf39-4776bc58c41d 403
2026-06-30 16:24:14 - DELETE /api/v1/teams/46e60ca9-6e51-40b5-bf39-4776bc58c41d 403
2026-06-30 16:24:14 - POST /api/v1/players/ 201
2026-06-30 16:24:14 - GET /api/v1/players/ 200
2026-06-30 16:24:14 - PUT /api/v1/players/4b84f722-b7d0-4c5a-a475-009f2bb03f28 403
2026-06-30 16:24:14 - DELETE /api/v1/players/4b84f722-b7d0-4c5a-a475-009f2bb03f28 403
2026-06-30 16:24:14 - POST /api/v1/auth/signup 201
2026-06-30 16:24:14 - POST /api/v1/auth/login 200
2026-06-30 16:24:14 - POST /api/v1/teams/ 201
2026-06-30 16:24:14 - POST /api/v1/teams/ 201
2026-06-30 16:24:14 - POST /api/v1/players/ 201
2026-06-30 16:24:14 - POST /api/v1/players/ 201
2026-06-30 16:24:14 - POST /api/v1/players/ 201
2026-06-30 16:24:14 - POST /api/v1/teams/1004956e-cd4f-4f5b-a684-69f0e1bde40f/players/bulk 200
2026-06-30 16:24:14 - POST /api/v1/teams/db4dcb38-5a39-47b2-a8bd-c3a9407f19a8/players/bulk 400
2026-06-30 16:24:15 - POST /api/v1/auth/signup 201
2026-06-30 16:24:15 - POST /api/v1/auth/signup 201
2026-06-30 16:24:15 - POST /api/v1/auth/login 200
2026-06-30 16:24:15 - POST /api/v1/auth/login 200
2026-06-30 16:24:15 - POST /api/v1/teams/ 201
2026-06-30 16:24:15 - POST /api/v1/teams/ 201
2026-06-30 16:24:16 - POST /api/v1/matches/ 201
2026-06-30 16:24:16 - POST /api/v1/matches/e638c0cd-8d14-4041-a796-d5bf6e060c42/toss 403
2026-06-30 16:24:16 - POST /api/v1/matches/e638c0cd-8d14-4041-a796-d5bf6e060c42/toss 200
2026-06-30 16:24:17 - GET /api/v1/debug-env 200
2026-06-30 16:24:18 - GET /api/v1/debug-env 404
2026-06-30 16:24:19 - POST /api/v1/auth/login 200
2026-06-30 16:24:19 - POST /api/v1/players/ 201
2026-06-30 16:24:19 - POST /api/v1/players/ 201
2026-06-30 16:24:19 - POST /api/v1/players/ 201
2026-06-30 16:24:19 - POST /api/v1/players/ 201
2026-06-30 16:24:19 - POST /api/v1/teams/ 201
2026-06-30 16:24:19 - POST /api/v1/teams/ 201
2026-06-30 16:24:19 - POST /api/v1/teams/330fac48-4c63-4a65-aa65-ec3e6a6cded3/players 200
2026-06-30 16:24:19 - POST /api/v1/teams/330fac48-4c63-4a65-aa65-ec3e6a6cded3/players 200
2026-06-30 16:24:19 - POST /api/v1/teams/106ec3ea-9cac-4b96-950f-523cef74a1f2/players 200
2026-06-30 16:24:19 - POST /api/v1/teams/106ec3ea-9cac-4b96-950f-523cef74a1f2/players 200
2026-06-30 16:24:19 - POST /api/v1/matches/ 201
2026-06-30 16:24:19 - POST /api/v1/matches/dcc0c5eb-dac5-4cf0-98e1-4a528e00ab99/toss 200
2026-06-30 16:24:19 - POST /api/v1/matches/dcc0c5eb-dac5-4cf0-98e1-4a528e00ab99/squads 400
2026-06-30 16:24:19 - POST /api/v1/matches/dcc0c5eb-dac5-4cf0-98e1-4a528e00ab99/squads 200
2026-06-30 16:24:19 - POST /api/v1/matches/dcc0c5eb-dac5-4cf0-98e1-4a528e00ab99/squads 400
2026-06-30 16:24:20 - POST /api/v1/matches/dcc0c5eb-dac5-4cf0-98e1-4a528e00ab99/squads 200
2026-06-30 16:24:20 - POST /api/v1/auth/google 200
2026-06-30 16:24:20 - POST /api/v1/auth/google 400
2026-06-30 16:24:21 - POST /api/v1/auth/google 400
2026-06-30 16:24:21 - POST /api/v1/auth/google 400
2026-06-30 16:24:21 - POST /api/v1/auth/google 400
2026-06-30 16:24:22 - POST /api/v1/auth/login 200
2026-06-30 16:24:22 - POST /api/v1/players/ 201
2026-06-30 16:24:22 - POST /api/v1/players/ 201
2026-06-30 16:24:22 - POST /api/v1/teams/ 201
2026-06-30 16:24:22 - POST /api/v1/teams/ 201
2026-06-30 16:24:22 - POST /api/v1/matches/ 201
2026-06-30 16:24:22 - GET /api/v1/matches/ 200
2026-06-30 16:24:23 - POST /api/v1/auth/login 200
2026-06-30 16:24:23 - POST /api/v1/auth/login 200
2026-06-30 16:24:24 - POST /api/v1/auth/login 200
2026-06-30 16:24:24 - POST /api/v1/matches/ 201
2026-06-30 16:24:24 - POST /api/v1/matches/0cab469b-f84f-43ca-a6c3-fb57e0b6910f/toss 200
2026-06-30 16:24:24 - POST /api/v1/matches/0cab469b-f84f-43ca-a6c3-fb57e0b6910f/toss 403
2026-06-30 16:24:24 - POST /api/v1/matches/ 201
2026-06-30 16:24:24 - POST /api/v1/matches/18d0eb1d-0c22-4320-aae2-9692f7565ad1/toss 200
2026-06-30 16:24:24 - POST /api/v1/matches/ 201
2026-06-30 16:24:25 - POST /api/v1/matches/9e068a72-3f55-4b95-997d-a165d07c04f3/toss 200
2026-06-30 16:24:25 - POST /api/v1/matches/9e068a72-3f55-4b95-997d-a165d07c04f3/toss 403
2026-06-30 16:24:26 - POST /api/v1/auth/login 200
2026-06-30 16:24:26 - POST /api/v1/teams/ 201
2026-06-30 16:24:27 - POST /api/v1/auth/login 200
2026-06-30 16:24:28 - POST /api/v1/auth/login 200
2026-06-30 16:24:29 - POST /api/v1/auth/login 200
2026-06-30 16:24:29 - POST /api/v1/teams/331fe556-eda2-47e4-807a-1fc368143d60/members 200
2026-06-30 16:24:29 - POST /api/v1/teams/331fe556-eda2-47e4-807a-1fc368143d60/invitations/accept 200
2026-06-30 16:24:29 - POST /api/v1/teams/331fe556-eda2-47e4-807a-1fc368143d60/members 200
2026-06-30 16:24:29 - POST /api/v1/teams/331fe556-eda2-47e4-807a-1fc368143d60/invitations/accept 200
2026-06-30 16:24:29 - PUT /api/v1/teams/331fe556-eda2-47e4-807a-1fc368143d60/members/8c5ec98d-2a4d-489f-b96c-51eb1dc76cab/role 200
2026-06-30 16:24:29 - PUT /api/v1/teams/331fe556-eda2-47e4-807a-1fc368143d60/squad-config 403
2026-06-30 16:24:29 - PUT /api/v1/teams/331fe556-eda2-47e4-807a-1fc368143d60/squad-config 403
2026-06-30 16:24:29 - PUT /api/v1/teams/331fe556-eda2-47e4-807a-1fc368143d60/squad-config 200
2026-06-30 16:24:29 - POST /api/v1/teams/331fe556-eda2-47e4-807a-1fc368143d60/members 200
2026-06-30 16:24:29 - DELETE /api/v1/teams/331fe556-eda2-47e4-807a-1fc368143d60/members/64aeaf8c-aa50-4c41-90a4-82a238113202 204
2026-06-30 16:24:29 - POST /api/v1/teams/331fe556-eda2-47e4-807a-1fc368143d60/join-request 200
2026-06-30 16:24:29 - POST /api/v1/teams/331fe556-eda2-47e4-807a-1fc368143d60/reject-request 204
2026-06-30 16:24:29 - POST /api/v1/teams/331fe556-eda2-47e4-807a-1fc368143d60/join-request 200
2026-06-30 16:24:29 - POST /api/v1/teams/331fe556-eda2-47e4-807a-1fc368143d60/approve-request 200
2026-06-30 16:24:29 - DELETE /api/v1/teams/331fe556-eda2-47e4-807a-1fc368143d60/members/b6605bac-afc1-43f1-91ab-b5cd292a13ca 403
2026-06-30 16:24:29 - PUT /api/v1/teams/331fe556-eda2-47e4-807a-1fc368143d60/members/64aeaf8c-aa50-4c41-90a4-82a238113202/role 200
2026-06-30 16:24:29 - DELETE /api/v1/teams/331fe556-eda2-47e4-807a-1fc368143d60/members/64aeaf8c-aa50-4c41-90a4-82a238113202 403
2026-06-30 16:24:29 - DELETE /api/v1/teams/331fe556-eda2-47e4-807a-1fc368143d60/members/7460534f-b7a9-4fe7-af0a-e6fe12d40494 204
2026-06-30 16:24:29 - DELETE /api/v1/teams/331fe556-eda2-47e4-807a-1fc368143d60 403
2026-06-30 16:24:29 - PUT /api/v1/teams/331fe556-eda2-47e4-807a-1fc368143d60/members/64aeaf8c-aa50-4c41-90a4-82a238113202/role 403
2026-06-30 16:24:31 - POST /api/v1/auth/login 200
2026-06-30 16:24:31 - POST /api/v1/teams/ 201
2026-06-30 16:24:32 - POST /api/v1/auth/login 200
2026-06-30 16:24:33 - POST /api/v1/auth/login 200
2026-06-30 16:24:33 - POST /api/v1/teams/1a5a99c7-0f4f-48ad-84d7-07a4b86eb96e/members 200
2026-06-30 16:24:33 - POST /api/v1/teams/1a5a99c7-0f4f-48ad-84d7-07a4b86eb96e/invitations/accept 200
2026-06-30 16:24:33 - POST /api/v1/teams/1a5a99c7-0f4f-48ad-84d7-07a4b86eb96e/lock 403
2026-06-30 16:24:33 - POST /api/v1/teams/1a5a99c7-0f4f-48ad-84d7-07a4b86eb96e/lock 200
2026-06-30 16:24:33 - PUT /api/v1/teams/1a5a99c7-0f4f-48ad-84d7-07a4b86eb96e/squad-config 403
2026-06-30 16:24:33 - PUT /api/v1/teams/1a5a99c7-0f4f-48ad-84d7-07a4b86eb96e/squad-config 200
2026-06-30 16:24:33 - POST /api/v1/teams/1a5a99c7-0f4f-48ad-84d7-07a4b86eb96e/unlock 200
2026-06-30 16:24:33 - PUT /api/v1/teams/1a5a99c7-0f4f-48ad-84d7-07a4b86eb96e/squad-config 200
2026-06-30 16:24:33 - GET /api/v1/teams/1a5a99c7-0f4f-48ad-84d7-07a4b86eb96e/activities 403
2026-06-30 16:24:33 - GET /api/v1/teams/1a5a99c7-0f4f-48ad-84d7-07a4b86eb96e/activities 200
2026-06-30 16:24:34 - POST /api/v1/auth/login 200
2026-06-30 16:24:35 - GET /api/v1/admin/analytics 200
2026-06-30 16:24:35 - GET /api/v1/admin/team-members 200
2026-06-30 16:24:35 - GET /api/v1/admin/team-members 200
2026-06-30 16:24:35 - GET /api/v1/admin/team-members 200
2026-06-30 16:24:35 - DELETE /api/v1/admin/team-members/c6f710ee-2734-4c96-9207-97aab21fba12 204
2026-06-30 16:24:36 - POST /api/v1/auth/login 200
2026-06-30 16:24:36 - POST /api/v1/admin/tournaments/bulk-delete 204
2026-06-30 16:24:36 - POST /api/v1/admin/matches/bulk-delete 204
2026-06-30 16:24:36 - POST /api/v1/admin/teams/bulk-delete 204
2026-06-30 16:24:36 - POST /api/v1/admin/users/bulk-delete 204
2026-06-30 16:24:37 - POST /api/v1/auth/login 200
2026-06-30 16:24:38 - POST /api/v1/players/ 201
2026-06-30 16:24:38 - POST /api/v1/players/ 201
2026-06-30 16:24:38 - POST /api/v1/players/ 422
2026-06-30 16:24:38 - POST /api/v1/players/ 422
2026-06-30 16:24:38 - GET /api/v1/players/d347db38-6fe7-4412-a52d-f99821c87fa5 200
2026-06-30 16:24:38 - PUT /api/v1/players/d347db38-6fe7-4412-a52d-f99821c87fa5 200
2026-06-30 16:24:38 - DELETE /api/v1/players/d347db38-6fe7-4412-a52d-f99821c87fa5 204
2026-06-30 16:24:38 - GET /api/v1/players/d347db38-6fe7-4412-a52d-f99821c87fa5 404
2026-06-30 16:24:40 - POST /api/v1/auth/login 200
2026-06-30 16:24:40 - POST /api/v1/players/ 201
2026-06-30 16:24:40 - POST /api/v1/players/ 201
2026-06-30 16:24:40 - POST /api/v1/teams/ 201
2026-06-30 16:24:40 - POST /api/v1/teams/9774b28c-5390-4d05-bd66-52669bb40476/players 200
2026-06-30 16:24:40 - PUT /api/v1/teams/9774b28c-5390-4d05-bd66-52669bb40476 200
2026-06-30 16:24:40 - PUT /api/v1/teams/9774b28c-5390-4d05-bd66-52669bb40476 400
2026-06-30 16:24:40 - POST /api/v1/teams/ 201
2026-06-30 16:24:40 - POST /api/v1/teams/9cb0f122-f4d1-4f28-8b36-2a09e5fb2f32/players 400
2026-06-30 16:24:40 - DELETE /api/v1/teams/9774b28c-5390-4d05-bd66-52669bb40476/players/31132da0-25be-4176-9842-55880ade4f97 200
2026-06-30 16:24:40 - DELETE /api/v1/teams/9774b28c-5390-4d05-bd66-52669bb40476 204
2026-06-30 16:24:41 - POST /api/v1/auth/login 200
2026-06-30 16:24:41 - POST /api/v1/players/ 201
2026-06-30 16:24:41 - POST /api/v1/players/ 201
2026-06-30 16:24:41 - POST /api/v1/teams/ 201
2026-06-30 16:24:41 - POST /api/v1/teams/ 201
2026-06-30 16:24:41 - POST /api/v1/teams/f96d04c3-0ff5-4cee-b727-222a39bfed3f/players 200
2026-06-30 16:24:41 - POST /api/v1/teams/0581ff19-18f3-43ea-9c93-e6c6745b1446/players 200
2026-06-30 16:24:41 - POST /api/v1/matches/ 201
2026-06-30 16:24:41 - POST /api/v1/matches/594eb730-43c5-405b-97a7-abb95715aef8/squads 200
2026-06-30 16:24:41 - POST /api/v1/matches/594eb730-43c5-405b-97a7-abb95715aef8/toss 200
2026-06-30 16:24:41 - DELETE /api/v1/players/64fcd00c-bce1-4cad-8f2c-1807f43eaea8 400
2026-06-30 16:24:42 - DELETE /api/v1/teams/f96d04c3-0ff5-4cee-b727-222a39bfed3f/players/64fcd00c-bce1-4cad-8f2c-1807f43eaea8 400
2026-06-30 16:24:42 - DELETE /api/v1/teams/f96d04c3-0ff5-4cee-b727-222a39bfed3f 400
2026-06-30 16:24:43 - POST /api/v1/auth/login 200
2026-06-30 16:24:43 - GET /api/v1/profile/ 200
2026-06-30 16:24:44 - POST /api/v1/auth/login 200
2026-06-30 16:24:44 - PUT /api/v1/profile/ 200
2026-06-30 16:24:44 - PUT /api/v1/profile/ 400
2026-06-30 16:24:45 - POST /api/v1/auth/login 200
2026-06-30 16:24:45 - GET /api/v1/profile/stats 200
2026-06-30 16:24:47 - POST /api/v1/auth/login 200
2026-06-30 16:24:47 - GET /api/v1/profile/activity 200
2026-06-30 16:24:47 - GET /api/v1/profile/achievements 200
2026-06-30 16:24:48 - POST /api/v1/auth/login 200
2026-06-30 16:24:48 - POST /api/v1/profile/upload-photo 200
2026-06-30 16:24:48 - GET /api/v1/profile/ 200
2026-06-30 16:24:50 - POST /api/v1/auth/signup 201
2026-06-30 16:24:51 - POST /api/v1/auth/login 200
2026-06-30 16:24:51 - GET /api/v1/profile/ 200
2026-06-30 16:24:51 - PUT /api/v1/profile/ 200
2026-06-30 16:24:52 - POST /api/v1/auth/login 200
2026-06-30 16:24:52 - GET /api/v1/profile/public/CU-USERAA 403
2026-06-30 16:24:52 - GET /api/v1/profile/public/CU-USERAA 200
2026-06-30 16:24:53 - POST /api/v1/auth/login 200
2026-06-30 16:24:54 - GET /api/v1/profile/search 200
2026-06-30 16:24:55 - POST /api/v1/auth/login 200
2026-06-30 16:24:55 - POST /api/v1/teams/join-by-code 200
2026-06-30 16:24:55 - POST /api/v1/auth/signup 400
2026-06-30 16:24:55 - POST /api/v1/auth/signup 400
2026-06-30 16:24:55 - POST /api/v1/auth/signup 400
2026-06-30 16:24:56 - POST /api/v1/auth/login 200
2026-06-30 16:24:56 - POST /api/v1/teams/3d92f511-1f4a-4263-839a-28e87f803f9b/regenerate-code 200
2026-06-30 16:24:56 - POST /api/v1/teams/join-by-code 404
2026-06-30 16:24:57 - POST /api/v1/auth/login 200
2026-06-30 16:24:57 - GET /api/v1/teams/search 200
2026-06-30 16:24:57 - GET /api/v1/tournaments/search 200
2026-06-30 16:24:58 - POST /api/v1/auth/login 200
2026-06-30 16:24:58 - POST /api/v1/teams/f5121962-ac5f-4e75-998e-2f1e82493bae/members 200
2026-06-30 16:24:58 - GET /api/v1/teams/f5121962-ac5f-4e75-998e-2f1e82493bae/invitations 200
2026-06-30 16:25:00 - POST /api/v1/auth/login 200
2026-06-30 16:25:00 - POST /api/v1/players/ 201
2026-06-30 16:25:00 - POST /api/v1/players/ 201
2026-06-30 16:25:00 - POST /api/v1/players/ 201
2026-06-30 16:25:00 - POST /api/v1/players/ 201
2026-06-30 16:25:00 - POST /api/v1/players/ 201
2026-06-30 16:25:00 - POST /api/v1/teams/ 201
2026-06-30 16:25:00 - POST /api/v1/teams/ 201
2026-06-30 16:25:00 - POST /api/v1/teams/ede166c9-5e42-4c16-b865-5aaa1b08819b/players 200
2026-06-30 16:25:00 - POST /api/v1/teams/ede166c9-5e42-4c16-b865-5aaa1b08819b/players 200
2026-06-30 16:25:00 - POST /api/v1/teams/ede166c9-5e42-4c16-b865-5aaa1b08819b/players 200
2026-06-30 16:25:00 - POST /api/v1/teams/bb19fc1e-3e51-4849-a8ff-ebc004758db0/players 200
2026-06-30 16:25:00 - POST /api/v1/teams/bb19fc1e-3e51-4849-a8ff-ebc004758db0/players 200
2026-06-30 16:25:00 - POST /api/v1/matches/ 201
2026-06-30 16:25:00 - POST /api/v1/matches/e87f70ba-d2c1-472a-bac8-4bb8e461550c/toss 200
2026-06-30 16:25:00 - POST /api/v1/matches/e87f70ba-d2c1-472a-bac8-4bb8e461550c/squads 200
2026-06-30 16:25:00 - POST /api/v1/matches/e87f70ba-d2c1-472a-bac8-4bb8e461550c/squads 200
2026-06-30 16:25:00 - POST /api/v1/matches/e87f70ba-d2c1-472a-bac8-4bb8e461550c/balls 201
2026-06-30 16:25:00 - POST /api/v1/matches/e87f70ba-d2c1-472a-bac8-4bb8e461550c/balls 201
2026-06-30 16:25:00 - POST /api/v1/matches/e87f70ba-d2c1-472a-bac8-4bb8e461550c/balls 201
2026-06-30 16:25:00 - POST /api/v1/matches/e87f70ba-d2c1-472a-bac8-4bb8e461550c/balls 201
2026-06-30 16:25:00 - POST /api/v1/matches/e87f70ba-d2c1-472a-bac8-4bb8e461550c/balls 201
2026-06-30 16:25:00 - POST /api/v1/matches/e87f70ba-d2c1-472a-bac8-4bb8e461550c/balls 201
2026-06-30 16:25:00 - POST /api/v1/matches/e87f70ba-d2c1-472a-bac8-4bb8e461550c/balls 201
2026-06-30 16:25:00 - POST /api/v1/matches/e87f70ba-d2c1-472a-bac8-4bb8e461550c/balls 201
2026-06-30 16:25:00 - POST /api/v1/matches/e87f70ba-d2c1-472a-bac8-4bb8e461550c/balls 201
2026-06-30 16:25:00 - POST /api/v1/matches/e87f70ba-d2c1-472a-bac8-4bb8e461550c/balls 201
2026-06-30 16:25:00 - POST /api/v1/matches/e87f70ba-d2c1-472a-bac8-4bb8e461550c/balls 201
2026-06-30 16:25:00 - POST /api/v1/matches/e87f70ba-d2c1-472a-bac8-4bb8e461550c/balls 201
2026-06-30 16:25:00 - GET /api/v1/matches/e87f70ba-d2c1-472a-bac8-4bb8e461550c/scorecard 200
2026-06-30 16:25:00 - GET /api/v1/players/ee57613b-b362-476b-9105-f26c8804725b 200
2026-06-30 16:25:01 - POST /api/v1/auth/login 200
2026-06-30 16:25:01 - POST /api/v1/players/ 201
2026-06-30 16:25:01 - POST /api/v1/players/ 201
2026-06-30 16:25:01 - POST /api/v1/players/ 201
2026-06-30 16:25:02 - POST /api/v1/players/ 201
2026-06-30 16:25:02 - POST /api/v1/players/ 201
2026-06-30 16:25:02 - POST /api/v1/teams/ 201
2026-06-30 16:25:02 - POST /api/v1/teams/ 201
2026-06-30 16:25:02 - POST /api/v1/teams/9e231f4d-6548-4c69-9360-6fc7caf25ea6/players 200
2026-06-30 16:25:02 - POST /api/v1/teams/9e231f4d-6548-4c69-9360-6fc7caf25ea6/players 200
2026-06-30 16:25:02 - POST /api/v1/teams/9e231f4d-6548-4c69-9360-6fc7caf25ea6/players 200
2026-06-30 16:25:02 - POST /api/v1/teams/6fdf2656-a6b8-4b0a-a565-c47bd2811565/players 200
2026-06-30 16:25:02 - POST /api/v1/teams/6fdf2656-a6b8-4b0a-a565-c47bd2811565/players 200
2026-06-30 16:25:02 - POST /api/v1/matches/ 201
2026-06-30 16:25:02 - POST /api/v1/matches/a821e3f3-97cf-49cd-8f1e-630decad9867/toss 200
2026-06-30 16:25:02 - POST /api/v1/matches/a821e3f3-97cf-49cd-8f1e-630decad9867/squads 200
2026-06-30 16:25:02 - POST /api/v1/matches/a821e3f3-97cf-49cd-8f1e-630decad9867/squads 200
2026-06-30 16:25:02 - POST /api/v1/matches/a821e3f3-97cf-49cd-8f1e-630decad9867/balls 201
2026-06-30 16:25:02 - POST /api/v1/matches/a821e3f3-97cf-49cd-8f1e-630decad9867/balls 201
2026-06-30 16:25:02 - POST /api/v1/matches/a821e3f3-97cf-49cd-8f1e-630decad9867/balls 201
2026-06-30 16:25:02 - POST /api/v1/matches/a821e3f3-97cf-49cd-8f1e-630decad9867/balls 201
2026-06-30 16:25:02 - POST /api/v1/matches/a821e3f3-97cf-49cd-8f1e-630decad9867/balls 201
2026-06-30 16:25:02 - GET /api/v1/matches/a821e3f3-97cf-49cd-8f1e-630decad9867/scorecard 200
2026-06-30 16:25:03 - POST /api/v1/auth/login 200
2026-06-30 16:25:03 - POST /api/v1/players/ 201
2026-06-30 16:25:03 - POST /api/v1/players/ 201
2026-06-30 16:25:03 - POST /api/v1/players/ 201
2026-06-30 16:25:03 - POST /api/v1/players/ 201
2026-06-30 16:25:03 - POST /api/v1/teams/ 201
2026-06-30 16:25:03 - POST /api/v1/teams/ 201
2026-06-30 16:25:03 - POST /api/v1/teams/ff90a4f8-94ff-4cca-8d9a-081f2a572daa/players 200
2026-06-30 16:25:03 - POST /api/v1/teams/ff90a4f8-94ff-4cca-8d9a-081f2a572daa/players 200
2026-06-30 16:25:03 - POST /api/v1/teams/882ad4a7-8717-4893-a5e5-f7c95064af1c/players 200
2026-06-30 16:25:03 - POST /api/v1/teams/882ad4a7-8717-4893-a5e5-f7c95064af1c/players 200
2026-06-30 16:25:03 - POST /api/v1/matches/ 201
2026-06-30 16:25:03 - POST /api/v1/matches/6e15576a-4346-487e-9edc-fb93224a6f2f/toss 200
2026-06-30 16:25:03 - POST /api/v1/matches/6e15576a-4346-487e-9edc-fb93224a6f2f/squads 200
2026-06-30 16:25:03 - POST /api/v1/matches/6e15576a-4346-487e-9edc-fb93224a6f2f/squads 200
2026-06-30 16:25:03 - POST /api/v1/matches/6e15576a-4346-487e-9edc-fb93224a6f2f/balls 201
2026-06-30 16:25:04 - POST /api/v1/matches/6e15576a-4346-487e-9edc-fb93224a6f2f/balls 201
2026-06-30 16:25:04 - POST /api/v1/matches/6e15576a-4346-487e-9edc-fb93224a6f2f/balls 201
2026-06-30 16:25:04 - POST /api/v1/matches/6e15576a-4346-487e-9edc-fb93224a6f2f/balls 201
2026-06-30 16:25:04 - POST /api/v1/matches/6e15576a-4346-487e-9edc-fb93224a6f2f/balls 201
2026-06-30 16:25:04 - POST /api/v1/matches/6e15576a-4346-487e-9edc-fb93224a6f2f/balls 201
2026-06-30 16:25:04 - POST /api/v1/matches/6e15576a-4346-487e-9edc-fb93224a6f2f/balls 201
2026-06-30 16:25:04 - GET /api/v1/matches/6e15576a-4346-487e-9edc-fb93224a6f2f/scorecard 200
2026-06-30 16:25:06 - POST /api/v1/auth/signup 201
2026-06-30 16:25:07 - POST /api/v1/auth/login 200
2026-06-30 16:25:08 - POST /api/v1/auth/login 200
2026-06-30 16:25:08 - POST /api/v1/players/ 201
2026-06-30 16:25:08 - POST /api/v1/players/ 201
2026-06-30 16:25:08 - POST /api/v1/players/ 201
2026-06-30 16:25:08 - POST /api/v1/players/ 201
2026-06-30 16:25:08 - POST /api/v1/players/ 201
2026-06-30 16:25:08 - POST /api/v1/teams/ 201
2026-06-30 16:25:08 - POST /api/v1/teams/ 201
2026-06-30 16:25:08 - POST /api/v1/teams/40343fd7-44e8-4536-9b48-f9092a96e590/players 200
2026-06-30 16:25:08 - POST /api/v1/teams/40343fd7-44e8-4536-9b48-f9092a96e590/players 200
2026-06-30 16:25:08 - POST /api/v1/teams/40343fd7-44e8-4536-9b48-f9092a96e590/players 200
2026-06-30 16:25:08 - POST /api/v1/teams/b3e67092-849b-4190-b88f-a2a663fa3e3f/players 200
2026-06-30 16:25:08 - POST /api/v1/teams/b3e67092-849b-4190-b88f-a2a663fa3e3f/players 200
2026-06-30 16:25:08 - POST /api/v1/matches/ 201
2026-06-30 16:25:08 - POST /api/v1/matches/1488395c-c8f1-4bed-916a-33f7bf27d123/toss 200
2026-06-30 16:25:08 - POST /api/v1/matches/1488395c-c8f1-4bed-916a-33f7bf27d123/squads 200
2026-06-30 16:25:08 - POST /api/v1/matches/1488395c-c8f1-4bed-916a-33f7bf27d123/squads 200
2026-06-30 16:25:08 - POST /api/v1/matches/1488395c-c8f1-4bed-916a-33f7bf27d123/balls 201
2026-06-30 16:25:08 - GET /api/v1/matches/1488395c-c8f1-4bed-916a-33f7bf27d123/live 200
2026-06-30 16:25:08 - POST /api/v1/matches/1488395c-c8f1-4bed-916a-33f7bf27d123/balls 201
2026-06-30 16:25:08 - GET /api/v1/matches/1488395c-c8f1-4bed-916a-33f7bf27d123/live 200
2026-06-30 16:25:08 - POST /api/v1/matches/1488395c-c8f1-4bed-916a-33f7bf27d123/balls 201
2026-06-30 16:25:08 - GET /api/v1/matches/1488395c-c8f1-4bed-916a-33f7bf27d123/live 200
2026-06-30 16:25:08 - POST /api/v1/matches/1488395c-c8f1-4bed-916a-33f7bf27d123/balls 201
2026-06-30 16:25:08 - GET /api/v1/matches/1488395c-c8f1-4bed-916a-33f7bf27d123/live 200
2026-06-30 16:25:08 - POST /api/v1/matches/1488395c-c8f1-4bed-916a-33f7bf27d123/undo 200
2026-06-30 16:25:08 - GET /api/v1/matches/1488395c-c8f1-4bed-916a-33f7bf27d123/live 200
2026-06-30 16:25:09 - GET /api/v1/auth/me 401
2026-06-30 16:25:09 - GET /api/v1/auth/me 401
2026-06-30 16:25:10 - POST /api/v1/auth/login 200
2026-06-30 16:25:10 - POST /api/v1/players/ 201
2026-06-30 16:25:10 - POST /api/v1/players/ 201
2026-06-30 16:25:10 - POST /api/v1/players/ 201
2026-06-30 16:25:10 - POST /api/v1/players/ 201
2026-06-30 16:25:10 - POST /api/v1/players/ 201
2026-06-30 16:25:10 - POST /api/v1/teams/ 201
2026-06-30 16:25:10 - POST /api/v1/teams/ 201
2026-06-30 16:25:10 - POST /api/v1/teams/bbaab93d-10f3-4c4d-9be9-de2310f85055/players 200
2026-06-30 16:25:10 - POST /api/v1/teams/bbaab93d-10f3-4c4d-9be9-de2310f85055/players 200
2026-06-30 16:25:10 - POST /api/v1/teams/bbaab93d-10f3-4c4d-9be9-de2310f85055/players 200
2026-06-30 16:25:10 - POST /api/v1/teams/bf4d0307-19fd-4aa4-a616-70d6312b3ada/players 200
2026-06-30 16:25:10 - POST /api/v1/teams/bf4d0307-19fd-4aa4-a616-70d6312b3ada/players 200
2026-06-30 16:25:10 - POST /api/v1/matches/ 201
2026-06-30 16:25:10 - POST /api/v1/matches/ea8ab9f4-d955-46e0-9284-954c3c972b95/toss 200
2026-06-30 16:25:10 - POST /api/v1/matches/ea8ab9f4-d955-46e0-9284-954c3c972b95/squads 200
2026-06-30 16:25:10 - POST /api/v1/matches/ea8ab9f4-d955-46e0-9284-954c3c972b95/squads 200
2026-06-30 16:25:10 - POST /api/v1/matches/ea8ab9f4-d955-46e0-9284-954c3c972b95/balls 201
2026-06-30 16:25:10 - GET /api/v1/matches/ea8ab9f4-d955-46e0-9284-954c3c972b95/live 200
2026-06-30 16:25:10 - POST /api/v1/matches/ea8ab9f4-d955-46e0-9284-954c3c972b95/balls 201
2026-06-30 16:25:10 - GET /api/v1/matches/ea8ab9f4-d955-46e0-9284-954c3c972b95/live 200
2026-06-30 16:25:10 - POST /api/v1/matches/ea8ab9f4-d955-46e0-9284-954c3c972b95/balls 201
2026-06-30 16:25:10 - GET /api/v1/matches/ea8ab9f4-d955-46e0-9284-954c3c972b95/live 200
2026-06-30 16:25:10 - POST /api/v1/matches/ea8ab9f4-d955-46e0-9284-954c3c972b95/balls 201
2026-06-30 16:25:10 - GET /api/v1/matches/ea8ab9f4-d955-46e0-9284-954c3c972b95/live 200
2026-06-30 16:25:10 - POST /api/v1/matches/ea8ab9f4-d955-46e0-9284-954c3c972b95/balls 201
2026-06-30 16:25:11 - GET /api/v1/matches/ea8ab9f4-d955-46e0-9284-954c3c972b95/live 200
2026-06-30 16:25:11 - POST /api/v1/matches/ea8ab9f4-d955-46e0-9284-954c3c972b95/balls 201
2026-06-30 16:25:11 - GET /api/v1/matches/ea8ab9f4-d955-46e0-9284-954c3c972b95/live 200
2026-06-30 16:25:11 - POST /api/v1/matches/ea8ab9f4-d955-46e0-9284-954c3c972b95/balls 201
2026-06-30 16:25:11 - GET /api/v1/matches/ea8ab9f4-d955-46e0-9284-954c3c972b95/live 200
2026-06-30 16:25:11 - GET /api/v1/matches/ea8ab9f4-d955-46e0-9284-954c3c972b95/scorecard 200
2026-06-30 16:25:13 - POST /api/v1/auth/signup 201
2026-06-30 16:25:15 - POST /api/v1/auth/signup 201
2026-06-30 16:25:17 - POST /api/v1/auth/signup 201
2026-06-30 16:25:18 - POST /api/v1/auth/login 200
2026-06-30 16:25:19 - POST /api/v1/auth/login 200
2026-06-30 16:25:19 - POST /api/v1/auth/login 200
2026-06-30 16:25:19 - POST /api/v1/teams/ 201
2026-06-30 16:25:19 - GET /api/v1/teams/my-teams 200
2026-06-30 16:25:19 - POST /api/v1/teams/f3d3f82f-1c85-404e-8948-d43e65f5d65d/join-request 200
2026-06-30 16:25:19 - GET /api/v1/teams/my-teams 200
2026-06-30 16:25:19 - POST /api/v1/teams/f3d3f82f-1c85-404e-8948-d43e65f5d65d/approve-request 403
2026-06-30 16:25:19 - POST /api/v1/teams/f3d3f82f-1c85-404e-8948-d43e65f5d65d/approve-request 200
2026-06-30 16:25:19 - POST /api/v1/teams/f3d3f82f-1c85-404e-8948-d43e65f5d65d/members 200
2026-06-30 16:25:19 - POST /api/v1/teams/f3d3f82f-1c85-404e-8948-d43e65f5d65d/invitations/accept 200
2026-06-30 16:25:19 - GET /api/v1/teams/f3d3f82f-1c85-404e-8948-d43e65f5d65d/members 200
2026-06-30 16:25:19 - DELETE /api/v1/teams/f3d3f82f-1c85-404e-8948-d43e65f5d65d/members/089c6220-d602-48f8-81e8-4771d7c3a92c 204
2026-06-30 16:25:19 - GET /api/v1/teams/f3d3f82f-1c85-404e-8948-d43e65f5d65d/members 200
2026-06-30 16:25:21 - POST /api/v1/auth/login 200
2026-06-30 16:25:21 - POST /api/v1/teams/ 201
2026-06-30 16:25:22 - POST /api/v1/auth/login 200
2026-06-30 16:25:22 - POST /api/v1/teams/626fda13-4d34-4b1d-9c40-4096f5bac356/members 200
2026-06-30 16:25:22 - GET /api/v1/notifications/ 200
2026-06-30 16:25:22 - GET /api/v1/teams/my-invitations 200
2026-06-30 16:25:22 - POST /api/v1/notifications/982fc814-7210-4c70-88a9-0ab7ae6efc79/read 200
2026-06-30 16:25:22 - POST /api/v1/teams/626fda13-4d34-4b1d-9c40-4096f5bac356/invitations/accept 200
2026-06-30 16:25:22 - GET /api/v1/notifications/ 200
2026-06-30 16:25:24 - POST /api/v1/auth/login 200
2026-06-30 16:25:24 - POST /api/v1/teams/ 201
2026-06-30 16:25:24 - POST /api/v1/auth/login 200
2026-06-30 16:25:24 - POST /api/v1/teams/28887c6f-115c-45a4-bcc7-cb67e5857672/members 200
2026-06-30 16:25:25 - POST /api/v1/teams/28887c6f-115c-45a4-bcc7-cb67e5857672/invitations/reject 204
2026-06-30 16:25:25 - GET /api/v1/notifications/ 200
2026-06-30 16:25:26 - POST /api/v1/auth/login 200
2026-06-30 16:25:26 - POST /api/v1/teams/ 201
2026-06-30 16:25:27 - POST /api/v1/auth/login 200
2026-06-30 16:25:27 - POST /api/v1/teams/ab030d31-fef0-4972-9e16-64662cdac840/join-request 200
2026-06-30 16:25:27 - POST /api/v1/teams/ab030d31-fef0-4972-9e16-64662cdac840/reject-request 204
2026-06-30 16:25:27 - GET /api/v1/notifications/ 200
2026-06-30 16:25:28 - POST /api/v1/auth/login 200
2026-06-30 16:25:28 - POST /api/v1/teams/ 201
2026-06-30 16:25:29 - POST /api/v1/auth/login 200
2026-06-30 16:25:29 - PUT /api/v1/teams/d36615c3-62d6-4d50-9a81-73a7ae9be4ab 403
2026-06-30 16:25:29 - DELETE /api/v1/teams/d36615c3-62d6-4d50-9a81-73a7ae9be4ab 403
2026-06-30 16:25:29 - PUT /api/v1/teams/d36615c3-62d6-4d50-9a81-73a7ae9be4ab 200
2026-06-30 16:25:29 - DELETE /api/v1/teams/d36615c3-62d6-4d50-9a81-73a7ae9be4ab 204
2026-06-30 16:25:29 - GET /api/v1/teams/d36615c3-62d6-4d50-9a81-73a7ae9be4ab 404
2026-06-30 16:25:31 - POST /api/v1/auth/login 200
2026-06-30 16:25:31 - GET /api/v1/notifications/ 200
2026-06-30 16:25:31 - POST /api/v1/notifications/read-all 204
2026-06-30 16:25:31 - GET /api/v1/notifications/ 200
2026-06-30 16:25:31 - POST /api/v1/auth/login 200
2026-06-30 16:25:31 - POST /api/v1/teams/ 201
2026-06-30 16:25:31 - POST /api/v1/teams/ 201
2026-06-30 16:25:31 - POST /api/v1/matches/ 201
2026-06-30 16:25:31 - POST /api/v1/matches/d937337c-59c6-4d8e-a55a-33868068eb57/toss/initiate 200
2026-06-30 16:25:31 - POST /api/v1/matches/d937337c-59c6-4d8e-a55a-33868068eb57/toss/initiate 400
2026-06-30 16:25:32 - GET /api/v1/matches/d937337c-59c6-4d8e-a55a-33868068eb57/activities 200
2026-06-30 16:25:32 - POST /api/v1/matches/d937337c-59c6-4d8e-a55a-33868068eb57/toss/decision 200
2026-06-30 16:25:32 - GET /api/v1/matches/d937337c-59c6-4d8e-a55a-33868068eb57/activities 200
2026-06-30 16:25:32 - POST /api/v1/matches/d937337c-59c6-4d8e-a55a-33868068eb57/toss/reset 200
2026-06-30 16:25:32 - GET /api/v1/matches/d937337c-59c6-4d8e-a55a-33868068eb57/activities 200
2026-06-30 16:25:32 - POST /api/v1/auth/login 200
2026-06-30 16:25:34 - POST /api/v1/auth/signup 201
2026-06-30 16:25:34 - POST /api/v1/auth/login 200
2026-06-30 16:25:34 - POST /api/v1/teams/ 201
2026-06-30 16:25:34 - POST /api/v1/teams/ 201
2026-06-30 16:25:34 - POST /api/v1/matches/ 201
2026-06-30 16:25:34 - POST /api/v1/matches/14496dff-13e9-40c5-9927-556c2dcbc30c/toss/initiate 200
2026-06-30 16:25:34 - POST /api/v1/matches/14496dff-13e9-40c5-9927-556c2dcbc30c/toss/reset 403
2026-06-30 16:25:35 - POST /api/v1/auth/login 200
2026-06-30 16:25:35 - POST /api/v1/tournaments/ 201
2026-06-30 16:25:35 - POST /api/v1/players/ 201
2026-06-30 16:25:35 - POST /api/v1/players/ 201
2026-06-30 16:25:35 - POST /api/v1/players/ 201
2026-06-30 16:25:35 - POST /api/v1/players/ 201
2026-06-30 16:25:35 - POST /api/v1/teams/ 201
2026-06-30 16:25:35 - POST /api/v1/teams/f1c64057-f828-4477-a8c3-c4de4fad7a1a/players 200
2026-06-30 16:25:36 - POST /api/v1/teams/f1c64057-f828-4477-a8c3-c4de4fad7a1a/players 200
2026-06-30 16:25:36 - POST /api/v1/teams/f1c64057-f828-4477-a8c3-c4de4fad7a1a/players 200
2026-06-30 16:25:36 - POST /api/v1/teams/f1c64057-f828-4477-a8c3-c4de4fad7a1a/players 200
2026-06-30 16:25:36 - POST /api/v1/tournaments/25f3602a-5d35-4688-8175-01b13b3e314c/teams 400
2026-06-30 16:25:36 - POST /api/v1/players/ 201
2026-06-30 16:25:36 - POST /api/v1/teams/f1c64057-f828-4477-a8c3-c4de4fad7a1a/players 200
2026-06-30 16:25:36 - POST /api/v1/tournaments/25f3602a-5d35-4688-8175-01b13b3e314c/teams 200
2026-06-30 16:25:36 - DELETE /api/v1/tournaments/25f3602a-5d35-4688-8175-01b13b3e314c/teams/f1c64057-f828-4477-a8c3-c4de4fad7a1a 200
2026-06-30 16:25:37 - POST /api/v1/auth/login 200
2026-06-30 16:25:37 - POST /api/v1/teams/ 201
2026-06-30 16:25:37 - POST /api/v1/players/ 201
2026-06-30 16:25:37 - POST /api/v1/teams/929dd019-672a-4a6c-9342-75ae9495730e/players 200
2026-06-30 16:25:37 - POST /api/v1/players/ 201
2026-06-30 16:25:37 - POST /api/v1/teams/929dd019-672a-4a6c-9342-75ae9495730e/players 200
2026-06-30 16:25:37 - POST /api/v1/players/ 201
2026-06-30 16:25:37 - POST /api/v1/teams/929dd019-672a-4a6c-9342-75ae9495730e/players 200
2026-06-30 16:25:37 - POST /api/v1/players/ 201
2026-06-30 16:25:37 - POST /api/v1/teams/929dd019-672a-4a6c-9342-75ae9495730e/players 200
2026-06-30 16:25:37 - POST /api/v1/players/ 201
2026-06-30 16:25:37 - POST /api/v1/teams/929dd019-672a-4a6c-9342-75ae9495730e/players 200
2026-06-30 16:25:37 - POST /api/v1/teams/ 201
2026-06-30 16:25:37 - POST /api/v1/players/ 201
2026-06-30 16:25:37 - POST /api/v1/teams/1af5c928-8678-4427-ab0d-0e0d2f810a7f/players 200
2026-06-30 16:25:37 - POST /api/v1/players/ 201
2026-06-30 16:25:37 - POST /api/v1/teams/1af5c928-8678-4427-ab0d-0e0d2f810a7f/players 200
2026-06-30 16:25:37 - POST /api/v1/players/ 201
2026-06-30 16:25:37 - POST /api/v1/teams/1af5c928-8678-4427-ab0d-0e0d2f810a7f/players 200
2026-06-30 16:25:37 - POST /api/v1/players/ 201
2026-06-30 16:25:37 - POST /api/v1/teams/1af5c928-8678-4427-ab0d-0e0d2f810a7f/players 200
2026-06-30 16:25:37 - POST /api/v1/players/ 201
2026-06-30 16:25:37 - POST /api/v1/teams/1af5c928-8678-4427-ab0d-0e0d2f810a7f/players 200
2026-06-30 16:25:37 - POST /api/v1/tournaments/ 201
2026-06-30 16:25:37 - POST /api/v1/tournaments/9eb4459e-c5e5-4f34-bdc7-04eb73decacf/teams 200
2026-06-30 16:25:37 - POST /api/v1/tournaments/9eb4459e-c5e5-4f34-bdc7-04eb73decacf/teams 200
2026-06-30 16:25:37 - POST /api/v1/tournaments/9eb4459e-c5e5-4f34-bdc7-04eb73decacf/fixtures/generate 201
2026-06-30 16:25:37 - POST /api/v1/tournaments/9eb4459e-c5e5-4f34-bdc7-04eb73decacf/fixtures/publish 200
2026-06-30 16:25:37 - GET /api/v1/tournaments/9eb4459e-c5e5-4f34-bdc7-04eb73decacf/dashboard 200
2026-06-30 16:25:37 - POST /api/v1/matches/47b5f227-a9bc-4cb2-a5a0-2dab70f0a75e/toss 200
2026-06-30 16:25:37 - GET /api/v1/teams/929dd019-672a-4a6c-9342-75ae9495730e 200
2026-06-30 16:25:37 - GET /api/v1/teams/1af5c928-8678-4427-ab0d-0e0d2f810a7f 200
2026-06-30 16:25:37 - POST /api/v1/matches/47b5f227-a9bc-4cb2-a5a0-2dab70f0a75e/squads 200
2026-06-30 16:25:37 - POST /api/v1/matches/47b5f227-a9bc-4cb2-a5a0-2dab70f0a75e/squads 200
2026-06-30 16:25:37 - POST /api/v1/matches/47b5f227-a9bc-4cb2-a5a0-2dab70f0a75e/balls 201
2026-06-30 16:25:38 - POST /api/v1/matches/47b5f227-a9bc-4cb2-a5a0-2dab70f0a75e/balls 201
2026-06-30 16:25:38 - POST /api/v1/matches/47b5f227-a9bc-4cb2-a5a0-2dab70f0a75e/balls 201
2026-06-30 16:25:38 - POST /api/v1/matches/47b5f227-a9bc-4cb2-a5a0-2dab70f0a75e/balls 201
2026-06-30 16:25:38 - POST /api/v1/matches/47b5f227-a9bc-4cb2-a5a0-2dab70f0a75e/balls 201
2026-06-30 16:25:38 - POST /api/v1/matches/47b5f227-a9bc-4cb2-a5a0-2dab70f0a75e/balls 201
2026-06-30 16:25:38 - POST /api/v1/matches/47b5f227-a9bc-4cb2-a5a0-2dab70f0a75e/balls 201
2026-06-30 16:25:38 - POST /api/v1/matches/47b5f227-a9bc-4cb2-a5a0-2dab70f0a75e/balls 201
2026-06-30 16:25:38 - POST /api/v1/matches/47b5f227-a9bc-4cb2-a5a0-2dab70f0a75e/balls 201
2026-06-30 16:25:38 - GET /api/v1/tournaments/9eb4459e-c5e5-4f34-bdc7-04eb73decacf/points-table 200
2026-06-30 16:25:38 - GET /api/v1/tournaments/9eb4459e-c5e5-4f34-bdc7-04eb73decacf/leaderboards 200
2026-06-30 16:25:39 - POST /api/v1/auth/login 200
2026-06-30 16:25:39 - POST /api/v1/teams/ 201
2026-06-30 16:25:39 - POST /api/v1/players/ 201
2026-06-30 16:25:39 - POST /api/v1/teams/c86b6a0f-0558-46dd-94ad-08f363d08832/players 200
2026-06-30 16:25:39 - POST /api/v1/players/ 201
2026-06-30 16:25:39 - POST /api/v1/teams/c86b6a0f-0558-46dd-94ad-08f363d08832/players 200
2026-06-30 16:25:39 - POST /api/v1/players/ 201
2026-06-30 16:25:39 - POST /api/v1/teams/c86b6a0f-0558-46dd-94ad-08f363d08832/players 200
2026-06-30 16:25:39 - POST /api/v1/players/ 201
2026-06-30 16:25:39 - POST /api/v1/teams/c86b6a0f-0558-46dd-94ad-08f363d08832/players 200
2026-06-30 16:25:39 - POST /api/v1/players/ 201
2026-06-30 16:25:39 - POST /api/v1/teams/c86b6a0f-0558-46dd-94ad-08f363d08832/players 200
2026-06-30 16:25:39 - POST /api/v1/teams/ 201
2026-06-30 16:25:39 - POST /api/v1/players/ 201
2026-06-30 16:25:39 - POST /api/v1/teams/e1ba2c38-7809-41b7-b592-30a688e1e270/players 200
2026-06-30 16:25:40 - POST /api/v1/players/ 201
2026-06-30 16:25:40 - POST /api/v1/teams/e1ba2c38-7809-41b7-b592-30a688e1e270/players 200
2026-06-30 16:25:40 - POST /api/v1/players/ 201
2026-06-30 16:25:40 - POST /api/v1/teams/e1ba2c38-7809-41b7-b592-30a688e1e270/players 200
2026-06-30 16:25:40 - POST /api/v1/players/ 201
2026-06-30 16:25:40 - POST /api/v1/teams/e1ba2c38-7809-41b7-b592-30a688e1e270/players 200
2026-06-30 16:25:40 - POST /api/v1/players/ 201
2026-06-30 16:25:40 - POST /api/v1/teams/e1ba2c38-7809-41b7-b592-30a688e1e270/players 200
2026-06-30 16:25:40 - POST /api/v1/teams/ 201
2026-06-30 16:25:40 - POST /api/v1/players/ 201
2026-06-30 16:25:40 - POST /api/v1/teams/b21a4fab-9705-41fe-8613-5ecc2a25e5b2/players 200
2026-06-30 16:25:40 - POST /api/v1/players/ 201
2026-06-30 16:25:40 - POST /api/v1/teams/b21a4fab-9705-41fe-8613-5ecc2a25e5b2/players 200
2026-06-30 16:25:40 - POST /api/v1/players/ 201
2026-06-30 16:25:40 - POST /api/v1/teams/b21a4fab-9705-41fe-8613-5ecc2a25e5b2/players 200
2026-06-30 16:25:40 - POST /api/v1/players/ 201
2026-06-30 16:25:40 - POST /api/v1/teams/b21a4fab-9705-41fe-8613-5ecc2a25e5b2/players 200
2026-06-30 16:25:40 - POST /api/v1/players/ 201
2026-06-30 16:25:40 - POST /api/v1/teams/b21a4fab-9705-41fe-8613-5ecc2a25e5b2/players 200
2026-06-30 16:25:40 - POST /api/v1/teams/ 201
2026-06-30 16:25:40 - POST /api/v1/players/ 201
2026-06-30 16:25:40 - POST /api/v1/teams/37c8f599-3ae0-4f8a-9c19-a3c1aef384b6/players 200
2026-06-30 16:25:40 - POST /api/v1/players/ 201
2026-06-30 16:25:40 - POST /api/v1/teams/37c8f599-3ae0-4f8a-9c19-a3c1aef384b6/players 200
2026-06-30 16:25:40 - POST /api/v1/players/ 201
2026-06-30 16:25:40 - POST /api/v1/teams/37c8f599-3ae0-4f8a-9c19-a3c1aef384b6/players 200
2026-06-30 16:25:40 - POST /api/v1/players/ 201
2026-06-30 16:25:40 - POST /api/v1/teams/37c8f599-3ae0-4f8a-9c19-a3c1aef384b6/players 200
2026-06-30 16:25:40 - POST /api/v1/players/ 201
2026-06-30 16:25:40 - POST /api/v1/teams/37c8f599-3ae0-4f8a-9c19-a3c1aef384b6/players 200
2026-06-30 16:25:40 - POST /api/v1/tournaments/ 201
2026-06-30 16:25:40 - POST /api/v1/tournaments/59b07937-53d7-4358-8ea9-a1b8538d9fcc/teams 200
2026-06-30 16:25:40 - POST /api/v1/tournaments/59b07937-53d7-4358-8ea9-a1b8538d9fcc/teams 200
2026-06-30 16:25:40 - POST /api/v1/tournaments/59b07937-53d7-4358-8ea9-a1b8538d9fcc/teams 200
2026-06-30 16:25:40 - POST /api/v1/tournaments/59b07937-53d7-4358-8ea9-a1b8538d9fcc/teams 200
2026-06-30 16:25:40 - POST /api/v1/tournaments/59b07937-53d7-4358-8ea9-a1b8538d9fcc/fixtures/generate 201
2026-06-30 16:25:40 - POST /api/v1/tournaments/59b07937-53d7-4358-8ea9-a1b8538d9fcc/fixtures/publish 200
2026-06-30 16:25:40 - GET /api/v1/tournaments/59b07937-53d7-4358-8ea9-a1b8538d9fcc/dashboard 200
2026-06-30 16:25:40 - GET /api/v1/tournaments/59b07937-53d7-4358-8ea9-a1b8538d9fcc/dashboard 200
2026-06-30 16:25:40 - POST /api/v1/matches/db19f159-9daf-45d6-ad79-eb1947aa8424/toss 200
2026-06-30 16:25:40 - GET /api/v1/teams/b21a4fab-9705-41fe-8613-5ecc2a25e5b2 200
2026-06-30 16:25:40 - GET /api/v1/teams/37c8f599-3ae0-4f8a-9c19-a3c1aef384b6 200
2026-06-30 16:25:40 - POST /api/v1/matches/db19f159-9daf-45d6-ad79-eb1947aa8424/squads 200
2026-06-30 16:25:40 - POST /api/v1/matches/db19f159-9daf-45d6-ad79-eb1947aa8424/squads 200
2026-06-30 16:25:41 - POST /api/v1/matches/db19f159-9daf-45d6-ad79-eb1947aa8424/balls 201
2026-06-30 16:25:41 - POST /api/v1/matches/db19f159-9daf-45d6-ad79-eb1947aa8424/balls 201
2026-06-30 16:25:41 - POST /api/v1/matches/db19f159-9daf-45d6-ad79-eb1947aa8424/balls 201
2026-06-30 16:25:41 - POST /api/v1/matches/db19f159-9daf-45d6-ad79-eb1947aa8424/balls 201
2026-06-30 16:25:41 - POST /api/v1/matches/db19f159-9daf-45d6-ad79-eb1947aa8424/balls 201
2026-06-30 16:25:41 - POST /api/v1/matches/db19f159-9daf-45d6-ad79-eb1947aa8424/balls 201
2026-06-30 16:25:41 - POST /api/v1/matches/db19f159-9daf-45d6-ad79-eb1947aa8424/balls 201
2026-06-30 16:25:41 - POST /api/v1/matches/db19f159-9daf-45d6-ad79-eb1947aa8424/balls 201
2026-06-30 16:25:41 - POST /api/v1/matches/db19f159-9daf-45d6-ad79-eb1947aa8424/balls 201
2026-06-30 16:25:41 - POST /api/v1/matches/db19f159-9daf-45d6-ad79-eb1947aa8424/balls 201
2026-06-30 16:25:41 - POST /api/v1/matches/db19f159-9daf-45d6-ad79-eb1947aa8424/balls 201
2026-06-30 16:25:41 - POST /api/v1/matches/db19f159-9daf-45d6-ad79-eb1947aa8424/balls 201
2026-06-30 16:25:41 - POST /api/v1/matches/d488d13c-a57f-403b-a924-7765755ebb88/toss 200
2026-06-30 16:25:41 - GET /api/v1/teams/c86b6a0f-0558-46dd-94ad-08f363d08832 200
2026-06-30 16:25:41 - GET /api/v1/teams/37c8f599-3ae0-4f8a-9c19-a3c1aef384b6 200
2026-06-30 16:25:41 - POST /api/v1/matches/d488d13c-a57f-403b-a924-7765755ebb88/squads 200
2026-06-30 16:25:41 - POST /api/v1/matches/d488d13c-a57f-403b-a924-7765755ebb88/squads 200
2026-06-30 16:25:41 - POST /api/v1/matches/d488d13c-a57f-403b-a924-7765755ebb88/balls 201
2026-06-30 16:25:41 - POST /api/v1/matches/d488d13c-a57f-403b-a924-7765755ebb88/balls 201
2026-06-30 16:25:41 - POST /api/v1/matches/d488d13c-a57f-403b-a924-7765755ebb88/balls 201
2026-06-30 16:25:41 - POST /api/v1/matches/d488d13c-a57f-403b-a924-7765755ebb88/balls 201
2026-06-30 16:25:41 - POST /api/v1/matches/d488d13c-a57f-403b-a924-7765755ebb88/balls 201
2026-06-30 16:25:41 - POST /api/v1/matches/d488d13c-a57f-403b-a924-7765755ebb88/balls 201
2026-06-30 16:25:41 - POST /api/v1/matches/d488d13c-a57f-403b-a924-7765755ebb88/balls 201
2026-06-30 16:25:41 - POST /api/v1/matches/d488d13c-a57f-403b-a924-7765755ebb88/balls 201
2026-06-30 16:25:41 - POST /api/v1/matches/d488d13c-a57f-403b-a924-7765755ebb88/balls 201
2026-06-30 16:25:41 - POST /api/v1/matches/d488d13c-a57f-403b-a924-7765755ebb88/balls 201
2026-06-30 16:25:41 - POST /api/v1/matches/d488d13c-a57f-403b-a924-7765755ebb88/balls 201
2026-06-30 16:25:41 - POST /api/v1/matches/d488d13c-a57f-403b-a924-7765755ebb88/balls 201
2026-06-30 16:25:41 - POST /api/v1/matches/0fb0c91d-5762-4bdc-884a-1c74606f396b/toss 200
2026-06-30 16:25:41 - GET /api/v1/teams/e1ba2c38-7809-41b7-b592-30a688e1e270 200
2026-06-30 16:25:41 - GET /api/v1/teams/37c8f599-3ae0-4f8a-9c19-a3c1aef384b6 200
2026-06-30 16:25:42 - POST /api/v1/matches/0fb0c91d-5762-4bdc-884a-1c74606f396b/squads 200
2026-06-30 16:25:42 - POST /api/v1/matches/0fb0c91d-5762-4bdc-884a-1c74606f396b/squads 200
2026-06-30 16:25:42 - POST /api/v1/matches/0fb0c91d-5762-4bdc-884a-1c74606f396b/balls 201
2026-06-30 16:25:42 - POST /api/v1/matches/0fb0c91d-5762-4bdc-884a-1c74606f396b/balls 201
2026-06-30 16:25:42 - POST /api/v1/matches/0fb0c91d-5762-4bdc-884a-1c74606f396b/balls 201
2026-06-30 16:25:42 - POST /api/v1/matches/0fb0c91d-5762-4bdc-884a-1c74606f396b/balls 201
2026-06-30 16:25:42 - POST /api/v1/matches/0fb0c91d-5762-4bdc-884a-1c74606f396b/balls 201
2026-06-30 16:25:42 - POST /api/v1/matches/0fb0c91d-5762-4bdc-884a-1c74606f396b/balls 201
2026-06-30 16:25:42 - POST /api/v1/matches/0fb0c91d-5762-4bdc-884a-1c74606f396b/balls 201
2026-06-30 16:25:42 - POST /api/v1/matches/0fb0c91d-5762-4bdc-884a-1c74606f396b/balls 201
2026-06-30 16:25:42 - POST /api/v1/matches/0fb0c91d-5762-4bdc-884a-1c74606f396b/balls 201
2026-06-30 16:25:42 - POST /api/v1/matches/0fb0c91d-5762-4bdc-884a-1c74606f396b/balls 201
2026-06-30 16:25:42 - POST /api/v1/matches/0fb0c91d-5762-4bdc-884a-1c74606f396b/balls 201
2026-06-30 16:25:42 - POST /api/v1/matches/0fb0c91d-5762-4bdc-884a-1c74606f396b/balls 201
2026-06-30 16:25:42 - POST /api/v1/matches/9ae7d641-cf2f-4eb6-8b9c-4b15b964cda6/toss 200
2026-06-30 16:25:42 - GET /api/v1/teams/c86b6a0f-0558-46dd-94ad-08f363d08832 200
2026-06-30 16:25:42 - GET /api/v1/teams/b21a4fab-9705-41fe-8613-5ecc2a25e5b2 200
2026-06-30 16:25:42 - POST /api/v1/matches/9ae7d641-cf2f-4eb6-8b9c-4b15b964cda6/squads 200
2026-06-30 16:25:42 - POST /api/v1/matches/9ae7d641-cf2f-4eb6-8b9c-4b15b964cda6/squads 200
2026-06-30 16:25:42 - POST /api/v1/matches/9ae7d641-cf2f-4eb6-8b9c-4b15b964cda6/balls 201
2026-06-30 16:25:42 - POST /api/v1/matches/9ae7d641-cf2f-4eb6-8b9c-4b15b964cda6/balls 201
2026-06-30 16:25:42 - POST /api/v1/matches/9ae7d641-cf2f-4eb6-8b9c-4b15b964cda6/balls 201
2026-06-30 16:25:42 - POST /api/v1/matches/9ae7d641-cf2f-4eb6-8b9c-4b15b964cda6/balls 201
2026-06-30 16:25:42 - POST /api/v1/matches/9ae7d641-cf2f-4eb6-8b9c-4b15b964cda6/balls 201
2026-06-30 16:25:42 - POST /api/v1/matches/9ae7d641-cf2f-4eb6-8b9c-4b15b964cda6/balls 201
2026-06-30 16:25:42 - POST /api/v1/matches/9ae7d641-cf2f-4eb6-8b9c-4b15b964cda6/balls 201
2026-06-30 16:25:42 - POST /api/v1/matches/9ae7d641-cf2f-4eb6-8b9c-4b15b964cda6/balls 201
2026-06-30 16:25:42 - POST /api/v1/matches/9ae7d641-cf2f-4eb6-8b9c-4b15b964cda6/balls 201
2026-06-30 16:25:42 - POST /api/v1/matches/9ae7d641-cf2f-4eb6-8b9c-4b15b964cda6/balls 201
2026-06-30 16:25:42 - POST /api/v1/matches/9ae7d641-cf2f-4eb6-8b9c-4b15b964cda6/balls 201
2026-06-30 16:25:42 - POST /api/v1/matches/9ae7d641-cf2f-4eb6-8b9c-4b15b964cda6/balls 201
2026-06-30 16:25:42 - POST /api/v1/matches/38f72d65-4326-4a45-88f0-23d4e34033c2/toss 200
2026-06-30 16:25:42 - GET /api/v1/teams/e1ba2c38-7809-41b7-b592-30a688e1e270 200
2026-06-30 16:25:42 - GET /api/v1/teams/b21a4fab-9705-41fe-8613-5ecc2a25e5b2 200
2026-06-30 16:25:42 - POST /api/v1/matches/38f72d65-4326-4a45-88f0-23d4e34033c2/squads 200
2026-06-30 16:25:42 - POST /api/v1/matches/38f72d65-4326-4a45-88f0-23d4e34033c2/squads 200
2026-06-30 16:25:42 - POST /api/v1/matches/38f72d65-4326-4a45-88f0-23d4e34033c2/balls 201
2026-06-30 16:25:42 - POST /api/v1/matches/38f72d65-4326-4a45-88f0-23d4e34033c2/balls 201
2026-06-30 16:25:42 - POST /api/v1/matches/38f72d65-4326-4a45-88f0-23d4e34033c2/balls 201
2026-06-30 16:25:43 - POST /api/v1/matches/38f72d65-4326-4a45-88f0-23d4e34033c2/balls 201
2026-06-30 16:25:43 - POST /api/v1/matches/38f72d65-4326-4a45-88f0-23d4e34033c2/balls 201
2026-06-30 16:25:43 - POST /api/v1/matches/38f72d65-4326-4a45-88f0-23d4e34033c2/balls 201
2026-06-30 16:25:43 - POST /api/v1/matches/38f72d65-4326-4a45-88f0-23d4e34033c2/balls 201
2026-06-30 16:25:43 - POST /api/v1/matches/38f72d65-4326-4a45-88f0-23d4e34033c2/balls 201
2026-06-30 16:25:43 - POST /api/v1/matches/38f72d65-4326-4a45-88f0-23d4e34033c2/balls 201
2026-06-30 16:25:43 - POST /api/v1/matches/38f72d65-4326-4a45-88f0-23d4e34033c2/balls 201
2026-06-30 16:25:43 - POST /api/v1/matches/38f72d65-4326-4a45-88f0-23d4e34033c2/balls 201
2026-06-30 16:25:43 - POST /api/v1/matches/38f72d65-4326-4a45-88f0-23d4e34033c2/balls 201
2026-06-30 16:25:43 - POST /api/v1/matches/9f36e5e3-393a-4d9a-a1c4-d7637b4f480a/toss 200
2026-06-30 16:25:43 - GET /api/v1/teams/c86b6a0f-0558-46dd-94ad-08f363d08832 200
2026-06-30 16:25:43 - GET /api/v1/teams/e1ba2c38-7809-41b7-b592-30a688e1e270 200
2026-06-30 16:25:43 - POST /api/v1/matches/9f36e5e3-393a-4d9a-a1c4-d7637b4f480a/squads 200
2026-06-30 16:25:43 - POST /api/v1/matches/9f36e5e3-393a-4d9a-a1c4-d7637b4f480a/squads 200
2026-06-30 16:25:43 - POST /api/v1/matches/9f36e5e3-393a-4d9a-a1c4-d7637b4f480a/balls 201
2026-06-30 16:25:43 - POST /api/v1/matches/9f36e5e3-393a-4d9a-a1c4-d7637b4f480a/balls 201
2026-06-30 16:25:43 - POST /api/v1/matches/9f36e5e3-393a-4d9a-a1c4-d7637b4f480a/balls 201
2026-06-30 16:25:43 - POST /api/v1/matches/9f36e5e3-393a-4d9a-a1c4-d7637b4f480a/balls 201
2026-06-30 16:25:43 - POST /api/v1/matches/9f36e5e3-393a-4d9a-a1c4-d7637b4f480a/balls 201
2026-06-30 16:25:43 - POST /api/v1/matches/9f36e5e3-393a-4d9a-a1c4-d7637b4f480a/balls 201
2026-06-30 16:25:43 - POST /api/v1/matches/9f36e5e3-393a-4d9a-a1c4-d7637b4f480a/balls 201
2026-06-30 16:25:43 - POST /api/v1/matches/9f36e5e3-393a-4d9a-a1c4-d7637b4f480a/balls 201
2026-06-30 16:25:43 - POST /api/v1/matches/9f36e5e3-393a-4d9a-a1c4-d7637b4f480a/balls 201
2026-06-30 16:25:43 - POST /api/v1/matches/9f36e5e3-393a-4d9a-a1c4-d7637b4f480a/balls 201
2026-06-30 16:25:43 - POST /api/v1/matches/9f36e5e3-393a-4d9a-a1c4-d7637b4f480a/balls 201
2026-06-30 16:25:43 - POST /api/v1/matches/9f36e5e3-393a-4d9a-a1c4-d7637b4f480a/balls 201
2026-06-30 16:25:43 - GET /api/v1/tournaments/59b07937-53d7-4358-8ea9-a1b8538d9fcc/dashboard 200
2026-06-30 16:25:43 - POST /api/v1/matches/aab890bd-02d5-43d3-a90e-09b883fd6b2a/toss 200
2026-06-30 16:25:43 - GET /api/v1/teams/c86b6a0f-0558-46dd-94ad-08f363d08832 200
2026-06-30 16:25:44 - GET /api/v1/teams/37c8f599-3ae0-4f8a-9c19-a3c1aef384b6 200
2026-06-30 16:25:44 - POST /api/v1/matches/aab890bd-02d5-43d3-a90e-09b883fd6b2a/squads 200
2026-06-30 16:25:44 - POST /api/v1/matches/aab890bd-02d5-43d3-a90e-09b883fd6b2a/squads 200
2026-06-30 16:25:44 - POST /api/v1/matches/aab890bd-02d5-43d3-a90e-09b883fd6b2a/balls 201
2026-06-30 16:25:44 - POST /api/v1/matches/aab890bd-02d5-43d3-a90e-09b883fd6b2a/balls 201
2026-06-30 16:25:44 - POST /api/v1/matches/aab890bd-02d5-43d3-a90e-09b883fd6b2a/balls 201
2026-06-30 16:25:44 - POST /api/v1/matches/aab890bd-02d5-43d3-a90e-09b883fd6b2a/balls 201
2026-06-30 16:25:44 - POST /api/v1/matches/aab890bd-02d5-43d3-a90e-09b883fd6b2a/balls 201
2026-06-30 16:25:44 - POST /api/v1/matches/aab890bd-02d5-43d3-a90e-09b883fd6b2a/balls 201
2026-06-30 16:25:44 - POST /api/v1/matches/aab890bd-02d5-43d3-a90e-09b883fd6b2a/balls 201
2026-06-30 16:25:44 - POST /api/v1/matches/aab890bd-02d5-43d3-a90e-09b883fd6b2a/balls 201
2026-06-30 16:25:44 - POST /api/v1/matches/aab890bd-02d5-43d3-a90e-09b883fd6b2a/balls 201
2026-06-30 16:25:44 - POST /api/v1/matches/aab890bd-02d5-43d3-a90e-09b883fd6b2a/balls 201
2026-06-30 16:25:44 - POST /api/v1/matches/aab890bd-02d5-43d3-a90e-09b883fd6b2a/balls 201
2026-06-30 16:25:44 - POST /api/v1/matches/aab890bd-02d5-43d3-a90e-09b883fd6b2a/balls 201
2026-06-30 16:25:44 - POST /api/v1/matches/2d33dac5-ea95-4884-9734-9809f7b9116d/toss 200
2026-06-30 16:25:44 - GET /api/v1/teams/e1ba2c38-7809-41b7-b592-30a688e1e270 200
2026-06-30 16:25:44 - GET /api/v1/teams/b21a4fab-9705-41fe-8613-5ecc2a25e5b2 200
2026-06-30 16:25:44 - POST /api/v1/matches/2d33dac5-ea95-4884-9734-9809f7b9116d/squads 200
2026-06-30 16:25:44 - POST /api/v1/matches/2d33dac5-ea95-4884-9734-9809f7b9116d/squads 200
2026-06-30 16:25:44 - POST /api/v1/matches/2d33dac5-ea95-4884-9734-9809f7b9116d/balls 201
2026-06-30 16:25:44 - POST /api/v1/matches/2d33dac5-ea95-4884-9734-9809f7b9116d/balls 201
2026-06-30 16:25:44 - POST /api/v1/matches/2d33dac5-ea95-4884-9734-9809f7b9116d/balls 201
2026-06-30 16:25:44 - POST /api/v1/matches/2d33dac5-ea95-4884-9734-9809f7b9116d/balls 201
2026-06-30 16:25:44 - POST /api/v1/matches/2d33dac5-ea95-4884-9734-9809f7b9116d/balls 201
2026-06-30 16:25:44 - POST /api/v1/matches/2d33dac5-ea95-4884-9734-9809f7b9116d/balls 201
2026-06-30 16:25:44 - POST /api/v1/matches/2d33dac5-ea95-4884-9734-9809f7b9116d/balls 201
2026-06-30 16:25:44 - POST /api/v1/matches/2d33dac5-ea95-4884-9734-9809f7b9116d/balls 201
2026-06-30 16:25:44 - POST /api/v1/matches/2d33dac5-ea95-4884-9734-9809f7b9116d/balls 201
2026-06-30 16:25:44 - POST /api/v1/matches/2d33dac5-ea95-4884-9734-9809f7b9116d/balls 201
2026-06-30 16:25:44 - POST /api/v1/matches/2d33dac5-ea95-4884-9734-9809f7b9116d/balls 201
2026-06-30 16:25:44 - POST /api/v1/matches/2d33dac5-ea95-4884-9734-9809f7b9116d/balls 201
2026-06-30 16:25:44 - GET /api/v1/tournaments/59b07937-53d7-4358-8ea9-a1b8538d9fcc/dashboard 200
2026-06-30 16:25:44 - POST /api/v1/matches/e41eaf3a-6061-4f47-85ab-d5d9dbd0dfff/toss 200
2026-06-30 16:25:44 - GET /api/v1/teams/c86b6a0f-0558-46dd-94ad-08f363d08832 200
2026-06-30 16:25:44 - GET /api/v1/teams/e1ba2c38-7809-41b7-b592-30a688e1e270 200
2026-06-30 16:25:45 - POST /api/v1/matches/e41eaf3a-6061-4f47-85ab-d5d9dbd0dfff/squads 200
2026-06-30 16:25:45 - POST /api/v1/matches/e41eaf3a-6061-4f47-85ab-d5d9dbd0dfff/squads 200
2026-06-30 16:25:45 - POST /api/v1/matches/e41eaf3a-6061-4f47-85ab-d5d9dbd0dfff/balls 201
2026-06-30 16:25:45 - POST /api/v1/matches/e41eaf3a-6061-4f47-85ab-d5d9dbd0dfff/balls 201
2026-06-30 16:25:45 - POST /api/v1/matches/e41eaf3a-6061-4f47-85ab-d5d9dbd0dfff/balls 201
2026-06-30 16:25:45 - POST /api/v1/matches/e41eaf3a-6061-4f47-85ab-d5d9dbd0dfff/balls 201
2026-06-30 16:25:45 - POST /api/v1/matches/e41eaf3a-6061-4f47-85ab-d5d9dbd0dfff/balls 201
2026-06-30 16:25:45 - POST /api/v1/matches/e41eaf3a-6061-4f47-85ab-d5d9dbd0dfff/balls 201
2026-06-30 16:25:45 - POST /api/v1/matches/e41eaf3a-6061-4f47-85ab-d5d9dbd0dfff/balls 201
2026-06-30 16:25:45 - POST /api/v1/matches/e41eaf3a-6061-4f47-85ab-d5d9dbd0dfff/balls 201
2026-06-30 16:25:45 - POST /api/v1/matches/e41eaf3a-6061-4f47-85ab-d5d9dbd0dfff/balls 201
2026-06-30 16:25:45 - POST /api/v1/matches/e41eaf3a-6061-4f47-85ab-d5d9dbd0dfff/balls 201
2026-06-30 16:25:45 - POST /api/v1/matches/e41eaf3a-6061-4f47-85ab-d5d9dbd0dfff/balls 201
2026-06-30 16:25:45 - POST /api/v1/matches/e41eaf3a-6061-4f47-85ab-d5d9dbd0dfff/balls 201
2026-06-30 16:25:45 - GET /api/v1/tournaments/59b07937-53d7-4358-8ea9-a1b8538d9fcc/dashboard 200
2026-06-30 16:25:46 - POST /api/v1/auth/login 200
2026-06-30 16:25:46 - POST /api/v1/tournaments/ 201
2026-06-30 16:25:46 - POST /api/v1/tournaments/da3dafff-81ac-445d-86a4-057deba16e52/publish 200
2026-06-30 16:25:46 - POST /api/v1/tournaments/da3dafff-81ac-445d-86a4-057deba16e52/open-registration 200
2026-06-30 16:25:46 - POST /api/v1/teams/ 201
2026-06-30 16:25:46 - POST /api/v1/tournaments/da3dafff-81ac-445d-86a4-057deba16e52/requests 400
2026-06-30 16:25:46 - POST /api/v1/players/ 201
2026-06-30 16:25:46 - POST /api/v1/players/ 201
2026-06-30 16:25:46 - POST /api/v1/players/ 201
2026-06-30 16:25:46 - POST /api/v1/players/ 201
2026-06-30 16:25:46 - POST /api/v1/players/ 201
2026-06-30 16:25:46 - POST /api/v1/teams/ea4e0e74-0c9a-4bc5-953e-fadcb9b20a3c/players 200
2026-06-30 16:25:46 - POST /api/v1/teams/ea4e0e74-0c9a-4bc5-953e-fadcb9b20a3c/players 200
2026-06-30 16:25:46 - POST /api/v1/teams/ea4e0e74-0c9a-4bc5-953e-fadcb9b20a3c/players 200
2026-06-30 16:25:46 - POST /api/v1/teams/ea4e0e74-0c9a-4bc5-953e-fadcb9b20a3c/players 200
2026-06-30 16:25:46 - POST /api/v1/teams/ea4e0e74-0c9a-4bc5-953e-fadcb9b20a3c/players 200
2026-06-30 16:25:46 - POST /api/v1/tournaments/da3dafff-81ac-445d-86a4-057deba16e52/requests 200
2026-06-30 16:25:46 - POST /api/v1/tournaments/da3dafff-81ac-445d-86a4-057deba16e52/requests/2edec61a-93da-4032-998d-a3ad5e0febe2/approve 200
2026-06-30 16:25:46 - GET /api/v1/tournaments/da3dafff-81ac-445d-86a4-057deba16e52 200
2026-06-30 16:25:46 - GET /api/v1/tournaments/da3dafff-81ac-445d-86a4-057deba16e52/points-table 200
2026-06-30 16:25:46 - GET /api/v1/tournaments/da3dafff-81ac-445d-86a4-057deba16e52/activities 200
2026-06-30 17:45:29 - POST /api/v1/auth/signup 422
2026-06-30 17:45:29 - POST /api/v1/auth/signup 422
2026-06-30 17:45:29 - POST /api/v1/auth/signup 422
2026-06-30 17:45:29 - POST /api/v1/auth/signup 422
2026-06-30 17:45:29 - POST /api/v1/auth/signup 201
2026-06-30 17:45:29 - POST /api/v1/auth/login 400
2026-06-30 17:45:29 - POST /api/v1/auth/verify-otp 200
2026-06-30 17:45:29 - POST /api/v1/auth/signup 201
2026-06-30 17:45:29 - POST /api/v1/auth/resend-otp 429
2026-06-30 17:45:29 - POST /api/v1/auth/resend-otp 200
2026-06-30 17:45:30 - POST /api/v1/auth/login 400
2026-06-30 17:45:30 - POST /api/v1/auth/login 400
2026-06-30 17:45:30 - POST /api/v1/auth/login 400
2026-06-30 17:45:30 - POST /api/v1/auth/login 400
2026-06-30 17:45:31 - POST /api/v1/auth/login 400
2026-06-30 17:45:31 - POST /api/v1/auth/login 403
2026-06-30 17:45:31 - POST /api/v1/auth/login 200
2026-06-30 17:45:31 - POST /api/v1/auth/forgot-password 404
2026-06-30 17:45:31 - POST /api/v1/auth/forgot-password 200
2026-06-30 17:45:31 - POST /api/v1/auth/verify-reset-otp 400
2026-06-30 17:45:31 - POST /api/v1/auth/verify-reset-otp 200
2026-06-30 17:45:31 - POST /api/v1/auth/reset-password 422
2026-06-30 17:45:31 - POST /api/v1/auth/reset-password 200
2026-06-30 17:45:32 - POST /api/v1/auth/login 200
2026-06-30 17:45:32 - POST /api/v1/auth/login 200
2026-06-30 17:45:32 - POST /api/v1/auth/complete-profile 200
2026-06-30 17:45:32 - POST /api/v1/auth/login 200
2026-06-30 17:45:32 - POST /api/v1/auth/refresh 200
2026-06-30 17:45:32 - POST /api/v1/auth/logout 200
2026-06-30 17:45:32 - POST /api/v1/auth/refresh 401
2026-06-30 17:45:33 - POST /api/v1/auth/signup 201
2026-06-30 17:45:33 - POST /api/v1/auth/signup 400
2026-06-30 17:45:33 - POST /api/v1/auth/login 400
2026-06-30 17:45:33 - POST /api/v1/auth/forgot-password 400
2026-06-30 17:45:33 - POST /api/v1/auth/verify-reset-otp 400
2026-06-30 17:45:33 - POST /api/v1/auth/reset-password 400
2026-06-30 17:45:33 - POST /api/v1/auth/signup 400
2026-06-30 17:45:33 - POST /api/v1/auth/signup 201
2026-06-30 17:45:34 - POST /api/v1/auth/signup 201
2026-06-30 17:45:34 - POST /api/v1/auth/login 200
2026-06-30 17:45:34 - POST /api/v1/auth/login 200
2026-06-30 17:45:34 - POST /api/v1/teams/ 201
2026-06-30 17:45:34 - GET /api/v1/teams/ 200
2026-06-30 17:45:34 - PUT /api/v1/teams/534aed5a-9648-41ee-bd9e-6f5b5d6ea96f 403
2026-06-30 17:45:34 - DELETE /api/v1/teams/534aed5a-9648-41ee-bd9e-6f5b5d6ea96f 403
2026-06-30 17:45:34 - POST /api/v1/players/ 201
2026-06-30 17:45:34 - GET /api/v1/players/ 200
2026-06-30 17:45:34 - PUT /api/v1/players/9a364cc2-8a9c-4499-bd77-d545121e24fb 403
2026-06-30 17:45:34 - DELETE /api/v1/players/9a364cc2-8a9c-4499-bd77-d545121e24fb 403
2026-06-30 17:45:34 - POST /api/v1/auth/signup 201
2026-06-30 17:45:35 - POST /api/v1/auth/login 200
2026-06-30 17:45:35 - POST /api/v1/teams/ 201
2026-06-30 17:45:35 - POST /api/v1/teams/ 201
2026-06-30 17:45:35 - POST /api/v1/players/ 201
2026-06-30 17:45:35 - POST /api/v1/players/ 201
2026-06-30 17:45:35 - POST /api/v1/players/ 201
2026-06-30 17:45:35 - POST /api/v1/teams/3bd39035-d27d-43c6-9ffb-eaa244cd9ca2/players/bulk 200
2026-06-30 17:45:35 - POST /api/v1/teams/6db0252a-3182-4b59-bd1f-4581716a7714/players/bulk 400
2026-06-30 17:45:35 - POST /api/v1/auth/signup 201
2026-06-30 17:45:35 - POST /api/v1/auth/signup 201
2026-06-30 17:45:35 - POST /api/v1/auth/login 200
2026-06-30 17:45:35 - POST /api/v1/auth/login 200
2026-06-30 17:45:35 - POST /api/v1/teams/ 201
2026-06-30 17:45:35 - POST /api/v1/teams/ 201
2026-06-30 17:45:35 - POST /api/v1/matches/ 201
2026-06-30 17:45:35 - POST /api/v1/matches/3445d293-ab89-4458-99a8-19027429898c/toss 403
2026-06-30 17:45:35 - POST /api/v1/matches/3445d293-ab89-4458-99a8-19027429898c/toss 200
2026-06-30 17:45:37 - GET /api/v1/debug-env 200
2026-06-30 17:45:37 - GET /api/v1/debug-env 404
2026-06-30 17:45:38 - POST /api/v1/auth/login 200
2026-06-30 17:45:38 - POST /api/v1/players/ 201
2026-06-30 17:45:38 - POST /api/v1/players/ 201
2026-06-30 17:45:38 - POST /api/v1/players/ 201
2026-06-30 17:45:38 - POST /api/v1/players/ 201
2026-06-30 17:45:38 - POST /api/v1/teams/ 201
2026-06-30 17:45:38 - POST /api/v1/teams/ 201
2026-06-30 17:45:38 - POST /api/v1/teams/544c20ae-0fac-4e09-86a4-01729536bd6c/players 200
2026-06-30 17:45:38 - POST /api/v1/teams/544c20ae-0fac-4e09-86a4-01729536bd6c/players 200
2026-06-30 17:45:38 - POST /api/v1/teams/331c8240-a781-4325-82f5-5e718707a93a/players 200
2026-06-30 17:45:38 - POST /api/v1/teams/331c8240-a781-4325-82f5-5e718707a93a/players 200
2026-06-30 17:45:38 - POST /api/v1/matches/ 201
2026-06-30 17:45:38 - POST /api/v1/matches/9d8299e3-dc50-4db9-b848-06a83971ccee/toss 200
2026-06-30 17:45:38 - POST /api/v1/matches/9d8299e3-dc50-4db9-b848-06a83971ccee/squads 400
2026-06-30 17:45:38 - POST /api/v1/matches/9d8299e3-dc50-4db9-b848-06a83971ccee/squads 200
2026-06-30 17:45:38 - POST /api/v1/matches/9d8299e3-dc50-4db9-b848-06a83971ccee/squads 400
2026-06-30 17:45:38 - POST /api/v1/matches/9d8299e3-dc50-4db9-b848-06a83971ccee/squads 200
2026-06-30 17:45:38 - POST /api/v1/auth/google 200
2026-06-30 17:45:38 - POST /api/v1/auth/google 400
2026-06-30 17:45:38 - POST /api/v1/auth/google 400
2026-06-30 17:45:38 - POST /api/v1/auth/google 400
2026-06-30 17:45:38 - POST /api/v1/auth/google 400
2026-06-30 17:45:39 - POST /api/v1/auth/login 200
2026-06-30 17:45:39 - POST /api/v1/players/ 201
2026-06-30 17:45:39 - POST /api/v1/players/ 201
2026-06-30 17:45:39 - POST /api/v1/teams/ 201
2026-06-30 17:45:39 - POST /api/v1/teams/ 201
2026-06-30 17:45:39 - POST /api/v1/matches/ 201
2026-06-30 17:45:39 - GET /api/v1/matches/ 200
2026-06-30 17:45:39 - POST /api/v1/auth/login 200
2026-06-30 17:45:40 - POST /api/v1/auth/login 200
2026-06-30 17:45:40 - POST /api/v1/auth/login 200
2026-06-30 17:45:40 - POST /api/v1/matches/ 201
2026-06-30 17:45:40 - POST /api/v1/matches/3d6fe02b-8afe-4d41-bcf6-4a984eae643e/toss 200
2026-06-30 17:45:40 - POST /api/v1/matches/3d6fe02b-8afe-4d41-bcf6-4a984eae643e/toss 403
2026-06-30 17:45:40 - POST /api/v1/matches/ 201
2026-06-30 17:45:40 - POST /api/v1/matches/d622cb2e-2f29-4fea-8a9a-9244dc648da7/toss 200
2026-06-30 17:45:40 - POST /api/v1/matches/ 201
2026-06-30 17:45:40 - POST /api/v1/matches/1d357ad4-ae67-4e32-aaa5-e057300a9c1e/toss 200
2026-06-30 17:45:40 - POST /api/v1/matches/1d357ad4-ae67-4e32-aaa5-e057300a9c1e/toss 403
2026-06-30 17:45:41 - POST /api/v1/auth/login 200
2026-06-30 17:45:41 - POST /api/v1/teams/ 201
2026-06-30 17:45:41 - POST /api/v1/auth/login 200
2026-06-30 17:45:42 - POST /api/v1/auth/login 200
2026-06-30 17:45:42 - POST /api/v1/auth/login 200
2026-06-30 17:45:42 - POST /api/v1/teams/ef3e3021-07c6-43d5-9cc1-50172fc2874f/members 200
2026-06-30 17:45:42 - POST /api/v1/teams/ef3e3021-07c6-43d5-9cc1-50172fc2874f/invitations/accept 200
2026-06-30 17:45:42 - POST /api/v1/teams/ef3e3021-07c6-43d5-9cc1-50172fc2874f/members 200
2026-06-30 17:45:42 - POST /api/v1/teams/ef3e3021-07c6-43d5-9cc1-50172fc2874f/invitations/accept 200
2026-06-30 17:45:42 - PUT /api/v1/teams/ef3e3021-07c6-43d5-9cc1-50172fc2874f/members/ef706939-e080-4dab-a2df-bc2f07c74873/role 200
2026-06-30 17:45:42 - PUT /api/v1/teams/ef3e3021-07c6-43d5-9cc1-50172fc2874f/squad-config 403
2026-06-30 17:45:42 - PUT /api/v1/teams/ef3e3021-07c6-43d5-9cc1-50172fc2874f/squad-config 403
2026-06-30 17:45:42 - PUT /api/v1/teams/ef3e3021-07c6-43d5-9cc1-50172fc2874f/squad-config 200
2026-06-30 17:45:42 - POST /api/v1/teams/ef3e3021-07c6-43d5-9cc1-50172fc2874f/members 200
2026-06-30 17:45:42 - DELETE /api/v1/teams/ef3e3021-07c6-43d5-9cc1-50172fc2874f/members/52b78daa-eec4-4d56-b214-c3b19865c4bf 204
2026-06-30 17:45:42 - POST /api/v1/teams/ef3e3021-07c6-43d5-9cc1-50172fc2874f/join-request 200
2026-06-30 17:45:42 - POST /api/v1/teams/ef3e3021-07c6-43d5-9cc1-50172fc2874f/reject-request 204
2026-06-30 17:45:42 - POST /api/v1/teams/ef3e3021-07c6-43d5-9cc1-50172fc2874f/join-request 200
2026-06-30 17:45:42 - POST /api/v1/teams/ef3e3021-07c6-43d5-9cc1-50172fc2874f/approve-request 200
2026-06-30 17:45:42 - DELETE /api/v1/teams/ef3e3021-07c6-43d5-9cc1-50172fc2874f/members/01ebc6d5-c722-4591-aeaf-f2dae43602a3 403
2026-06-30 17:45:42 - PUT /api/v1/teams/ef3e3021-07c6-43d5-9cc1-50172fc2874f/members/52b78daa-eec4-4d56-b214-c3b19865c4bf/role 200
2026-06-30 17:45:42 - DELETE /api/v1/teams/ef3e3021-07c6-43d5-9cc1-50172fc2874f/members/52b78daa-eec4-4d56-b214-c3b19865c4bf 403
2026-06-30 17:45:42 - DELETE /api/v1/teams/ef3e3021-07c6-43d5-9cc1-50172fc2874f/members/96a6eed3-dba9-467c-91b2-904ce91456e7 204
2026-06-30 17:45:42 - DELETE /api/v1/teams/ef3e3021-07c6-43d5-9cc1-50172fc2874f 403
2026-06-30 17:45:42 - PUT /api/v1/teams/ef3e3021-07c6-43d5-9cc1-50172fc2874f/members/52b78daa-eec4-4d56-b214-c3b19865c4bf/role 403
2026-06-30 17:45:43 - POST /api/v1/auth/login 200
2026-06-30 17:45:43 - POST /api/v1/teams/ 201
2026-06-30 17:45:43 - POST /api/v1/auth/login 200
2026-06-30 17:45:44 - POST /api/v1/auth/login 200
2026-06-30 17:45:44 - POST /api/v1/teams/2c0a3ebd-ffb2-4b66-97be-04d941345783/members 200
2026-06-30 17:45:44 - POST /api/v1/teams/2c0a3ebd-ffb2-4b66-97be-04d941345783/invitations/accept 200
2026-06-30 17:45:44 - POST /api/v1/teams/2c0a3ebd-ffb2-4b66-97be-04d941345783/lock 403
2026-06-30 17:45:44 - POST /api/v1/teams/2c0a3ebd-ffb2-4b66-97be-04d941345783/lock 200
2026-06-30 17:45:44 - PUT /api/v1/teams/2c0a3ebd-ffb2-4b66-97be-04d941345783/squad-config 403
2026-06-30 17:45:44 - PUT /api/v1/teams/2c0a3ebd-ffb2-4b66-97be-04d941345783/squad-config 200
2026-06-30 17:45:44 - POST /api/v1/teams/2c0a3ebd-ffb2-4b66-97be-04d941345783/unlock 200
2026-06-30 17:45:44 - PUT /api/v1/teams/2c0a3ebd-ffb2-4b66-97be-04d941345783/squad-config 200
2026-06-30 17:45:44 - GET /api/v1/teams/2c0a3ebd-ffb2-4b66-97be-04d941345783/activities 403
2026-06-30 17:45:44 - GET /api/v1/teams/2c0a3ebd-ffb2-4b66-97be-04d941345783/activities 200
2026-06-30 17:45:44 - POST /api/v1/auth/login 200
2026-06-30 17:45:44 - GET /api/v1/admin/analytics 200
2026-06-30 17:45:44 - GET /api/v1/admin/team-members 200
2026-06-30 17:45:44 - GET /api/v1/admin/team-members 200
2026-06-30 17:45:44 - GET /api/v1/admin/team-members 200
2026-06-30 17:45:44 - DELETE /api/v1/admin/team-members/d944d10d-ba91-4eb3-9c3b-07665f9c109f 204
2026-06-30 17:45:45 - POST /api/v1/auth/login 200
2026-06-30 17:45:45 - POST /api/v1/admin/tournaments/bulk-delete 204
2026-06-30 17:45:45 - POST /api/v1/admin/matches/bulk-delete 204
2026-06-30 17:45:45 - POST /api/v1/admin/teams/bulk-delete 204
2026-06-30 17:45:45 - POST /api/v1/admin/users/bulk-delete 204
2026-06-30 17:45:46 - POST /api/v1/auth/login 200
2026-06-30 17:45:46 - POST /api/v1/players/ 201
2026-06-30 17:45:46 - POST /api/v1/players/ 201
2026-06-30 17:45:46 - POST /api/v1/players/ 422
2026-06-30 17:45:46 - POST /api/v1/players/ 422
2026-06-30 17:45:46 - GET /api/v1/players/cad95472-4345-4e9b-999a-1d1dc700d86a 200
2026-06-30 17:45:46 - PUT /api/v1/players/cad95472-4345-4e9b-999a-1d1dc700d86a 200
2026-06-30 17:45:46 - DELETE /api/v1/players/cad95472-4345-4e9b-999a-1d1dc700d86a 204
2026-06-30 17:45:46 - GET /api/v1/players/cad95472-4345-4e9b-999a-1d1dc700d86a 404
2026-06-30 17:45:46 - POST /api/v1/auth/login 200
2026-06-30 17:45:46 - POST /api/v1/players/ 201
2026-06-30 17:45:46 - POST /api/v1/players/ 201
2026-06-30 17:45:46 - POST /api/v1/teams/ 201
2026-06-30 17:45:46 - POST /api/v1/teams/15a9c56f-6a25-4dd3-a485-7fe30331d1c7/players 200
2026-06-30 17:45:46 - PUT /api/v1/teams/15a9c56f-6a25-4dd3-a485-7fe30331d1c7 200
2026-06-30 17:45:46 - PUT /api/v1/teams/15a9c56f-6a25-4dd3-a485-7fe30331d1c7 400
2026-06-30 17:45:47 - POST /api/v1/teams/ 201
2026-06-30 17:45:47 - POST /api/v1/teams/6a1989e5-fc5a-4706-98b0-82a9810275e2/players 400
2026-06-30 17:45:47 - DELETE /api/v1/teams/15a9c56f-6a25-4dd3-a485-7fe30331d1c7/players/a2437597-e691-411b-81d9-0d63c649ae59 200
2026-06-30 17:45:47 - DELETE /api/v1/teams/15a9c56f-6a25-4dd3-a485-7fe30331d1c7 204
2026-06-30 17:45:47 - POST /api/v1/auth/login 200
2026-06-30 17:45:47 - POST /api/v1/players/ 201
2026-06-30 17:45:47 - POST /api/v1/players/ 201
2026-06-30 17:45:47 - POST /api/v1/teams/ 201
2026-06-30 17:45:47 - POST /api/v1/teams/ 201
2026-06-30 17:45:47 - POST /api/v1/teams/73ebebb2-41ef-41b4-9558-8e28cf23821c/players 200
2026-06-30 17:45:47 - POST /api/v1/teams/f1e30193-b6ba-4101-97d0-0f4c6745132d/players 200
2026-06-30 17:45:47 - POST /api/v1/matches/ 201
2026-06-30 17:45:47 - POST /api/v1/matches/f1661c8e-8781-44a4-8319-44d03fbc2fe3/squads 200
2026-06-30 17:45:47 - POST /api/v1/matches/f1661c8e-8781-44a4-8319-44d03fbc2fe3/toss 200
2026-06-30 17:45:47 - DELETE /api/v1/players/d9d02e77-83f2-4fdd-8ab8-6a1c1d6378c1 400
2026-06-30 17:45:47 - DELETE /api/v1/teams/73ebebb2-41ef-41b4-9558-8e28cf23821c/players/d9d02e77-83f2-4fdd-8ab8-6a1c1d6378c1 400
2026-06-30 17:45:47 - DELETE /api/v1/teams/73ebebb2-41ef-41b4-9558-8e28cf23821c 400
2026-06-30 17:45:48 - POST /api/v1/auth/login 200
2026-06-30 17:45:48 - GET /api/v1/profile/ 200
2026-06-30 17:45:48 - POST /api/v1/auth/login 200
2026-06-30 17:45:48 - PUT /api/v1/profile/ 200
2026-06-30 17:45:48 - PUT /api/v1/profile/ 400
2026-06-30 17:45:49 - POST /api/v1/auth/login 200
2026-06-30 17:45:49 - GET /api/v1/profile/stats 200
2026-06-30 17:45:49 - POST /api/v1/auth/login 200
2026-06-30 17:45:49 - GET /api/v1/profile/activity 200
2026-06-30 17:45:49 - GET /api/v1/profile/achievements 200
2026-06-30 17:45:49 - POST /api/v1/auth/login 200
2026-06-30 17:45:50 - POST /api/v1/profile/upload-photo 200
2026-06-30 17:45:50 - GET /api/v1/profile/ 200
2026-06-30 17:45:51 - POST /api/v1/auth/signup 201
2026-06-30 17:45:51 - POST /api/v1/auth/login 200
2026-06-30 17:45:51 - GET /api/v1/profile/ 200
2026-06-30 17:45:51 - PUT /api/v1/profile/ 200
2026-06-30 17:45:52 - POST /api/v1/auth/login 200
2026-06-30 17:45:52 - GET /api/v1/profile/public/CU-USERAA 403
2026-06-30 17:45:52 - GET /api/v1/profile/public/CU-USERAA 200
2026-06-30 17:45:52 - POST /api/v1/auth/login 200
2026-06-30 17:45:52 - GET /api/v1/profile/search 200
2026-06-30 17:45:53 - POST /api/v1/auth/login 200
2026-06-30 17:45:53 - POST /api/v1/teams/join-by-code 200
2026-06-30 17:45:53 - POST /api/v1/auth/signup 400
2026-06-30 17:45:53 - POST /api/v1/auth/signup 400
2026-06-30 17:45:53 - POST /api/v1/auth/signup 400
2026-06-30 17:45:53 - POST /api/v1/auth/login 200
2026-06-30 17:45:53 - POST /api/v1/teams/e7220420-e2dd-45e5-8bab-d270eced3e16/regenerate-code 200
2026-06-30 17:45:53 - POST /api/v1/teams/join-by-code 404
2026-06-30 17:45:54 - POST /api/v1/auth/login 200
2026-06-30 17:45:54 - GET /api/v1/teams/search 200
2026-06-30 17:45:54 - GET /api/v1/tournaments/search 200
2026-06-30 17:45:54 - POST /api/v1/auth/login 200
2026-06-30 17:45:54 - POST /api/v1/teams/1263941c-e6fe-436f-8e2d-c4a5f9676523/members 200
2026-06-30 17:45:54 - GET /api/v1/teams/1263941c-e6fe-436f-8e2d-c4a5f9676523/invitations 200
2026-06-30 17:45:55 - POST /api/v1/auth/login 200
2026-06-30 17:45:55 - POST /api/v1/players/ 201
2026-06-30 17:45:55 - POST /api/v1/players/ 201
2026-06-30 17:45:55 - POST /api/v1/players/ 201
2026-06-30 17:45:55 - POST /api/v1/players/ 201
2026-06-30 17:45:55 - POST /api/v1/players/ 201
2026-06-30 17:45:55 - POST /api/v1/teams/ 201
2026-06-30 17:45:55 - POST /api/v1/teams/ 201
2026-06-30 17:45:55 - POST /api/v1/teams/a4ca4d38-f889-4499-b732-4f26524083cf/players 200
2026-06-30 17:45:55 - POST /api/v1/teams/a4ca4d38-f889-4499-b732-4f26524083cf/players 200
2026-06-30 17:45:55 - POST /api/v1/teams/a4ca4d38-f889-4499-b732-4f26524083cf/players 200
2026-06-30 17:45:55 - POST /api/v1/teams/4fce86a3-a99f-4940-8b91-e003296fb24e/players 200
2026-06-30 17:45:55 - POST /api/v1/teams/4fce86a3-a99f-4940-8b91-e003296fb24e/players 200
2026-06-30 17:45:55 - POST /api/v1/matches/ 201
2026-06-30 17:45:55 - POST /api/v1/matches/55cc6cc5-0aed-44b8-ab26-cec35e84139c/toss 200
2026-06-30 17:45:55 - POST /api/v1/matches/55cc6cc5-0aed-44b8-ab26-cec35e84139c/squads 200
2026-06-30 17:45:55 - POST /api/v1/matches/55cc6cc5-0aed-44b8-ab26-cec35e84139c/squads 200
2026-06-30 17:45:55 - POST /api/v1/matches/55cc6cc5-0aed-44b8-ab26-cec35e84139c/balls 201
2026-06-30 17:45:55 - POST /api/v1/matches/55cc6cc5-0aed-44b8-ab26-cec35e84139c/balls 201
2026-06-30 17:45:55 - POST /api/v1/matches/55cc6cc5-0aed-44b8-ab26-cec35e84139c/balls 201
2026-06-30 17:45:55 - POST /api/v1/matches/55cc6cc5-0aed-44b8-ab26-cec35e84139c/balls 201
2026-06-30 17:45:55 - POST /api/v1/matches/55cc6cc5-0aed-44b8-ab26-cec35e84139c/balls 201
2026-06-30 17:45:55 - POST /api/v1/matches/55cc6cc5-0aed-44b8-ab26-cec35e84139c/balls 201
2026-06-30 17:45:55 - POST /api/v1/matches/55cc6cc5-0aed-44b8-ab26-cec35e84139c/balls 201
2026-06-30 17:45:55 - POST /api/v1/matches/55cc6cc5-0aed-44b8-ab26-cec35e84139c/balls 201
2026-06-30 17:45:55 - POST /api/v1/matches/55cc6cc5-0aed-44b8-ab26-cec35e84139c/balls 201
2026-06-30 17:45:55 - POST /api/v1/matches/55cc6cc5-0aed-44b8-ab26-cec35e84139c/balls 201
2026-06-30 17:45:55 - POST /api/v1/matches/55cc6cc5-0aed-44b8-ab26-cec35e84139c/balls 201
2026-06-30 17:45:55 - POST /api/v1/matches/55cc6cc5-0aed-44b8-ab26-cec35e84139c/balls 201
2026-06-30 17:45:55 - GET /api/v1/matches/55cc6cc5-0aed-44b8-ab26-cec35e84139c/scorecard 200
2026-06-30 17:45:55 - GET /api/v1/players/fbdb2d29-10e4-470c-a878-2ad439ac3c9c 200
2026-06-30 17:45:56 - POST /api/v1/auth/login 200
2026-06-30 17:45:56 - POST /api/v1/players/ 201
2026-06-30 17:45:56 - POST /api/v1/players/ 201
2026-06-30 17:45:56 - POST /api/v1/players/ 201
2026-06-30 17:45:56 - POST /api/v1/players/ 201
2026-06-30 17:45:56 - POST /api/v1/players/ 201
2026-06-30 17:45:56 - POST /api/v1/teams/ 201
2026-06-30 17:45:56 - POST /api/v1/teams/ 201
2026-06-30 17:45:56 - POST /api/v1/teams/5328fde2-1238-40d1-b336-f3ca4b5aa8ec/players 200
2026-06-30 17:45:56 - POST /api/v1/teams/5328fde2-1238-40d1-b336-f3ca4b5aa8ec/players 200
2026-06-30 17:45:56 - POST /api/v1/teams/5328fde2-1238-40d1-b336-f3ca4b5aa8ec/players 200
2026-06-30 17:45:56 - POST /api/v1/teams/10c6c500-2a42-473d-bdb4-a8c55480e1ca/players 200
2026-06-30 17:45:56 - POST /api/v1/teams/10c6c500-2a42-473d-bdb4-a8c55480e1ca/players 200
2026-06-30 17:45:56 - POST /api/v1/matches/ 201
2026-06-30 17:45:56 - POST /api/v1/matches/4534e29d-61a8-4950-ab94-e26880e8ccd4/toss 200
2026-06-30 17:45:56 - POST /api/v1/matches/4534e29d-61a8-4950-ab94-e26880e8ccd4/squads 200
2026-06-30 17:45:56 - POST /api/v1/matches/4534e29d-61a8-4950-ab94-e26880e8ccd4/squads 200
2026-06-30 17:45:56 - POST /api/v1/matches/4534e29d-61a8-4950-ab94-e26880e8ccd4/balls 201
2026-06-30 17:45:56 - POST /api/v1/matches/4534e29d-61a8-4950-ab94-e26880e8ccd4/balls 201
2026-06-30 17:45:56 - POST /api/v1/matches/4534e29d-61a8-4950-ab94-e26880e8ccd4/balls 201
2026-06-30 17:45:56 - POST /api/v1/matches/4534e29d-61a8-4950-ab94-e26880e8ccd4/balls 201
2026-06-30 17:45:56 - POST /api/v1/matches/4534e29d-61a8-4950-ab94-e26880e8ccd4/balls 201
2026-06-30 17:45:56 - GET /api/v1/matches/4534e29d-61a8-4950-ab94-e26880e8ccd4/scorecard 200
2026-06-30 17:45:56 - POST /api/v1/auth/login 200
2026-06-30 17:45:56 - POST /api/v1/players/ 201
2026-06-30 17:45:56 - POST /api/v1/players/ 201
2026-06-30 17:45:56 - POST /api/v1/players/ 201
2026-06-30 17:45:56 - POST /api/v1/players/ 201
2026-06-30 17:45:56 - POST /api/v1/teams/ 201
2026-06-30 17:45:56 - POST /api/v1/teams/ 201
2026-06-30 17:45:56 - POST /api/v1/teams/eed8e67d-1e98-4376-95a0-464f6dc4cef8/players 200
2026-06-30 17:45:56 - POST /api/v1/teams/eed8e67d-1e98-4376-95a0-464f6dc4cef8/players 200
2026-06-30 17:45:56 - POST /api/v1/teams/f1c94a41-b332-4c49-9c52-b872c8271289/players 200
2026-06-30 17:45:56 - POST /api/v1/teams/f1c94a41-b332-4c49-9c52-b872c8271289/players 200
2026-06-30 17:45:56 - POST /api/v1/matches/ 201
2026-06-30 17:45:56 - POST /api/v1/matches/621a8bd3-a749-44d7-a70e-5ff5c4b2f501/toss 200
2026-06-30 17:45:56 - POST /api/v1/matches/621a8bd3-a749-44d7-a70e-5ff5c4b2f501/squads 200
2026-06-30 17:45:56 - POST /api/v1/matches/621a8bd3-a749-44d7-a70e-5ff5c4b2f501/squads 200
2026-06-30 17:45:56 - POST /api/v1/matches/621a8bd3-a749-44d7-a70e-5ff5c4b2f501/balls 201
2026-06-30 17:45:56 - POST /api/v1/matches/621a8bd3-a749-44d7-a70e-5ff5c4b2f501/balls 201
2026-06-30 17:45:56 - POST /api/v1/matches/621a8bd3-a749-44d7-a70e-5ff5c4b2f501/balls 201
2026-06-30 17:45:56 - POST /api/v1/matches/621a8bd3-a749-44d7-a70e-5ff5c4b2f501/balls 201
2026-06-30 17:45:56 - POST /api/v1/matches/621a8bd3-a749-44d7-a70e-5ff5c4b2f501/balls 201
2026-06-30 17:45:56 - POST /api/v1/matches/621a8bd3-a749-44d7-a70e-5ff5c4b2f501/balls 201
2026-06-30 17:45:56 - POST /api/v1/matches/621a8bd3-a749-44d7-a70e-5ff5c4b2f501/balls 201
2026-06-30 17:45:56 - GET /api/v1/matches/621a8bd3-a749-44d7-a70e-5ff5c4b2f501/scorecard 200
2026-06-30 17:45:58 - POST /api/v1/auth/signup 201
2026-06-30 17:45:58 - POST /api/v1/auth/login 200
2026-06-30 17:45:59 - POST /api/v1/auth/login 200
2026-06-30 17:45:59 - POST /api/v1/players/ 201
2026-06-30 17:45:59 - POST /api/v1/players/ 201
2026-06-30 17:45:59 - POST /api/v1/players/ 201
2026-06-30 17:45:59 - POST /api/v1/players/ 201
2026-06-30 17:45:59 - POST /api/v1/players/ 201
2026-06-30 17:45:59 - POST /api/v1/teams/ 201
2026-06-30 17:45:59 - POST /api/v1/teams/ 201
2026-06-30 17:45:59 - POST /api/v1/teams/50070f41-0ee9-4334-ae04-32d38292d414/players 200
2026-06-30 17:45:59 - POST /api/v1/teams/50070f41-0ee9-4334-ae04-32d38292d414/players 200
2026-06-30 17:45:59 - POST /api/v1/teams/50070f41-0ee9-4334-ae04-32d38292d414/players 200
2026-06-30 17:45:59 - POST /api/v1/teams/57b48bc5-41d2-4389-bf82-856ed4c0bb08/players 200
2026-06-30 17:45:59 - POST /api/v1/teams/57b48bc5-41d2-4389-bf82-856ed4c0bb08/players 200
2026-06-30 17:45:59 - POST /api/v1/matches/ 201
2026-06-30 17:45:59 - POST /api/v1/matches/5a3435c1-5fdd-431f-ab08-0495406d8b67/toss 200
2026-06-30 17:45:59 - POST /api/v1/matches/5a3435c1-5fdd-431f-ab08-0495406d8b67/squads 200
2026-06-30 17:45:59 - POST /api/v1/matches/5a3435c1-5fdd-431f-ab08-0495406d8b67/squads 200
2026-06-30 17:45:59 - POST /api/v1/matches/5a3435c1-5fdd-431f-ab08-0495406d8b67/balls 201
2026-06-30 17:45:59 - GET /api/v1/matches/5a3435c1-5fdd-431f-ab08-0495406d8b67/live 200
2026-06-30 17:45:59 - POST /api/v1/matches/5a3435c1-5fdd-431f-ab08-0495406d8b67/balls 201
2026-06-30 17:45:59 - GET /api/v1/matches/5a3435c1-5fdd-431f-ab08-0495406d8b67/live 200
2026-06-30 17:45:59 - POST /api/v1/matches/5a3435c1-5fdd-431f-ab08-0495406d8b67/balls 201
2026-06-30 17:45:59 - GET /api/v1/matches/5a3435c1-5fdd-431f-ab08-0495406d8b67/live 200
2026-06-30 17:45:59 - POST /api/v1/matches/5a3435c1-5fdd-431f-ab08-0495406d8b67/balls 201
2026-06-30 17:45:59 - GET /api/v1/matches/5a3435c1-5fdd-431f-ab08-0495406d8b67/live 200
2026-06-30 17:45:59 - POST /api/v1/matches/5a3435c1-5fdd-431f-ab08-0495406d8b67/undo 200
2026-06-30 17:45:59 - GET /api/v1/matches/5a3435c1-5fdd-431f-ab08-0495406d8b67/live 200
2026-06-30 17:45:59 - GET /api/v1/auth/me 401
2026-06-30 17:45:59 - GET /api/v1/auth/me 401
2026-06-30 17:45:59 - POST /api/v1/auth/login 200
2026-06-30 17:45:59 - POST /api/v1/players/ 201
2026-06-30 17:45:59 - POST /api/v1/players/ 201
2026-06-30 17:45:59 - POST /api/v1/players/ 201
2026-06-30 17:45:59 - POST /api/v1/players/ 201
2026-06-30 17:45:59 - POST /api/v1/players/ 201
2026-06-30 17:45:59 - POST /api/v1/teams/ 201
2026-06-30 17:45:59 - POST /api/v1/teams/ 201
2026-06-30 17:45:59 - POST /api/v1/teams/95dd5167-4f0f-46b7-b75e-933608ffe0cb/players 200
2026-06-30 17:45:59 - POST /api/v1/teams/95dd5167-4f0f-46b7-b75e-933608ffe0cb/players 200
2026-06-30 17:45:59 - POST /api/v1/teams/95dd5167-4f0f-46b7-b75e-933608ffe0cb/players 200
2026-06-30 17:45:59 - POST /api/v1/teams/2e8b63fc-8966-46c0-b594-aacd2412531d/players 200
2026-06-30 17:45:59 - POST /api/v1/teams/2e8b63fc-8966-46c0-b594-aacd2412531d/players 200
2026-06-30 17:45:59 - POST /api/v1/matches/ 201
2026-06-30 17:45:59 - POST /api/v1/matches/1efde9ff-9d9a-4a26-a423-9635a472fdc9/toss 200
2026-06-30 17:45:59 - POST /api/v1/matches/1efde9ff-9d9a-4a26-a423-9635a472fdc9/squads 200
2026-06-30 17:45:59 - POST /api/v1/matches/1efde9ff-9d9a-4a26-a423-9635a472fdc9/squads 200
2026-06-30 17:45:59 - POST /api/v1/matches/1efde9ff-9d9a-4a26-a423-9635a472fdc9/balls 201
2026-06-30 17:45:59 - GET /api/v1/matches/1efde9ff-9d9a-4a26-a423-9635a472fdc9/live 200
2026-06-30 17:45:59 - POST /api/v1/matches/1efde9ff-9d9a-4a26-a423-9635a472fdc9/balls 201
2026-06-30 17:45:59 - GET /api/v1/matches/1efde9ff-9d9a-4a26-a423-9635a472fdc9/live 200
2026-06-30 17:45:59 - POST /api/v1/matches/1efde9ff-9d9a-4a26-a423-9635a472fdc9/balls 201
2026-06-30 17:45:59 - GET /api/v1/matches/1efde9ff-9d9a-4a26-a423-9635a472fdc9/live 200
2026-06-30 17:45:59 - POST /api/v1/matches/1efde9ff-9d9a-4a26-a423-9635a472fdc9/balls 201
2026-06-30 17:45:59 - GET /api/v1/matches/1efde9ff-9d9a-4a26-a423-9635a472fdc9/live 200
2026-06-30 17:45:59 - POST /api/v1/matches/1efde9ff-9d9a-4a26-a423-9635a472fdc9/balls 201
2026-06-30 17:45:59 - GET /api/v1/matches/1efde9ff-9d9a-4a26-a423-9635a472fdc9/live 200
2026-06-30 17:45:59 - POST /api/v1/matches/1efde9ff-9d9a-4a26-a423-9635a472fdc9/balls 201
2026-06-30 17:45:59 - GET /api/v1/matches/1efde9ff-9d9a-4a26-a423-9635a472fdc9/live 200
2026-06-30 17:45:59 - POST /api/v1/matches/1efde9ff-9d9a-4a26-a423-9635a472fdc9/balls 201
2026-06-30 17:45:59 - GET /api/v1/matches/1efde9ff-9d9a-4a26-a423-9635a472fdc9/live 200
2026-06-30 17:45:59 - GET /api/v1/matches/1efde9ff-9d9a-4a26-a423-9635a472fdc9/scorecard 200
2026-06-30 17:46:01 - POST /api/v1/auth/signup 201
2026-06-30 17:46:02 - POST /api/v1/auth/signup 201
2026-06-30 17:46:04 - POST /api/v1/auth/signup 201
2026-06-30 17:46:04 - POST /api/v1/auth/login 200
2026-06-30 17:46:04 - POST /api/v1/auth/login 200
2026-06-30 17:46:05 - POST /api/v1/auth/login 200
2026-06-30 17:46:05 - POST /api/v1/teams/ 201
2026-06-30 17:46:05 - GET /api/v1/teams/my-teams 200
2026-06-30 17:46:05 - POST /api/v1/teams/b3a36e53-e3de-449f-8ccc-1fa9b5f62d4b/join-request 200
2026-06-30 17:46:05 - GET /api/v1/teams/my-teams 200
2026-06-30 17:46:05 - POST /api/v1/teams/b3a36e53-e3de-449f-8ccc-1fa9b5f62d4b/approve-request 403
2026-06-30 17:46:05 - POST /api/v1/teams/b3a36e53-e3de-449f-8ccc-1fa9b5f62d4b/approve-request 200
2026-06-30 17:46:05 - POST /api/v1/teams/b3a36e53-e3de-449f-8ccc-1fa9b5f62d4b/members 200
2026-06-30 17:46:05 - POST /api/v1/teams/b3a36e53-e3de-449f-8ccc-1fa9b5f62d4b/invitations/accept 200
2026-06-30 17:46:05 - GET /api/v1/teams/b3a36e53-e3de-449f-8ccc-1fa9b5f62d4b/members 200
2026-06-30 17:46:05 - DELETE /api/v1/teams/b3a36e53-e3de-449f-8ccc-1fa9b5f62d4b/members/37a6ab2f-8e45-48f5-b80a-9074ce1af3d4 204
2026-06-30 17:46:05 - GET /api/v1/teams/b3a36e53-e3de-449f-8ccc-1fa9b5f62d4b/members 200
2026-06-30 17:46:05 - POST /api/v1/auth/login 200
2026-06-30 17:46:05 - POST /api/v1/teams/ 201
2026-06-30 17:46:05 - POST /api/v1/auth/login 200
2026-06-30 17:46:05 - POST /api/v1/teams/6255bb6b-a1db-4f8a-be7a-cdfcab945a0d/members 200
2026-06-30 17:46:05 - GET /api/v1/notifications/ 200
2026-06-30 17:46:05 - GET /api/v1/teams/my-invitations 200
2026-06-30 17:46:05 - POST /api/v1/notifications/79e60468-81e7-4b7d-bf17-1c9e82fe4357/read 200
2026-06-30 17:46:06 - POST /api/v1/teams/6255bb6b-a1db-4f8a-be7a-cdfcab945a0d/invitations/accept 200
2026-06-30 17:46:06 - GET /api/v1/notifications/ 200
2026-06-30 17:46:06 - POST /api/v1/auth/login 200
2026-06-30 17:46:06 - POST /api/v1/teams/ 201
2026-06-30 17:46:06 - POST /api/v1/auth/login 200
2026-06-30 17:46:06 - POST /api/v1/teams/72f979bd-ac97-44b6-99e8-2b0bb1f36989/members 200
2026-06-30 17:46:06 - POST /api/v1/teams/72f979bd-ac97-44b6-99e8-2b0bb1f36989/invitations/reject 204
2026-06-30 17:46:06 - GET /api/v1/notifications/ 200
2026-06-30 17:46:07 - POST /api/v1/auth/login 200
2026-06-30 17:46:07 - POST /api/v1/teams/ 201
2026-06-30 17:46:07 - POST /api/v1/auth/login 200
2026-06-30 17:46:07 - POST /api/v1/teams/266ce252-9ce7-4496-84f3-b1e3aa39e26c/join-request 200
2026-06-30 17:46:07 - POST /api/v1/teams/266ce252-9ce7-4496-84f3-b1e3aa39e26c/reject-request 204
2026-06-30 17:46:07 - GET /api/v1/notifications/ 200
2026-06-30 17:46:08 - POST /api/v1/auth/login 200
2026-06-30 17:46:08 - POST /api/v1/teams/ 201
2026-06-30 17:46:08 - POST /api/v1/auth/login 200
2026-06-30 17:46:08 - PUT /api/v1/teams/898df59e-1230-4fde-998d-1faafbcaac18 403
2026-06-30 17:46:08 - DELETE /api/v1/teams/898df59e-1230-4fde-998d-1faafbcaac18 403
2026-06-30 17:46:08 - PUT /api/v1/teams/898df59e-1230-4fde-998d-1faafbcaac18 200
2026-06-30 17:46:08 - DELETE /api/v1/teams/898df59e-1230-4fde-998d-1faafbcaac18 204
2026-06-30 17:46:08 - GET /api/v1/teams/898df59e-1230-4fde-998d-1faafbcaac18 404
2026-06-30 17:46:09 - POST /api/v1/auth/login 200
2026-06-30 17:46:09 - GET /api/v1/notifications/ 200
2026-06-30 17:46:09 - POST /api/v1/notifications/read-all 204
2026-06-30 17:46:09 - GET /api/v1/notifications/ 200
2026-06-30 17:46:09 - POST /api/v1/auth/login 200
2026-06-30 17:46:09 - POST /api/v1/teams/ 201
2026-06-30 17:46:09 - POST /api/v1/teams/ 201
2026-06-30 17:46:09 - POST /api/v1/matches/ 201
2026-06-30 17:46:09 - POST /api/v1/matches/e32d8aad-eb4b-4fbc-a731-c13642a859e1/toss/initiate 200
2026-06-30 17:46:09 - POST /api/v1/matches/e32d8aad-eb4b-4fbc-a731-c13642a859e1/toss/initiate 400
2026-06-30 17:46:09 - GET /api/v1/matches/e32d8aad-eb4b-4fbc-a731-c13642a859e1/activities 200
2026-06-30 17:46:09 - POST /api/v1/matches/e32d8aad-eb4b-4fbc-a731-c13642a859e1/toss/decision 200
2026-06-30 17:46:09 - GET /api/v1/matches/e32d8aad-eb4b-4fbc-a731-c13642a859e1/activities 200
2026-06-30 17:46:09 - POST /api/v1/matches/e32d8aad-eb4b-4fbc-a731-c13642a859e1/toss/reset 200
2026-06-30 17:46:09 - GET /api/v1/matches/e32d8aad-eb4b-4fbc-a731-c13642a859e1/activities 200
2026-06-30 17:46:10 - POST /api/v1/auth/login 200
2026-06-30 17:46:11 - POST /api/v1/auth/signup 201
2026-06-30 17:46:11 - POST /api/v1/auth/login 200
2026-06-30 17:46:11 - POST /api/v1/teams/ 201
2026-06-30 17:46:11 - POST /api/v1/teams/ 201
2026-06-30 17:46:11 - POST /api/v1/matches/ 201
2026-06-30 17:46:11 - POST /api/v1/matches/e4ebc03e-bfee-43aa-a9be-a4b60adcf625/toss/initiate 200
2026-06-30 17:46:11 - POST /api/v1/matches/e4ebc03e-bfee-43aa-a9be-a4b60adcf625/toss/reset 403
2026-06-30 17:46:12 - POST /api/v1/auth/login 200
2026-06-30 17:46:12 - POST /api/v1/tournaments/ 201
2026-06-30 17:46:12 - POST /api/v1/players/ 201
2026-06-30 17:46:12 - POST /api/v1/players/ 201
2026-06-30 17:46:12 - POST /api/v1/players/ 201
2026-06-30 17:46:12 - POST /api/v1/players/ 201
2026-06-30 17:46:12 - POST /api/v1/teams/ 201
2026-06-30 17:46:12 - POST /api/v1/teams/16e52fe1-3354-4a36-9f02-8b7c32a65757/players 200
2026-06-30 17:46:12 - POST /api/v1/teams/16e52fe1-3354-4a36-9f02-8b7c32a65757/players 200
2026-06-30 17:46:12 - POST /api/v1/teams/16e52fe1-3354-4a36-9f02-8b7c32a65757/players 200
2026-06-30 17:46:12 - POST /api/v1/teams/16e52fe1-3354-4a36-9f02-8b7c32a65757/players 200
2026-06-30 17:46:12 - POST /api/v1/tournaments/a1ec2b0c-2558-4faa-aa7c-0ab14e8f3877/teams 400
2026-06-30 17:46:12 - POST /api/v1/players/ 201
2026-06-30 17:46:12 - POST /api/v1/teams/16e52fe1-3354-4a36-9f02-8b7c32a65757/players 200
2026-06-30 17:46:12 - POST /api/v1/tournaments/a1ec2b0c-2558-4faa-aa7c-0ab14e8f3877/teams 200
2026-06-30 17:46:12 - DELETE /api/v1/tournaments/a1ec2b0c-2558-4faa-aa7c-0ab14e8f3877/teams/16e52fe1-3354-4a36-9f02-8b7c32a65757 200
2026-06-30 17:46:12 - POST /api/v1/auth/login 200
2026-06-30 17:46:12 - POST /api/v1/teams/ 201
2026-06-30 17:46:12 - POST /api/v1/players/ 201
2026-06-30 17:46:12 - POST /api/v1/teams/fc4d46ec-67ab-4541-a84e-e70a48ba68c9/players 200
2026-06-30 17:46:12 - POST /api/v1/players/ 201
2026-06-30 17:46:12 - POST /api/v1/teams/fc4d46ec-67ab-4541-a84e-e70a48ba68c9/players 200
2026-06-30 17:46:12 - POST /api/v1/players/ 201
2026-06-30 17:46:12 - POST /api/v1/teams/fc4d46ec-67ab-4541-a84e-e70a48ba68c9/players 200
2026-06-30 17:46:12 - POST /api/v1/players/ 201
2026-06-30 17:46:12 - POST /api/v1/teams/fc4d46ec-67ab-4541-a84e-e70a48ba68c9/players 200
2026-06-30 17:46:12 - POST /api/v1/players/ 201
2026-06-30 17:46:12 - POST /api/v1/teams/fc4d46ec-67ab-4541-a84e-e70a48ba68c9/players 200
2026-06-30 17:46:12 - POST /api/v1/teams/ 201
2026-06-30 17:46:12 - POST /api/v1/players/ 201
2026-06-30 17:46:12 - POST /api/v1/teams/e98e44de-0de2-4bb0-8e39-fd0cec50025b/players 200
2026-06-30 17:46:12 - POST /api/v1/players/ 201
2026-06-30 17:46:12 - POST /api/v1/teams/e98e44de-0de2-4bb0-8e39-fd0cec50025b/players 200
2026-06-30 17:46:12 - POST /api/v1/players/ 201
2026-06-30 17:46:12 - POST /api/v1/teams/e98e44de-0de2-4bb0-8e39-fd0cec50025b/players 200
2026-06-30 17:46:12 - POST /api/v1/players/ 201
2026-06-30 17:46:12 - POST /api/v1/teams/e98e44de-0de2-4bb0-8e39-fd0cec50025b/players 200
2026-06-30 17:46:12 - POST /api/v1/players/ 201
2026-06-30 17:46:12 - POST /api/v1/teams/e98e44de-0de2-4bb0-8e39-fd0cec50025b/players 200
2026-06-30 17:46:12 - POST /api/v1/tournaments/ 201
2026-06-30 17:46:12 - POST /api/v1/tournaments/389a7442-fdd7-4646-9c64-05dd3a4c0a94/teams 200
2026-06-30 17:46:12 - POST /api/v1/tournaments/389a7442-fdd7-4646-9c64-05dd3a4c0a94/teams 200
2026-06-30 17:46:12 - POST /api/v1/tournaments/389a7442-fdd7-4646-9c64-05dd3a4c0a94/fixtures/generate 201
2026-06-30 17:46:12 - POST /api/v1/tournaments/389a7442-fdd7-4646-9c64-05dd3a4c0a94/fixtures/publish 200
2026-06-30 17:46:12 - GET /api/v1/tournaments/389a7442-fdd7-4646-9c64-05dd3a4c0a94/dashboard 200
2026-06-30 17:46:12 - POST /api/v1/matches/2843a8bd-30b7-4c7e-846d-e6c5e39d6867/toss 200
2026-06-30 17:46:12 - GET /api/v1/teams/fc4d46ec-67ab-4541-a84e-e70a48ba68c9 200
2026-06-30 17:46:12 - GET /api/v1/teams/e98e44de-0de2-4bb0-8e39-fd0cec50025b 200
2026-06-30 17:46:12 - POST /api/v1/matches/2843a8bd-30b7-4c7e-846d-e6c5e39d6867/squads 200
2026-06-30 17:46:12 - POST /api/v1/matches/2843a8bd-30b7-4c7e-846d-e6c5e39d6867/squads 200
2026-06-30 17:46:12 - POST /api/v1/matches/2843a8bd-30b7-4c7e-846d-e6c5e39d6867/balls 201
2026-06-30 17:46:12 - POST /api/v1/matches/2843a8bd-30b7-4c7e-846d-e6c5e39d6867/balls 201
2026-06-30 17:46:12 - POST /api/v1/matches/2843a8bd-30b7-4c7e-846d-e6c5e39d6867/balls 201
2026-06-30 17:46:12 - POST /api/v1/matches/2843a8bd-30b7-4c7e-846d-e6c5e39d6867/balls 201
2026-06-30 17:46:12 - POST /api/v1/matches/2843a8bd-30b7-4c7e-846d-e6c5e39d6867/balls 201
2026-06-30 17:46:12 - POST /api/v1/matches/2843a8bd-30b7-4c7e-846d-e6c5e39d6867/balls 201
2026-06-30 17:46:12 - POST /api/v1/matches/2843a8bd-30b7-4c7e-846d-e6c5e39d6867/balls 201
2026-06-30 17:46:12 - POST /api/v1/matches/2843a8bd-30b7-4c7e-846d-e6c5e39d6867/balls 201
2026-06-30 17:46:12 - POST /api/v1/matches/2843a8bd-30b7-4c7e-846d-e6c5e39d6867/balls 201
2026-06-30 17:46:12 - GET /api/v1/tournaments/389a7442-fdd7-4646-9c64-05dd3a4c0a94/points-table 200
2026-06-30 17:46:12 - GET /api/v1/tournaments/389a7442-fdd7-4646-9c64-05dd3a4c0a94/leaderboards 200
2026-06-30 17:46:13 - POST /api/v1/auth/login 200
2026-06-30 17:46:13 - POST /api/v1/teams/ 201
2026-06-30 17:46:13 - POST /api/v1/players/ 201
2026-06-30 17:46:13 - POST /api/v1/teams/5854621c-19fc-468b-be0a-2b43365d4ea7/players 200
2026-06-30 17:46:13 - POST /api/v1/players/ 201
2026-06-30 17:46:13 - POST /api/v1/teams/5854621c-19fc-468b-be0a-2b43365d4ea7/players 200
2026-06-30 17:46:13 - POST /api/v1/players/ 201
2026-06-30 17:46:13 - POST /api/v1/teams/5854621c-19fc-468b-be0a-2b43365d4ea7/players 200
2026-06-30 17:46:13 - POST /api/v1/players/ 201
2026-06-30 17:46:13 - POST /api/v1/teams/5854621c-19fc-468b-be0a-2b43365d4ea7/players 200
2026-06-30 17:46:13 - POST /api/v1/players/ 201
2026-06-30 17:46:13 - POST /api/v1/teams/5854621c-19fc-468b-be0a-2b43365d4ea7/players 200
2026-06-30 17:46:13 - POST /api/v1/teams/ 201
2026-06-30 17:46:13 - POST /api/v1/players/ 201
2026-06-30 17:46:13 - POST /api/v1/teams/1bd0b2ee-1c5e-4fd3-bb53-8d3d6e0b3133/players 200
2026-06-30 17:46:13 - POST /api/v1/players/ 201
2026-06-30 17:46:13 - POST /api/v1/teams/1bd0b2ee-1c5e-4fd3-bb53-8d3d6e0b3133/players 200
2026-06-30 17:46:13 - POST /api/v1/players/ 201
2026-06-30 17:46:13 - POST /api/v1/teams/1bd0b2ee-1c5e-4fd3-bb53-8d3d6e0b3133/players 200
2026-06-30 17:46:13 - POST /api/v1/players/ 201
2026-06-30 17:46:13 - POST /api/v1/teams/1bd0b2ee-1c5e-4fd3-bb53-8d3d6e0b3133/players 200
2026-06-30 17:46:13 - POST /api/v1/players/ 201
2026-06-30 17:46:13 - POST /api/v1/teams/1bd0b2ee-1c5e-4fd3-bb53-8d3d6e0b3133/players 200
2026-06-30 17:46:13 - POST /api/v1/teams/ 201
2026-06-30 17:46:13 - POST /api/v1/players/ 201
2026-06-30 17:46:13 - POST /api/v1/teams/da56a22d-ce57-476e-9957-c37bcb39a8e0/players 200
2026-06-30 17:46:13 - POST /api/v1/players/ 201
2026-06-30 17:46:13 - POST /api/v1/teams/da56a22d-ce57-476e-9957-c37bcb39a8e0/players 200
2026-06-30 17:46:13 - POST /api/v1/players/ 201
2026-06-30 17:46:13 - POST /api/v1/teams/da56a22d-ce57-476e-9957-c37bcb39a8e0/players 200
2026-06-30 17:46:13 - POST /api/v1/players/ 201
2026-06-30 17:46:13 - POST /api/v1/teams/da56a22d-ce57-476e-9957-c37bcb39a8e0/players 200
2026-06-30 17:46:13 - POST /api/v1/players/ 201
2026-06-30 17:46:13 - POST /api/v1/teams/da56a22d-ce57-476e-9957-c37bcb39a8e0/players 200
2026-06-30 17:46:13 - POST /api/v1/teams/ 201
2026-06-30 17:46:13 - POST /api/v1/players/ 201
2026-06-30 17:46:13 - POST /api/v1/teams/b67ce0c2-5353-4a45-a205-73cf77d5257d/players 200
2026-06-30 17:46:13 - POST /api/v1/players/ 201
2026-06-30 17:46:13 - POST /api/v1/teams/b67ce0c2-5353-4a45-a205-73cf77d5257d/players 200
2026-06-30 17:46:13 - POST /api/v1/players/ 201
2026-06-30 17:46:13 - POST /api/v1/teams/b67ce0c2-5353-4a45-a205-73cf77d5257d/players 200
2026-06-30 17:46:13 - POST /api/v1/players/ 201
2026-06-30 17:46:13 - POST /api/v1/teams/b67ce0c2-5353-4a45-a205-73cf77d5257d/players 200
2026-06-30 17:46:13 - POST /api/v1/players/ 201
2026-06-30 17:46:13 - POST /api/v1/teams/b67ce0c2-5353-4a45-a205-73cf77d5257d/players 200
2026-06-30 17:46:13 - POST /api/v1/tournaments/ 201
2026-06-30 17:46:13 - POST /api/v1/tournaments/b31c0bb7-bdbf-435d-a6d7-a474844ba470/teams 200
2026-06-30 17:46:13 - POST /api/v1/tournaments/b31c0bb7-bdbf-435d-a6d7-a474844ba470/teams 200
2026-06-30 17:46:13 - POST /api/v1/tournaments/b31c0bb7-bdbf-435d-a6d7-a474844ba470/teams 200
2026-06-30 17:46:13 - POST /api/v1/tournaments/b31c0bb7-bdbf-435d-a6d7-a474844ba470/teams 200
2026-06-30 17:46:13 - POST /api/v1/tournaments/b31c0bb7-bdbf-435d-a6d7-a474844ba470/fixtures/generate 201
2026-06-30 17:46:13 - POST /api/v1/tournaments/b31c0bb7-bdbf-435d-a6d7-a474844ba470/fixtures/publish 200
2026-06-30 17:46:13 - GET /api/v1/tournaments/b31c0bb7-bdbf-435d-a6d7-a474844ba470/dashboard 200
2026-06-30 17:46:13 - GET /api/v1/tournaments/b31c0bb7-bdbf-435d-a6d7-a474844ba470/dashboard 200
2026-06-30 17:46:13 - POST /api/v1/matches/c3b034e9-10f7-4b90-9b11-d092b3251ab2/toss 200
2026-06-30 17:46:13 - GET /api/v1/teams/5854621c-19fc-468b-be0a-2b43365d4ea7 200
2026-06-30 17:46:13 - GET /api/v1/teams/1bd0b2ee-1c5e-4fd3-bb53-8d3d6e0b3133 200
2026-06-30 17:46:13 - POST /api/v1/matches/c3b034e9-10f7-4b90-9b11-d092b3251ab2/squads 200
2026-06-30 17:46:13 - POST /api/v1/matches/c3b034e9-10f7-4b90-9b11-d092b3251ab2/squads 200
2026-06-30 17:46:13 - POST /api/v1/matches/c3b034e9-10f7-4b90-9b11-d092b3251ab2/balls 201
2026-06-30 17:46:13 - POST /api/v1/matches/c3b034e9-10f7-4b90-9b11-d092b3251ab2/balls 201
2026-06-30 17:46:13 - POST /api/v1/matches/c3b034e9-10f7-4b90-9b11-d092b3251ab2/balls 201
2026-06-30 17:46:13 - POST /api/v1/matches/c3b034e9-10f7-4b90-9b11-d092b3251ab2/balls 201
2026-06-30 17:46:13 - POST /api/v1/matches/c3b034e9-10f7-4b90-9b11-d092b3251ab2/balls 201
2026-06-30 17:46:13 - POST /api/v1/matches/c3b034e9-10f7-4b90-9b11-d092b3251ab2/balls 201
2026-06-30 17:46:13 - POST /api/v1/matches/c3b034e9-10f7-4b90-9b11-d092b3251ab2/balls 201
2026-06-30 17:46:13 - POST /api/v1/matches/c3b034e9-10f7-4b90-9b11-d092b3251ab2/balls 201
2026-06-30 17:46:13 - POST /api/v1/matches/c3b034e9-10f7-4b90-9b11-d092b3251ab2/balls 201
2026-06-30 17:46:13 - POST /api/v1/matches/c3b034e9-10f7-4b90-9b11-d092b3251ab2/balls 201
2026-06-30 17:46:13 - POST /api/v1/matches/c3b034e9-10f7-4b90-9b11-d092b3251ab2/balls 201
2026-06-30 17:46:13 - POST /api/v1/matches/c3b034e9-10f7-4b90-9b11-d092b3251ab2/balls 201
2026-06-30 17:46:13 - POST /api/v1/matches/7245c8b7-1e05-41ea-ab70-c39b670bb1c9/toss 200
2026-06-30 17:46:13 - GET /api/v1/teams/1bd0b2ee-1c5e-4fd3-bb53-8d3d6e0b3133 200
2026-06-30 17:46:13 - GET /api/v1/teams/b67ce0c2-5353-4a45-a205-73cf77d5257d 200
2026-06-30 17:46:13 - POST /api/v1/matches/7245c8b7-1e05-41ea-ab70-c39b670bb1c9/squads 200
2026-06-30 17:46:13 - POST /api/v1/matches/7245c8b7-1e05-41ea-ab70-c39b670bb1c9/squads 200
2026-06-30 17:46:13 - POST /api/v1/matches/7245c8b7-1e05-41ea-ab70-c39b670bb1c9/balls 201
2026-06-30 17:46:13 - POST /api/v1/matches/7245c8b7-1e05-41ea-ab70-c39b670bb1c9/balls 201
2026-06-30 17:46:13 - POST /api/v1/matches/7245c8b7-1e05-41ea-ab70-c39b670bb1c9/balls 201
2026-06-30 17:46:13 - POST /api/v1/matches/7245c8b7-1e05-41ea-ab70-c39b670bb1c9/balls 201
2026-06-30 17:46:13 - POST /api/v1/matches/7245c8b7-1e05-41ea-ab70-c39b670bb1c9/balls 201
2026-06-30 17:46:13 - POST /api/v1/matches/7245c8b7-1e05-41ea-ab70-c39b670bb1c9/balls 201
2026-06-30 17:46:13 - POST /api/v1/matches/7245c8b7-1e05-41ea-ab70-c39b670bb1c9/balls 201
2026-06-30 17:46:13 - POST /api/v1/matches/7245c8b7-1e05-41ea-ab70-c39b670bb1c9/balls 201
2026-06-30 17:46:13 - POST /api/v1/matches/7245c8b7-1e05-41ea-ab70-c39b670bb1c9/balls 201
2026-06-30 17:46:13 - POST /api/v1/matches/7245c8b7-1e05-41ea-ab70-c39b670bb1c9/balls 201
2026-06-30 17:46:13 - POST /api/v1/matches/7245c8b7-1e05-41ea-ab70-c39b670bb1c9/balls 201
2026-06-30 17:46:13 - POST /api/v1/matches/7245c8b7-1e05-41ea-ab70-c39b670bb1c9/balls 201
2026-06-30 17:46:13 - POST /api/v1/matches/335b5865-578d-45e0-b30a-bfaa1c9d2492/toss 200
2026-06-30 17:46:13 - GET /api/v1/teams/1bd0b2ee-1c5e-4fd3-bb53-8d3d6e0b3133 200
2026-06-30 17:46:13 - GET /api/v1/teams/da56a22d-ce57-476e-9957-c37bcb39a8e0 200
2026-06-30 17:46:14 - POST /api/v1/matches/335b5865-578d-45e0-b30a-bfaa1c9d2492/squads 200
2026-06-30 17:46:14 - POST /api/v1/matches/335b5865-578d-45e0-b30a-bfaa1c9d2492/squads 200
2026-06-30 17:46:14 - POST /api/v1/matches/335b5865-578d-45e0-b30a-bfaa1c9d2492/balls 201
2026-06-30 17:46:14 - POST /api/v1/matches/335b5865-578d-45e0-b30a-bfaa1c9d2492/balls 201
2026-06-30 17:46:14 - POST /api/v1/matches/335b5865-578d-45e0-b30a-bfaa1c9d2492/balls 201
2026-06-30 17:46:14 - POST /api/v1/matches/335b5865-578d-45e0-b30a-bfaa1c9d2492/balls 201
2026-06-30 17:46:14 - POST /api/v1/matches/335b5865-578d-45e0-b30a-bfaa1c9d2492/balls 201
2026-06-30 17:46:14 - POST /api/v1/matches/335b5865-578d-45e0-b30a-bfaa1c9d2492/balls 201
2026-06-30 17:46:14 - POST /api/v1/matches/335b5865-578d-45e0-b30a-bfaa1c9d2492/balls 201
2026-06-30 17:46:14 - POST /api/v1/matches/335b5865-578d-45e0-b30a-bfaa1c9d2492/balls 201
2026-06-30 17:46:14 - POST /api/v1/matches/335b5865-578d-45e0-b30a-bfaa1c9d2492/balls 201
2026-06-30 17:46:14 - POST /api/v1/matches/335b5865-578d-45e0-b30a-bfaa1c9d2492/balls 201
2026-06-30 17:46:14 - POST /api/v1/matches/335b5865-578d-45e0-b30a-bfaa1c9d2492/balls 201
2026-06-30 17:46:14 - POST /api/v1/matches/335b5865-578d-45e0-b30a-bfaa1c9d2492/balls 201
2026-06-30 17:46:14 - POST /api/v1/matches/4268c7c4-7160-4168-a9e9-cc318a7675a9/toss 200
2026-06-30 17:46:14 - GET /api/v1/teams/5854621c-19fc-468b-be0a-2b43365d4ea7 200
2026-06-30 17:46:14 - GET /api/v1/teams/b67ce0c2-5353-4a45-a205-73cf77d5257d 200
2026-06-30 17:46:14 - POST /api/v1/matches/4268c7c4-7160-4168-a9e9-cc318a7675a9/squads 200
2026-06-30 17:46:14 - POST /api/v1/matches/4268c7c4-7160-4168-a9e9-cc318a7675a9/squads 200
2026-06-30 17:46:14 - POST /api/v1/matches/4268c7c4-7160-4168-a9e9-cc318a7675a9/balls 201
2026-06-30 17:46:14 - POST /api/v1/matches/4268c7c4-7160-4168-a9e9-cc318a7675a9/balls 201
2026-06-30 17:46:14 - POST /api/v1/matches/4268c7c4-7160-4168-a9e9-cc318a7675a9/balls 201
2026-06-30 17:46:14 - POST /api/v1/matches/4268c7c4-7160-4168-a9e9-cc318a7675a9/balls 201
2026-06-30 17:46:14 - POST /api/v1/matches/4268c7c4-7160-4168-a9e9-cc318a7675a9/balls 201
2026-06-30 17:46:14 - POST /api/v1/matches/4268c7c4-7160-4168-a9e9-cc318a7675a9/balls 201
2026-06-30 17:46:14 - POST /api/v1/matches/4268c7c4-7160-4168-a9e9-cc318a7675a9/balls 201
2026-06-30 17:46:14 - POST /api/v1/matches/4268c7c4-7160-4168-a9e9-cc318a7675a9/balls 201
2026-06-30 17:46:14 - POST /api/v1/matches/4268c7c4-7160-4168-a9e9-cc318a7675a9/balls 201
2026-06-30 17:46:14 - POST /api/v1/matches/4268c7c4-7160-4168-a9e9-cc318a7675a9/balls 201
2026-06-30 17:46:14 - POST /api/v1/matches/4268c7c4-7160-4168-a9e9-cc318a7675a9/balls 201
2026-06-30 17:46:14 - POST /api/v1/matches/4268c7c4-7160-4168-a9e9-cc318a7675a9/balls 201
2026-06-30 17:46:14 - POST /api/v1/matches/8e9f031a-b71b-4637-8f3e-0e1ebf2cd059/toss 200
2026-06-30 17:46:14 - GET /api/v1/teams/5854621c-19fc-468b-be0a-2b43365d4ea7 200
2026-06-30 17:46:14 - GET /api/v1/teams/da56a22d-ce57-476e-9957-c37bcb39a8e0 200
2026-06-30 17:46:14 - POST /api/v1/matches/8e9f031a-b71b-4637-8f3e-0e1ebf2cd059/squads 200
2026-06-30 17:46:14 - POST /api/v1/matches/8e9f031a-b71b-4637-8f3e-0e1ebf2cd059/squads 200
2026-06-30 17:46:14 - POST /api/v1/matches/8e9f031a-b71b-4637-8f3e-0e1ebf2cd059/balls 201
2026-06-30 17:46:14 - POST /api/v1/matches/8e9f031a-b71b-4637-8f3e-0e1ebf2cd059/balls 201
2026-06-30 17:46:14 - POST /api/v1/matches/8e9f031a-b71b-4637-8f3e-0e1ebf2cd059/balls 201
2026-06-30 17:46:14 - POST /api/v1/matches/8e9f031a-b71b-4637-8f3e-0e1ebf2cd059/balls 201
2026-06-30 17:46:14 - POST /api/v1/matches/8e9f031a-b71b-4637-8f3e-0e1ebf2cd059/balls 201
2026-06-30 17:46:14 - POST /api/v1/matches/8e9f031a-b71b-4637-8f3e-0e1ebf2cd059/balls 201
2026-06-30 17:46:14 - POST /api/v1/matches/8e9f031a-b71b-4637-8f3e-0e1ebf2cd059/balls 201
2026-06-30 17:46:14 - POST /api/v1/matches/8e9f031a-b71b-4637-8f3e-0e1ebf2cd059/balls 201
2026-06-30 17:46:14 - POST /api/v1/matches/8e9f031a-b71b-4637-8f3e-0e1ebf2cd059/balls 201
2026-06-30 17:46:14 - POST /api/v1/matches/8e9f031a-b71b-4637-8f3e-0e1ebf2cd059/balls 201
2026-06-30 17:46:14 - POST /api/v1/matches/8e9f031a-b71b-4637-8f3e-0e1ebf2cd059/balls 201
2026-06-30 17:46:14 - POST /api/v1/matches/8e9f031a-b71b-4637-8f3e-0e1ebf2cd059/balls 201
2026-06-30 17:46:14 - POST /api/v1/matches/148b38c7-9458-4f88-afef-d852c2212c9e/toss 200
2026-06-30 17:46:14 - GET /api/v1/teams/da56a22d-ce57-476e-9957-c37bcb39a8e0 200
2026-06-30 17:46:14 - GET /api/v1/teams/b67ce0c2-5353-4a45-a205-73cf77d5257d 200
2026-06-30 17:46:14 - POST /api/v1/matches/148b38c7-9458-4f88-afef-d852c2212c9e/squads 200
2026-06-30 17:46:14 - POST /api/v1/matches/148b38c7-9458-4f88-afef-d852c2212c9e/squads 200
2026-06-30 17:46:14 - POST /api/v1/matches/148b38c7-9458-4f88-afef-d852c2212c9e/balls 201
2026-06-30 17:46:14 - POST /api/v1/matches/148b38c7-9458-4f88-afef-d852c2212c9e/balls 201
2026-06-30 17:46:14 - POST /api/v1/matches/148b38c7-9458-4f88-afef-d852c2212c9e/balls 201
2026-06-30 17:46:14 - POST /api/v1/matches/148b38c7-9458-4f88-afef-d852c2212c9e/balls 201
2026-06-30 17:46:14 - POST /api/v1/matches/148b38c7-9458-4f88-afef-d852c2212c9e/balls 201
2026-06-30 17:46:14 - POST /api/v1/matches/148b38c7-9458-4f88-afef-d852c2212c9e/balls 201
2026-06-30 17:46:14 - POST /api/v1/matches/148b38c7-9458-4f88-afef-d852c2212c9e/balls 201
2026-06-30 17:46:14 - POST /api/v1/matches/148b38c7-9458-4f88-afef-d852c2212c9e/balls 201
2026-06-30 17:46:14 - POST /api/v1/matches/148b38c7-9458-4f88-afef-d852c2212c9e/balls 201
2026-06-30 17:46:14 - POST /api/v1/matches/148b38c7-9458-4f88-afef-d852c2212c9e/balls 201
2026-06-30 17:46:14 - POST /api/v1/matches/148b38c7-9458-4f88-afef-d852c2212c9e/balls 201
2026-06-30 17:46:14 - POST /api/v1/matches/148b38c7-9458-4f88-afef-d852c2212c9e/balls 201
2026-06-30 17:46:14 - GET /api/v1/tournaments/b31c0bb7-bdbf-435d-a6d7-a474844ba470/dashboard 200
2026-06-30 17:46:14 - POST /api/v1/matches/e34a4e84-b483-45bd-9e18-e0ba4dd18dac/toss 200
2026-06-30 17:46:14 - GET /api/v1/teams/5854621c-19fc-468b-be0a-2b43365d4ea7 200
2026-06-30 17:46:14 - GET /api/v1/teams/b67ce0c2-5353-4a45-a205-73cf77d5257d 200
2026-06-30 17:46:14 - POST /api/v1/matches/e34a4e84-b483-45bd-9e18-e0ba4dd18dac/squads 200
2026-06-30 17:46:14 - POST /api/v1/matches/e34a4e84-b483-45bd-9e18-e0ba4dd18dac/squads 200
2026-06-30 17:46:14 - POST /api/v1/matches/e34a4e84-b483-45bd-9e18-e0ba4dd18dac/balls 201
2026-06-30 17:46:14 - POST /api/v1/matches/e34a4e84-b483-45bd-9e18-e0ba4dd18dac/balls 201
2026-06-30 17:46:14 - POST /api/v1/matches/e34a4e84-b483-45bd-9e18-e0ba4dd18dac/balls 201
2026-06-30 17:46:14 - POST /api/v1/matches/e34a4e84-b483-45bd-9e18-e0ba4dd18dac/balls 201
2026-06-30 17:46:14 - POST /api/v1/matches/e34a4e84-b483-45bd-9e18-e0ba4dd18dac/balls 201
2026-06-30 17:46:14 - POST /api/v1/matches/e34a4e84-b483-45bd-9e18-e0ba4dd18dac/balls 201
2026-06-30 17:46:14 - POST /api/v1/matches/e34a4e84-b483-45bd-9e18-e0ba4dd18dac/balls 201
2026-06-30 17:46:14 - POST /api/v1/matches/e34a4e84-b483-45bd-9e18-e0ba4dd18dac/balls 201
2026-06-30 17:46:14 - POST /api/v1/matches/e34a4e84-b483-45bd-9e18-e0ba4dd18dac/balls 201
2026-06-30 17:46:14 - POST /api/v1/matches/e34a4e84-b483-45bd-9e18-e0ba4dd18dac/balls 201
2026-06-30 17:46:14 - POST /api/v1/matches/e34a4e84-b483-45bd-9e18-e0ba4dd18dac/balls 201
2026-06-30 17:46:14 - POST /api/v1/matches/e34a4e84-b483-45bd-9e18-e0ba4dd18dac/balls 201
2026-06-30 17:46:14 - POST /api/v1/matches/8d53e9bd-403f-44cc-96c6-e47da9d1532b/toss 200
2026-06-30 17:46:14 - GET /api/v1/teams/1bd0b2ee-1c5e-4fd3-bb53-8d3d6e0b3133 200
2026-06-30 17:46:14 - GET /api/v1/teams/da56a22d-ce57-476e-9957-c37bcb39a8e0 200
2026-06-30 17:46:14 - POST /api/v1/matches/8d53e9bd-403f-44cc-96c6-e47da9d1532b/squads 200
2026-06-30 17:46:14 - POST /api/v1/matches/8d53e9bd-403f-44cc-96c6-e47da9d1532b/squads 200
2026-06-30 17:46:14 - POST /api/v1/matches/8d53e9bd-403f-44cc-96c6-e47da9d1532b/balls 201
2026-06-30 17:46:14 - POST /api/v1/matches/8d53e9bd-403f-44cc-96c6-e47da9d1532b/balls 201
2026-06-30 17:46:14 - POST /api/v1/matches/8d53e9bd-403f-44cc-96c6-e47da9d1532b/balls 201
2026-06-30 17:46:14 - POST /api/v1/matches/8d53e9bd-403f-44cc-96c6-e47da9d1532b/balls 201
2026-06-30 17:46:14 - POST /api/v1/matches/8d53e9bd-403f-44cc-96c6-e47da9d1532b/balls 201
2026-06-30 17:46:14 - POST /api/v1/matches/8d53e9bd-403f-44cc-96c6-e47da9d1532b/balls 201
2026-06-30 17:46:14 - POST /api/v1/matches/8d53e9bd-403f-44cc-96c6-e47da9d1532b/balls 201
2026-06-30 17:46:14 - POST /api/v1/matches/8d53e9bd-403f-44cc-96c6-e47da9d1532b/balls 201
2026-06-30 17:46:14 - POST /api/v1/matches/8d53e9bd-403f-44cc-96c6-e47da9d1532b/balls 201
2026-06-30 17:46:14 - POST /api/v1/matches/8d53e9bd-403f-44cc-96c6-e47da9d1532b/balls 201
2026-06-30 17:46:14 - POST /api/v1/matches/8d53e9bd-403f-44cc-96c6-e47da9d1532b/balls 201
2026-06-30 17:46:14 - POST /api/v1/matches/8d53e9bd-403f-44cc-96c6-e47da9d1532b/balls 201
2026-06-30 17:46:14 - GET /api/v1/tournaments/b31c0bb7-bdbf-435d-a6d7-a474844ba470/dashboard 200
2026-06-30 17:46:14 - POST /api/v1/matches/b0e41155-9219-4846-aad6-8c6ea459dedb/toss 200
2026-06-30 17:46:14 - GET /api/v1/teams/5854621c-19fc-468b-be0a-2b43365d4ea7 200
2026-06-30 17:46:14 - GET /api/v1/teams/1bd0b2ee-1c5e-4fd3-bb53-8d3d6e0b3133 200
2026-06-30 17:46:14 - POST /api/v1/matches/b0e41155-9219-4846-aad6-8c6ea459dedb/squads 200
2026-06-30 17:46:14 - POST /api/v1/matches/b0e41155-9219-4846-aad6-8c6ea459dedb/squads 200
2026-06-30 17:46:14 - POST /api/v1/matches/b0e41155-9219-4846-aad6-8c6ea459dedb/balls 201
2026-06-30 17:46:14 - POST /api/v1/matches/b0e41155-9219-4846-aad6-8c6ea459dedb/balls 201
2026-06-30 17:46:14 - POST /api/v1/matches/b0e41155-9219-4846-aad6-8c6ea459dedb/balls 201
2026-06-30 17:46:14 - POST /api/v1/matches/b0e41155-9219-4846-aad6-8c6ea459dedb/balls 201
2026-06-30 17:46:14 - POST /api/v1/matches/b0e41155-9219-4846-aad6-8c6ea459dedb/balls 201
2026-06-30 17:46:14 - POST /api/v1/matches/b0e41155-9219-4846-aad6-8c6ea459dedb/balls 201
2026-06-30 17:46:14 - POST /api/v1/matches/b0e41155-9219-4846-aad6-8c6ea459dedb/balls 201
2026-06-30 17:46:14 - POST /api/v1/matches/b0e41155-9219-4846-aad6-8c6ea459dedb/balls 201
2026-06-30 17:46:14 - POST /api/v1/matches/b0e41155-9219-4846-aad6-8c6ea459dedb/balls 201
2026-06-30 17:46:14 - POST /api/v1/matches/b0e41155-9219-4846-aad6-8c6ea459dedb/balls 201
2026-06-30 17:46:14 - POST /api/v1/matches/b0e41155-9219-4846-aad6-8c6ea459dedb/balls 201
2026-06-30 17:46:14 - POST /api/v1/matches/b0e41155-9219-4846-aad6-8c6ea459dedb/balls 201
2026-06-30 17:46:14 - GET /api/v1/tournaments/b31c0bb7-bdbf-435d-a6d7-a474844ba470/dashboard 200
2026-06-30 17:46:15 - POST /api/v1/auth/login 200
2026-06-30 17:46:15 - POST /api/v1/tournaments/ 201
2026-06-30 17:46:15 - POST /api/v1/tournaments/ec600aea-ae2b-44c9-82d8-41a9a6719838/publish 200
2026-06-30 17:46:15 - POST /api/v1/tournaments/ec600aea-ae2b-44c9-82d8-41a9a6719838/open-registration 200
2026-06-30 17:46:15 - POST /api/v1/teams/ 201
2026-06-30 17:46:15 - POST /api/v1/tournaments/ec600aea-ae2b-44c9-82d8-41a9a6719838/requests 400
2026-06-30 17:46:15 - POST /api/v1/players/ 201
2026-06-30 17:46:15 - POST /api/v1/players/ 201
2026-06-30 17:46:15 - POST /api/v1/players/ 201
2026-06-30 17:46:15 - POST /api/v1/players/ 201
2026-06-30 17:46:15 - POST /api/v1/players/ 201
2026-06-30 17:46:15 - POST /api/v1/teams/a8600451-40a5-4ad5-b42d-b4fb27f2b3a0/players 200
2026-06-30 17:46:15 - POST /api/v1/teams/a8600451-40a5-4ad5-b42d-b4fb27f2b3a0/players 200
2026-06-30 17:46:15 - POST /api/v1/teams/a8600451-40a5-4ad5-b42d-b4fb27f2b3a0/players 200
2026-06-30 17:46:15 - POST /api/v1/teams/a8600451-40a5-4ad5-b42d-b4fb27f2b3a0/players 200
2026-06-30 17:46:15 - POST /api/v1/teams/a8600451-40a5-4ad5-b42d-b4fb27f2b3a0/players 200
2026-06-30 17:46:15 - POST /api/v1/tournaments/ec600aea-ae2b-44c9-82d8-41a9a6719838/requests 200
2026-06-30 17:46:15 - POST /api/v1/tournaments/ec600aea-ae2b-44c9-82d8-41a9a6719838/requests/2fe1e3af-0a83-4ab9-9965-ec3b0b4f3f50/approve 200
2026-06-30 17:46:15 - GET /api/v1/tournaments/ec600aea-ae2b-44c9-82d8-41a9a6719838 200
2026-06-30 17:46:15 - GET /api/v1/tournaments/ec600aea-ae2b-44c9-82d8-41a9a6719838/points-table 200
2026-06-30 17:46:15 - GET /api/v1/tournaments/ec600aea-ae2b-44c9-82d8-41a9a6719838/activities 200
2026-06-30 18:42:31 - POST /api/v1/auth/signup 422
2026-06-30 18:42:31 - POST /api/v1/auth/signup 422
2026-06-30 18:42:31 - POST /api/v1/auth/signup 422
2026-06-30 18:42:31 - POST /api/v1/auth/signup 422
2026-06-30 18:42:32 - POST /api/v1/auth/signup 201
2026-06-30 18:42:32 - POST /api/v1/auth/login 400
2026-06-30 18:42:32 - POST /api/v1/auth/verify-otp 200
2026-06-30 18:42:32 - POST /api/v1/auth/signup 201
2026-06-30 18:42:32 - POST /api/v1/auth/resend-otp 429
2026-06-30 18:42:32 - POST /api/v1/auth/resend-otp 200
2026-06-30 18:42:33 - POST /api/v1/auth/login 400
2026-06-30 18:42:33 - POST /api/v1/auth/login 400
2026-06-30 18:42:33 - POST /api/v1/auth/login 400
2026-06-30 18:42:33 - POST /api/v1/auth/login 400
2026-06-30 18:42:34 - POST /api/v1/auth/login 400
2026-06-30 18:42:34 - POST /api/v1/auth/login 403
2026-06-30 18:42:34 - POST /api/v1/auth/login 200
2026-06-30 18:42:34 - POST /api/v1/auth/forgot-password 404
2026-06-30 18:42:34 - POST /api/v1/auth/forgot-password 200
2026-06-30 18:42:34 - POST /api/v1/auth/verify-reset-otp 400
2026-06-30 18:42:34 - POST /api/v1/auth/verify-reset-otp 200
2026-06-30 18:42:34 - POST /api/v1/auth/reset-password 422
2026-06-30 18:42:34 - POST /api/v1/auth/reset-password 200
2026-06-30 18:42:34 - POST /api/v1/auth/login 200
2026-06-30 18:42:35 - POST /api/v1/auth/login 200
2026-06-30 18:42:35 - POST /api/v1/auth/complete-profile 200
2026-06-30 18:42:35 - POST /api/v1/auth/login 200
2026-06-30 18:42:35 - POST /api/v1/auth/refresh 200
2026-06-30 18:42:35 - POST /api/v1/auth/logout 200
2026-06-30 18:42:35 - POST /api/v1/auth/refresh 401
2026-06-30 18:42:36 - POST /api/v1/auth/signup 201
2026-06-30 18:42:36 - POST /api/v1/auth/signup 400
2026-06-30 18:42:36 - POST /api/v1/auth/login 400
2026-06-30 18:42:36 - POST /api/v1/auth/forgot-password 400
2026-06-30 18:42:36 - POST /api/v1/auth/verify-reset-otp 400
2026-06-30 18:42:36 - POST /api/v1/auth/reset-password 400
2026-06-30 18:42:36 - POST /api/v1/auth/signup 400
2026-06-30 18:42:36 - POST /api/v1/auth/signup 201
2026-06-30 18:42:37 - POST /api/v1/auth/signup 201
2026-06-30 18:42:37 - POST /api/v1/auth/login 200
2026-06-30 18:42:37 - POST /api/v1/auth/login 200
2026-06-30 18:42:37 - POST /api/v1/teams/ 201
2026-06-30 18:42:37 - GET /api/v1/teams/ 200
2026-06-30 18:42:37 - PUT /api/v1/teams/74a1a1ff-44d5-4f5d-8cc4-54df6ba1d202 403
2026-06-30 18:42:37 - DELETE /api/v1/teams/74a1a1ff-44d5-4f5d-8cc4-54df6ba1d202 403
2026-06-30 18:42:37 - POST /api/v1/players/ 201
2026-06-30 18:42:37 - GET /api/v1/players/ 200
2026-06-30 18:42:37 - PUT /api/v1/players/65977ad3-09cb-49ad-9696-a006126fbff0 403
2026-06-30 18:42:37 - DELETE /api/v1/players/65977ad3-09cb-49ad-9696-a006126fbff0 403
2026-06-30 18:42:37 - POST /api/v1/auth/signup 201
2026-06-30 18:42:38 - POST /api/v1/auth/login 200
2026-06-30 18:42:38 - POST /api/v1/teams/ 201
2026-06-30 18:42:38 - POST /api/v1/teams/ 201
2026-06-30 18:42:38 - POST /api/v1/players/ 201
2026-06-30 18:42:38 - POST /api/v1/players/ 201
2026-06-30 18:42:38 - POST /api/v1/players/ 201
2026-06-30 18:42:38 - POST /api/v1/teams/0142ee7d-9def-4e15-9f22-8492e7795b4c/players/bulk 200
2026-06-30 18:42:38 - POST /api/v1/teams/b59ee541-e15b-4982-a83b-17b18b5a944f/players/bulk 400
2026-06-30 18:42:38 - POST /api/v1/auth/signup 201
2026-06-30 18:42:38 - POST /api/v1/auth/signup 201
2026-06-30 18:42:38 - POST /api/v1/auth/login 200
2026-06-30 18:42:38 - POST /api/v1/auth/login 200
2026-06-30 18:42:39 - POST /api/v1/teams/ 201
2026-06-30 18:42:39 - POST /api/v1/teams/ 201
2026-06-30 18:42:39 - POST /api/v1/matches/ 201
2026-06-30 18:42:39 - POST /api/v1/matches/19abd8d6-3c59-46a9-8daa-285111a52e92/toss 403
2026-06-30 18:42:39 - POST /api/v1/matches/19abd8d6-3c59-46a9-8daa-285111a52e92/toss 200
2026-06-30 18:42:40 - GET /api/v1/debug-env 200
2026-06-30 18:42:40 - GET /api/v1/debug-env 404
2026-06-30 18:42:41 - POST /api/v1/auth/login 200
2026-06-30 18:42:41 - POST /api/v1/players/ 201
2026-06-30 18:42:41 - POST /api/v1/players/ 201
2026-06-30 18:42:41 - POST /api/v1/players/ 201
2026-06-30 18:42:41 - POST /api/v1/players/ 201
2026-06-30 18:42:41 - POST /api/v1/teams/ 201
2026-06-30 18:42:41 - POST /api/v1/teams/ 201
2026-06-30 18:42:41 - POST /api/v1/teams/efddabac-1c5d-4d52-b8de-31e895955531/players 200
2026-06-30 18:42:41 - POST /api/v1/teams/efddabac-1c5d-4d52-b8de-31e895955531/players 200
2026-06-30 18:42:41 - POST /api/v1/teams/cff2d69d-1b7f-4a6f-a205-71c7949a8915/players 200
2026-06-30 18:42:41 - POST /api/v1/teams/cff2d69d-1b7f-4a6f-a205-71c7949a8915/players 200
2026-06-30 18:42:41 - POST /api/v1/matches/ 201
2026-06-30 18:42:41 - POST /api/v1/matches/007a46d9-6f85-49ef-9289-3e6b3657ab4c/toss 200
2026-06-30 18:42:41 - POST /api/v1/matches/007a46d9-6f85-49ef-9289-3e6b3657ab4c/squads 400
2026-06-30 18:42:41 - POST /api/v1/matches/007a46d9-6f85-49ef-9289-3e6b3657ab4c/squads 200
2026-06-30 18:42:41 - POST /api/v1/matches/007a46d9-6f85-49ef-9289-3e6b3657ab4c/squads 400
2026-06-30 18:42:41 - POST /api/v1/matches/007a46d9-6f85-49ef-9289-3e6b3657ab4c/squads 200
2026-06-30 18:42:41 - POST /api/v1/auth/google 200
2026-06-30 18:42:41 - POST /api/v1/auth/google 400
2026-06-30 18:42:41 - POST /api/v1/auth/google 400
2026-06-30 18:42:41 - POST /api/v1/auth/google 400
2026-06-30 18:42:41 - POST /api/v1/auth/google 400
2026-06-30 18:42:42 - POST /api/v1/auth/login 200
2026-06-30 18:42:42 - POST /api/v1/players/ 201
2026-06-30 18:42:42 - POST /api/v1/players/ 201
2026-06-30 18:42:42 - POST /api/v1/teams/ 201
2026-06-30 18:42:42 - POST /api/v1/teams/ 201
2026-06-30 18:42:42 - POST /api/v1/matches/ 201
2026-06-30 18:42:42 - GET /api/v1/matches/ 200
2026-06-30 18:42:42 - POST /api/v1/auth/login 200
2026-06-30 18:42:43 - POST /api/v1/auth/login 200
2026-06-30 18:42:43 - POST /api/v1/auth/login 200
2026-06-30 18:42:43 - POST /api/v1/matches/ 201
2026-06-30 18:42:43 - POST /api/v1/matches/aaebf002-a5e6-4f13-a69e-1d0a6bb590f6/toss 200
2026-06-30 18:42:43 - POST /api/v1/matches/aaebf002-a5e6-4f13-a69e-1d0a6bb590f6/toss 403
2026-06-30 18:42:44 - POST /api/v1/matches/ 201
2026-06-30 18:42:44 - POST /api/v1/matches/914dbcbb-9214-4712-8981-f8ea9fee34ea/toss 200
2026-06-30 18:42:44 - POST /api/v1/matches/ 201
2026-06-30 18:42:44 - POST /api/v1/matches/edc257e1-eab3-4a86-9f0f-9ae6210f1328/toss 200
2026-06-30 18:42:44 - POST /api/v1/matches/edc257e1-eab3-4a86-9f0f-9ae6210f1328/toss 403
2026-06-30 18:42:44 - POST /api/v1/auth/login 200
2026-06-30 18:42:44 - POST /api/v1/teams/ 201
2026-06-30 18:42:44 - POST /api/v1/auth/login 200
2026-06-30 18:42:45 - POST /api/v1/auth/login 200
2026-06-30 18:42:45 - POST /api/v1/auth/login 200
2026-06-30 18:42:45 - POST /api/v1/teams/213d6a35-de15-488b-aeea-b02c23e2cc14/members 200
2026-06-30 18:42:45 - POST /api/v1/teams/213d6a35-de15-488b-aeea-b02c23e2cc14/invitations/accept 200
2026-06-30 18:42:45 - POST /api/v1/teams/213d6a35-de15-488b-aeea-b02c23e2cc14/members 200
2026-06-30 18:42:45 - POST /api/v1/teams/213d6a35-de15-488b-aeea-b02c23e2cc14/invitations/accept 200
2026-06-30 18:42:45 - PUT /api/v1/teams/213d6a35-de15-488b-aeea-b02c23e2cc14/members/d89706f4-634e-4940-bb3f-19591459216d/role 200
2026-06-30 18:42:45 - PUT /api/v1/teams/213d6a35-de15-488b-aeea-b02c23e2cc14/squad-config 403
2026-06-30 18:42:45 - PUT /api/v1/teams/213d6a35-de15-488b-aeea-b02c23e2cc14/squad-config 403
2026-06-30 18:42:45 - PUT /api/v1/teams/213d6a35-de15-488b-aeea-b02c23e2cc14/squad-config 200
2026-06-30 18:42:45 - POST /api/v1/teams/213d6a35-de15-488b-aeea-b02c23e2cc14/members 200
2026-06-30 18:42:45 - DELETE /api/v1/teams/213d6a35-de15-488b-aeea-b02c23e2cc14/members/ef7485c3-6bd8-454e-8dd5-c9cd40a61c10 204
2026-06-30 18:42:45 - POST /api/v1/teams/213d6a35-de15-488b-aeea-b02c23e2cc14/join-request 200
2026-06-30 18:42:45 - POST /api/v1/teams/213d6a35-de15-488b-aeea-b02c23e2cc14/reject-request 204
2026-06-30 18:42:45 - POST /api/v1/teams/213d6a35-de15-488b-aeea-b02c23e2cc14/join-request 200
2026-06-30 18:42:45 - POST /api/v1/teams/213d6a35-de15-488b-aeea-b02c23e2cc14/approve-request 200
2026-06-30 18:42:45 - DELETE /api/v1/teams/213d6a35-de15-488b-aeea-b02c23e2cc14/members/ae85f01c-f738-4526-8a41-09410debca0c 403
2026-06-30 18:42:45 - PUT /api/v1/teams/213d6a35-de15-488b-aeea-b02c23e2cc14/members/ef7485c3-6bd8-454e-8dd5-c9cd40a61c10/role 200
2026-06-30 18:42:45 - DELETE /api/v1/teams/213d6a35-de15-488b-aeea-b02c23e2cc14/members/ef7485c3-6bd8-454e-8dd5-c9cd40a61c10 403
2026-06-30 18:42:45 - DELETE /api/v1/teams/213d6a35-de15-488b-aeea-b02c23e2cc14/members/7e023935-3324-4005-835c-6becf57ec44e 204
2026-06-30 18:42:45 - DELETE /api/v1/teams/213d6a35-de15-488b-aeea-b02c23e2cc14 403
2026-06-30 18:42:45 - PUT /api/v1/teams/213d6a35-de15-488b-aeea-b02c23e2cc14/members/ef7485c3-6bd8-454e-8dd5-c9cd40a61c10/role 403
2026-06-30 18:42:46 - POST /api/v1/auth/login 200
2026-06-30 18:42:46 - POST /api/v1/teams/ 201
2026-06-30 18:42:46 - POST /api/v1/auth/login 200
2026-06-30 18:42:47 - POST /api/v1/auth/login 200
2026-06-30 18:42:47 - POST /api/v1/teams/3bb78063-fd47-4777-86b4-a27cad0f45b5/members 200
2026-06-30 18:42:47 - POST /api/v1/teams/3bb78063-fd47-4777-86b4-a27cad0f45b5/invitations/accept 200
2026-06-30 18:42:47 - POST /api/v1/teams/3bb78063-fd47-4777-86b4-a27cad0f45b5/lock 403
2026-06-30 18:42:47 - POST /api/v1/teams/3bb78063-fd47-4777-86b4-a27cad0f45b5/lock 200
2026-06-30 18:42:47 - PUT /api/v1/teams/3bb78063-fd47-4777-86b4-a27cad0f45b5/squad-config 403
2026-06-30 18:42:47 - PUT /api/v1/teams/3bb78063-fd47-4777-86b4-a27cad0f45b5/squad-config 200
2026-06-30 18:42:47 - POST /api/v1/teams/3bb78063-fd47-4777-86b4-a27cad0f45b5/unlock 200
2026-06-30 18:42:47 - PUT /api/v1/teams/3bb78063-fd47-4777-86b4-a27cad0f45b5/squad-config 200
2026-06-30 18:42:47 - GET /api/v1/teams/3bb78063-fd47-4777-86b4-a27cad0f45b5/activities 403
2026-06-30 18:42:47 - GET /api/v1/teams/3bb78063-fd47-4777-86b4-a27cad0f45b5/activities 200
2026-06-30 18:42:47 - POST /api/v1/auth/login 200
2026-06-30 18:42:48 - GET /api/v1/admin/analytics 200
2026-06-30 18:42:48 - GET /api/v1/admin/team-members 200
2026-06-30 18:42:48 - GET /api/v1/admin/team-members 200
2026-06-30 18:42:48 - GET /api/v1/admin/team-members 200
2026-06-30 18:42:48 - DELETE /api/v1/admin/team-members/ff696ad7-21ca-4e86-9270-a3be48f04973 204
2026-06-30 18:42:48 - POST /api/v1/auth/login 200
2026-06-30 18:42:49 - POST /api/v1/admin/tournaments/bulk-delete 204
2026-06-30 18:42:49 - POST /api/v1/admin/matches/bulk-delete 204
2026-06-30 18:42:49 - POST /api/v1/admin/teams/bulk-delete 204
2026-06-30 18:42:49 - POST /api/v1/admin/users/bulk-delete 204
2026-06-30 18:42:49 - POST /api/v1/auth/login 200
2026-06-30 18:42:49 - POST /api/v1/players/ 201
2026-06-30 18:42:49 - POST /api/v1/players/ 201
2026-06-30 18:42:49 - POST /api/v1/players/ 422
2026-06-30 18:42:49 - POST /api/v1/players/ 422
2026-06-30 18:42:49 - GET /api/v1/players/0f89a356-f2ea-4c4e-ace1-0b7bf570205f 200
2026-06-30 18:42:49 - PUT /api/v1/players/0f89a356-f2ea-4c4e-ace1-0b7bf570205f 200
2026-06-30 18:42:49 - DELETE /api/v1/players/0f89a356-f2ea-4c4e-ace1-0b7bf570205f 204
2026-06-30 18:42:49 - GET /api/v1/players/0f89a356-f2ea-4c4e-ace1-0b7bf570205f 404
2026-06-30 18:42:50 - POST /api/v1/auth/login 200
2026-06-30 18:42:50 - POST /api/v1/players/ 201
2026-06-30 18:42:50 - POST /api/v1/players/ 201
2026-06-30 18:42:50 - POST /api/v1/teams/ 201
2026-06-30 18:42:50 - POST /api/v1/teams/cd6534ec-99f4-4c3e-a20e-a327102e99f7/players 200
2026-06-30 18:42:50 - PUT /api/v1/teams/cd6534ec-99f4-4c3e-a20e-a327102e99f7 200
2026-06-30 18:42:50 - PUT /api/v1/teams/cd6534ec-99f4-4c3e-a20e-a327102e99f7 400
2026-06-30 18:42:50 - POST /api/v1/teams/ 201
2026-06-30 18:42:50 - POST /api/v1/teams/bb4dc9bd-aca6-4fd9-bc8f-e9171ff5fd37/players 400
2026-06-30 18:42:50 - DELETE /api/v1/teams/cd6534ec-99f4-4c3e-a20e-a327102e99f7/players/949ae4f0-5a78-403f-a23c-71e29bd735b0 200
2026-06-30 18:42:50 - DELETE /api/v1/teams/cd6534ec-99f4-4c3e-a20e-a327102e99f7 204
2026-06-30 18:42:50 - POST /api/v1/auth/login 200
2026-06-30 18:42:50 - POST /api/v1/players/ 201
2026-06-30 18:42:50 - POST /api/v1/players/ 201
2026-06-30 18:42:50 - POST /api/v1/teams/ 201
2026-06-30 18:42:50 - POST /api/v1/teams/ 201
2026-06-30 18:42:50 - POST /api/v1/teams/98912244-92a3-474b-abbf-573a6c27b896/players 200
2026-06-30 18:42:50 - POST /api/v1/teams/871eae62-f1f3-46e7-9d81-e219005ad168/players 200
2026-06-30 18:42:50 - POST /api/v1/matches/ 201
2026-06-30 18:42:50 - POST /api/v1/matches/146be01d-9d99-4bd1-82ff-d434c6d51205/squads 200
2026-06-30 18:42:50 - POST /api/v1/matches/146be01d-9d99-4bd1-82ff-d434c6d51205/toss 200
2026-06-30 18:42:50 - DELETE /api/v1/players/a7f1751f-1df9-4e6d-b4bf-56717d57d36c 400
2026-06-30 18:42:50 - DELETE /api/v1/teams/98912244-92a3-474b-abbf-573a6c27b896/players/a7f1751f-1df9-4e6d-b4bf-56717d57d36c 400
2026-06-30 18:42:50 - DELETE /api/v1/teams/98912244-92a3-474b-abbf-573a6c27b896 400
2026-06-30 18:42:51 - POST /api/v1/auth/login 200
2026-06-30 18:42:51 - GET /api/v1/profile/ 200
2026-06-30 18:42:51 - POST /api/v1/auth/login 200
2026-06-30 18:42:51 - PUT /api/v1/profile/ 200
2026-06-30 18:42:51 - PUT /api/v1/profile/ 400
2026-06-30 18:42:52 - POST /api/v1/auth/login 200
2026-06-30 18:42:52 - GET /api/v1/profile/stats 200
2026-06-30 18:42:52 - POST /api/v1/auth/login 200
2026-06-30 18:42:52 - GET /api/v1/profile/activity 200
2026-06-30 18:42:52 - GET /api/v1/profile/achievements 200
2026-06-30 18:42:53 - POST /api/v1/auth/login 200
2026-06-30 18:42:53 - POST /api/v1/profile/upload-photo 200
2026-06-30 18:42:53 - GET /api/v1/profile/ 200
2026-06-30 18:42:54 - POST /api/v1/auth/signup 201
2026-06-30 18:42:55 - POST /api/v1/auth/login 200
2026-06-30 18:42:55 - GET /api/v1/profile/ 200
2026-06-30 18:42:55 - PUT /api/v1/profile/ 200
2026-06-30 18:42:55 - POST /api/v1/auth/login 200
2026-06-30 18:42:55 - GET /api/v1/profile/public/CU-USERAA 403
2026-06-30 18:42:55 - GET /api/v1/profile/public/CU-USERAA 200
2026-06-30 18:42:56 - POST /api/v1/auth/login 200
2026-06-30 18:42:56 - GET /api/v1/profile/search 200
2026-06-30 18:42:56 - POST /api/v1/auth/login 200
2026-06-30 18:42:56 - POST /api/v1/teams/join-by-code 200
2026-06-30 18:42:56 - POST /api/v1/auth/signup 400
2026-06-30 18:42:56 - POST /api/v1/auth/signup 400
2026-06-30 18:42:56 - POST /api/v1/auth/signup 400
2026-06-30 18:42:57 - POST /api/v1/auth/login 200
2026-06-30 18:42:57 - POST /api/v1/teams/5de0a9c4-002c-4c91-a24c-7d5fc983aa85/regenerate-code 200
2026-06-30 18:42:57 - POST /api/v1/teams/join-by-code 404
2026-06-30 18:42:57 - POST /api/v1/auth/login 200
2026-06-30 18:42:57 - GET /api/v1/teams/search 200
2026-06-30 18:42:57 - GET /api/v1/tournaments/search 200
2026-06-30 18:42:58 - POST /api/v1/auth/login 200
2026-06-30 18:42:58 - POST /api/v1/teams/fdc81475-0116-4cc6-979f-fa67b787cbcb/members 200
2026-06-30 18:42:58 - GET /api/v1/teams/fdc81475-0116-4cc6-979f-fa67b787cbcb/invitations 200
2026-06-30 18:42:58 - POST /api/v1/auth/login 200
2026-06-30 18:42:58 - POST /api/v1/players/ 201
2026-06-30 18:42:58 - POST /api/v1/players/ 201
2026-06-30 18:42:58 - POST /api/v1/players/ 201
2026-06-30 18:42:58 - POST /api/v1/players/ 201
2026-06-30 18:42:58 - POST /api/v1/players/ 201
2026-06-30 18:42:58 - POST /api/v1/teams/ 201
2026-06-30 18:42:58 - POST /api/v1/teams/ 201
2026-06-30 18:42:58 - POST /api/v1/teams/2d60235b-579e-4045-b8e3-341b683353a1/players 200
2026-06-30 18:42:58 - POST /api/v1/teams/2d60235b-579e-4045-b8e3-341b683353a1/players 200
2026-06-30 18:42:58 - POST /api/v1/teams/2d60235b-579e-4045-b8e3-341b683353a1/players 200
2026-06-30 18:42:58 - POST /api/v1/teams/1d671b5d-d75a-4d20-9c29-e9c5ebd014ea/players 200
2026-06-30 18:42:58 - POST /api/v1/teams/1d671b5d-d75a-4d20-9c29-e9c5ebd014ea/players 200
2026-06-30 18:42:58 - POST /api/v1/matches/ 201
2026-06-30 18:42:58 - POST /api/v1/matches/66274a95-7113-4e19-bcc9-105a874a4657/toss 200
2026-06-30 18:42:58 - POST /api/v1/matches/66274a95-7113-4e19-bcc9-105a874a4657/squads 200
2026-06-30 18:42:58 - POST /api/v1/matches/66274a95-7113-4e19-bcc9-105a874a4657/squads 200
2026-06-30 18:42:58 - POST /api/v1/matches/66274a95-7113-4e19-bcc9-105a874a4657/balls 201
2026-06-30 18:42:58 - POST /api/v1/matches/66274a95-7113-4e19-bcc9-105a874a4657/balls 201
2026-06-30 18:42:58 - POST /api/v1/matches/66274a95-7113-4e19-bcc9-105a874a4657/balls 201
2026-06-30 18:42:58 - POST /api/v1/matches/66274a95-7113-4e19-bcc9-105a874a4657/balls 201
2026-06-30 18:42:58 - POST /api/v1/matches/66274a95-7113-4e19-bcc9-105a874a4657/balls 201
2026-06-30 18:42:58 - POST /api/v1/matches/66274a95-7113-4e19-bcc9-105a874a4657/balls 201
2026-06-30 18:42:58 - POST /api/v1/matches/66274a95-7113-4e19-bcc9-105a874a4657/balls 201
2026-06-30 18:42:58 - POST /api/v1/matches/66274a95-7113-4e19-bcc9-105a874a4657/balls 201
2026-06-30 18:42:58 - POST /api/v1/matches/66274a95-7113-4e19-bcc9-105a874a4657/balls 201
2026-06-30 18:42:58 - POST /api/v1/matches/66274a95-7113-4e19-bcc9-105a874a4657/balls 201
2026-06-30 18:42:58 - POST /api/v1/matches/66274a95-7113-4e19-bcc9-105a874a4657/balls 201
2026-06-30 18:42:58 - POST /api/v1/matches/66274a95-7113-4e19-bcc9-105a874a4657/balls 201
2026-06-30 18:42:58 - GET /api/v1/matches/66274a95-7113-4e19-bcc9-105a874a4657/scorecard 200
2026-06-30 18:42:59 - GET /api/v1/players/74a2c0c1-69cc-4c57-ae7d-7638c21bf21d 200
2026-06-30 18:42:59 - POST /api/v1/auth/login 200
2026-06-30 18:42:59 - POST /api/v1/players/ 201
2026-06-30 18:42:59 - POST /api/v1/players/ 201
2026-06-30 18:42:59 - POST /api/v1/players/ 201
2026-06-30 18:42:59 - POST /api/v1/players/ 201
2026-06-30 18:42:59 - POST /api/v1/players/ 201
2026-06-30 18:42:59 - POST /api/v1/teams/ 201
2026-06-30 18:42:59 - POST /api/v1/teams/ 201
2026-06-30 18:42:59 - POST /api/v1/teams/29c54926-f822-44cf-bb13-6faeb74481e9/players 200
2026-06-30 18:42:59 - POST /api/v1/teams/29c54926-f822-44cf-bb13-6faeb74481e9/players 200
2026-06-30 18:42:59 - POST /api/v1/teams/29c54926-f822-44cf-bb13-6faeb74481e9/players 200
2026-06-30 18:42:59 - POST /api/v1/teams/4340fa59-4645-414e-9103-63eb04b35430/players 200
2026-06-30 18:42:59 - POST /api/v1/teams/4340fa59-4645-414e-9103-63eb04b35430/players 200
2026-06-30 18:42:59 - POST /api/v1/matches/ 201
2026-06-30 18:42:59 - POST /api/v1/matches/e0ff50ec-375c-4401-82ea-2fef39277961/toss 200
2026-06-30 18:42:59 - POST /api/v1/matches/e0ff50ec-375c-4401-82ea-2fef39277961/squads 200
2026-06-30 18:42:59 - POST /api/v1/matches/e0ff50ec-375c-4401-82ea-2fef39277961/squads 200
2026-06-30 18:42:59 - POST /api/v1/matches/e0ff50ec-375c-4401-82ea-2fef39277961/balls 201
2026-06-30 18:42:59 - POST /api/v1/matches/e0ff50ec-375c-4401-82ea-2fef39277961/balls 201
2026-06-30 18:42:59 - POST /api/v1/matches/e0ff50ec-375c-4401-82ea-2fef39277961/balls 201
2026-06-30 18:42:59 - POST /api/v1/matches/e0ff50ec-375c-4401-82ea-2fef39277961/balls 201
2026-06-30 18:42:59 - POST /api/v1/matches/e0ff50ec-375c-4401-82ea-2fef39277961/balls 201
2026-06-30 18:42:59 - GET /api/v1/matches/e0ff50ec-375c-4401-82ea-2fef39277961/scorecard 200
2026-06-30 18:43:00 - POST /api/v1/auth/login 200
2026-06-30 18:43:00 - POST /api/v1/players/ 201
2026-06-30 18:43:00 - POST /api/v1/players/ 201
2026-06-30 18:43:00 - POST /api/v1/players/ 201
2026-06-30 18:43:00 - POST /api/v1/players/ 201
2026-06-30 18:43:00 - POST /api/v1/teams/ 201
2026-06-30 18:43:00 - POST /api/v1/teams/ 201
2026-06-30 18:43:00 - POST /api/v1/teams/5dcab055-a36d-4226-82cb-010178093aad/players 200
2026-06-30 18:43:00 - POST /api/v1/teams/5dcab055-a36d-4226-82cb-010178093aad/players 200
2026-06-30 18:43:00 - POST /api/v1/teams/c12b5232-b24d-488a-8c57-5ad1e667ea33/players 200
2026-06-30 18:43:00 - POST /api/v1/teams/c12b5232-b24d-488a-8c57-5ad1e667ea33/players 200
2026-06-30 18:43:00 - POST /api/v1/matches/ 201
2026-06-30 18:43:00 - POST /api/v1/matches/7ba76414-c190-4d2a-854e-c4c103d411cc/toss 200
2026-06-30 18:43:00 - POST /api/v1/matches/7ba76414-c190-4d2a-854e-c4c103d411cc/squads 200
2026-06-30 18:43:00 - POST /api/v1/matches/7ba76414-c190-4d2a-854e-c4c103d411cc/squads 200
2026-06-30 18:43:00 - POST /api/v1/matches/7ba76414-c190-4d2a-854e-c4c103d411cc/balls 201
2026-06-30 18:43:00 - POST /api/v1/matches/7ba76414-c190-4d2a-854e-c4c103d411cc/balls 201
2026-06-30 18:43:00 - POST /api/v1/matches/7ba76414-c190-4d2a-854e-c4c103d411cc/balls 201
2026-06-30 18:43:00 - POST /api/v1/matches/7ba76414-c190-4d2a-854e-c4c103d411cc/balls 201
2026-06-30 18:43:00 - POST /api/v1/matches/7ba76414-c190-4d2a-854e-c4c103d411cc/balls 201
2026-06-30 18:43:00 - POST /api/v1/matches/7ba76414-c190-4d2a-854e-c4c103d411cc/balls 201
2026-06-30 18:43:00 - POST /api/v1/matches/7ba76414-c190-4d2a-854e-c4c103d411cc/balls 201
2026-06-30 18:43:00 - GET /api/v1/matches/7ba76414-c190-4d2a-854e-c4c103d411cc/scorecard 200
2026-06-30 18:43:01 - POST /api/v1/auth/signup 201
2026-06-30 18:43:02 - POST /api/v1/auth/login 200
2026-06-30 18:43:02 - POST /api/v1/auth/login 200
2026-06-30 18:43:02 - POST /api/v1/players/ 201
2026-06-30 18:43:02 - POST /api/v1/players/ 201
2026-06-30 18:43:02 - POST /api/v1/players/ 201
2026-06-30 18:43:02 - POST /api/v1/players/ 201
2026-06-30 18:43:02 - POST /api/v1/players/ 201
2026-06-30 18:43:02 - POST /api/v1/teams/ 201
2026-06-30 18:43:02 - POST /api/v1/teams/ 201
2026-06-30 18:43:02 - POST /api/v1/teams/dadff2b5-5f65-4c6f-bfb3-f08e39fa9530/players 200
2026-06-30 18:43:02 - POST /api/v1/teams/dadff2b5-5f65-4c6f-bfb3-f08e39fa9530/players 200
2026-06-30 18:43:02 - POST /api/v1/teams/dadff2b5-5f65-4c6f-bfb3-f08e39fa9530/players 200
2026-06-30 18:43:02 - POST /api/v1/teams/fa260c1b-a27f-4578-9138-eedd160209c9/players 200
2026-06-30 18:43:02 - POST /api/v1/teams/fa260c1b-a27f-4578-9138-eedd160209c9/players 200
2026-06-30 18:43:02 - POST /api/v1/matches/ 201
2026-06-30 18:43:02 - POST /api/v1/matches/b2652735-60ce-4eff-afb2-901490bd5731/toss 200
2026-06-30 18:43:02 - POST /api/v1/matches/b2652735-60ce-4eff-afb2-901490bd5731/squads 200
2026-06-30 18:43:02 - POST /api/v1/matches/b2652735-60ce-4eff-afb2-901490bd5731/squads 200
2026-06-30 18:43:02 - POST /api/v1/matches/b2652735-60ce-4eff-afb2-901490bd5731/balls 201
2026-06-30 18:43:02 - GET /api/v1/matches/b2652735-60ce-4eff-afb2-901490bd5731/live 200
2026-06-30 18:43:02 - POST /api/v1/matches/b2652735-60ce-4eff-afb2-901490bd5731/balls 201
2026-06-30 18:43:02 - GET /api/v1/matches/b2652735-60ce-4eff-afb2-901490bd5731/live 200
2026-06-30 18:43:02 - POST /api/v1/matches/b2652735-60ce-4eff-afb2-901490bd5731/balls 201
2026-06-30 18:43:02 - GET /api/v1/matches/b2652735-60ce-4eff-afb2-901490bd5731/live 200
2026-06-30 18:43:02 - POST /api/v1/matches/b2652735-60ce-4eff-afb2-901490bd5731/balls 201
2026-06-30 18:43:02 - GET /api/v1/matches/b2652735-60ce-4eff-afb2-901490bd5731/live 200
2026-06-30 18:43:02 - POST /api/v1/matches/b2652735-60ce-4eff-afb2-901490bd5731/undo 200
2026-06-30 18:43:02 - GET /api/v1/matches/b2652735-60ce-4eff-afb2-901490bd5731/live 200
2026-06-30 18:43:02 - GET /api/v1/auth/me 401
2026-06-30 18:43:02 - GET /api/v1/auth/me 401
2026-06-30 18:43:03 - POST /api/v1/auth/login 200
2026-06-30 18:43:03 - POST /api/v1/players/ 201
2026-06-30 18:43:03 - POST /api/v1/players/ 201
2026-06-30 18:43:03 - POST /api/v1/players/ 201
2026-06-30 18:43:03 - POST /api/v1/players/ 201
2026-06-30 18:43:03 - POST /api/v1/players/ 201
2026-06-30 18:43:03 - POST /api/v1/teams/ 201
2026-06-30 18:43:03 - POST /api/v1/teams/ 201
2026-06-30 18:43:03 - POST /api/v1/teams/978c30cb-4f59-464d-ab2d-ae9a8333b903/players 200
2026-06-30 18:43:03 - POST /api/v1/teams/978c30cb-4f59-464d-ab2d-ae9a8333b903/players 200
2026-06-30 18:43:03 - POST /api/v1/teams/978c30cb-4f59-464d-ab2d-ae9a8333b903/players 200
2026-06-30 18:43:03 - POST /api/v1/teams/7b7d31a1-dc7b-4c96-af1b-118d1864cf74/players 200
2026-06-30 18:43:03 - POST /api/v1/teams/7b7d31a1-dc7b-4c96-af1b-118d1864cf74/players 200
2026-06-30 18:43:03 - POST /api/v1/matches/ 201
2026-06-30 18:43:03 - POST /api/v1/matches/1f775e6d-efec-4349-a4e0-566747c1be36/toss 200
2026-06-30 18:43:03 - POST /api/v1/matches/1f775e6d-efec-4349-a4e0-566747c1be36/squads 200
2026-06-30 18:43:03 - POST /api/v1/matches/1f775e6d-efec-4349-a4e0-566747c1be36/squads 200
2026-06-30 18:43:03 - POST /api/v1/matches/1f775e6d-efec-4349-a4e0-566747c1be36/balls 201
2026-06-30 18:43:03 - GET /api/v1/matches/1f775e6d-efec-4349-a4e0-566747c1be36/live 200
2026-06-30 18:43:03 - POST /api/v1/matches/1f775e6d-efec-4349-a4e0-566747c1be36/balls 201
2026-06-30 18:43:03 - GET /api/v1/matches/1f775e6d-efec-4349-a4e0-566747c1be36/live 200
2026-06-30 18:43:03 - POST /api/v1/matches/1f775e6d-efec-4349-a4e0-566747c1be36/balls 201
2026-06-30 18:43:03 - GET /api/v1/matches/1f775e6d-efec-4349-a4e0-566747c1be36/live 200
2026-06-30 18:43:03 - POST /api/v1/matches/1f775e6d-efec-4349-a4e0-566747c1be36/balls 201
2026-06-30 18:43:03 - GET /api/v1/matches/1f775e6d-efec-4349-a4e0-566747c1be36/live 200
2026-06-30 18:43:03 - POST /api/v1/matches/1f775e6d-efec-4349-a4e0-566747c1be36/balls 201
2026-06-30 18:43:03 - GET /api/v1/matches/1f775e6d-efec-4349-a4e0-566747c1be36/live 200
2026-06-30 18:43:03 - POST /api/v1/matches/1f775e6d-efec-4349-a4e0-566747c1be36/balls 201
2026-06-30 18:43:03 - GET /api/v1/matches/1f775e6d-efec-4349-a4e0-566747c1be36/live 200
2026-06-30 18:43:03 - POST /api/v1/matches/1f775e6d-efec-4349-a4e0-566747c1be36/balls 201
2026-06-30 18:43:03 - GET /api/v1/matches/1f775e6d-efec-4349-a4e0-566747c1be36/live 200
2026-06-30 18:43:03 - GET /api/v1/matches/1f775e6d-efec-4349-a4e0-566747c1be36/scorecard 200
2026-06-30 18:43:05 - POST /api/v1/auth/signup 201
2026-06-30 18:43:07 - POST /api/v1/auth/signup 201
2026-06-30 18:43:08 - POST /api/v1/auth/signup 201
2026-06-30 18:43:08 - POST /api/v1/auth/login 200
2026-06-30 18:43:08 - POST /api/v1/auth/login 200
2026-06-30 18:43:09 - POST /api/v1/auth/login 200
2026-06-30 18:43:09 - POST /api/v1/teams/ 201
2026-06-30 18:43:09 - GET /api/v1/teams/my-teams 200
2026-06-30 18:43:09 - POST /api/v1/teams/f11db06d-9e32-4d6a-aaa8-4b7da3ee3ae9/join-request 200
2026-06-30 18:43:09 - GET /api/v1/teams/my-teams 200
2026-06-30 18:43:09 - POST /api/v1/teams/f11db06d-9e32-4d6a-aaa8-4b7da3ee3ae9/approve-request 403
2026-06-30 18:43:09 - POST /api/v1/teams/f11db06d-9e32-4d6a-aaa8-4b7da3ee3ae9/approve-request 200
2026-06-30 18:43:09 - POST /api/v1/teams/f11db06d-9e32-4d6a-aaa8-4b7da3ee3ae9/members 200
2026-06-30 18:43:09 - POST /api/v1/teams/f11db06d-9e32-4d6a-aaa8-4b7da3ee3ae9/invitations/accept 200
2026-06-30 18:43:09 - GET /api/v1/teams/f11db06d-9e32-4d6a-aaa8-4b7da3ee3ae9/members 200
2026-06-30 18:43:09 - DELETE /api/v1/teams/f11db06d-9e32-4d6a-aaa8-4b7da3ee3ae9/members/e0f10bfa-59cf-4bcb-938e-93457c02e5f1 204
2026-06-30 18:43:09 - GET /api/v1/teams/f11db06d-9e32-4d6a-aaa8-4b7da3ee3ae9/members 200
2026-06-30 18:43:09 - POST /api/v1/auth/login 200
2026-06-30 18:43:09 - POST /api/v1/teams/ 201
2026-06-30 18:43:10 - POST /api/v1/auth/login 200
2026-06-30 18:43:10 - POST /api/v1/teams/ed9f70b1-d496-4ed5-9ed8-9e624df2abda/members 200
2026-06-30 18:43:10 - GET /api/v1/notifications/ 200
2026-06-30 18:43:10 - GET /api/v1/teams/my-invitations 200
2026-06-30 18:43:10 - POST /api/v1/notifications/a7dabe9d-6aab-41d3-8659-f7bdee2eab63/read 200
2026-06-30 18:43:10 - POST /api/v1/teams/ed9f70b1-d496-4ed5-9ed8-9e624df2abda/invitations/accept 200
2026-06-30 18:43:10 - GET /api/v1/notifications/ 200
2026-06-30 18:43:10 - POST /api/v1/auth/login 200
2026-06-30 18:43:10 - POST /api/v1/teams/ 201
2026-06-30 18:43:11 - POST /api/v1/auth/login 200
2026-06-30 18:43:11 - POST /api/v1/teams/77a3447c-de23-4e15-b1ca-30f7ed1fe3cf/members 200
2026-06-30 18:43:11 - POST /api/v1/teams/77a3447c-de23-4e15-b1ca-30f7ed1fe3cf/invitations/reject 204
2026-06-30 18:43:11 - GET /api/v1/notifications/ 200
2026-06-30 18:43:11 - POST /api/v1/auth/login 200
2026-06-30 18:43:11 - POST /api/v1/teams/ 201
2026-06-30 18:43:12 - POST /api/v1/auth/login 200
2026-06-30 18:43:12 - POST /api/v1/teams/6ab8f02a-5a66-4ca9-a930-993e678ba019/join-request 200
2026-06-30 18:43:12 - POST /api/v1/teams/6ab8f02a-5a66-4ca9-a930-993e678ba019/reject-request 204
2026-06-30 18:43:12 - GET /api/v1/notifications/ 200
2026-06-30 18:43:13 - POST /api/v1/auth/login 200
2026-06-30 18:43:13 - POST /api/v1/teams/ 201
2026-06-30 18:43:13 - POST /api/v1/auth/login 200
2026-06-30 18:43:13 - PUT /api/v1/teams/7f9a41ad-a3b2-4285-9b86-e61124bd9311 403
2026-06-30 18:43:13 - DELETE /api/v1/teams/7f9a41ad-a3b2-4285-9b86-e61124bd9311 403
2026-06-30 18:43:13 - PUT /api/v1/teams/7f9a41ad-a3b2-4285-9b86-e61124bd9311 200
2026-06-30 18:43:13 - DELETE /api/v1/teams/7f9a41ad-a3b2-4285-9b86-e61124bd9311 204
2026-06-30 18:43:13 - GET /api/v1/teams/7f9a41ad-a3b2-4285-9b86-e61124bd9311 404
2026-06-30 18:43:14 - POST /api/v1/auth/login 200
2026-06-30 18:43:14 - GET /api/v1/notifications/ 200
2026-06-30 18:43:14 - POST /api/v1/notifications/read-all 204
2026-06-30 18:43:14 - GET /api/v1/notifications/ 200
2026-06-30 18:43:14 - POST /api/v1/auth/login 200
2026-06-30 18:43:14 - POST /api/v1/teams/ 201
2026-06-30 18:43:14 - POST /api/v1/teams/ 201
2026-06-30 18:43:14 - POST /api/v1/matches/ 201
2026-06-30 18:43:14 - POST /api/v1/matches/110296fd-169d-449e-964a-a90e43c522dd/toss/initiate 200
2026-06-30 18:43:14 - POST /api/v1/matches/110296fd-169d-449e-964a-a90e43c522dd/toss/initiate 400
2026-06-30 18:43:14 - GET /api/v1/matches/110296fd-169d-449e-964a-a90e43c522dd/activities 200
2026-06-30 18:43:14 - POST /api/v1/matches/110296fd-169d-449e-964a-a90e43c522dd/toss/decision 200
2026-06-30 18:43:14 - GET /api/v1/matches/110296fd-169d-449e-964a-a90e43c522dd/activities 200
2026-06-30 18:43:14 - POST /api/v1/matches/110296fd-169d-449e-964a-a90e43c522dd/toss/reset 200
2026-06-30 18:43:14 - GET /api/v1/matches/110296fd-169d-449e-964a-a90e43c522dd/activities 200
2026-06-30 18:43:15 - POST /api/v1/auth/login 200
2026-06-30 18:43:16 - POST /api/v1/auth/signup 201
2026-06-30 18:43:16 - POST /api/v1/auth/login 200
2026-06-30 18:43:16 - POST /api/v1/teams/ 201
2026-06-30 18:43:16 - POST /api/v1/teams/ 201
2026-06-30 18:43:16 - POST /api/v1/matches/ 201
2026-06-30 18:43:16 - POST /api/v1/matches/2f6747dc-9c1f-4a6b-966e-1e8ed00a42db/toss/initiate 200
2026-06-30 18:43:16 - POST /api/v1/matches/2f6747dc-9c1f-4a6b-966e-1e8ed00a42db/toss/reset 403
2026-06-30 18:43:17 - POST /api/v1/auth/login 200
2026-06-30 18:43:17 - POST /api/v1/tournaments/ 201
2026-06-30 18:43:17 - POST /api/v1/players/ 201
2026-06-30 18:43:17 - POST /api/v1/players/ 201
2026-06-30 18:43:17 - POST /api/v1/players/ 201
2026-06-30 18:43:17 - POST /api/v1/players/ 201
2026-06-30 18:43:17 - POST /api/v1/teams/ 201
2026-06-30 18:43:17 - POST /api/v1/teams/da9bd560-5600-41df-ac7e-90ed5dcf40c2/players 200
2026-06-30 18:43:17 - POST /api/v1/teams/da9bd560-5600-41df-ac7e-90ed5dcf40c2/players 200
2026-06-30 18:43:17 - POST /api/v1/teams/da9bd560-5600-41df-ac7e-90ed5dcf40c2/players 200
2026-06-30 18:43:17 - POST /api/v1/teams/da9bd560-5600-41df-ac7e-90ed5dcf40c2/players 200
2026-06-30 18:43:17 - POST /api/v1/tournaments/f17d9a02-e65d-4dfa-99f9-7e46a1c64175/teams 400
2026-06-30 18:43:17 - POST /api/v1/players/ 201
2026-06-30 18:43:17 - POST /api/v1/teams/da9bd560-5600-41df-ac7e-90ed5dcf40c2/players 200
2026-06-30 18:43:17 - POST /api/v1/tournaments/f17d9a02-e65d-4dfa-99f9-7e46a1c64175/teams 200
2026-06-30 18:43:17 - DELETE /api/v1/tournaments/f17d9a02-e65d-4dfa-99f9-7e46a1c64175/teams/da9bd560-5600-41df-ac7e-90ed5dcf40c2 200
2026-06-30 18:43:17 - POST /api/v1/auth/login 200
2026-06-30 18:43:17 - POST /api/v1/teams/ 201
2026-06-30 18:43:17 - POST /api/v1/players/ 201
2026-06-30 18:43:17 - POST /api/v1/teams/50ced591-23d8-4e1a-a5b1-71fd2e405b54/players 200
2026-06-30 18:43:17 - POST /api/v1/players/ 201
2026-06-30 18:43:17 - POST /api/v1/teams/50ced591-23d8-4e1a-a5b1-71fd2e405b54/players 200
2026-06-30 18:43:17 - POST /api/v1/players/ 201
2026-06-30 18:43:17 - POST /api/v1/teams/50ced591-23d8-4e1a-a5b1-71fd2e405b54/players 200
2026-06-30 18:43:17 - POST /api/v1/players/ 201
2026-06-30 18:43:17 - POST /api/v1/teams/50ced591-23d8-4e1a-a5b1-71fd2e405b54/players 200
2026-06-30 18:43:17 - POST /api/v1/players/ 201
2026-06-30 18:43:17 - POST /api/v1/teams/50ced591-23d8-4e1a-a5b1-71fd2e405b54/players 200
2026-06-30 18:43:17 - POST /api/v1/teams/ 201
2026-06-30 18:43:17 - POST /api/v1/players/ 201
2026-06-30 18:43:17 - POST /api/v1/teams/b194219e-1e30-457f-97e7-e97222044fd7/players 200
2026-06-30 18:43:17 - POST /api/v1/players/ 201
2026-06-30 18:43:17 - POST /api/v1/teams/b194219e-1e30-457f-97e7-e97222044fd7/players 200
2026-06-30 18:43:17 - POST /api/v1/players/ 201
2026-06-30 18:43:17 - POST /api/v1/teams/b194219e-1e30-457f-97e7-e97222044fd7/players 200
2026-06-30 18:43:17 - POST /api/v1/players/ 201
2026-06-30 18:43:17 - POST /api/v1/teams/b194219e-1e30-457f-97e7-e97222044fd7/players 200
2026-06-30 18:43:17 - POST /api/v1/players/ 201
2026-06-30 18:43:17 - POST /api/v1/teams/b194219e-1e30-457f-97e7-e97222044fd7/players 200
2026-06-30 18:43:17 - POST /api/v1/tournaments/ 201
2026-06-30 18:43:17 - POST /api/v1/tournaments/1622c9ed-c373-4e2f-80a9-16e9722075cb/teams 200
2026-06-30 18:43:17 - POST /api/v1/tournaments/1622c9ed-c373-4e2f-80a9-16e9722075cb/teams 200
2026-06-30 18:43:17 - POST /api/v1/tournaments/1622c9ed-c373-4e2f-80a9-16e9722075cb/fixtures/generate 201
2026-06-30 18:43:17 - POST /api/v1/tournaments/1622c9ed-c373-4e2f-80a9-16e9722075cb/fixtures/publish 200
2026-06-30 18:43:17 - GET /api/v1/tournaments/1622c9ed-c373-4e2f-80a9-16e9722075cb/dashboard 200
2026-06-30 18:43:17 - POST /api/v1/matches/d2456d1a-0850-43e3-984c-ccc6328b87e0/toss 200
2026-06-30 18:43:17 - GET /api/v1/teams/50ced591-23d8-4e1a-a5b1-71fd2e405b54 200
2026-06-30 18:43:17 - GET /api/v1/teams/b194219e-1e30-457f-97e7-e97222044fd7 200
2026-06-30 18:43:17 - POST /api/v1/matches/d2456d1a-0850-43e3-984c-ccc6328b87e0/squads 200
2026-06-30 18:43:17 - POST /api/v1/matches/d2456d1a-0850-43e3-984c-ccc6328b87e0/squads 200
2026-06-30 18:43:17 - POST /api/v1/matches/d2456d1a-0850-43e3-984c-ccc6328b87e0/balls 201
2026-06-30 18:43:17 - POST /api/v1/matches/d2456d1a-0850-43e3-984c-ccc6328b87e0/balls 201
2026-06-30 18:43:17 - POST /api/v1/matches/d2456d1a-0850-43e3-984c-ccc6328b87e0/balls 201
2026-06-30 18:43:17 - POST /api/v1/matches/d2456d1a-0850-43e3-984c-ccc6328b87e0/balls 201
2026-06-30 18:43:17 - POST /api/v1/matches/d2456d1a-0850-43e3-984c-ccc6328b87e0/balls 201
2026-06-30 18:43:18 - POST /api/v1/matches/d2456d1a-0850-43e3-984c-ccc6328b87e0/balls 201
2026-06-30 18:43:18 - POST /api/v1/matches/d2456d1a-0850-43e3-984c-ccc6328b87e0/balls 201
2026-06-30 18:43:18 - POST /api/v1/matches/d2456d1a-0850-43e3-984c-ccc6328b87e0/balls 201
2026-06-30 18:43:18 - POST /api/v1/matches/d2456d1a-0850-43e3-984c-ccc6328b87e0/balls 201
2026-06-30 18:43:18 - GET /api/v1/tournaments/1622c9ed-c373-4e2f-80a9-16e9722075cb/points-table 200
2026-06-30 18:43:18 - GET /api/v1/tournaments/1622c9ed-c373-4e2f-80a9-16e9722075cb/leaderboards 200
2026-06-30 18:43:18 - POST /api/v1/auth/login 200
2026-06-30 18:43:18 - POST /api/v1/teams/ 201
2026-06-30 18:43:18 - POST /api/v1/players/ 201
2026-06-30 18:43:18 - POST /api/v1/teams/e5719db0-29ad-44fd-b4b5-bf78d1b7d3ff/players 200
2026-06-30 18:43:18 - POST /api/v1/players/ 201
2026-06-30 18:43:18 - POST /api/v1/teams/e5719db0-29ad-44fd-b4b5-bf78d1b7d3ff/players 200
2026-06-30 18:43:18 - POST /api/v1/players/ 201
2026-06-30 18:43:18 - POST /api/v1/teams/e5719db0-29ad-44fd-b4b5-bf78d1b7d3ff/players 200
2026-06-30 18:43:18 - POST /api/v1/players/ 201
2026-06-30 18:43:18 - POST /api/v1/teams/e5719db0-29ad-44fd-b4b5-bf78d1b7d3ff/players 200
2026-06-30 18:43:18 - POST /api/v1/players/ 201
2026-06-30 18:43:18 - POST /api/v1/teams/e5719db0-29ad-44fd-b4b5-bf78d1b7d3ff/players 200
2026-06-30 18:43:18 - POST /api/v1/teams/ 201
2026-06-30 18:43:18 - POST /api/v1/players/ 201
2026-06-30 18:43:18 - POST /api/v1/teams/7ba5ad4a-55a2-41a5-b935-823e2bbbc074/players 200
2026-06-30 18:43:18 - POST /api/v1/players/ 201
2026-06-30 18:43:18 - POST /api/v1/teams/7ba5ad4a-55a2-41a5-b935-823e2bbbc074/players 200
2026-06-30 18:43:18 - POST /api/v1/players/ 201
2026-06-30 18:43:18 - POST /api/v1/teams/7ba5ad4a-55a2-41a5-b935-823e2bbbc074/players 200
2026-06-30 18:43:18 - POST /api/v1/players/ 201
2026-06-30 18:43:18 - POST /api/v1/teams/7ba5ad4a-55a2-41a5-b935-823e2bbbc074/players 200
2026-06-30 18:43:18 - POST /api/v1/players/ 201
2026-06-30 18:43:18 - POST /api/v1/teams/7ba5ad4a-55a2-41a5-b935-823e2bbbc074/players 200
2026-06-30 18:43:18 - POST /api/v1/teams/ 201
2026-06-30 18:43:18 - POST /api/v1/players/ 201
2026-06-30 18:43:18 - POST /api/v1/teams/8daffc69-71a3-47d5-bc77-e2afd856f078/players 200
2026-06-30 18:43:18 - POST /api/v1/players/ 201
2026-06-30 18:43:18 - POST /api/v1/teams/8daffc69-71a3-47d5-bc77-e2afd856f078/players 200
2026-06-30 18:43:18 - POST /api/v1/players/ 201
2026-06-30 18:43:18 - POST /api/v1/teams/8daffc69-71a3-47d5-bc77-e2afd856f078/players 200
2026-06-30 18:43:18 - POST /api/v1/players/ 201
2026-06-30 18:43:18 - POST /api/v1/teams/8daffc69-71a3-47d5-bc77-e2afd856f078/players 200
2026-06-30 18:43:18 - POST /api/v1/players/ 201
2026-06-30 18:43:18 - POST /api/v1/teams/8daffc69-71a3-47d5-bc77-e2afd856f078/players 200
2026-06-30 18:43:18 - POST /api/v1/teams/ 201
2026-06-30 18:43:18 - POST /api/v1/players/ 201
2026-06-30 18:43:18 - POST /api/v1/teams/2cadb7ec-08a8-4e71-9510-d60cfb7726c2/players 200
2026-06-30 18:43:18 - POST /api/v1/players/ 201
2026-06-30 18:43:18 - POST /api/v1/teams/2cadb7ec-08a8-4e71-9510-d60cfb7726c2/players 200
2026-06-30 18:43:18 - POST /api/v1/players/ 201
2026-06-30 18:43:18 - POST /api/v1/teams/2cadb7ec-08a8-4e71-9510-d60cfb7726c2/players 200
2026-06-30 18:43:18 - POST /api/v1/players/ 201
2026-06-30 18:43:18 - POST /api/v1/teams/2cadb7ec-08a8-4e71-9510-d60cfb7726c2/players 200
2026-06-30 18:43:18 - POST /api/v1/players/ 201
2026-06-30 18:43:18 - POST /api/v1/teams/2cadb7ec-08a8-4e71-9510-d60cfb7726c2/players 200
2026-06-30 18:43:18 - POST /api/v1/tournaments/ 201
2026-06-30 18:43:18 - POST /api/v1/tournaments/8331f9c0-581b-4b19-8ff2-ac5f3c0d4386/teams 200
2026-06-30 18:43:18 - POST /api/v1/tournaments/8331f9c0-581b-4b19-8ff2-ac5f3c0d4386/teams 200
2026-06-30 18:43:18 - POST /api/v1/tournaments/8331f9c0-581b-4b19-8ff2-ac5f3c0d4386/teams 200
2026-06-30 18:43:18 - POST /api/v1/tournaments/8331f9c0-581b-4b19-8ff2-ac5f3c0d4386/teams 200
2026-06-30 18:43:18 - POST /api/v1/tournaments/8331f9c0-581b-4b19-8ff2-ac5f3c0d4386/fixtures/generate 201
2026-06-30 18:43:18 - POST /api/v1/tournaments/8331f9c0-581b-4b19-8ff2-ac5f3c0d4386/fixtures/publish 200
2026-06-30 18:43:18 - GET /api/v1/tournaments/8331f9c0-581b-4b19-8ff2-ac5f3c0d4386/dashboard 200
2026-06-30 18:43:18 - GET /api/v1/tournaments/8331f9c0-581b-4b19-8ff2-ac5f3c0d4386/dashboard 200
2026-06-30 18:43:18 - POST /api/v1/matches/ae8206c5-c470-47c8-92b0-5cc0f3a9579a/toss 200
2026-06-30 18:43:18 - GET /api/v1/teams/7ba5ad4a-55a2-41a5-b935-823e2bbbc074 200
2026-06-30 18:43:18 - GET /api/v1/teams/2cadb7ec-08a8-4e71-9510-d60cfb7726c2 200
2026-06-30 18:43:18 - POST /api/v1/matches/ae8206c5-c470-47c8-92b0-5cc0f3a9579a/squads 200
2026-06-30 18:43:18 - POST /api/v1/matches/ae8206c5-c470-47c8-92b0-5cc0f3a9579a/squads 200
2026-06-30 18:43:18 - POST /api/v1/matches/ae8206c5-c470-47c8-92b0-5cc0f3a9579a/balls 201
2026-06-30 18:43:18 - POST /api/v1/matches/ae8206c5-c470-47c8-92b0-5cc0f3a9579a/balls 201
2026-06-30 18:43:18 - POST /api/v1/matches/ae8206c5-c470-47c8-92b0-5cc0f3a9579a/balls 201
2026-06-30 18:43:18 - POST /api/v1/matches/ae8206c5-c470-47c8-92b0-5cc0f3a9579a/balls 201
2026-06-30 18:43:18 - POST /api/v1/matches/ae8206c5-c470-47c8-92b0-5cc0f3a9579a/balls 201
2026-06-30 18:43:18 - POST /api/v1/matches/ae8206c5-c470-47c8-92b0-5cc0f3a9579a/balls 201
2026-06-30 18:43:18 - POST /api/v1/matches/ae8206c5-c470-47c8-92b0-5cc0f3a9579a/balls 201
2026-06-30 18:43:18 - POST /api/v1/matches/ae8206c5-c470-47c8-92b0-5cc0f3a9579a/balls 201
2026-06-30 18:43:18 - POST /api/v1/matches/ae8206c5-c470-47c8-92b0-5cc0f3a9579a/balls 201
2026-06-30 18:43:19 - POST /api/v1/matches/ae8206c5-c470-47c8-92b0-5cc0f3a9579a/balls 201
2026-06-30 18:43:19 - POST /api/v1/matches/ae8206c5-c470-47c8-92b0-5cc0f3a9579a/balls 201
2026-06-30 18:43:19 - POST /api/v1/matches/ae8206c5-c470-47c8-92b0-5cc0f3a9579a/balls 201
2026-06-30 18:43:19 - POST /api/v1/matches/4030787e-0bf6-4de6-99bc-4d605afd2cdd/toss 200
2026-06-30 18:43:19 - GET /api/v1/teams/8daffc69-71a3-47d5-bc77-e2afd856f078 200
2026-06-30 18:43:19 - GET /api/v1/teams/2cadb7ec-08a8-4e71-9510-d60cfb7726c2 200
2026-06-30 18:43:19 - POST /api/v1/matches/4030787e-0bf6-4de6-99bc-4d605afd2cdd/squads 200
2026-06-30 18:43:19 - POST /api/v1/matches/4030787e-0bf6-4de6-99bc-4d605afd2cdd/squads 200
2026-06-30 18:43:19 - POST /api/v1/matches/4030787e-0bf6-4de6-99bc-4d605afd2cdd/balls 201
2026-06-30 18:43:19 - POST /api/v1/matches/4030787e-0bf6-4de6-99bc-4d605afd2cdd/balls 201
2026-06-30 18:43:19 - POST /api/v1/matches/4030787e-0bf6-4de6-99bc-4d605afd2cdd/balls 201
2026-06-30 18:43:19 - POST /api/v1/matches/4030787e-0bf6-4de6-99bc-4d605afd2cdd/balls 201
2026-06-30 18:43:19 - POST /api/v1/matches/4030787e-0bf6-4de6-99bc-4d605afd2cdd/balls 201
2026-06-30 18:43:19 - POST /api/v1/matches/4030787e-0bf6-4de6-99bc-4d605afd2cdd/balls 201
2026-06-30 18:43:19 - POST /api/v1/matches/4030787e-0bf6-4de6-99bc-4d605afd2cdd/balls 201
2026-06-30 18:43:19 - POST /api/v1/matches/4030787e-0bf6-4de6-99bc-4d605afd2cdd/balls 201
2026-06-30 18:43:19 - POST /api/v1/matches/4030787e-0bf6-4de6-99bc-4d605afd2cdd/balls 201
2026-06-30 18:43:19 - POST /api/v1/matches/4030787e-0bf6-4de6-99bc-4d605afd2cdd/balls 201
2026-06-30 18:43:19 - POST /api/v1/matches/4030787e-0bf6-4de6-99bc-4d605afd2cdd/balls 201
2026-06-30 18:43:19 - POST /api/v1/matches/4030787e-0bf6-4de6-99bc-4d605afd2cdd/balls 201
2026-06-30 18:43:19 - POST /api/v1/matches/0b84f0f9-a01b-4943-a7ae-0640091899b2/toss 200
2026-06-30 18:43:19 - GET /api/v1/teams/e5719db0-29ad-44fd-b4b5-bf78d1b7d3ff 200
2026-06-30 18:43:19 - GET /api/v1/teams/2cadb7ec-08a8-4e71-9510-d60cfb7726c2 200
2026-06-30 18:43:19 - POST /api/v1/matches/0b84f0f9-a01b-4943-a7ae-0640091899b2/squads 200
2026-06-30 18:43:19 - POST /api/v1/matches/0b84f0f9-a01b-4943-a7ae-0640091899b2/squads 200
2026-06-30 18:43:19 - POST /api/v1/matches/0b84f0f9-a01b-4943-a7ae-0640091899b2/balls 201
2026-06-30 18:43:19 - POST /api/v1/matches/0b84f0f9-a01b-4943-a7ae-0640091899b2/balls 201
2026-06-30 18:43:19 - POST /api/v1/matches/0b84f0f9-a01b-4943-a7ae-0640091899b2/balls 201
2026-06-30 18:43:19 - POST /api/v1/matches/0b84f0f9-a01b-4943-a7ae-0640091899b2/balls 201
2026-06-30 18:43:19 - POST /api/v1/matches/0b84f0f9-a01b-4943-a7ae-0640091899b2/balls 201
2026-06-30 18:43:19 - POST /api/v1/matches/0b84f0f9-a01b-4943-a7ae-0640091899b2/balls 201
2026-06-30 18:43:19 - POST /api/v1/matches/0b84f0f9-a01b-4943-a7ae-0640091899b2/balls 201
2026-06-30 18:43:19 - POST /api/v1/matches/0b84f0f9-a01b-4943-a7ae-0640091899b2/balls 201
2026-06-30 18:43:19 - POST /api/v1/matches/0b84f0f9-a01b-4943-a7ae-0640091899b2/balls 201
2026-06-30 18:43:19 - POST /api/v1/matches/0b84f0f9-a01b-4943-a7ae-0640091899b2/balls 201
2026-06-30 18:43:19 - POST /api/v1/matches/0b84f0f9-a01b-4943-a7ae-0640091899b2/balls 201
2026-06-30 18:43:19 - POST /api/v1/matches/0b84f0f9-a01b-4943-a7ae-0640091899b2/balls 201
2026-06-30 18:43:19 - POST /api/v1/matches/48ce8cdc-6035-4129-8f35-7dcb6b4d8ce6/toss 200
2026-06-30 18:43:19 - GET /api/v1/teams/7ba5ad4a-55a2-41a5-b935-823e2bbbc074 200
2026-06-30 18:43:19 - GET /api/v1/teams/8daffc69-71a3-47d5-bc77-e2afd856f078 200
2026-06-30 18:43:19 - POST /api/v1/matches/48ce8cdc-6035-4129-8f35-7dcb6b4d8ce6/squads 200
2026-06-30 18:43:19 - POST /api/v1/matches/48ce8cdc-6035-4129-8f35-7dcb6b4d8ce6/squads 200
2026-06-30 18:43:19 - POST /api/v1/matches/48ce8cdc-6035-4129-8f35-7dcb6b4d8ce6/balls 201
2026-06-30 18:43:19 - POST /api/v1/matches/48ce8cdc-6035-4129-8f35-7dcb6b4d8ce6/balls 201
2026-06-30 18:43:19 - POST /api/v1/matches/48ce8cdc-6035-4129-8f35-7dcb6b4d8ce6/balls 201
2026-06-30 18:43:19 - POST /api/v1/matches/48ce8cdc-6035-4129-8f35-7dcb6b4d8ce6/balls 201
2026-06-30 18:43:19 - POST /api/v1/matches/48ce8cdc-6035-4129-8f35-7dcb6b4d8ce6/balls 201
2026-06-30 18:43:19 - POST /api/v1/matches/48ce8cdc-6035-4129-8f35-7dcb6b4d8ce6/balls 201
2026-06-30 18:43:19 - POST /api/v1/matches/48ce8cdc-6035-4129-8f35-7dcb6b4d8ce6/balls 201
2026-06-30 18:43:19 - POST /api/v1/matches/48ce8cdc-6035-4129-8f35-7dcb6b4d8ce6/balls 201
2026-06-30 18:43:19 - POST /api/v1/matches/48ce8cdc-6035-4129-8f35-7dcb6b4d8ce6/balls 201
2026-06-30 18:43:19 - POST /api/v1/matches/48ce8cdc-6035-4129-8f35-7dcb6b4d8ce6/balls 201
2026-06-30 18:43:19 - POST /api/v1/matches/48ce8cdc-6035-4129-8f35-7dcb6b4d8ce6/balls 201
2026-06-30 18:43:19 - POST /api/v1/matches/48ce8cdc-6035-4129-8f35-7dcb6b4d8ce6/balls 201
2026-06-30 18:43:19 - POST /api/v1/matches/a0023873-84a8-41cd-b9f2-82bdfad21511/toss 200
2026-06-30 18:43:19 - GET /api/v1/teams/e5719db0-29ad-44fd-b4b5-bf78d1b7d3ff 200
2026-06-30 18:43:19 - GET /api/v1/teams/7ba5ad4a-55a2-41a5-b935-823e2bbbc074 200
2026-06-30 18:43:19 - POST /api/v1/matches/a0023873-84a8-41cd-b9f2-82bdfad21511/squads 200
2026-06-30 18:43:19 - POST /api/v1/matches/a0023873-84a8-41cd-b9f2-82bdfad21511/squads 200
2026-06-30 18:43:19 - POST /api/v1/matches/a0023873-84a8-41cd-b9f2-82bdfad21511/balls 201
2026-06-30 18:43:19 - POST /api/v1/matches/a0023873-84a8-41cd-b9f2-82bdfad21511/balls 201
2026-06-30 18:43:19 - POST /api/v1/matches/a0023873-84a8-41cd-b9f2-82bdfad21511/balls 201
2026-06-30 18:43:19 - POST /api/v1/matches/a0023873-84a8-41cd-b9f2-82bdfad21511/balls 201
2026-06-30 18:43:19 - POST /api/v1/matches/a0023873-84a8-41cd-b9f2-82bdfad21511/balls 201
2026-06-30 18:43:19 - POST /api/v1/matches/a0023873-84a8-41cd-b9f2-82bdfad21511/balls 201
2026-06-30 18:43:19 - POST /api/v1/matches/a0023873-84a8-41cd-b9f2-82bdfad21511/balls 201
2026-06-30 18:43:19 - POST /api/v1/matches/a0023873-84a8-41cd-b9f2-82bdfad21511/balls 201
2026-06-30 18:43:19 - POST /api/v1/matches/a0023873-84a8-41cd-b9f2-82bdfad21511/balls 201
2026-06-30 18:43:19 - POST /api/v1/matches/a0023873-84a8-41cd-b9f2-82bdfad21511/balls 201
2026-06-30 18:43:19 - POST /api/v1/matches/a0023873-84a8-41cd-b9f2-82bdfad21511/balls 201
2026-06-30 18:43:19 - POST /api/v1/matches/a0023873-84a8-41cd-b9f2-82bdfad21511/balls 201
2026-06-30 18:43:19 - POST /api/v1/matches/dc0ab2ae-28f9-4c21-9c26-58242ca375f3/toss 200
2026-06-30 18:43:19 - GET /api/v1/teams/e5719db0-29ad-44fd-b4b5-bf78d1b7d3ff 200
2026-06-30 18:43:19 - GET /api/v1/teams/8daffc69-71a3-47d5-bc77-e2afd856f078 200
2026-06-30 18:43:19 - POST /api/v1/matches/dc0ab2ae-28f9-4c21-9c26-58242ca375f3/squads 200
2026-06-30 18:43:19 - POST /api/v1/matches/dc0ab2ae-28f9-4c21-9c26-58242ca375f3/squads 200
2026-06-30 18:43:19 - POST /api/v1/matches/dc0ab2ae-28f9-4c21-9c26-58242ca375f3/balls 201
2026-06-30 18:43:19 - POST /api/v1/matches/dc0ab2ae-28f9-4c21-9c26-58242ca375f3/balls 201
2026-06-30 18:43:19 - POST /api/v1/matches/dc0ab2ae-28f9-4c21-9c26-58242ca375f3/balls 201
2026-06-30 18:43:19 - POST /api/v1/matches/dc0ab2ae-28f9-4c21-9c26-58242ca375f3/balls 201
2026-06-30 18:43:19 - POST /api/v1/matches/dc0ab2ae-28f9-4c21-9c26-58242ca375f3/balls 201
2026-06-30 18:43:19 - POST /api/v1/matches/dc0ab2ae-28f9-4c21-9c26-58242ca375f3/balls 201
2026-06-30 18:43:19 - POST /api/v1/matches/dc0ab2ae-28f9-4c21-9c26-58242ca375f3/balls 201
2026-06-30 18:43:19 - POST /api/v1/matches/dc0ab2ae-28f9-4c21-9c26-58242ca375f3/balls 201
2026-06-30 18:43:19 - POST /api/v1/matches/dc0ab2ae-28f9-4c21-9c26-58242ca375f3/balls 201
2026-06-30 18:43:19 - POST /api/v1/matches/dc0ab2ae-28f9-4c21-9c26-58242ca375f3/balls 201
2026-06-30 18:43:19 - POST /api/v1/matches/dc0ab2ae-28f9-4c21-9c26-58242ca375f3/balls 201
2026-06-30 18:43:19 - POST /api/v1/matches/dc0ab2ae-28f9-4c21-9c26-58242ca375f3/balls 201
2026-06-30 18:43:19 - GET /api/v1/tournaments/8331f9c0-581b-4b19-8ff2-ac5f3c0d4386/dashboard 200
2026-06-30 18:43:19 - POST /api/v1/matches/fd98a73c-c118-4f56-acb8-1af5b69c1420/toss 200
2026-06-30 18:43:19 - GET /api/v1/teams/e5719db0-29ad-44fd-b4b5-bf78d1b7d3ff 200
2026-06-30 18:43:19 - GET /api/v1/teams/2cadb7ec-08a8-4e71-9510-d60cfb7726c2 200
2026-06-30 18:43:19 - POST /api/v1/matches/fd98a73c-c118-4f56-acb8-1af5b69c1420/squads 200
2026-06-30 18:43:19 - POST /api/v1/matches/fd98a73c-c118-4f56-acb8-1af5b69c1420/squads 200
2026-06-30 18:43:19 - POST /api/v1/matches/fd98a73c-c118-4f56-acb8-1af5b69c1420/balls 201
2026-06-30 18:43:19 - POST /api/v1/matches/fd98a73c-c118-4f56-acb8-1af5b69c1420/balls 201
2026-06-30 18:43:19 - POST /api/v1/matches/fd98a73c-c118-4f56-acb8-1af5b69c1420/balls 201
2026-06-30 18:43:19 - POST /api/v1/matches/fd98a73c-c118-4f56-acb8-1af5b69c1420/balls 201
2026-06-30 18:43:19 - POST /api/v1/matches/fd98a73c-c118-4f56-acb8-1af5b69c1420/balls 201
2026-06-30 18:43:19 - POST /api/v1/matches/fd98a73c-c118-4f56-acb8-1af5b69c1420/balls 201
2026-06-30 18:43:19 - POST /api/v1/matches/fd98a73c-c118-4f56-acb8-1af5b69c1420/balls 201
2026-06-30 18:43:19 - POST /api/v1/matches/fd98a73c-c118-4f56-acb8-1af5b69c1420/balls 201
2026-06-30 18:43:19 - POST /api/v1/matches/fd98a73c-c118-4f56-acb8-1af5b69c1420/balls 201
2026-06-30 18:43:19 - POST /api/v1/matches/fd98a73c-c118-4f56-acb8-1af5b69c1420/balls 201
2026-06-30 18:43:19 - POST /api/v1/matches/fd98a73c-c118-4f56-acb8-1af5b69c1420/balls 201
2026-06-30 18:43:19 - POST /api/v1/matches/fd98a73c-c118-4f56-acb8-1af5b69c1420/balls 201
2026-06-30 18:43:19 - POST /api/v1/matches/8040369b-d6dd-4b90-a688-6cbb2ee6c535/toss 200
2026-06-30 18:43:19 - GET /api/v1/teams/7ba5ad4a-55a2-41a5-b935-823e2bbbc074 200
2026-06-30 18:43:19 - GET /api/v1/teams/8daffc69-71a3-47d5-bc77-e2afd856f078 200
2026-06-30 18:43:19 - POST /api/v1/matches/8040369b-d6dd-4b90-a688-6cbb2ee6c535/squads 200
2026-06-30 18:43:19 - POST /api/v1/matches/8040369b-d6dd-4b90-a688-6cbb2ee6c535/squads 200
2026-06-30 18:43:19 - POST /api/v1/matches/8040369b-d6dd-4b90-a688-6cbb2ee6c535/balls 201
2026-06-30 18:43:19 - POST /api/v1/matches/8040369b-d6dd-4b90-a688-6cbb2ee6c535/balls 201
2026-06-30 18:43:19 - POST /api/v1/matches/8040369b-d6dd-4b90-a688-6cbb2ee6c535/balls 201
2026-06-30 18:43:19 - POST /api/v1/matches/8040369b-d6dd-4b90-a688-6cbb2ee6c535/balls 201
2026-06-30 18:43:19 - POST /api/v1/matches/8040369b-d6dd-4b90-a688-6cbb2ee6c535/balls 201
2026-06-30 18:43:19 - POST /api/v1/matches/8040369b-d6dd-4b90-a688-6cbb2ee6c535/balls 201
2026-06-30 18:43:20 - POST /api/v1/matches/8040369b-d6dd-4b90-a688-6cbb2ee6c535/balls 201
2026-06-30 18:43:20 - POST /api/v1/matches/8040369b-d6dd-4b90-a688-6cbb2ee6c535/balls 201
2026-06-30 18:43:20 - POST /api/v1/matches/8040369b-d6dd-4b90-a688-6cbb2ee6c535/balls 201
2026-06-30 18:43:20 - POST /api/v1/matches/8040369b-d6dd-4b90-a688-6cbb2ee6c535/balls 201
2026-06-30 18:43:20 - POST /api/v1/matches/8040369b-d6dd-4b90-a688-6cbb2ee6c535/balls 201
2026-06-30 18:43:20 - POST /api/v1/matches/8040369b-d6dd-4b90-a688-6cbb2ee6c535/balls 201
2026-06-30 18:43:20 - GET /api/v1/tournaments/8331f9c0-581b-4b19-8ff2-ac5f3c0d4386/dashboard 200
2026-06-30 18:43:20 - POST /api/v1/matches/87202734-0c75-493c-afdf-5469f2e94931/toss 200
2026-06-30 18:43:20 - GET /api/v1/teams/e5719db0-29ad-44fd-b4b5-bf78d1b7d3ff 200
2026-06-30 18:43:20 - GET /api/v1/teams/7ba5ad4a-55a2-41a5-b935-823e2bbbc074 200
2026-06-30 18:43:20 - POST /api/v1/matches/87202734-0c75-493c-afdf-5469f2e94931/squads 200
2026-06-30 18:43:20 - POST /api/v1/matches/87202734-0c75-493c-afdf-5469f2e94931/squads 200
2026-06-30 18:43:20 - POST /api/v1/matches/87202734-0c75-493c-afdf-5469f2e94931/balls 201
2026-06-30 18:43:20 - POST /api/v1/matches/87202734-0c75-493c-afdf-5469f2e94931/balls 201
2026-06-30 18:43:20 - POST /api/v1/matches/87202734-0c75-493c-afdf-5469f2e94931/balls 201
2026-06-30 18:43:20 - POST /api/v1/matches/87202734-0c75-493c-afdf-5469f2e94931/balls 201
2026-06-30 18:43:20 - POST /api/v1/matches/87202734-0c75-493c-afdf-5469f2e94931/balls 201
2026-06-30 18:43:20 - POST /api/v1/matches/87202734-0c75-493c-afdf-5469f2e94931/balls 201
2026-06-30 18:43:20 - POST /api/v1/matches/87202734-0c75-493c-afdf-5469f2e94931/balls 201
2026-06-30 18:43:20 - POST /api/v1/matches/87202734-0c75-493c-afdf-5469f2e94931/balls 201
2026-06-30 18:43:20 - POST /api/v1/matches/87202734-0c75-493c-afdf-5469f2e94931/balls 201
2026-06-30 18:43:20 - POST /api/v1/matches/87202734-0c75-493c-afdf-5469f2e94931/balls 201
2026-06-30 18:43:20 - POST /api/v1/matches/87202734-0c75-493c-afdf-5469f2e94931/balls 201
2026-06-30 18:43:20 - POST /api/v1/matches/87202734-0c75-493c-afdf-5469f2e94931/balls 201
2026-06-30 18:43:20 - GET /api/v1/tournaments/8331f9c0-581b-4b19-8ff2-ac5f3c0d4386/dashboard 200
2026-06-30 18:43:20 - POST /api/v1/auth/login 200
2026-06-30 18:43:20 - POST /api/v1/tournaments/ 201
2026-06-30 18:43:20 - POST /api/v1/tournaments/8f29519b-0a20-4fff-8278-fcec9cd9daeb/publish 200
2026-06-30 18:43:20 - POST /api/v1/tournaments/8f29519b-0a20-4fff-8278-fcec9cd9daeb/open-registration 200
2026-06-30 18:43:20 - POST /api/v1/teams/ 201
2026-06-30 18:43:20 - POST /api/v1/tournaments/8f29519b-0a20-4fff-8278-fcec9cd9daeb/requests 400
2026-06-30 18:43:20 - POST /api/v1/players/ 201
2026-06-30 18:43:20 - POST /api/v1/players/ 201
2026-06-30 18:43:20 - POST /api/v1/players/ 201
2026-06-30 18:43:20 - POST /api/v1/players/ 201
2026-06-30 18:43:20 - POST /api/v1/players/ 201
2026-06-30 18:43:20 - POST /api/v1/teams/f1b77bc2-6640-4a90-a13a-4ea6f659c2ce/players 200
2026-06-30 18:43:20 - POST /api/v1/teams/f1b77bc2-6640-4a90-a13a-4ea6f659c2ce/players 200
2026-06-30 18:43:20 - POST /api/v1/teams/f1b77bc2-6640-4a90-a13a-4ea6f659c2ce/players 200
2026-06-30 18:43:20 - POST /api/v1/teams/f1b77bc2-6640-4a90-a13a-4ea6f659c2ce/players 200
2026-06-30 18:43:20 - POST /api/v1/teams/f1b77bc2-6640-4a90-a13a-4ea6f659c2ce/players 200
2026-06-30 18:43:20 - POST /api/v1/tournaments/8f29519b-0a20-4fff-8278-fcec9cd9daeb/requests 200
2026-06-30 18:43:20 - POST /api/v1/tournaments/8f29519b-0a20-4fff-8278-fcec9cd9daeb/requests/be8b079c-f89a-45e9-99b6-d5126ea883ea/approve 200
2026-06-30 18:43:20 - GET /api/v1/tournaments/8f29519b-0a20-4fff-8278-fcec9cd9daeb 200
2026-06-30 18:43:20 - GET /api/v1/tournaments/8f29519b-0a20-4fff-8278-fcec9cd9daeb/points-table 200
2026-06-30 18:43:20 - GET /api/v1/tournaments/8f29519b-0a20-4fff-8278-fcec9cd9daeb/activities 200
